plane_id,contour_id,point_id,x,y,z,nx,ny,nz
0,0,0,42.3887805823523,1.4210854715202004e-14,50.0,0.0,0.0,1.0
0,0,1,42.385836031694446,0.49962161771111885,50.0,0.0,0.0,1.0
0,0,2,42.37700279848835,0.9991743243934353,50.0,0.0,0.0,1.0
0,0,3,42.362282121445375,1.4985884681340507,50.0,0.0,0.0,1.0
0,0,4,42.34167605332671,1.9977944869013045,50.0,0.0,0.0,1.0
0,0,5,42.315187460905214,2.4967229088801792,50.0,0.0,0.0,1.0
0,0,6,42.28282002492737,2.9953043528076813,50.0,0.0,0.0,1.0
0,0,7,42.24457824007515,3.4934695283082315,50.0,0.0,0.0,1.0
0,0,8,42.200467414927964,3.99114923622905,50.0,0.0,0.0,1.0
0,0,9,42.150493671924536,4.488274368975542,50.0,0.0,0.0,1.0
0,0,10,42.09466394732482,4.984775910846683,50.0,0.0,0.0,1.0
0,0,11,42.032985991171884,5.4805849383704075,50.0,0.0,0.0,1.0
0,0,12,41.96546836725387,5.975632620638998,50.0,0.0,0.0,1.0
0,0,13,41.89212045306583,6.469850219644459,50.0,0.0,0.0,1.0
0,0,14,41.8129524397717,6.963169090613916,50.0,0.0,0.0,1.0
0,0,15,41.72797533216615,7.455520682345002,50.0,0.0,0.0,1.0
0,0,16,41.63720094863653,7.946836537541233,50.0,0.0,0.0,1.0
0,0,17,41.54064192112474,8.4370482931474,50.0,0.0,0.0,1.0
0,0,18,41.43831169508916,8.926087680684963,50.0,0.0,0.0,1.0
0,0,19,41.33022452946658,9.41388652658742,50.0,0.0,0.0,1.0
0,0,20,41.21639541819096,9.900377149264697,50.0,0.0,0.0,1.0
0,0,21,41.09684007291161,10.385492498455466,50.0,0.0,0.0,1.0
0,0,22,40.9715751340205,10.869165067469961,50.0,0.0,0.0,1.0
0,0,23,40.84061802554018,11.35132757933281,50.0,0.0,0.0,1.0
0,0,24,40.703986950883596,11.831913007603642,50.0,0.0,0.0,1.0
0,0,25,40.561700892854034,12.310854576377094,50.0,0.0,0.0,1.0
0,0,26,40.41377961364513,12.788085760282817,50.0,0.0,0.0,1.0
0,0,27,40.260243654840906,13.263540284485455,50.0,0.0,0.0,1.0
0,0,28,40.10111433741571,13.73715212468467,50.0,0.0,0.0,1.0
0,0,29,39.93641376173426,14.20885550711513,50.0,0.0,0.0,1.0
0,0,30,39.76616480755165,14.678584908546497,50.0,0.0,0.0,1.0
0,0,31,39.590391134013316,15.146275056283457,50.0,0.0,0.0,1.0
0,0,32,39.40911717965505,15.611860928165685,50.0,0.0,0.0,1.0
0,0,33,39.22236816240302,16.07527775256787,50.0,0.0,0.0,1.0
0,0,34,39.030170058230055,16.53646106083613,50.0,0.0,0.0,1.0
0,0,35,38.83254945389729,16.99534706092276,50.0,0.0,0.0,1.0
0,0,36,38.62953381771284,17.451871980758018,50.0,0.0,0.0,1.0
0,0,37,38.421151388098494,17.905972321313346,50.0,0.0,0.0,1.0
0,0,38,38.20743113168163,18.35758495748574,50.0,0.0,0.0,1.0
0,0,39,37.98840274329521,18.806647138097766,50.0,0.0,0.0,1.0
0,0,40,37.76409664597776,19.253096485897544,50.0,0.0,0.0,1.0
0,0,41,37.53454399097342,19.696870997558754,50.0,0.0,0.0,1.0
0,0,42,37.299776657731876,20.137909043680647,50.0,0.0,0.0,1.0
0,0,43,37.059827253908416,20.57614936878803,50.0,0.0,0.0,1.0
0,0,44,36.81472911536391,21.01153109133128,50.0,0.0,0.0,1.0
0,0,45,36.564516306164805,21.443993703686324,50.0,0.0,0.0,1.0
0,0,46,36.30922361858313,21.873477072154667,50.0,0.0,0.0,1.0
0,0,47,36.04888656338131,22.29992145273023,50.0,0.0,0.0,1.0
0,0,48,35.783540075542966,22.723269544453167,50.0,0.0,0.0,1.0
0,0,49,35.51322043027079,23.14346330220808,50.0,0.0,0.0,1.0
0,0,50,35.237965588342405,23.560443545200098,50.0,0.0,0.0,1.0
0,0,51,34.9578141503805,23.97415167836502,50.0,0.0,0.0,1.0
0,0,52,34.67280535098363,24.384529687453394,50.0,0.0,0.0,1.0
0,0,53,34.38297905325928,24.79152013448774,50.0,0.0,0.0,1.0
0,0,54,34.088375743759315,25.19506615359286,50.0,0.0,0.0,1.0
0,0,55,33.789036527817856,25.595111447199272,50.0,0.0,0.0,1.0
0,0,56,33.48500312529144,25.991600282619764,50.0,0.0,0.0,1.0
0,0,57,33.17631786670156,26.384477488999035,50.0,0.0,0.0,1.0
0,0,58,32.86302368977959,26.773688454636478,50.0,0.0,0.0,1.0
0,0,59,32.545164136414044,27.15917912468207,50.0,0.0,0.0,1.0
0,0,60,32.22278335000022,27.54089599920535,50.0,0.0,0.0,1.0
0,0,61,31.895926073192182,27.91878613163756,50.0,0.0,0.0,1.0
0,0,62,31.56463764605712,28.292797127586844,50.0,0.0,0.0,1.0
0,0,63,31.228964004632058,28.66287714402658,50.0,0.0,0.0,1.0
0,0,64,30.88895167988293,29.028974888856858,50.0,0.0,0.0,1.0
0,0,65,30.544647797066027,29.391039620839017,50.0,0.0,0.0,1.0
0,0,66,30.196100075491774,29.74902114990333,50.0,0.0,0.0,1.0
0,0,67,29.843356828690915,30.1028698378298,50.0,0.0,0.0,1.0
0,0,68,29.486466964983,30.452536599302043,50.0,0.0,0.0,1.0
0,0,69,29.12547998844729,30.79797290333432,50.0,0.0,0.0,1.0
0,0,70,28.760446000295993,31.139130775071663,50.0,0.0,0.0,1.0
0,0,71,28.39141570064987,31.4759627979631,50.0,0.0,0.0,1.0
0,0,72,28.018440390716172,31.808422116308027,50.0,0.0,0.0,1.0
0,0,73,27.641571975369008,32.13646243817567,50.0,0.0,0.0,1.0
0,0,74,27.26086296613198,32.460038038697654,50.0,0.0,0.0,1.0
0,0,75,26.876366484563277,32.77910376373372,50.0,0.0,0.0,1.0
0,0,76,26.488136266043046,33.0936150339105,50.0,0.0,0.0,1.0
0,0,77,26.096226663963183,33.40352784903346,50.0,0.0,0.0,1.0
0,0,78,25.700692654319447,33.70879879287192,50.0,0.0,0.0,1.0
0,0,79,25.301589840705958,34.00938503831719,50.0,0.0,0.0,1.0
0,0,80,24.898974456532596,34.305244355207634,50.0,0.0,0.0,1.0
0,0,81,24.492901166296594,34.596336673272134,50.0,0.0,0.0,1.0
0,0,82,24.08342491616343,34.882622642774905,50.0,0.0,0.0,1.0
0,0,83,23.670602706220166,35.16406241482621,50.0,0.0,0.0,1.0
0,0,84,23.254491957727854,35.4406168425973,50.0,0.0,0.0,1.0
0,0,85,22.83515051312155,35.71224748132041,50.0,0.0,0.0,1.0
0,0,86,22.412636636010312,35.97891658828878,50.0,0.0,0.0,1.0
0,0,87,21.98700901117719,36.24058712285665,50.0,0.0,0.0,1.0
0,0,88,21.558326744579244,36.497222746439235,50.0,0.0,0.0,1.0
0,0,89,21.126649363347525,36.74878782251275,50.0,0.0,0.0,1.0
0,0,90,20.69203681578709,36.99524741661442,50.0,0.0,0.0,1.0
0,0,91,20.254549471376993,37.23656729634244,50.0,0.0,0.0,1.0
0,0,92,19.81424812077029,37.472713931356026,50.0,0.0,0.0,1.0
0,0,93,19.371193975794032,37.703654493375346,50.0,0.0,0.0,1.0
0,0,94,18.925448669449274,37.92935685618161,50.0,0.0,0.0,1.0
0,0,95,18.4770742513856,38.14978959783886,50.0,0.0,0.0,1.0
0,0,96,18.026132775990455,38.36492220671215,50.0,0.0,0.0,1.0
0,0,97,17.572686784409864,38.57472485295942,50.0,0.0,0.0,1.0
0,0,98,17.116799381791736,38.77916834066186,50.0,0.0,0.0,1.0
0,0,99,16.658533967468514,38.97822423788536,50.0,0.0,0.0,1.0
0,0,100,16.19795423495718,39.17186487668046,50.0,0.0,0.0,1.0
0,0,101,15.735124171959257,39.36006335308239,50.0,0.0,0.0,1.0
0,0,102,15.270108060360798,39.54279352711103,50.0,0.0,0.0,1.0
0,0,103,14.802970476232414,39.720030022770956,50.0,0.0,0.0,1.0
0,0,104,14.333776289829235,39.891748228051405,50.0,0.0,0.0,1.0
0,0,105,13.862590665590934,40.05792429492627,50.0,0.0,0.0,1.0
0,0,106,13.389479062141724,40.21853513935416,50.0,0.0,0.0,1.0
0,0,107,12.914507232290354,40.3735584412783,50.0,0.0,0.0,1.0
0,0,108,12.437741223030109,40.52297264462662,50.0,0.0,0.0,1.0
0,0,109,11.959247375538817,40.666756957311726,50.0,0.0,0.0,1.0
0,0,110,11.479092160819066,40.80489140101509,50.0,0.0,0.0,1.0
0,0,111,10.997342015603747,40.93735686759921,50.0,0.0,0.0,1.0
0,0,112,10.514063957426135,41.06413493202768,50.0,0.0,0.0,1.0
0,0,113,10.029325193591287,41.18520796383669,50.0,0.0,0.0,1.0
0,0,114,9.543193097405682,41.30055913415289,50.0,0.0,0.0,1.0
0,0,115,9.055735208177177,41.410172415693374,50.0,0.0,0.0,1.0
0,0,116,8.567019231215031,41.51403258276566,50.0,0.0,0.0,1.0
0,0,117,8.077113037829903,41.612125211267696,50.0,0.0,0.0,1.0
0,0,118,7.5860846653338525,41.7044366786879,50.0,0.0,0.0,1.0
0,0,119,7.094002317040334,41.79095416410511,50.0,0.0,0.0,1.0
0,0,120,6.600934362264203,41.871665648188596,50.0,0.0,0.0,1.0
0,0,121,6.106949336321715,41.94655991319808,50.0,0.0,0.0,1.0
0,0,122,5.612115940530523,42.01562654298371,50.0,0.0,0.0,1.0
0,0,123,5.1165029977509215,42.078855928732025,50.0,0.0,0.0,1.0
0,0,124,4.620179103616049,42.13623931805899,50.0,0.0,0.0,1.0
0,0,125,4.123213240696224,42.18776873904262,50.0,0.0,0.0,1.0
0,0,126,3.6256745342807735,42.23343702475357,50.0,0.0,0.0,1.0
0,0,127,3.1276321482203078,42.27323782595238,50.0,0.0,0.0,1.0
0,0,128,2.6291552849267097,42.30716561108945,50.0,0.0,0.0,1.0
0,0,129,2.1303131853731396,42.335215666305054,50.0,0.0,0.0,1.0
0,0,130,1.6311751290940344,42.357384095429325,50.0,0.0,0.0,1.0
0,0,131,1.1318104341851045,42.37366781998229,50.0,0.0,0.0,1.0
0,0,132,0.63228845730334,42.384064579173824,50.0,0.0,0.0,1.0
0,0,133,0.13267859366700385,42.38857292990368,50.0,0.0,0.0,1.0
0,0,134,-0.3669497229443621,42.387192246761494,50.0,0.0,0.0,1.0
0,0,135,-0.8665270201899382,42.37992272202674,50.0,0.0,0.0,1.0
0,0,136,-1.3659837886150619,42.366765365619436,50.0,0.0,0.0,1.0
0,0,137,-1.865250824945632,42.34772199591342,50.0,0.0,0.0,1.0
0,0,138,-2.364258869640798,42.322795258439434,50.0,0.0,0.0,1.0
0,0,139,-2.8629384868648673,42.29198862319155,50.0,0.0,0.0,1.0
0,0,140,-3.3612203331700123,42.2553063735664,50.0,0.0,0.0,1.0
0,0,141,-3.859035157496365,42.21275360636322,50.0,0.0,0.0,1.0
0,0,142,-4.35631380117195,42.16433623178385,50.0,0.0,0.0,1.0
0,0,143,-4.852987197912711,42.110060973432674,50.0,0.0,0.0,1.0
0,0,144,-5.348986373822494,42.0499353683167,50.0,0.0,0.0,1.0
0,0,145,-5.844242447393065,41.98396776684552,50.0,0.0,0.0,1.0
0,0,146,-6.3386866295041,41.91216733283129,50.0,0.0,0.0,1.0
0,0,147,-6.832250223423184,41.834544043488776,50.0,0.0,0.0,1.0
0,0,148,-7.32486462480582,41.751108689435334,50.0,0.0,0.0,1.0
0,0,149,-7.816461321695421,41.661872874690886,50.0,0.0,0.0,1.0
0,0,150,-8.306971910933202,41.566849013304235,50.0,0.0,0.0,1.0
0,0,151,-8.796328564303497,41.46605023762791,50.0,0.0,0.0,1.0
0,0,152,-9.284463340956462,41.35949054679706,50.0,0.0,0.0,1.0
0,0,153,-9.771308290397787,41.24718477663589,50.0,0.0,0.0,1.0
0,0,154,-10.256795693023966,41.12914854848051,50.0,0.0,0.0,1.0
0,0,155,-10.74085806012229,41.00539826917887,50.0,0.0,0.0,1.0
0,0,156,-11.22342813387085,40.87595113109084,50.0,0.0,0.0,1.0
0,0,157,-11.704438887338538,40.740825112088125,50.0,0.0,0.0,1.0
0,0,158,-12.183823524485044,40.600038975554334,50.0,0.0,0.0,1.0
0,0,159,-12.661515480160858,40.45361227038494,50.0,0.0,0.0,1.0
0,0,160,-13.137448420107283,40.30156533098729,50.0,0.0,0.0,1.0
0,0,161,-13.611556240956382,40.143919277280624,50.0,0.0,0.0,1.0
0,0,162,-14.083773070231052,39.980696014696036,50.0,0.0,0.0,1.0
0,0,163,-14.554033266344984,39.81191823417652,50.0,0.0,0.0,1.0
0,0,164,-15.02227141860266,39.63760941217692,50.0,0.0,0.0,1.0
0,0,165,-15.488422347199368,39.45779381066398,50.0,0.0,0.0,1.0
0,0,166,-15.95242132862383,39.27249639008826,50.0,0.0,0.0,1.0
0,0,167,-16.41420424973853,39.081742759550416,50.0,0.0,0.0,1.0
0,0,168,-16.873706840754103,38.88555947163351,50.0,0.0,0.0,1.0
0,0,169,-17.330865174498395,38.6839738203648,50.0,0.0,0.0,1.0
0,0,170,-17.785615690892644,38.47701383156357,50.0,0.0,0.0,1.0
0,0,171,-18.237895196951463,38.264708262841204,50.0,0.0,0.0,1.0
0,0,172,-18.687640866782857,38.04708660360114,50.0,0.0,0.0,1.0
0,0,173,-19.13479024158823,37.82417907503886,50.0,0.0,0.0,1.0
0,0,174,-19.579281229662364,37.59601663014193,50.0,0.0,0.0,1.0
0,0,175,-20.021052106393427,37.362630953689965,50.0,0.0,0.0,1.0
0,0,176,-20.460041514262983,37.12405446225465,50.0,0.0,0.0,1.0
0,0,177,-20.896188462845984,36.88032030419972,50.0,0.0,0.0,1.0
0,0,178,-21.32943232881076,36.63146235968098,50.0,0.0,0.0,1.0
0,0,179,-21.759712855919048,36.3775152406463,50.0,0.0,0.0,1.0
0,0,180,-22.18697015502595,36.1185142908356,50.0,0.0,0.0,1.0
0,0,181,-22.611144910670536,35.85449546254126,50.0,0.0,0.0,1.0
0,0,182,-23.03217842870635,35.585495296750764,50.0,0.0,0.0,1.0
0,0,183,-23.450012132161717,35.311551220940906,50.0,0.0,0.0,1.0
0,0,184,-23.864587918323622,35.032701328773946,50.0,0.0,0.0,1.0
0,0,185,-24.27584816771739,34.74898437465748,50.0,0.0,0.0,1.0
0,0,186,-24.683735744106713,34.46043977374441,50.0,0.0,0.0,1.0
0,0,187,-25.088193994493658,34.16710760193296,50.0,0.0,0.0,1.0
0,0,188,-25.489166749118663,33.86902859586667,50.0,0.0,0.0,1.0
0,0,189,-25.88659832146052,33.566244152934416,50.0,0.0,0.0,1.0
0,0,190,-26.280433508236413,33.258796331270354,50.0,0.0,0.0,1.0
0,0,191,-26.67061758940187,32.946727849753984,50.0,0.0,0.0,1.0
0,0,192,-27.057096328150802,32.63008208801013,50.0,0.0,0.0,1.0
0,0,193,-27.439815970915486,32.30890308640892,50.0,0.0,0.0,1.0
0,0,194,-27.818723301503027,31.983235499871896,50.0,0.0,0.0,1.0
0,0,195,-28.193765881229933,31.653124398970977,50.0,0.0,0.0,1.0
0,0,196,-28.56489156617861,31.318615684897395,50.0,0.0,0.0,1.0
0,0,197,-28.932048738492444,30.979755883125822,50.0,0.0,0.0,1.0
0,0,198,-29.29518636096707,30.636592096146252,50.0,0.0,0.0,1.0
0,0,199,-29.654253977050356,30.28917200346398,50.0,0.0,0.0,1.0
0,0,200,-30.009201710842415,29.937543861599625,50.0,0.0,0.0,1.0
0,0,201,-30.359980267095597,29.581756504089117,50.0,0.0,0.0,1.0
0,0,202,-30.70654093121449,29.221859341483697,50.0,0.0,0.0,1.0
0,0,203,-31.048835569255942,28.857902361349915,50.0,0.0,0.0,1.0
0,0,204,-31.38681662792899,28.489936128269655,50.0,0.0,0.0,1.0
0,0,205,-31.72043713459496,28.118011783840096,50.0,0.0,0.0,1.0
0,0,206,-32.0496506972674,27.742181046673732,50.0,0.0,0.0,1.0
0,0,207,-32.37441155576144,27.362496152036005,50.0,0.0,0.0,1.0
0,0,208,-32.69467653183282,26.979007496929093,50.0,0.0,0.0,1.0
0,0,209,-33.01040155201296,26.591767676073562,50.0,0.0,0.0,1.0
0,0,210,-33.321542022442216,26.20083120523128,50.0,0.0,0.0,1.0
0,0,211,-33.6280541147939,25.80625302235472,50.0,0.0,0.0,1.0
0,0,212,-33.9298947593109,25.408088483324164,50.0,0.0,0.0,1.0
0,0,213,-34.22702163832294,25.00639335794517,50.0,0.0,0.0,1.0
0,0,214,-34.51939318024421,24.601223826206333,50.0,0.0,0.0,1.0
0,0,215,-34.806968554051686,24.19263647479721,50.0,0.0,0.0,1.0
0,0,216,-35.089707664243875,23.78068829388661,50.0,0.0,0.0,1.0
0,0,217,-35.36757114628014,23.365436674161053,50.0,0.0,0.0,1.0
0,0,218,-35.64052036250053,22.946939404123533,50.0,0.0,0.0,1.0
0,0,219,-35.90851739852618,22.525254667652536,50.0,0.0,0.0,1.0
0,0,220,-36.17152506014017,22.100441041821266,50.0,0.0,0.0,1.0
0,0,221,-36.42950687064901,21.672557494977198,50.0,0.0,0.0,1.0
0,0,222,-36.682427068724564,21.24166338508183,50.0,0.0,0.0,1.0
0,0,223,-36.93025060672659,20.807818458310724,50.0,0.0,0.0,1.0
0,0,224,-37.172943149505706,20.371082847913783,50.0,0.0,0.0,1.0
0,0,225,-37.410471073687035,19.93151707333578,50.0,0.0,0.0,1.0
0,0,226,-37.6428014674342,19.48918203959721,50.0,0.0,0.0,1.0
0,0,227,-37.86990213069401,19.044139036935263,50.0,0.0,0.0,1.0
0,0,228,-38.09174157592159,18.596449740705186,50.0,0.0,0.0,1.0
0,0,229,-38.308289029286065,18.14617621154183,50.0,0.0,0.0,1.0
0,0,230,-38.51951443235678,17.69338089578148,50.0,0.0,0.0,1.0
0,0,231,-38.725388444270024,17.23812662614391,50.0,0.0,0.0,1.0
0,0,232,-38.92588244437632,16.780476622674755,50.0,0.0,0.0,1.0
0,0,233,-39.12096853536824,16.320494493948047,50.0,0.0,0.0,1.0
0,0,234,-39.31061954688871,15.85824423852911,50.0,0.0,0.0,1.0
0,0,235,-39.49480903961992,15.393790246697622,50.0,0.0,0.0,1.0
0,0,236,-39.673511309852685,14.927197302430994,50.0,0.0,0.0,1.0
0,0,237,-39.846701394536396,14.458530585647965,50.0,0.0,0.0,1.0
0,0,238,-40.01435507680947,13.98785567471249,50.0,0.0,0.0,1.0
0,0,239,-40.176448892010356,13.515238549197843,50.0,0.0,0.0,1.0
0,0,240,-40.33296013416903,13.040745592911012,50.0,0.0,0.0,1.0
0,0,241,-40.48386686297907,12.564443597177322,50.0,0.0,0.0,1.0
0,0,242,-40.62914791125024,12.08639976438534,50.0,0.0,0.0,1.0
0,0,243,-40.76878443895654,11.606676284090799,50.0,0.0,0.0,1.0
0,0,244,-40.902758221575205,11.12533542815318,50.0,0.0,0.0,1.0
0,0,245,-41.03105017013106,10.64244521232226,50.0,0.0,0.0,1.0
0,0,246,-41.15364207881959,10.158073719609876,50.0,0.0,0.0,1.0
0,0,247,-41.27051661629007,9.672289098658336,50.0,0.0,0.0,1.0
0,0,248,-41.38165731730718,9.185159562696361,50.0,0.0,0.0,1.0
0,0,249,-41.48704857495489,8.696753388531015,50.0,0.0,0.0,1.0
0,0,250,-41.586675633382775,8.207138915575403,50.0,0.0,0.0,1.0
0,0,251,-41.68052458109476,7.716384544912205,50.0,0.0,0.0,1.0
0,0,252,-41.76858234478023,7.224558738393061,50.0,0.0,0.0,1.0
0,0,253,-41.850836683687504,6.731730017773784,50.0,0.0,0.0,1.0
0,0,254,-41.92727618453977,6.2379669638854045,50.0,0.0,0.0,1.0
0,0,255,-41.997890256993365,5.743338215841066,50.0,0.0,0.0,1.0
0,0,256,-42.062669129638415,5.247912470278735,50.0,0.0,0.0,1.0
0,0,257,-42.12160384654198,4.751758480639765,50.0,0.0,0.0,1.0
0,0,258,-42.17468626433345,4.254945056483283,50.0,0.0,0.0,1.0
0,0,259,-42.22190904983247,3.7575410628364274,50.0,0.0,0.0,1.0
0,0,260,-42.263265678219135,3.2596154195804026,50.0,0.0,0.0,1.0
0,0,261,-42.29875043174667,2.761237100872375,50.0,0.0,0.0,1.0
0,0,262,-42.32835839899645,2.262475134603225,50.0,0.0,0.0,1.0
0,0,263,-42.352085474675455,1.7633986018910992,50.0,0.0,0.0,1.0
0,0,264,-42.369928359956056,1.2640766366108238,50.0,0.0,0.0,1.0
0,0,265,-42.38188456335827,0.7645784249591543,50.0,0.0,0.0,1.0
0,0,266,-42.387952402174335,0.26497320505584376,50.0,0.0,0.0,1.0
0,0,267,-42.38813100443572,-0.23466973341946407,50.0,0.0,0.0,1.0
0,0,268,-42.382420311422536,-0.7342810495543937,50.0,0.0,0.0,1.0
0,0,269,-42.3708210807153,-1.2337913514954302,50.0,0.0,0.0,1.0
0,0,270,-42.35333488978914,-1.7331311967032708,50.0,0.0,0.0,1.0
0,0,271,-42.329964140150324,-2.232231092172814,50.0,0.0,0.0,1.0
0,0,272,-42.300712062015265,-2.731021494616817,50.0,0.0,0.0,1.0
0,0,273,-42.265582719531864,-3.2294328106142114,50.0,0.0,0.0,1.0
0,0,274,-42.224581016543254,-3.7273953967221125,50.0,0.0,0.0,1.0
0,0,275,-42.17771270289395,-4.224839559552445,50.0,0.0,0.0,1.0
0,0,276,-42.12498438127837,-4.721695555812277,50.0,0.0,0.0,1.0
0,0,277,-42.06640351463177,-5.217893592308785,50.0,0.0,0.0,1.0
0,0,278,-42.0019784340636,-5.71336382591794,50.0,0.0,0.0,1.0
0,0,279,-41.93171834733315,-6.208036363517662,50.0,0.0,0.0,1.0
0,0,280,-41.85563333730209,-6.701841328369969,50.0,0.0,0.0,1.0
0,0,281,-41.77373365038395,-7.19471306772966,50.0,0.0,0.0,1.0
0,0,282,-41.686030348623994,-7.686585262435549,50.0,0.0,0.0,1.0
0,0,283,-41.59253562047162,-8.177389554508624,50.0,0.0,0.0,1.0
0,0,284,-41.493262455201524,-8.667057754438419,50.0,0.0,0.0,1.0
0,0,285,-41.388224642913684,-9.155521841182786,50.0,0.0,0.0,1.0
0,0,286,-41.27743677453334,-9.64271396216812,50.0,0.0,0.0,1.0
0,0,287,-41.160914241811064,-10.128566433289134,50.0,0.0,0.0,1.0
0,0,288,-41.03867323732266,-10.613011738909083,50.0,0.0,0.0,1.0
0,0,289,-40.91073073663241,-11.095982593737677,50.0,0.0,0.0,1.0
0,0,290,-40.777104472963956,-11.577412040079075,50.0,0.0,0.0,1.0
0,0,291,-40.6378130377596,-12.057233103709908,50.0,0.0,0.0,1.0
0,0,292,-40.492875803109875,-12.535379053622165,50.0,0.0,0.0,1.0
0,0,293,-40.34231291388823,-13.011783428826902,50.0,0.0,0.0,1.0
0,0,294,-40.18614528775089,-13.486380038354476,50.0,0.0,0.0,1.0
0,0,295,-40.024394615137,-13.959102961254317,50.0,0.0,0.0,1.0
0,0,296,-39.85708335926851,-14.429886546595153,50.0,0.0,0.0,1.0
0,0,297,-39.684234756150246,-14.89866541346479,50.0,0.0,0.0,1.0
0,0,298,-39.50587281456986,-15.365374450970329,50.0,0.0,0.0,1.0
0,0,299,-39.32202231609789,-15.829948818237973,50.0,0.0,0.0,1.0
0,0,300,-39.13270881508771,-16.29232394441312,50.0,0.0,0.0,1.0
0,0,301,-38.93795863867552,-16.752435528660424,50.0,0.0,0.0,1.0
0,0,302,-38.737798102214455,-17.210221305741662,50.0,0.0,0.0,1.0
0,0,303,-38.532241965173085,-17.665645969361755,50.0,0.0,0.0,1.0
0,0,304,-38.32131488734074,-18.118651784931487,50.0,0.0,0.0,1.0
0,0,305,-38.105047207339844,-18.569170512097646,50.0,0.0,0.0,1.0
0,0,306,-37.88347004783079,-19.017134713752785,50.0,0.0,0.0,1.0
0,0,307,-37.65661529811819,-19.462477740126598,50.0,0.0,0.0,1.0
0,0,308,-37.42451559759382,-19.905133713717415,50.0,0.0,0.0,1.0
0,0,309,-37.187204319985014,-20.34503751503264,50.0,0.0,0.0,1.0
0,0,310,-36.94471555837881,-20.782124769106485,50.0,0.0,0.0,1.0
0,0,311,-36.69708411099224,-21.216331832765825,50.0,0.0,0.0,1.0
0,0,312,-36.44434546766099,-21.647595782614495,50.0,0.0,0.0,1.0
0,0,313,-36.18653579701845,-22.075854403708973,50.0,0.0,0.0,1.0
0,0,314,-35.92369193433923,-22.50104617889764,50.0,0.0,0.0,1.0
0,0,315,-35.655851370020834,-22.92311027879866,50.0,0.0,0.0,1.0
0,0,316,-35.383052238679355,-23.3419865523907,50.0,0.0,0.0,1.0
0,0,317,-35.10533330883479,-23.75761551819341,50.0,0.0,0.0,1.0
0,0,318,-34.822733973163295,-24.169938356014057,50.0,0.0,0.0,1.0
0,0,319,-34.53529423929404,-24.578896899239137,50.0,0.0,0.0,1.0
0,0,320,-34.24305472112956,-24.984433627649416,50.0,0.0,0.0,1.0
0,0,321,-33.946056630669126,-25.38649166073907,50.0,0.0,0.0,1.0
0,0,322,-33.64434177031561,-25.78501475151988,50.0,0.0,0.0,1.0
0,0,323,-33.33795252564749,-26.179947280792362,50.0,0.0,0.0,1.0
0,0,324,-33.02693185863778,-26.571234251867537,50.0,0.0,0.0,1.0
0,0,325,-32.71132330130364,-26.95882128572284,50.0,0.0,0.0,1.0
0,0,326,-32.39117094977005,-27.342654616578002,50.0,0.0,0.0,1.0
0,0,327,-32.06651945873305,-27.722681087876346,50.0,0.0,0.0,1.0
0,0,328,-31.7374140363078,-28.098848148659407,50.0,0.0,0.0,1.0
0,0,329,-31.403900439248645,-28.471103850322304,50.0,0.0,0.0,1.0
0,0,330,-31.066024968528154,-28.839396843739753,50.0,0.0,0.0,1.0
0,0,331,-30.723834465264183,-29.2036763767522,50.0,0.0,0.0,1.0
0,0,332,-30.377376306983642,-29.563892292003956,50.0,0.0,0.0,1.0
0,0,333,-30.026698404213747,-29.919995025124802,50.0,0.0,0.0,1.0
0,0,334,-29.671849197391246,-30.27193560324898,50.0,0.0,0.0,1.0
0,0,335,-29.31287765408213,-30.619665643865055,50.0,0.0,0.0,1.0
0,0,336,-28.949833266504065,-30.963137353992515,50.0,0.0,0.0,1.0
0,0,337,-28.582766049345885,-31.30230352968068,50.0,0.0,0.0,1.0
0,0,338,-28.211726537878064,-31.63711755582776,50.0,0.0,0.0,1.0
0,0,339,-27.83676578635026,-31.967533406317614,50.0,0.0,0.0,1.0
0,0,340,-27.45793536667171,-32.29350564447408,50.0,0.0,0.0,1.0
0,0,341,-27.075287367372233,-32.614989423832526,50.0,0.0,0.0,1.0
0,0,342,-26.688874392841385,-32.93194048923027,50.0,0.0,0.0,1.0
0,0,343,-26.298749562845344,-33.244315178217825,50.0,0.0,0.0,1.0
0,0,344,-25.904966512320854,-33.55207042279433,50.0,0.0,0.0,1.0
0,0,345,-25.50757939144723,-33.855163751471494,50.0,0.0,0.0,1.0
0,0,346,-25.106642865998197,-34.15355329167089,50.0,0.0,0.0,1.0
0,0,347,-24.702212117975584,-34.44719777246155,50.0,0.0,0.0,1.0
0,0,348,-24.294342846528902,-34.73605652764422,50.0,0.0,0.0,1.0
0,0,349,-23.883091269164346,-35.02008949919153,50.0,0.0,0.0,1.0
0,0,350,-23.468514123249108,-35.299257241052246,50.0,0.0,0.0,1.0
0,0,351,-23.050668667816282,-35.57352092333099,50.0,0.0,0.0,1.0
0,0,352,-22.629612685678023,-35.842842336853714,50.0,0.0,0.0,1.0
0,0,353,-22.20540448585392,-36.107183898131886,50.0,0.0,0.0,1.0
0,0,354,-21.77810290632411,-36.36650865473824,50.0,0.0,0.0,1.0
0,0,355,-21.347767317115814,-36.6207802911087,50.0,0.0,0.0,1.0
0,0,356,-20.91445762373454,-36.86996313478542,50.0,0.0,0.0,1.0
0,0,357,-20.478234270950434,-37.114022163117625,50.0,0.0,0.0,1.0
0,0,358,-20.039158246952837,-37.35292301043705,50.0,0.0,0.0,1.0
0,0,359,-19.597291087885154,-37.58663197572689,50.0,0.0,0.0,1.0
0,0,360,-19.15269488277493,-37.81511603080288,50.0,0.0,0.0,1.0
0,0,361,-18.705432278873094,-38.03834282902754,50.0,0.0,0.0,1.0
0,0,362,-18.255566487418807,-38.2562807145781,50.0,0.0,0.0,1.0
0,0,363,-17.80316128984582,-38.468898732291244,50.0,0.0,0.0,1.0
0,0,364,-17.348281044448488,-38.67616663810727,50.0,0.0,0.0,1.0
0,0,365,-16.890990693525122,-38.878054910138474,50.0,0.0,0.0,1.0
0,0,366,-16.43135577101829,-39.07453476038695,50.0,0.0,0.0,1.0
0,0,367,-15.96944241067225,-39.2655781471379,50.0,0.0,0.0,1.0
0,0,368,-15.505317354728003,-39.451157788056264,50.0,0.0,0.0,1.0
0,0,369,-15.039047963178469,-39.63124717401455,50.0,0.0,0.0,1.0
0,0,370,-14.570702223605895,-39.805820583681495,50.0,0.0,0.0,1.0
0,0,371,-14.100348761625714,-39.974853098901804,50.0,0.0,0.0,1.0
0,0,372,-13.628056851960707,-40.13832062089834,50.0,0.0,0.0,1.0
0,0,373,-13.153896430171613,-40.29619988732907,50.0,0.0,0.0,1.0
0,0,374,-12.677938105069543,-40.44846849023229,50.0,0.0,0.0,1.0
0,0,375,-12.200253171838305,-40.59510489489422,50.0,0.0,0.0,1.0
0,0,376,-11.720911460320238,-40.736089082823334,50.0,0.0,0.0,1.0
0,0,377,-11.239924848621843,-40.87141798189096,50.0,0.0,0.0,1.0
0,0,378,-10.75733783273067,-41.00107803498436,50.0,0.0,0.0,1.0
0,0,379,-10.273222211200602,-41.12504859131957,50.0,0.0,0.0,1.0
0,0,380,-9.78764967037921,-41.24331011862043,50.0,0.0,0.0,1.0
0,0,381,-9.300691785438346,-41.35584417948616,50.0,0.0,0.0,1.0
0,0,382,-8.812420021297033,-41.46263340894321,50.0,0.0,0.0,1.0
0,0,383,-8.32290573344211,-41.56366149313669,50.0,0.0,0.0,1.0
0,0,384,-7.832220168650169,-41.658913149118824,50.0,0.0,0.0,1.0
0,0,385,-7.340434465615878,-41.7483741056924,50.0,0.0,0.0,1.0
0,0,386,-6.847619655489932,-41.83203108526913,50.0,0.0,0.0,1.0
0,0,387,-6.353846662330757,-41.909871786703796,50.0,0.0,0.0,1.0
0,0,388,-5.859186303473826,-41.98188486906641,50.0,0.0,0.0,1.0
0,0,389,-5.363709289821242,-42.04805993631621,50.0,0.0,0.0,1.0
0,0,390,-4.867486226055678,-42.10838752284214,50.0,0.0,0.0,1.0
0,0,391,-4.370587610780715,-42.16285907983643,50.0,0.0,0.0,1.0
0,0,392,-3.8730838365912943,-42.211466962468414,50.0,0.0,0.0,1.0
0,0,393,-3.3750451900758662,-42.25420441782798,50.0,0.0,0.0,1.0
0,0,394,-2.8765418517536165,-42.29106557360835,50.0,0.0,0.0,1.0
0,0,395,-2.3776438959479016,-42.32204542750019,50.0,0.0,0.0,1.0
0,0,396,-1.878421290598844,-42.34713983726959,50.0,0.0,0.0,1.0
0,0,397,-1.3789438970158638,-42.36634551149413,50.0,0.0,0.0,1.0
0,0,398,-0.8792814695726445,-42.379660000932766,50.0,0.0,0.0,1.0
0,0,399,-0.37950365534491226,-42.38708169050597,50.0,0.0,0.0,1.0
0,0,400,0.12032000630686213,-42.38860979186457,50.0,0.0,0.0,1.0
0,0,401,0.6201200842099137,-42.384244336526564,50.0,0.0,0.0,1.0
0,0,402,1.1198272559050562,-42.37398616956278,50.0,0.0,0.0,1.0
0,0,403,1.6193723082264242,-42.35783694381333,50.0,0.0,0.0,1.0
0,0,404,2.118686137933869,-42.33579911461853,50.0,0.0,0.0,1.0
0,0,405,2.6176997523987655,-42.307875935048635,50.0,0.0,0.0,1.0
0,0,406,3.1163442703424753,-42.2740714516188,50.0,0.0,0.0,1.0
0,0,407,3.6145509226284958,-42.23439050047644,50.0,0.0,0.0,1.0
0,0,408,4.11225105310843,-42.18883870404966,50.0,0.0,0.0,1.0
0,0,409,4.609376119522349,-42.1374224681469,50.0,0.0,0.0,1.0
0,0,410,5.105857694455015,-42.08014897949899,50.0,0.0,0.0,1.0
0,0,411,5.601627466348301,-42.0170262037363,50.0,0.0,0.0,1.0
0,0,412,6.096617240572044,-41.94806288379494,50.0,0.0,0.0,1.0
0,0,413,6.590758940553865,-41.873268538747375,50.0,0.0,0.0,1.0
0,0,414,7.083984608970717,-41.79265346305392,50.0,0.0,0.0,1.0
0,0,415,7.576226409003077,-41.706228726233135,50.0,0.0,0.0,1.0
0,0,416,8.067416625654943,-41.61400617295032,50.0,0.0,0.0,1.0
0,0,417,8.557487667140943,-41.51599842352473,50.0,0.0,0.0,1.0
0,0,418,9.046372066344187,-41.412218874857246,50.0,0.0,0.0,1.0
0,0,419,9.534002482346533,-41.30268170178196,50.0,0.0,0.0,1.0
0,0,420,10.02031170203528,-41.187401858845824,50.0,0.0,0.0,1.0
0,0,421,10.505232641788432,-41.06639508252262,50.0,0.0,0.0,1.0
0,0,422,10.988698349242945,-40.939677893868044,50.0,0.0,0.0,1.0
0,0,423,11.470642005148473,-40.80726760162466,50.0,0.0,0.0,1.0
0,0,424,11.950996925311422,-40.669182305786265,50.0,0.0,0.0,1.0
0,0,425,12.42969656263232,-40.52544090163307,50.0,0.0,0.0,1.0
0,0,426,12.906674509241672,-40.376063084249836,50.0,0.0,0.0,1.0
0,0,427,13.381864498737702,-40.22106935354096,50.0,0.0,0.0,1.0
0,0,428,13.85520040853141,-40.06048101975747,50.0,0.0,0.0,1.0
0,0,429,14.326616262303414,-39.89432020955225,50.0,0.0,0.0,1.0
0,0,430,14.796046232577275,-39.72260987258148,50.0,0.0,0.0,1.0
0,0,431,15.26342464341527,-39.54537378867094,50.0,0.0,0.0,1.0
0,0,432,15.728685973241149,-39.362636575567926,50.0,0.0,0.0,1.0
0,0,433,16.191764857796382,-39.174423697300064,50.0,0.0,0.0,1.0
0,0,434,16.652596093234852,-38.98076147316443,50.0,0.0,0.0,1.0
0,0,435,17.111114639362874,-38.78167708737081,50.0,0.0,0.0,1.0
0,0,436,17.567255623029972,-38.57719859936523,50.0,0.0,0.0,1.0
0,0,437,18.02095434167763,-38.36735495486026,50.0,0.0,0.0,1.0
0,0,438,18.472146267051897,-38.152175997600715,50.0,0.0,0.0,1.0
0,0,439,18.920767049087495,-37.931692481894046,50.0,0.0,0.0,1.0
0,0,440,19.366752519969644,-37.70593608593661,50.0,0.0,0.0,1.0
0,0,441,19.81003869838171,-37.47493942596777,50.0,0.0,0.0,1.0
0,0,442,20.250561793945362,-37.23873607128563,50.0,0.0,0.0,1.0
0,0,443,20.688258211861612,-36.997360560159024,50.0,0.0,0.0,1.0
0,0,444,21.12306455775992,-36.75084841667222,50.0,0.0,0.0,1.0
0,0,445,21.55491764276425,-36.4992361685395,50.0,0.0,0.0,1.0
0,0,446,21.98375448878335,-36.24256136592883,50.0,0.0,0.0,1.0
0,0,447,22.40951233403492,-35.98086260133441,50.0,0.0,0.0,1.0
0,0,448,22.832128638811188,-35.71417953053985,50.0,0.0,0.0,1.0
0,0,449,23.25154109149585,-35.442552894714474,50.0,0.0,0.0,1.0
0,0,450,23.66768805983654,-35.16602424438987,50.0,0.0,0.0,1.0
0,0,451,24.08053328445252,-34.884618901111274,50.0,0.0,0.0,1.0
0,0,452,24.490033043832792,-34.598367022184476,50.0,0.0,0.0,1.0
0,0,453,24.89613040680033,-34.307308404258684,50.0,0.0,0.0,1.0
0,0,454,25.29876893973822,-34.01148349382379,50.0,0.0,0.0,1.0
0,0,455,25.697892706589442,-33.71093338721045,50.0,0.0,0.0,1.0
0,0,456,26.093446268857086,-33.40569983058998,50.0,0.0,0.0,1.0
0,0,457,26.485374685604157,-33.09582521997449,50.0,0.0,0.0,1.0
0,0,458,26.873623513453754,-32.78135260121674,50.0,0.0,0.0,1.0
0,0,459,27.25813880658889,-32.46232567001029,50.0,0.0,0.0,1.0
0,0,460,27.638867116752678,-32.13878877188932,50.0,0.0,0.0,1.0
0,0,461,28.015755543860287,-31.810786855980258,50.0,0.0,0.0,1.0
0,0,462,28.388751935761864,-31.478365297716266,50.0,0.0,0.0,1.0
0,0,463,28.757804398639102,-31.141570350399874,50.0,0.0,0.0,1.0
0,0,464,29.12286157106652,-30.800448888011985,50.0,0.0,0.0,1.0
0,0,465,29.4838726831475,-30.45504835060157,50.0,0.0,0.0,1.0
0,0,466,29.840787556514496,-30.105416744285474,50.0,0.0,0.0,1.0
0,0,467,30.193556604328826,-29.75160264124862,50.0,0.0,0.0,1.0
0,0,468,30.54213083128086,-29.393655179743813,50.0,0.0,0.0,1.0
0,0,469,30.886461833589863,-29.031624064091922,50.0,0.0,0.0,1.0
0,0,470,31.226501799004126,-28.6655595646817,50.0,0.0,0.0,1.0
0,0,471,31.562203506800856,-28.29551251796995,50.0,0.0,0.0,1.0
0,0,472,31.89352032778622,-27.921534326481442,50.0,0.0,0.0,1.0
0,0,473,32.22040622429542,-27.54367695880886,50.0,0.0,0.0,1.0
0,0,474,32.542815750192524,-27.161992949612944,50.0,0.0,0.0,1.0
0,0,475,32.860704050870666,-26.776535399622336,50.0,0.0,0.0,1.0
0,0,476,33.17402686954832,-26.387357967731468,50.0,0.0,0.0,1.0
0,0,477,33.48274734191626,-25.994506143093375,50.0,0.0,0.0,1.0
0,0,478,33.786826843057625,-25.598028262852615,50.0,0.0,0.0,1.0
0,0,479,34.08622083287425,-25.197981433416498,50.0,0.0,0.0,1.0
0,0,480,34.380885697359126,-24.794423115546277,50.0,0.0,0.0,1.0
0,0,481,34.670778733568895,-24.387411117592247,50.0,0.0,0.0,1.0
0,0,482,34.95585813546626,-23.977003589074016,50.0,0.0,0.0,1.0
0,0,483,35.236082980599846,-23.56325901459192,50.0,0.0,0.0,1.0
0,0,484,35.511413217589045,-23.14623620805767,50.0,0.0,0.0,1.0
0,0,485,35.7818096543837,-22.72599430723114,50.0,0.0,0.0,1.0
0,0,486,36.04723394726917,-22.30259276855235,50.0,0.0,0.0,1.0
0,0,487,36.3076485905892,-21.876091362256457,50.0,0.0,0.0,1.0
0,0,488,36.563016907159856,-21.44655016776176,50.0,0.0,0.0,1.0
0,0,489,36.81330303934963,-21.01402956931953,50.0,0.0,0.0,1.0
0,0,490,37.05847194080167,-20.57859025191653,50.0,0.0,0.0,1.0
0,0,491,37.29848936877609,-20.140293197420036,50.0,0.0,0.0,1.0
0,0,492,37.53332187709078,-19.699199680957143,50.0,0.0,0.0,1.0
0,0,493,37.7629368096414,-19.255371267519248,50.0,0.0,0.0,1.0
0,0,494,37.98730229448205,-18.808869808783925,50.0,0.0,0.0,1.0
0,0,495,38.20638723844935,-18.35975744014695,50.0,0.0,0.0,1.0
0,0,496,38.42016132231473,-17.908096577956698,50.0,0.0,0.0,1.0
0,0,497,38.628594996450076,-17.45394991694515,50.0,0.0,0.0,1.0
0,0,498,38.83165947699415,-16.99738042784853,50.0,0.0,0.0,1.0
0,0,499,39.02932674250787,-16.538451355212764,50.0,0.0,0.0,1.0
0,0,500,39.221569531108436,-16.0772262153777,50.0,0.0,0.0,1.0
0,0,501,39.40836133807305,-15.613768794636265,50.0,0.0,0.0,1.0
0,0,502,39.58967641390501,-15.14814314756341,50.0,0.0,0.0,1.0
0,0,503,39.76548976285553,-14.680413595511979,50.0,0.0,0.0,1.0
0,0,504,39.935777141896885,-14.210644725271294,50.0,0.0,0.0,1.0
0,0,505,40.10051506014287,-13.738901387886525,50.0,0.0,0.0,1.0
0,0,506,40.25968077871475,-13.2652486976356,50.0,0.0,0.0,1.0
0,0,507,40.413252311051664,-12.789752031162633,50.0,0.0,0.0,1.0
0,0,508,40.56120842366612,-12.312477026765626,50.0,0.0,0.0,1.0
0,0,509,40.70352863734631,-11.833489583838306,50.0,0.0,0.0,1.0
0,0,510,40.84019322880868,-11.35285586246482,50.0,0.0,0.0,1.0
0,0,511,40.97118323280501,-10.870642283168113,50.0,0.0,0.0,1.0
0,0,512,41.096480444690314,-10.38691552681163,50.0,0.0,0.0,1.0
0,0,513,41.216067423458426,-9.90174253465608,50.0,0.0,0.0,1.0
0,0,514,41.32992749525415,-9.41519050857205,50.0,0.0,0.0,1.0
0,0,515,41.43804475737194,-8.927326911410589,50.0,0.0,0.0,1.0
0,0,516,41.54040408275222,-8.438219467534427,50.0,0.0,0.0,1.0
0,0,517,41.63699112498825,-7.94793616351194,50.0,0.0,0.0,1.0
0,0,518,41.72779232385739,-7.456545248978035,50.0,0.0,0.0,1.0
0,0,519,41.81279491139226,-6.964115237664867,50.0,0.0,0.0,1.0
0,0,520,41.89198691850834,-6.470714908607462,50.0,0.0,0.0,1.0
0,0,521,41.96535718220628,-5.976413307528166,50.0,0.0,0.0,1.0
0,0,522,42.032895353368204,-5.481279748405864,50.0,0.0,0.0,1.0
0,0,523,42.09459190516877,-4.985383815234908,50.0,0.0,0.0,1.0
0,0,524,42.150438142123214,-4.488795363980628,50.0,0.0,0.0,1.0
0,0,525,42.200426209795694,-3.9915845247372275,50.0,0.0,0.0,1.0
0,0,526,42.24454910519291,-3.4938217040960104,50.0,0.0,0.0,1.0
0,0,527,42.28280068786901,-2.995577587730555,50.0,0.0,0.0,1.0
0,0,528,42.31517569176945,-2.496923143207841,50.0,0.0,0.0,1.0
0,0,529,42.34166973784251,-1.9979296230328067,50.0,0.0,0.0,1.0
0,0,530,42.36227934744889,-1.498668567936317,50.0,0.0,0.0,1.0
0,0,531,42.377001956600715,-0.999211810414959,50.0,0.0,0.0,1.0
0,0,532,42.38583593106309,-0.4996314785335869,50.0,0.0,0.0,1.0
0,0,533,42.3887805823523,7.105427357601002e-15,50.0,0.0,0.0,1.0
0,1,0,110.48322766921447,-2.428062866203011e-15,50.0,0.0,0.0,1.0
0,1,1,110.48209729859116,-0.49977266042957286,50.0,0.0,0.0,1.0
0,1,2,110.47870620985123,-0.9995350943596899,50.0,0.0,0.0,1.0
0,1,3,110.47305447238416,-1.499277075500158,50.0,0.0,0.0,1.0
0,1,4,110.46514220183751,-1.9989883779792927,50.0,0.0,0.0,1.0
0,1,5,110.45496956011455,-2.498658776553165,50.0,0.0,0.0,1.0
0,1,6,110.44253675537097,-2.9982780468148365,50.0,0.0,0.0,1.0
0,1,7,110.42784404201056,-3.4978359654035684,50.0,0.0,0.0,1.0
0,1,8,110.41089172068008,-3.99732231021402,50.0,0.0,0.0,1.0
0,1,9,110.39168013826308,-4.496726860605414,50.0,0.0,0.0,1.0
0,1,10,110.37020968787274,-4.996039397610679,50.0,0.0,0.0,1.0
0,1,11,110.34648080884395,-5.495249704145543,50.0,0.0,0.0,1.0
0,1,12,110.32049398672419,-5.994347565217611,50.0,0.0,0.0,1.0
0,1,13,110.29224975326368,-6.493322768135376,50.0,0.0,0.0,1.0
0,1,14,110.26174868640449,-6.992165102717204,50.0,0.0,0.0,1.0
0,1,15,110.22899141026866,-7.490864361500249,50.0,0.0,0.0,1.0
0,1,16,110.19397859514552,-7.989410339949326,50.0,0.0,0.0,1.0
0,1,17,110.15671095747787,-8.487792836665724,50.0,0.0,0.0,1.0
0,1,18,110.1171892598474,-8.986001653595935,50.0,0.0,0.0,1.0
0,1,19,110.07541431095903,-9.48402659624035,50.0,0.0,0.0,1.0
0,1,20,110.03138696562443,-9.98185747386184,50.0,0.0,0.0,1.0
0,1,21,109.98510812474447,-10.479484099694307,50.0,0.0,0.0,1.0
0,1,22,109.9365787352908,-10.976896291151101,50.0,0.0,0.0,1.0
0,1,23,109.88579979028646,-11.4740838700334,50.0,0.0,0.0,1.0
0,1,24,109.83277232878558,-11.971036662738474,50.0,0.0,0.0,1.0
0,1,25,109.77749743585218,-12.467744500467854,50.0,0.0,0.0,1.0
0,1,26,109.71997624253781,-12.96419721943542,50.0,0.0,0.0,1.0
0,1,27,109.66020992585855,-13.46038466107536,50.0,0.0,0.0,1.0
0,1,28,109.59819970877086,-13.956296672250062,50.0,0.0,0.0,1.0
0,1,29,109.53394686014657,-14.451923105457833,50.0,0.0,0.0,1.0
0,1,30,109.46745269474692,-14.94725381904059,50.0,0.0,0.0,1.0
0,1,31,109.39871857319565,-15.44227867739133,50.0,0.0,0.0,1.0
0,1,32,109.32774590195118,-15.936987551161568,50.0,0.0,0.0,1.0
0,1,33,109.25453613327774,-16.431370317468588,50.00000000000001,0.0,0.0,1.0
0,1,34,109.17909076521582,-16.92541686010258,50.00000000000001,0.0,0.0,1.0
0,1,35,109.10141134155135,-17.41911706973364,50.00000000000001,0.0,0.0,1.0
0,1,36,109.02149945178425,-17.912460844118648,50.00000000000001,0.0,0.0,1.0
0,1,37,108.93935673109577,-18.40543808830796,50.00000000000001,0.0,0.0,1.0
0,1,38,108.85498486031511,-18.89803871485199,50.00000000000001,0.0,0.0,1.0
0,1,39,108.76838556588507,-19.39025264400761,50.00000000000001,0.0,0.0,1.0
0,1,40,108.67956061982657,-19.882069803944415,50.00000000000001,0.0,0.0,1.0
0,1,41,108.58851183970259,-20.37348013095081,50.00000000000001,0.0,0.0,1.0
0,1,42,108.49524108858081,-20.86447356963994,50.00000000000001,0.0,0.0,1.0
0,1,43,108.39975027499557,-21.35504007315544,50.00000000000001,0.0,0.0,1.0
0,1,44,108.3020413529088,-21.845169603377034,50.00000000000001,0.0,0.0,1.0
0,1,45,108.20211632167006,-22.334852131125913,50.00000000000001,0.0,0.0,1.0
0,1,46,108.09997722597555,-22.824077636369974,50.00000000000001,0.0,0.0,1.0
0,1,47,107.9956261558264,-23.312836108428844,50.00000000000001,0.0,0.0,1.0
0,1,48,107.88906524648576,-23.801117546178727,50.00000000000001,0.0,0.0,1.0
0,1,49,107.78029667843522,-24.28891195825705,50.00000000000001,0.0,0.0,1.0
0,1,50,107.66932267733017,-24.776209363266894,50.00000000000001,0.0,0.0,1.0
0,1,51,107.55614551395418,-25.262999789981265,50.00000000000001,0.0,0.0,1.0
0,1,52,107.44076750417263,-25.749273277547108,50.00000000000001,0.0,0.0,1.0
0,1,53,107.32319100888529,-26.235019875689122,50.00000000000001,0.0,0.0,1.0
0,1,54,107.20341843397799,-26.720229644913392,50.00000000000001,0.0,0.0,1.0
0,1,55,107.0814522302734,-27.204892656710758,50.00000000000001,0.0,0.0,1.0
0,1,56,106.9572948934809,-27.68899899375996,50.00000000000001,0.0,0.0,1.0
0,1,57,106.83094896414553,-28.1725387501306,50.00000000000001,0.0,0.0,1.0
0,1,58,106.70241702759591,-28.655502031485817,50.00000000000001,0.0,0.0,1.0
0,1,59,106.57170171389144,-29.137878955284762,50.00000000000001,0.0,0.0,1.0
0,1,60,106.43880569776842,-29.61965965098482,50.00000000000001,0.0,0.0,1.0
0,1,61,106.30373169858538,-30.100834260243552,50.00000000000001,0.0,0.0,1.0
0,1,62,106.16648248026736,-30.58139293712047,50.00000000000001,0.0,0.0,1.0
0,1,63,106.02706085124942,-31.061325848278454,50.00000000000001,0.0,0.0,1.0
0,1,64,105.88546966441913,-31.54062317318502,50.00000000000001,0.0,0.0,1.0
0,1,65,105.74171181705822,-32.0192751043132,50.00000000000001,0.0,0.0,1.0
0,1,66,105.59579025078324,-32.49727184734234,50.00000000000001,0.0,0.0,1.0
0,1,67,105.4477079514855,-32.97460362135837,50.00000000000001,0.0,0.0,1.0
0,1,68,105.2974679492698,-33.45126065905405,50.00000000000001,0.0,0.0,1.0
0,1,69,105.14507331839255,-33.927233206928804,50.00000000000001,0.0,0.0,1.0
0,1,70,104.99052717719883,-34.40251152548828,50.00000000000001,0.0,0.0,1.0
0,1,71,104.83383268805854,-34.87708588944366,50.00000000000001,0.0,0.0,1.0
0,1,72,104.67499305730173,-35.35094658791067,50.00000000000001,0.0,0.0,1.0
0,1,73,104.51401153515303,-35.82408392460826,50.00000000000001,0.0,0.0,1.0
0,1,74,104.35089141566509,-36.296488218057036,50.00000000000001,0.0,0.0,1.0
0,1,75,104.18563603665113,-36.76814980177734,50.00000000000001,0.0,0.0,1.0
0,1,76,104.01824877961677,-37.2390590244871,50.00000000000001,0.0,0.0,1.0
0,1,77,103.8487330696907,-37.70920625029925,50.00000000000001,0.0,0.0,1.0
0,1,78,103.67709237555471,-38.178581858918946,50.00000000000001,0.0,0.0,1.0
0,1,79,103.50333020937262,-38.64717624584041,50.00000000000001,0.0,0.0,1.0
0,1,80,103.32745012671847,-39.11497982254347,50.00000000000001,0.0,0.0,1.0
0,1,81,103.14945572650377,-39.581983016689726,50.00000000000001,0.0,0.0,1.0
0,1,82,102.9693506509038,-40.04817627231847,50.00000000000001,0.0,0.0,1.0
0,1,83,102.78713858528316,-40.51355005004219,50.00000000000001,0.0,0.0,1.0
0,1,84,102.60282325812024,-40.97809482724179,50.00000000000001,0.0,0.0,1.0
0,1,85,102.41640844093106,-41.441801098261415,50.00000000000001,0.0,0.0,1.0
0,1,86,102.22789794819208,-41.904659374603,50.00000000000001,0.0,0.0,1.0
0,1,87,102.03729563726202,-42.36666018512038,50.00000000000001,0.0,0.0,1.0
0,1,88,101.8446054083031,-42.827794076213145,50.00000000000001,0.0,0.0,1.0
0,1,89,101.64983120420106,-43.28805161202002,50.00000000000001,0.0,0.0,1.0
0,1,90,101.45297701048466,-43.747423374612,50.00000000000001,0.0,0.0,1.0
0,1,91,101.25404685524398,-44.20589996418502,50.00000000000001,0.0,0.0,1.0
0,1,92,101.05304480904807,-44.66347199925236,50.00000000000001,0.0,0.0,1.0
0,1,93,100.84997498486166,-45.12013011683649,50.00000000000001,0.0,0.0,1.0
0,1,94,100.64484153796093,-45.575864972660824,50.00000000000001,0.0,0.0,1.0
0,1,95,100.43764866584858,-46.03066724134078,50.00000000000001,0.0,0.0,1.0
0,1,96,100.22840060816787,-46.484527616574674,50.00000000000001,0.0,0.0,1.0
0,1,97,100.01710164661588,-46.937436811334116,50.00000000000001,0.0,0.0,1.0
0,1,98,99.80375610485595,-47.389385558054094,50.00000000000001,0.0,0.0,1.0
0,1,99,99.58836834842911,-47.84036460882254,50.00000000000001,0.0,0.0,1.0
0,1,100,99.37094278466485,-48.29036473556961,50.000000000000014,0.0,0.0,1.0
0,1,101,99.15148386259082,-48.73937673025651,50.000000000000014,0.0,0.0,1.0
0,1,102,98.92999607284196,-49.187391405063885,50.000000000000014,0.0,0.0,1.0
0,1,103,98.70648394756844,-49.63439959257986,50.000000000000014,0.0,0.0,1.0
0,1,104,98.48095206034303,-50.08039214598758,50.000000000000014,0.0,0.0,1.0
0,1,105,98.25340502606748,-50.52535993925244,50.000000000000014,0.0,0.0,1.0
0,1,106,98.02384750087808,-50.96929386730876,50.000000000000014,0.0,0.0,1.0
0,1,107,97.79228418205038,-51.41218484624612,50.000000000000014,0.0,0.0,1.0
0,1,108,97.5587198079031,-51.85402381349527,50.000000000000014,0.0,0.0,1.0
0,1,109,97.32315915770117,-52.2948017280135,50.000000000000014,0.0,0.0,1.0
0,1,110,97.08560705155794,-52.734509570469726,50.000000000000014,0.0,0.0,1.0
0,1,111,96.84606835033647,-53.17313834342897,50.000000000000014,0.0,0.0,1.0
0,1,112,96.60454795555017,-53.61067907153651,50.000000000000014,0.0,0.0,1.0
0,1,113,96.36105080926252,-54.047122801701526,50.000000000000014,0.0,0.0,1.0
0,1,114,96.11558189398578,-54.48246060328032,50.000000000000014,0.0,0.0,1.0
0,1,115,95.86814623257919,-54.91668356825901,50.000000000000014,0.0,0.0,1.0
0,1,116,95.61874888814619,-55.34978281143586,50.000000000000014,0.0,0.0,1.0
0,1,117,95.3673949639307,-55.78174947060305,50.000000000000014,0.0,0.0,1.0
0,1,118,95.1140896032128,-56.21257470672808,50.000000000000014,0.0,0.0,1.0
0,1,119,94.85883798920348,-56.642249704134514,50.000000000000014,0.0,0.0,1.0
0,1,120,94.60164534493848,-57.07076567068254,50.000000000000014,0.0,0.0,1.0
0,1,121,94.3425169331716,-57.498113837948715,50.000000000000014,0.0,0.0,1.0
0,1,122,94.08145805626678,-57.92428546140551,50.000000000000014,0.0,0.0,1.0
0,1,123,93.8184740560898,-58.34927182060014,50.000000000000014,0.0,0.0,1.0
0,1,124,93.55357031389889,-58.77306421933312,50.000000000000014,0.0,0.0,1.0
0,1,125,93.28675225023458,-59.19565398583607,50.000000000000014,0.0,0.0,1.0
0,1,126,93.01802532480886,-59.617032472949305,50.000000000000014,0.0,0.0,1.0
0,1,127,92.74739503639343,-60.03719105829867,50.000000000000014,0.0,0.0,1.0
0,1,128,92.47486692270716,-60.456121144472014,50.000000000000014,0.0,0.0,1.0
0,1,129,92.2004465603028,-60.8738141591951,50.000000000000014,0.0,0.0,1.0
0,1,130,91.92413956445289,-61.29026155550703,50.000000000000014,0.0,0.0,1.0
0,1,131,91.64595158903478,-61.70545481193515,50.000000000000014,0.0,0.0,1.0
0,1,132,91.36588832641505,-62.11938543266932,50.000000000000014,0.0,0.0,1.0
0,1,133,91.08395550733294,-62.53204494773594,50.000000000000014,0.0,0.0,1.0
0,1,134,90.80015890078316,-62.943424913171086,50.000000000000014,0.0,0.0,1.0
0,1,135,90.51450431389773,-63.35351691119338,50.000000000000014,0.0,0.0,1.0
0,1,136,90.22699759182731,-63.76231255037622,50.000000000000014,0.0,0.0,1.0
0,1,137,89.93764461762144,-64.16980346581953,50.000000000000014,0.0,0.0,1.0
0,1,138,89.6464513121083,-64.57598131932083,50.000000000000014,0.0,0.0,1.0
0,1,139,89.3534236337734,-64.98083779954594,50.000000000000014,0.0,0.0,1.0
0,1,140,89.05856757863786,-65.38436462219902,50.000000000000014,0.0,0.0,1.0
0,1,141,88.76188918013546,-65.78655353019208,50.000000000000014,0.0,0.0,1.0
0,1,142,88.46339450898942,-66.18739629381395,50.000000000000014,0.0,0.0,1.0
0,1,143,88.16308967308805,-66.58688471089866,50.000000000000014,0.0,0.0,1.0
0,1,144,87.86098081735982,-66.98501060699331,50.000000000000014,0.0,0.0,1.0
0,1,145,87.55707412364754,-67.38176583552531,50.000000000000014,0.0,0.0,1.0
0,1,146,87.251375810582,-67.77714227796906,50.000000000000014,0.0,0.0,1.0
0,1,147,86.94389213345461,-68.17113184401214,50.000000000000014,0.0,0.0,1.0
0,1,148,86.63462938408944,-68.56372647172077,50.000000000000014,0.0,0.0,1.0
0,1,149,86.32359389071446,-68.95491812770487,50.000000000000014,0.0,0.0,1.0
0,1,150,86.0107920178321,-69.34469880728236,50.000000000000014,0.0,0.0,1.0
0,1,151,85.69623016608895,-69.73306053464297,50.000000000000014,0.0,0.0,1.0
0,1,152,85.37991477214486,-70.11999536301151,50.000000000000014,0.0,0.0,1.0
0,1,153,85.06185230854115,-70.5054953748104,50.000000000000014,0.0,0.0,1.0
0,1,154,84.74204928356822,-70.88955268182167,50.000000000000014,0.0,0.0,1.0
0,1,155,84.42051224113237,-71.2721594253485,50.000000000000014,0.0,0.0,1.0
0,1,156,84.0972477606219,-71.6533077763759,50.000000000000014,0.0,0.0,1.0
0,1,157,83.77226245677245,-72.0329899357309,50.000000000000014,0.0,0.0,1.0
0,1,158,83.44556297953169,-72.41119813424224,50.000000000000014,0.0,0.0,1.0
0,1,159,83.11715601392318,-72.7879246328993,50.000000000000014,0.0,0.0,1.0
0,1,160,82.78704827990968,-73.16316172301043,50.000000000000014,0.0,0.0,1.0
0,1,161,82.45524653225556,-73.53690172636071,50.000000000000014,0.0,0.0,1.0
0,1,162,82.1217575603886,-73.90913699536908,50.000000000000014,0.0,0.0,1.0
0,1,163,81.7865881882611,-74.27985991324475,50.000000000000014,0.0,0.0,1.0
0,1,164,81.4497452742102,-74.6490628941432,50.000000000000014,0.0,0.0,1.0
0,1,165,81.11123571081758,-75.01673838332125,50.000000000000014,0.0,0.0,1.0
0,1,166,80.77106642476836,-75.3828788572918,50.000000000000014,0.0,0.0,1.0
0,1,167,80.42924437670948,-75.74747682397759,50.000000000000014,0.0,0.0,1.0
0,1,168,80.08577656110711,-76.1105248228647,50.000000000000014,0.0,0.0,1.0
0,1,169,79.74067000610367,-76.47201542515508,50.000000000000014,0.0,0.0,1.0
0,1,170,79.39393177337395,-76.83194123391858,50.000000000000014,0.0,0.0,1.0
0,1,171,79.04556895798063,-77.1902948842444,50.000000000000014,0.0,0.0,1.0
0,1,172,78.69558868822907,-77.54706904339164,50.000000000000014,0.0,0.0,1.0
0,1,173,78.34399812552148,-77.90225641093947,50.000000000000014,0.0,0.0,1.0
0,1,174,77.99080446421041,-78.2558497189365,50.000000000000014,0.0,0.0,1.0
0,1,175,77.63601493145144,-78.60784173204938,50.000000000000014,0.0,0.0,1.0
0,1,176,77.27963678705538,-78.95822524771104,50.000000000000014,0.0,0.0,1.0
0,1,177,76.9216773233397,-79.30699309626789,50.000000000000014,0.0,0.0,1.0
0,1,178,76.56214386497929,-79.65413814112667,50.000000000000014,0.0,0.0,1.0
0,1,179,76.20104376885661,-79.99965327890037,50.000000000000014,0.0,0.0,1.0
0,1,180,75.83838442391111,-80.34353143955369,50.00000000000002,0.0,0.0,1.0
0,1,181,75.4741732509881,-80.68576558654759,50.00000000000002,0.0,0.0,1.0
0,1,182,75.10841770268684,-81.02634871698338,50.00000000000002,0.0,0.0,1.0
0,1,183,74.74112526320806,-81.36527386174593,50.00000000000002,0.0,0.0,1.0
0,1,184,74.37230344820084,-81.70253408564639,50.00000000000002,0.0,0.0,1.0
0,1,185,74.00195980460879,-82.03812248756391,50.00000000000002,0.0,0.0,1.0
0,1,186,73.63010191051565,-82.37203220058707,50.00000000000002,0.0,0.0,1.0
0,1,187,73.25673737499022,-82.70425639215426,50.00000000000002,0.0,0.0,1.0
0,1,188,72.8818738379306,-83.03478826419348,50.00000000000002,0.0,0.0,1.0
0,1,189,72.50551896990798,-83.36362105326153,50.00000000000002,0.0,0.0,1.0
0,1,190,72.12768047200959,-83.69074803068236,50.00000000000002,0.0,0.0,1.0
0,1,191,71.74836607568113,-84.01616250268471,50.00000000000002,0.0,0.0,1.0
0,1,192,71.3675835425686,-84.33985781053919,50.00000000000002,0.0,0.0,1.0
0,1,193,70.98534066435944,-84.66182733069441,50.00000000000002,0.0,0.0,1.0
0,1,194,70.60164526262315,-84.98206447491258,50.00000000000002,0.0,0.0,1.0
0,1,195,70.21650518865114,-85.30056269040435,50.00000000000002,0.0,0.0,1.0
0,1,196,69.82992832329623,-85.61731545996281,50.00000000000002,0.0,0.0,1.0
0,1,197,69.4419225768112,-85.93231630209694,50.00000000000002,0.0,0.0,1.0
0,1,198,69.05249588868712,-86.24555877116411,50.00000000000002,0.0,0.0,1.0
0,1,199,68.66165622749074,-86.55703645750215,50.00000000000002,0.0,0.0,1.0
0,1,200,68.26941159070152,-86.86674298756034,50.00000000000002,0.0,0.0,1.0
0,1,201,67.87577000454795,-87.17467202402993,50.00000000000002,0.0,0.0,1.0
0,1,202,67.48073952384328,-87.48081726597376,50.00000000000002,0.0,0.0,1.0
0,1,203,67.0843282318208,-87.78517244895521,50.00000000000002,0.0,0.0,1.0
0,1,204,66.6865442399684,-88.08773134516642,50.00000000000002,0.0,0.0,1.0
0,1,205,66.28739568786246,-88.38848776355567,50.00000000000002,0.0,0.0,1.0
0,1,206,65.88689074300149,-88.68743554995409,50.00000000000002,0.0,0.0,1.0
0,1,207,65.4850376006389,-88.9845685872016,50.00000000000002,0.0,0.0,1.0
0,1,208,65.08184448361537,-89.279880795272,50.00000000000002,0.0,0.0,1.0
0,1,209,64.67731964219044,-89.57336613139758,50.00000000000002,0.0,0.0,1.0
0,1,210,64.27147135387389,-89.86501859019249,50.00000000000002,0.0,0.0,1.0
0,1,211,63.864307923256234,-90.1548322037759,50.00000000000002,0.0,0.0,1.0
0,1,212,63.45583768183886,-90.44280104189386,50.00000000000002,0.0,0.0,1.0
0,1,213,63.04606898786343,-90.72891921204088,50.00000000000002,0.0,0.0,1.0
0,1,214,62.63501022614105,-91.01318085958036,50.00000000000002,0.0,0.0,1.0
0,1,215,62.22266980788049,-91.29558016786439,50.00000000000002,0.0,0.0,1.0
0,1,216,61.80905617051621,-91.57611135835289,50.00000000000002,0.0,0.0,1.0
0,1,217,61.39417777753566,-91.85476869073169,50.00000000000002,0.0,0.0,1.0
0,1,218,60.9780431183061,-92.13154646303013,50.00000000000002,0.0,0.0,1.0
0,1,219,60.56066070790085,-92.40643901173765,50.00000000000002,0.0,0.0,1.0
0,1,220,60.142039086925195,-92.6794407119197,50.00000000000002,0.0,0.0,1.0
0,1,221,59.72218682134139,-92.95054597733288,50.00000000000002,0.0,0.0,1.0
0,1,222,59.301112502293606,-93.21974926053916,50.00000000000002,0.0,0.0,1.0
0,1,223,58.87882474593202,-93.48704505301951,50.00000000000002,0.0,0.0,1.0
0,1,224,58.45533219323651,-93.7524278852865,50.00000000000002,0.0,0.0,1.0
0,1,225,58.03064350983988,-94.01589232699627,50.00000000000002,0.0,0.0,1.0
0,1,226,57.60476738585054,-94.27743298705965,50.00000000000002,0.0,0.0,1.0
0,1,227,57.17771253567462,-94.53704451375255,50.00000000000002,0.0,0.0,1.0
0,1,228,56.749487697837736,-94.7947215948253,50.00000000000002,0.0,0.0,1.0
0,1,229,56.32010163480613,-95.05045895761147,50.00000000000002,0.0,0.0,1.0
0,1,230,55.889563132807424,-95.30425136913571,50.00000000000002,0.0,0.0,1.0
0,1,231,55.45788100165074,-95.55609363622092,50.00000000000002,0.0,0.0,1.0
0,1,232,55.0250640745465,-95.80598060559437,50.00000000000002,0.0,0.0,1.0
0,1,233,54.591121207925696,-96.05390716399329,50.00000000000002,0.0,0.0,1.0
0,1,234,54.15606128125864,-96.29986823826933,50.00000000000002,0.0,0.0,1.0
0,1,235,53.71989319687318,-96.5438587954926,50.00000000000002,0.0,0.0,1.0
0,1,236,53.28262587977271,-96.78587384305443,50.00000000000002,0.0,0.0,1.0
0,1,237,52.84426827745343,-97.02590842876971,50.00000000000002,0.0,0.0,1.0
0,1,238,52.404829359721305,-97.26395764097802,50.00000000000002,0.0,0.0,1.0
0,1,239,51.964318118508444,-97.50001660864439,50.00000000000002,0.0,0.0,1.0
0,1,240,51.52274356768922,-97.73408050145872,50.00000000000002,0.0,0.0,1.0
0,1,241,51.08011474289575,-97.96614452993482,50.00000000000002,0.0,0.0,1.0
0,1,242,50.63644070133306,-98.19620394550827,50.00000000000002,0.0,0.0,1.0
0,1,243,50.19173052159362,-98.42425404063371,50.00000000000002,0.0,0.0,1.0
0,1,244,49.74599330347177,-98.65029014888104,50.00000000000002,0.0,0.0,1.0
0,1,245,49.29923816777739,-98.874307645031,50.00000000000002,0.0,0.0,1.0
0,1,246,48.85147425614931,-99.09630194516976,50.00000000000002,0.0,0.0,1.0
0,1,247,48.40271073086818,-99.31626850678278,50.00000000000002,0.0,0.0,1.0
0,1,248,47.952956774669104,-99.53420282884768,50.00000000000002,0.0,0.0,1.0
0,1,249,47.50222159055369,-99.75010045192641,50.00000000000002,0.0,0.0,1.0
0,1,250,47.05051440160172,-99.96395695825643,50.00000000000002,0.0,0.0,1.0
0,1,251,46.59784445078236,-100.17576797184121,50.00000000000002,0.0,0.0,1.0
0,1,252,46.144221000765214,-100.38552915853964,50.00000000000002,0.0,0.0,1.0
0,1,253,45.689653333730604,-100.59323622615486,50.00000000000002,0.0,0.0,1.0
0,1,254,45.23415075117975,-100.79888492452196,50.00000000000002,0.0,0.0,1.0
0,1,255,44.77772257374432,-101.00247104559503,50.00000000000002,0.0,0.0,1.0
0,1,256,44.32037814099588,-101.20399042353324,50.00000000000002,0.0,0.0,1.0
0,1,257,43.862126811254626,-101.4034389347861,50.00000000000002,0.0,0.0,1.0
0,1,258,43.40297796139798,-101.60081249817776,50.00000000000002,0.0,0.0,1.0
0,1,259,42.942940986668724,-101.79610707499066,50.00000000000002,0.0,0.0,1.0
0,1,260,42.48202530048261,-101.98931866904803,50.00000000000002,0.0,0.0,1.0
0,1,261,42.02024033423597,-102.18044332679578,50.00000000000002,0.0,0.0,1.0
0,1,262,41.557595537112554,-102.36947713738327,50.00000000000002,0.0,0.0,1.0
0,1,263,41.09410037589025,-102.55641623274347,50.00000000000002,0.0,0.0,1.0
0,1,264,40.629764334747314,-102.74125678767206,50.00000000000002,0.0,0.0,1.0
0,1,265,40.16459691506837,-102.92399501990562,50.00000000000002,0.0,0.0,1.0
0,1,266,39.698607635249985,-103.10462719019911,50.00000000000002,0.0,0.0,1.0
0,1,267,39.23180603050586,-103.28314960240242,50.00000000000002,0.0,0.0,1.0
0,1,268,38.76420165267169,-103.4595586035359,50.00000000000002,0.0,0.0,1.0
0,1,269,38.295804070009794,-103.63385058386518,50.00000000000002,0.0,0.0,1.0
0,1,270,37.82662286701332,-103.806021976975,50.00000000000002,0.0,0.0,1.0
0,1,271,37.356667644210056,-103.9760692598422,50.00000000000002,0.0,0.0,1.0
0,1,272,36.88594801796599,-104.14398895290782,50.00000000000002,0.0,0.0,1.0
0,1,273,36.414473620288604,-104.30977762014825,50.00000000000002,0.0,0.0,1.0
0,1,274,35.94225409862976,-104.4734318691456,50.00000000000002,0.0,0.0,1.0
0,1,275,35.469299115688244,-104.63494835115708,50.00000000000002,0.0,0.0,1.0
0,1,276,34.99561834921204,-104.7943237611836,50.00000000000002,0.0,0.0,1.0
0,1,277,34.52122149180038,-104.95155483803721,50.00000000000002,0.0,0.0,1.0
0,1,278,34.046118250705376,-105.10663836440808,50.00000000000002,0.0,0.0,1.0
0,1,279,33.57031834763337,-105.25957116693012,50.00000000000002,0.0,0.0,1.0
0,1,280,33.09383151854594,-105.41035011624604,50.00000000000002,0.0,0.0,1.0
0,1,281,32.61666751346085,-105.55897212707133,50.00000000000002,0.0,0.0,1.0
0,1,282,32.13883609625239,-105.70543415825743,50.00000000000002,0.0,0.0,1.0
0,1,283,31.660347044451683,-105.84973321285393,50.00000000000002,0.0,0.0,1.0
0,1,284,31.181210149046503,-105.9918663381699,50.00000000000002,0.0,0.0,1.0
0,1,285,30.70143521428104,-106.1318306258343,50.00000000000002,0.0,0.0,1.0
0,1,286,30.22103205745524,-106.2696232118555,50.00000000000002,0.0,0.0,1.0
0,1,287,29.74001050872394,-106.4052412766799,50.00000000000002,0.0,0.0,1.0
0,1,288,29.258380410895608,-106.53868204524962,50.00000000000002,0.0,0.0,1.0
0,1,289,28.776151619231133,-106.66994278705926,50.00000000000002,0.0,0.0,1.0
0,1,290,28.293334001241995,-106.79902081621178,50.00000000000002,0.0,0.0,1.0
0,1,291,27.809937436488447,-106.9259134914735,50.00000000000002,0.0,0.0,1.0
0,1,292,27.32597181637734,-107.05061821632805,50.00000000000002,0.0,0.0,1.0
0,1,293,26.841447043959636,-107.17313243902963,50.00000000000002,0.0,0.0,1.0
0,1,294,26.356373033727905,-107.29345365265513,50.00000000000002,0.0,0.0,1.0
0,1,295,25.870759711413385,-107.41157939515546,50.00000000000002,0.0,0.0,1.0
0,1,296,25.38461701378288,-107.5275072494059,50.00000000000002,0.0,0.0,1.0
0,1,297,24.897954888435372,-107.64123484325565,50.00000000000002,0.0,0.0,1.0
0,1,298,24.4107832935986,-107.75275984957621,50.00000000000002,0.0,0.0,1.0
0,1,299,23.92311219792521,-107.86207998630917,50.00000000000002,0.0,0.0,1.0
0,1,300,23.434951580288786,-107.96919301651279,50.00000000000002,0.0,0.0,1.0
0,1,301,22.946311429579602,-108.07409674840784,50.00000000000002,0.0,0.0,1.0
0,1,302,22.457201744500352,-108.1767890354224,50.00000000000002,0.0,0.0,1.0
0,1,303,21.967632533361463,-108.27726777623582,50.00000000000002,0.0,0.0,1.0
0,1,304,21.477613813876342,-108.37553091482165,50.00000000000002,0.0,0.0,1.0
0,1,305,20.9871556129563,-108.47157644048984,50.00000000000002,0.0,0.0,1.0
0,1,306,20.496267966505528,-108.56540238792778,50.00000000000002,0.0,0.0,1.0
0,1,307,20.004960919215634,-108.6570068372405,50.00000000000002,0.0,0.0,1.0
0,1,308,19.513244524360157,-108.74638791399006,50.00000000000002,0.0,0.0,1.0
0,1,309,19.021128843588755,-108.8335437892338,50.00000000000002,0.0,0.0,1.0
0,1,310,18.52862394672147,-108.91847267956183,50.00000000000002,0.0,0.0,1.0
0,1,311,18.03573991154258,-109.00117284713346,50.00000000000002,0.0,0.0,1.0
0,1,312,17.54248682359443,-109.08164259971286,50.00000000000002,0.0,0.0,1.0
0,1,313,17.04887477597095,-109.15988029070358,50.00000000000002,0.0,0.0,1.0
0,1,314,16.554913869111303,-109.2358843191823,50.00000000000002,0.0,0.0,1.0
0,1,315,16.060614210593076,-109.30965312993162,50.00000000000002,0.0,0.0,1.0
0,1,316,15.565985914925525,-109.38118521347177,50.00000000000002,0.0,0.0,1.0
0,1,317,15.071039103342512,-109.45047910609162,50.00000000000002,0.0,0.0,1.0
0,1,318,14.575783903595529,-109.51753338987854,50.00000000000002,0.0,0.0,1.0
0,1,319,14.080230449746379,-109.58234669274749,50.00000000000002,0.0,0.0,1.0
0,1,320,13.584388881959867,-109.64491768846908,50.00000000000002,0.0,0.0,1.0
0,1,321,13.088269346296181,-109.70524509669663,50.00000000000002,0.0,0.0,1.0
0,1,322,12.591881994503458,-109.76332768299244,50.00000000000002,0.0,0.0,1.0
0,1,323,12.095236983809944,-109.81916425885306,50.00000000000002,0.0,0.0,1.0
0,1,324,11.59834447671617,-109.8727536817336,50.00000000000002,0.0,0.0,1.0
0,1,325,11.101214640787049,-109.92409485507102,50.00000000000002,0.0,0.0,1.0
0,1,326,10.60385764844371,-109.97318672830671,50.00000000000002,0.0,0.0,1.0
0,1,327,10.106283676755497,-110.02002829690792,50.00000000000002,0.0,0.0,1.0
0,1,328,9.608502907231633,-110.06461860238828,50.00000000000002,0.0,0.0,1.0
0,1,329,9.110525525612918,-110.10695673232745,50.00000000000002,0.0,0.0,1.0
0,1,330,8.61236172166322,-110.14704182038983,50.00000000000002,0.0,0.0,1.0
0,1,331,8.114021688961104,-110.18487304634218,50.00000000000002,0.0,0.0,1.0
0,1,332,7.6155156246911675,-110.22044963607053,50.00000000000002,0.0,0.0,1.0
0,1,333,7.11685372943541,-110.25377086159591,50.00000000000002,0.0,0.0,1.0
0,1,334,6.618046206964423,-110.28483604108933,50.00000000000002,0.0,0.0,1.0
0,1,335,6.11910326402874,-110.3136445388857,50.00000000000002,0.0,0.0,1.0
0,1,336,5.620035110149884,-110.34019576549679,50.00000000000002,0.0,0.0,1.0
0,1,337,5.1208519574115074,-110.36448917762338,50.00000000000002,0.0,0.0,1.0
0,1,338,4.621564020250329,-110.38652427816632,50.00000000000002,0.0,0.0,1.0
0,1,339,4.122181515247271,-110.4063006162367,50.00000000000002,0.0,0.0,1.0
0,1,340,3.6227146609183105,-110.4238177871651,50.00000000000002,0.0,0.0,1.0
0,1,341,3.1231736775054264,-110.43907543250991,50.00000000000002,0.0,0.0,1.0
0,1,342,2.6235687867673794,-110.45207324006451,50.00000000000002,0.0,0.0,1.0
0,1,343,2.1239102117706925,-110.46281094386387,50.00000000000002,0.0,0.0,1.0
0,1,344,1.624208176680368,-110.47128832418983,50.00000000000002,0.0,0.0,1.0
0,1,345,1.1244729065507273,-110.47750520757566,50.00000000000002,0.0,0.0,1.0
0,1,346,0.6247146271160826,-110.48146146680963,50.00000000000002,0.0,0.0,1.0
0,1,347,0.12494356458164377,-110.48315702093757,50.00000000000002,0.0,0.0,1.0
0,1,348,-0.3748300545858326,-110.4825918352645,50.00000000000002,0.0,0.0,1.0
0,1,349,-0.8745960038672506,-110.47976592135545,50.00000000000002,0.0,0.0,1.0
0,1,350,-1.3743440569005314,-110.47467933703513,50.00000000000002,0.0,0.0,1.0
0,1,351,-1.8740639876897212,-110.46733218638676,50.00000000000002,0.0,0.0,1.0
0,1,352,-2.3737455708143367,-110.45772461974995,50.00000000000002,0.0,0.0,1.0
0,1,353,-2.8733785816385753,-110.44585683371764,50.00000000000002,0.0,0.0,1.0
0,1,354,-3.372952796520513,-110.43172907113208,50.00000000000002,0.0,0.0,1.0
0,1,355,-3.8724579930213974,-110.4153416210798,50.00000000000002,0.0,0.0,1.0
0,1,356,-4.371883950114678,-110.39669481888579,50.00000000000002,0.0,0.0,1.0
0,1,357,-4.871220448395252,-110.37578904610653,50.00000000000002,0.0,0.0,1.0
0,1,358,-5.3704572702885205,-110.3526247305223,50.00000000000002,0.0,0.0,1.0
0,1,359,-5.869584200259572,-110.3272023461283,50.00000000000002,0.0,0.0,1.0
0,1,360,-6.368591025022059,-110.29952241312509,50.00000000000002,0.0,0.0,1.0
0,1,361,-6.867467533747292,-110.26958549790783,50.00000000000002,0.0,0.0,1.0
0,1,362,-7.366203518273117,-110.23739221305472,50.00000000000002,0.0,0.0,1.0
0,1,363,-7.8647887733129105,-110.20294321731451,50.00000000000002,0.0,0.0,1.0
0,1,364,-8.36321309666424,-110.166239215593,50.00000000000002,0.0,0.0,1.0
0,1,365,-8.86146628941773,-110.12728095893854,50.00000000000002,0.0,0.0,1.0
0,1,366,-9.359538156165717,-110.08606924452681,50.00000000000002,0.0,0.0,1.0
0,1,367,-9.85741850521095,-110.04260491564438,50.00000000000002,0.0,0.0,1.0
0,1,368,-10.355097148774997,-109.99688886167148,50.00000000000002,0.0,0.0,1.0
0,1,369,-10.852563903206814,-109.94892201806385,50.00000000000002,0.0,0.0,1.0
0,1,370,-11.349808589191067,-109.89870536633359,50.00000000000002,0.0,0.0,1.0
0,1,371,-11.846821031956532,-109.846239934029,50.00000000000002,0.0,0.0,1.0
0,1,372,-12.34359106148414,-109.79152679471365,50.00000000000002,0.0,0.0,1.0
0,1,373,-12.840108512715181,-109.73456706794434,50.00000000000002,0.0,0.0,1.0
0,1,374,-13.336363225759253,-109.67536191924826,50.00000000000002,0.0,0.0,1.0
0,1,375,-13.832345046102255,-109.61391256009907,50.00000000000002,0.0,0.0,1.0
0,1,376,-14.328043824814024,-109.55022024789217,50.00000000000002,0.0,0.0,1.0
0,1,377,-14.823449418756114,-109.48428628591893,50.00000000000002,0.0,0.0,1.0
0,1,378,-15.318551690789276,-109.41611202334002,50.00000000000002,0.0,0.0,1.0
0,1,379,-15.813340509981012,-109.34569885515785,50.00000000000002,0.0,0.0,1.0
0,1,380,-16.30780575181271,-109.27304822218798,50.00000000000002,0.0,0.0,1.0
0,1,381,-16.80193729838692,-109.19816161102965,50.00000000000002,0.0,0.0,1.0
0,1,382,-17.29572503863435,-109.12104055403537,50.00000000000002,0.0,0.0,1.0
0,1,383,-17.789158868520843,-109.04168662927954,50.00000000000002,0.0,0.0,1.0
0,1,384,-18.282228691253984,-108.9601014605262,50.00000000000002,0.0,0.0,1.0
0,1,385,-18.77492441748982,-108.87628671719577,50.00000000000002,0.0,0.0,1.0
0,1,386,-19.26723596553926,-108.79024411433089,50.00000000000002,0.0,0.0,1.0
0,1,387,-19.759153261574376,-108.70197541256134,50.00000000000002,0.0,0.0,1.0
0,1,388,-20.250666239834597,-108.61148241806802,50.00000000000002,0.0,0.0,1.0
0,1,389,-20.74176484283257,-108.51876698254597,50.00000000000002,0.0,0.0,1.0
0,1,390,-21.232439021560026,-108.42383100316651,50.00000000000002,0.0,0.0,1.0
0,1,391,-21.72267873569338,-108.32667642253837,50.00000000000002,0.0,0.0,1.0
0,1,392,-22.212473953799247,-108.22730522866799,50.00000000000002,0.0,0.0,1.0
0,1,393,-22.701814653539607,-108.12571945491882,50.00000000000002,0.0,0.0,1.0
0,1,394,-23.19069082187694,-108.02192117996971,50.00000000000002,0.0,0.0,1.0
0,1,395,-23.679092455279086,-107.91591252777239,50.00000000000002,0.0,0.0,1.0
0,1,396,-24.16700955992404,-107.80769566750796,50.00000000000002,0.0,0.0,1.0
0,1,397,-24.65443215190429,-107.69727281354261,50.00000000000002,0.0,0.0,1.0
0,1,398,-25.14135025743123,-107.58464622538217,50.00000000000002,0.0,0.0,1.0
0,1,399,-25.627753913039168,-107.469818207626,50.00000000000002,0.0,0.0,1.0
0,1,400,-26.113633165789327,-107.35279110991974,50.00000000000002,0.0,0.0,1.0
0,1,401,-26.598978073473344,-107.23356732690729,50.00000000000002,0.0,0.0,1.0
0,1,402,-27.0837787048168,-107.11214929818179,50.00000000000002,0.0,0.0,1.0
0,1,403,-27.56802513968242,-106.9885395082357,50.00000000000002,0.0,0.0,1.0
0,1,404,-28.05170746927312,-106.86274048640996,50.00000000000002,0.0,0.0,1.0
0,1,405,-28.53481579633464,-106.73475480684222,50.00000000000002,0.0,0.0,1.0
0,1,406,-29.017340235358173,-106.60458508841418,50.00000000000002,0.0,0.0,1.0
0,1,407,-29.499270912782553,-106.47223399469806,50.00000000000002,0.0,0.0,1.0
0,1,408,-29.98059796719644,-106.33770423390196,50.00000000000002,0.0,0.0,1.0
0,1,409,-30.46131154953993,-106.2009985588146,50.00000000000002,0.0,0.0,1.0
0,1,410,-30.941401823306194,-106.06211976674886,50.00000000000002,0.0,0.0,1.0
0,1,411,-31.420858964742703,-105.92107069948464,50.00000000000002,0.0,0.0,1.0
0,1,412,-31.89967316305236,-105.77785424321063,50.00000000000002,0.0,0.0,1.0
0,1,413,-32.37783462059407,-105.63247332846531,50.00000000000002,0.0,0.0,1.0
0,1,414,-32.85533355308337,-105.48493093007697,50.00000000000002,0.0,0.0,1.0
0,1,415,-33.33216018979254,-105.33523006710284,50.00000000000002,0.0,0.0,1.0
0,1,416,-33.80830477375065,-105.18337380276725,50.00000000000002,0.0,0.0,1.0
0,1,417,-34.28375756194309,-105.02936524439907,50.00000000000002,0.0,0.0,1.0
0,1,418,-34.75850882551097,-104.87320754336807,50.00000000000002,0.0,0.0,1.0
0,1,419,-35.23254884995026,-104.71490389502033,50.00000000000002,0.0,0.0,1.0
0,1,420,-35.70586793531046,-104.55445753861308,50.00000000000002,0.0,0.0,1.0
0,1,421,-36.17845639639322,-104.39187175724818,50.00000000000002,0.0,0.0,1.0
0,1,422,-36.65030456295038,-104.22714987780513,50.00000000000002,0.0,0.0,1.0
0,1,423,-37.12140277988193,-104.06029527087288,50.00000000000002,0.0,0.0,1.0
0,1,424,-37.591741407433545,-103.89131135068092,50.00000000000002,0.0,0.0,1.0
0,1,425,-38.0613108213939,-103.72020157502935,50.00000000000002,0.0,0.0,1.0
0,1,426,-38.53010141329149,-103.54696944521818,50.00000000000002,0.0,0.0,1.0
0,1,427,-38.99810359059133,-103.37161850597573,50.00000000000002,0.0,0.0,1.0
0,1,428,-39.46530777689118,-103.19415234538597,50.00000000000002,0.0,0.0,1.0
0,1,429,-39.93170441211762,-103.01457459481519,50.00000000000002,0.0,0.0,1.0
0,1,430,-40.39728395272149,-102.83288892883768,50.00000000000002,0.0,0.0,1.0
0,1,431,-40.862036871873315,-102.64909906516054,50.00000000000002,0.0,0.0,1.0
0,1,432,-41.325953659658154,-102.4632087645476,50.00000000000002,0.0,0.0,1.0
0,1,433,-41.78902482327033,-102.27522183074242,50.00000000000002,0.0,0.0,1.0
0,1,434,-42.2512408872075,-102.08514211039059,50.00000000000002,0.0,0.0,1.0
0,1,435,-42.712592393464654,-101.89297349296085,50.00000000000002,0.0,0.0,1.0
0,1,436,-43.1730699017276,-101.69871991066563,50.00000000000002,0.0,0.0,1.0
0,1,437,-43.63266398956623,-101.50238533838053,50.00000000000002,0.0,0.0,1.0
0,1,438,-44.09136525262719,-101.30397379356299,50.00000000000002,0.0,0.0,1.0
0,1,439,-44.54916430482639,-101.1034893361701,50.00000000000002,0.0,0.0,1.0
0,1,440,-45.00605177854102,-100.90093606857552,50.00000000000002,0.0,0.0,1.0
0,1,441,-45.46201832480134,-100.69631813548548,50.00000000000002,0.0,0.0,1.0
0,1,442,-45.91705461348186,-100.48963972385413,50.00000000000002,0.0,0.0,1.0
0,1,443,-46.37115133349228,-100.28090506279764,50.00000000000002,0.0,0.0,1.0
0,1,444,-46.82429919296809,-100.07011842350785,50.00000000000002,0.0,0.0,1.0
0,1,445,-47.276488919460625,-99.85728411916475,50.00000000000002,0.0,0.0,1.0
0,1,446,-47.727711260126824,-99.64240650484832,50.00000000000002,0.0,0.0,1.0
0,1,447,-48.17795698191858,-99.42548997744935,50.00000000000002,0.0,0.0,1.0
0,1,448,-48.62721687177162,-99.20653897557945,50.00000000000002,0.0,0.0,1.0
0,1,449,-49.075481736794124,-98.98555797948033,50.00000000000002,0.0,0.0,1.0
0,1,450,-49.522742404454725,-98.76255151093201,50.00000000000002,0.0,0.0,1.0
0,1,451,-49.96898972277022,-98.53752413316036,50.00000000000002,0.0,0.0,1.0
0,1,452,-50.414214560492994,-98.31048045074367,50.00000000000002,0.0,0.0,1.0
0,1,453,-50.85840780729761,-98.0814251095185,50.00000000000002,0.0,0.0,1.0
0,1,454,-51.3015603739674,-97.85036279648459,50.00000000000002,0.0,0.0,1.0
0,1,455,-51.7436631925804,-97.61729823970892,50.00000000000002,0.0,0.0,1.0
0,1,456,-52.184707216694925,-97.38223620822899,50.00000000000002,0.0,0.0,1.0
0,1,457,-52.62468342153465,-97.14518151195524,50.00000000000002,0.0,0.0,1.0
0,1,458,-53.0635828041733,-96.90613900157265,50.00000000000002,0.0,0.0,1.0
0,1,459,-53.501396383718806,-96.66511356844141,50.00000000000002,0.0,0.0,1.0
0,1,460,-53.93811520149728,-96.42211014449686,50.00000000000002,0.0,0.0,1.0
0,1,461,-54.37373032123603,-96.17713370214862,50.00000000000002,0.0,0.0,1.0
0,1,462,-54.80823282924663,-95.93018925417884,50.00000000000002,0.0,0.0,1.0
0,1,463,-55.24161383460723,-95.68128185363952,50.00000000000002,0.0,0.0,1.0
0,1,464,-55.67386446934453,-95.43041659374927,50.00000000000002,0.0,0.0,1.0
0,1,465,-56.10497588861519,-95.17759860778892,50.00000000000002,0.0,0.0,1.0
0,1,466,-56.534939270886866,-94.92283306899668,50.00000000000002,0.0,0.0,1.0
0,1,467,-56.96374581811864,-94.66612519046213,50.00000000000002,0.0,0.0,1.0
0,1,468,-57.39138675594124,-94.40748022501951,50.00000000000002,0.0,0.0,1.0
0,1,469,-57.8178533338363,-94.14690346514044,50.00000000000002,0.0,0.0,1.0
0,1,470,-58.243136825315624,-93.88440024282542,50.00000000000002,0.0,0.0,1.0
0,1,471,-58.66722852809967,-93.61997592949488,50.00000000000002,0.0,0.0,1.0
0,1,472,-59.09011976429568,-93.35363593587915,50.00000000000002,0.0,0.0,1.0
0,1,473,-59.51180188057513,-93.0853857119078,50.00000000000002,0.0,0.0,1.0
0,1,474,-59.93226624835094,-92.81523074659809,50.00000000000002,0.0,0.0,1.0
0,1,475,-60.351504263953906,-92.54317656794275,50.00000000000002,0.0,0.0,1.0
0,1,476,-60.76950734880894,-92.26922874279664,50.00000000000002,0.0,0.0,1.0
0,1,477,-61.18626694961034,-91.99339287676314,50.00000000000002,0.0,0.0,1.0
0,1,478,-61.60177453849704,-91.7156746140792,50.00000000000002,0.0,0.0,1.0
0,1,479,-62.01602161322693,-91.4360796375,50.00000000000002,0.0,0.0,1.0
0,1,480,-62.42899969735103,-91.15461366818259,50.00000000000002,0.0,0.0,1.0
0,1,481,-62.84070034038674,-90.8712824655688,50.00000000000002,0.0,0.0,1.0
0,1,482,-63.25111511799092,-90.58609182726748,50.00000000000002,0.0,0.0,1.0
0,1,483,-63.66023563213214,-90.29904758893578,50.00000000000002,0.0,0.0,1.0
0,1,484,-64.06805351126258,-90.01015562415982,50.00000000000002,0.0,0.0,1.0
0,1,485,-64.47456041048942,-89.71942184433438,50.00000000000002,0.0,0.0,1.0
0,1,486,-64.8797480117454,-89.4268521985421,50.00000000000002,0.0,0.0,1.0
0,1,487,-65.28360802395918,-89.13245267343162,50.00000000000002,0.0,0.0,1.0
0,1,488,-65.68613218322497,-88.83622929309512,50.00000000000002,0.0,0.0,1.0
0,1,489,-66.08731225297156,-88.53818811894509,50.00000000000002,0.0,0.0,1.0
0,1,490,-66.48714002413092,-88.23833524959025,50.00000000000002,0.0,0.0,1.0
0,1,491,-66.88560731530622,-87.93667682071077,50.00000000000002,0.0,0.0,1.0
0,1,492,-67.28270597293904,-87.63321900493276,50.00000000000002,0.0,0.0,1.0
0,1,493,-67.67842787147656,-87.32796801170184,50.00000000000002,0.0,0.0,1.0
0,1,494,-68.07276491353747,-87.02093008715626,50.00000000000002,0.0,0.0,1.0
0,1,495,-68.46570903007785,-86.71211151399898,50.00000000000002,0.0,0.0,1.0
0,1,496,-68.85725218055624,-86.4015186113691,50.00000000000002,0.0,0.0,1.0
0,1,497,-69.24738635309818,-86.0891577347126,50.00000000000002,0.0,0.0,1.0
0,1,498,-69.63610356466016,-85.77503527565231,50.00000000000002,0.0,0.0,1.0
0,1,499,-70.02339586119294,-85.45915766185706,50.00000000000002,0.0,0.0,1.0
0,1,500,-70.40925531780424,-85.14153135691025,50.00000000000002,0.0,0.0,1.0
0,1,501,-70.79367403892118,-84.82216286017737,50.00000000000002,0.0,0.0,1.0
0,1,502,-71.17664415845148,-84.5010587066733,50.00000000000002,0.0,0.0,1.0
0,1,503,-71.55815783994463,-84.17822546692848,50.00000000000002,0.0,0.0,1.0
0,1,504,-71.9382072767522,-83.85366974685432,50.00000000000002,0.0,0.0,1.0
0,1,505,-72.31678469218758,-83.52739818760824,50.00000000000002,0.0,0.0,1.0
0,1,506,-72.6938823396851,-83.19941746545761,50.00000000000002,0.0,0.0,1.0
0,1,507,-73.06949250295854,-82.86973429164328,50.00000000000002,0.0,0.0,1.0
0,1,508,-73.44360749615906,-82.53835541224217,50.00000000000002,0.0,0.0,1.0
0,1,509,-73.81621966403243,-82.20528760802912,50.00000000000002,0.0,0.0,1.0
0,1,510,-74.18732138207571,-81.87053769433842,50.00000000000002,0.0,0.0,1.0
0,1,511,-74.55690505669318,-81.53411252092411,50.00000000000002,0.0,0.0,1.0
0,1,512,-74.92496312535185,-81.19601897181992,50.00000000000002,0.0,0.0,1.0
0,1,513,-75.29148805673609,-80.85626396519842,50.00000000000002,0.0,0.0,1.0
0,1,514,-75.65647235090181,-80.51485445322936,50.00000000000002,0.0,0.0,1.0
0,1,515,-76.0199085394299,-80.17179742193751,50.00000000000002,0.0,0.0,1.0
0,1,516,-76.3817891855791,-79.82709989105973,50.000000000000014,0.0,0.0,1.0
0,1,517,-76.74210688443802,-79.48076891390123,50.000000000000014,0.0,0.0,1.0
0,1,518,-77.10085426307693,-79.13281157719123,50.000000000000014,0.0,0.0,1.0
0,1,519,-77.45802398069833,-78.7832350009381,50.000000000000014,0.0,0.0,1.0
0,1,520,-77.81360872878736,-78.4320463382836,50.000000000000014,0.0,0.0,1.0
0,1,521,-78.16760123126126,-78.0792527753564,50.000000000000014,0.0,0.0,1.0
0,1,522,-78.5199942446183,-77.72486153112519,50.000000000000014,0.0,0.0,1.0
0,1,523,-78.87078055808598,-77.36887985725089,50.000000000000014,0.0,0.0,1.0
0,1,524,-79.21995299376859,-77.01131503793825,50.000000000000014,0.0,0.0,1.0
0,1,525,-79.56750440679399,-76.65217438978685,50.000000000000014,0.0,0.0,1.0
0,1,526,-79.91342768546005,-76.2914652616413,50.000000000000014,0.0,0.0,1.0
0,1,527,-80.25771575137992,-75.929195034441,50.000000000000014,0.0,0.0,1.0
0,1,528,-80.60036155962696,-75.56537112106896,50.000000000000014,0.0,0.0,1.0
0,1,529,-80.94135809887894,-75.20000096620026,50.000000000000014,0.0,0.0,1.0
0,1,530,-81.28069839156144,-74.83309204614959,50.000000000000014,0.0,0.0,1.0
0,1,531,-81.6183754939907,-74.46465186871832,50.000000000000014,0.0,0.0,1.0
0,1,532,-81.95438249651562,-74.09468797304089,50.000000000000014,0.0,0.0,1.0
0,1,533,-82.28871252365919,-73.72320792943056,50.000000000000014,0.0,0.0,1.0
0,1,534,-82.62135873425925,-73.35021933922434,50.000000000000014,0.0,0.0,1.0
0,1,535,-82.95231432160833,-72.97572983462771,50.000000000000014,0.0,0.0,1.0
0,1,536,-83.281572513593,-72.59974707855825,50.000000000000014,0.0,0.0,1.0
0,1,537,-83.60912657283251,-72.22227876448893,50.000000000000014,0.0,0.0,1.0
0,1,538,-83.93496979681652,-71.84333261629067,50.000000000000014,0.0,0.0,1.0
0,1,539,-84.25909551804237,-71.46291638807423,50.000000000000014,0.0,0.0,1.0
0,1,540,-84.58149710415144,-71.08103786403163,50.000000000000014,0.0,0.0,1.0
0,1,541,-84.90216795806487,-70.69770485827685,50.000000000000014,0.0,0.0,1.0
0,1,542,-85.22110151811862,-70.3129252146858,50.000000000000014,0.0,0.0,1.0
0,1,543,-85.5382912581976,-69.92670680673609,50.000000000000014,0.0,0.0,1.0
0,1,544,-85.8537306878694,-69.53905753734566,50.000000000000014,0.0,0.0,1.0
0,1,545,-86.16741335251687,-69.14998533871118,50.000000000000014,0.0,0.0,1.0
0,1,546,-86.47933283347044,-68.7594981721458,50.000000000000014,0.0,0.0,1.0
0,1,547,-86.7894827481392,-68.36760402791606,50.000000000000014,0.0,0.0,1.0
0,1,548,-87.09785675014179,-67.9743109250786,50.000000000000014,0.0,0.0,1.0
0,1,549,-87.40444852943598,-67.57962691131591,50.000000000000014,0.0,0.0,1.0
0,1,550,-87.70925181244797,-67.18356006277182,50.000000000000014,0.0,0.0,1.0
0,1,551,-88.01226036220082,-66.78611848388594,50.000000000000014,0.0,0.0,1.0
0,1,552,-88.31346797844178,-66.38731030722825,50.000000000000014,0.0,0.0,1.0
0,1,553,-88.61286849776947,-65.98714369333234,50.000000000000014,0.0,0.0,1.0
0,1,554,-88.91045579375984,-65.58562683052862,50.000000000000014,0.0,0.0,1.0
0,1,555,-89.20622377709154,-65.18276793477663,50.000000000000014,0.0,0.0,1.0
0,1,556,-89.50016639567058,-64.7785752494971,50.000000000000014,0.0,0.0,1.0
0,1,557,-89.79227763475413,-64.37305704540302,50.000000000000014,0.0,0.0,1.0
0,1,558,-90.08255151707355,-63.96622162033073,50.000000000000014,0.0,0.0,1.0
0,1,559,-90.3709821029569,-63.55807729906972,50.000000000000014,0.0,0.0,1.0
0,1,560,-90.65756349045014,-63.14863243319271,50.000000000000014,0.0,0.0,1.0
0,1,561,-90.94228981543822,-62.73789540088446,50.000000000000014,0.0,0.0,1.0
0,1,562,-91.22515525176486,-62.32587460677045,50.000000000000014,0.0,0.0,1.0
0,1,563,-91.50615401135192,-61.9125784817449,50.000000000000014,0.0,0.0,1.0
0,1,564,-91.78528034431768,-61.4980154827982,50.000000000000014,0.0,0.0,1.0
0,1,565,-92.06252853909467,-61.08219409284392,50.000000000000014,0.0,0.0,1.0
0,1,566,-92.33789292254636,-60.66512282054525,50.000000000000014,0.0,0.0,1.0
0,1,567,-92.61136786008343,-60.24681020014074,50.000000000000014,0.0,0.0,1.0
0,1,568,-92.88294775577893,-59.82726479126987,50.000000000000014,0.0,0.0,1.0
0,1,569,-93.15262705248281,-59.40649517879778,50.000000000000014,0.0,0.0,1.0
0,1,570,-93.42040023193567,-58.98450997263967,50.000000000000014,0.0,0.0,1.0
0,1,571,-93.68626181488169,-58.561317807584544,50.000000000000014,0.0,0.0,1.0
0,1,572,-93.95020636118065,-58.13692734311858,50.000000000000014,0.0,0.0,1.0
0,1,573,-94.21222846991934,-57.71134726324792,50.000000000000014,0.0,0.0,1.0
0,1,574,-94.4723227795221,-57.28458627632102,50.000000000000014,0.0,0.0,1.0
0,1,575,-94.73048396786044,-56.85665311485027,50.000000000000014,0.0,0.0,1.0
0,1,576,-94.98670675236194,-56.42755653533363,50.000000000000014,0.0,0.0,1.0
0,1,577,-95.24098589011848,-55.99730531807515,50.000000000000014,0.0,0.0,1.0
0,1,578,-95.49331617799335,-55.565908267005504,50.000000000000014,0.0,0.0,1.0
0,1,579,-95.7436924527278,-55.1333742095017,50.000000000000014,0.0,0.0,1.0
0,1,580,-95.99210959104674,-54.69971199620658,50.000000000000014,0.0,0.0,1.0
0,1,581,-96.2385625097635,-54.26493050084758,50.000000000000014,0.0,0.0,1.0
0,1,582,-96.48304616588382,-53.8290386200553,50.000000000000014,0.0,0.0,1.0
0,1,583,-96.72555555670915,-53.39204527318136,50.000000000000014,0.0,0.0,1.0
0,1,584,-96.96608571993893,-52.95395940211582,50.000000000000014,0.0,0.0,1.0
0,1,585,-97.20463173377216,-52.51478997110441,50.000000000000014,0.0,0.0,1.0
0,1,586,-97.44118871700809,-52.07454596656498,50.000000000000014,0.0,0.0,1.0
0,1,587,-97.67575182914614,-51.6332363969036,50.000000000000014,0.0,0.0,1.0
0,1,588,-97.90831627048489,-51.19087029233025,50.000000000000014,0.0,0.0,1.0
0,1,589,-98.13887728222035,-50.74745670467407,50.000000000000014,0.0,0.0,1.0
0,1,590,-98.36743014654333,-50.30300470719811,50.000000000000014,0.0,0.0,1.0
0,1,591,-98.59397018673589,-49.85752339441372,50.000000000000014,0.0,0.0,1.0
0,1,592,-98.8184927672672,-49.411021881894264,50.000000000000014,0.0,0.0,1.0
0,1,593,-99.04099329388826,-48.96350930608891,50.000000000000014,0.0,0.0,1.0
0,1,594,-99.26146721372595,-48.51499482413541,50.000000000000014,0.0,0.0,1.0
0,1,595,-99.47991001537615,-48.06548761367287,50.000000000000014,0.0,0.0,1.0
0,1,596,-99.69631722899616,-47.6149968726539,50.00000000000001,0.0,0.0,1.0
0,1,597,-99.91068442639605,-47.16353181915638,50.00000000000001,0.0,0.0,1.0
0,1,598,-100.12300722112937,-46.7111016911949,50.00000000000001,0.0,0.0,1.0
0,1,599,-100.3332812685828,-46.25771574653174,50.00000000000001,0.0,0.0,1.0
0,1,600,-100.54150226606514,-45.803383262487216,50.00000000000001,0.0,0.0,1.0
0,1,601,-100.74766595289532,-45.348113535750215,50.00000000000001,0.0,0.0,1.0
0,1,602,-100.95176811048958,-44.891915882187675,50.00000000000001,0.0,0.0,1.0
0,1,603,-101.15380456244779,-44.43479963665406,50.00000000000001,0.0,0.0,1.0
0,1,604,-101.35377117463891,-43.976774152800374,50.00000000000001,0.0,0.0,1.0
0,1,605,-101.5516638552856,-43.51784880288268,50.00000000000001,0.0,0.0,1.0
0,1,606,-101.7474785550479,-43.05803297757042,50.00000000000001,0.0,0.0,1.0
0,1,607,-101.94121126710618,-42.59733608575423,50.00000000000001,0.0,0.0,1.0
0,1,608,-102.13285802724306,-42.135767554353265,50.00000000000001,0.0,0.0,1.0
0,1,609,-102.3224149139245,-41.67333682812258,50.00000000000001,0.0,0.0,1.0
0,1,610,-102.50987804838012,-41.21005336945966,50.00000000000001,0.0,0.0,1.0
0,1,611,-102.6952435946825,-40.74592665821087,50.00000000000001,0.0,0.0,1.0
0,1,612,-102.87850775982575,-40.280966191477454,50.00000000000001,0.0,0.0,1.0
0,1,613,-103.05966679380303,-39.815181483421235,50.00000000000001,0.0,0.0,1.0
0,1,614,-103.23871698968335,-39.348582065069884,50.00000000000001,0.0,0.0,1.0
0,1,615,-103.41565468368744,-38.88117748412194,50.00000000000001,0.0,0.0,1.0
0,1,616,-103.5904762552626,-38.412977304751465,50.00000000000001,0.0,0.0,1.0
0,1,617,-103.76317812715696,-37.94399110741215,50.00000000000001,0.0,0.0,1.0
0,1,618,-103.9337567654925,-37.47422848864157,50.00000000000001,0.0,0.0,1.0
0,1,619,-104.10220867983755,-37.00369906086463,50.00000000000001,0.0,0.0,1.0
0,1,620,-104.26853042327798,-36.532412452196894,50.00000000000001,0.0,0.0,1.0
0,1,621,-104.43271859248797,-36.06037830624761,50.00000000000001,0.0,0.0,1.0
0,1,622,-104.5947698277995,-35.58760628192234,50.00000000000001,0.0,0.0,1.0
0,1,623,-104.75468081327115,-35.11410605322536,50.00000000000001,0.0,0.0,1.0
0,1,624,-104.9124482767559,-34.63988730906172,50.00000000000001,0.0,0.0,1.0
0,1,625,-105.0680689899682,-34.1649597530388,50.00000000000001,0.0,0.0,1.0
0,1,626,-105.22153976854987,-33.68933310326807,50.00000000000001,0.0,0.0,1.0
0,1,627,-105.37285747213542,-33.21301709216599,50.00000000000001,0.0,0.0,1.0
0,1,628,-105.5220190044162,-32.736021466254954,50.00000000000001,0.0,0.0,1.0
0,1,629,-105.66902131320374,-32.25835598596385,50.00000000000001,0.0,0.0,1.0
0,1,630,-105.81386139049235,-31.78003042542832,50.00000000000001,0.0,0.0,1.0
0,1,631,-105.95653627252051,-31.30105457229076,50.00000000000001,0.0,0.0,1.0
0,1,632,-106.09704303983156,-30.821438227500106,50.00000000000001,0.0,0.0,1.0
0,1,633,-106.23537881733357,-30.341191205111084,50.00000000000001,0.0,0.0,1.0
0,1,634,-106.37154077435794,-29.86032333208369,50.00000000000001,0.0,0.0,1.0
0,1,635,-106.50552612471752,-29.378844448081882,50.00000000000001,0.0,0.0,1.0
0,1,636,-106.63733212676348,-28.896764405272325,50.00000000000001,0.0,0.0,1.0
0,1,637,-106.76695608344154,-28.41409306812278,50.00000000000001,0.0,0.0,1.0
0,1,638,-106.89439534234704,-27.930840313200246,50.00000000000001,0.0,0.0,1.0
0,1,639,-107.01964729577931,-27.44701602896887,50.00000000000001,0.0,0.0,1.0
0,1,640,-107.14270938079493,-26.96263011558765,50.00000000000001,0.0,0.0,1.0
0,1,641,-107.26357907926032,-26.47769248470767,50.00000000000001,0.0,0.0,1.0
0,1,642,-107.3822539179031,-25.992213059269563,50.00000000000001,0.0,0.0,1.0
0,1,643,-107.49873146836278,-25.506201773300283,50.00000000000001,0.0,0.0,1.0
0,1,644,-107.6130093472405,-25.01966857170987,50.00000000000001,0.0,0.0,1.0
0,1,645,-107.72508521614769,-24.532623410087975,50.00000000000001,0.0,0.0,1.0
0,1,646,-107.83495678175399,-24.045076254500106,50.00000000000001,0.0,0.0,1.0
0,1,647,-107.9426217958342,-23.55703708128374,50.00000000000001,0.0,0.0,1.0
0,1,648,-108.04807805531418,-23.068515876844167,50.00000000000001,0.0,0.0,1.0
0,1,649,-108.15132340231604,-22.579522637450182,50.00000000000001,0.0,0.0,1.0
0,1,650,-108.25235572420225,-22.090067369029374,50.00000000000001,0.0,0.0,1.0
0,1,651,-108.35117295361883,-21.600160086963644,50.00000000000001,0.0,0.0,1.0
0,1,652,-108.44777306853774,-21.109810815884085,50.00000000000001,0.0,0.0,1.0
0,1,653,-108.5421540922982,-20.619029589465907,50.00000000000001,0.0,0.0,1.0
0,1,654,-108.6343140936471,-20.127826450223118,50.00000000000001,0.0,0.0,1.0
0,1,655,-108.72425118677864,-19.636211449303037,50.00000000000001,0.0,0.0,1.0
0,1,656,-108.81196353137277,-19.144194646280617,50.00000000000001,0.0,0.0,1.0
0,1,657,-108.89744933263293,-18.651786108952656,50.00000000000001,0.0,0.0,1.0
0,1,658,-108.98070684132283,-18.158995913131598,50.00000000000001,0.0,0.0,1.0
0,1,659,-109.06173435380207,-17.66583414243964,50.00000000000001,0.0,0.0,1.0
0,1,660,-109.1405302120612,-17.172310888102206,50.00000000000001,0.0,0.0,1.0
0,1,661,-109.2170928037555,-16.678436248741516,50.00000000000001,0.0,0.0,1.0
0,1,662,-109.29142056223806,-16.184220330169925,50.00000000000001,0.0,0.0,1.0
0,1,663,-109.36351196659177,-15.689673245183151,50.0,0.0,0.0,1.0
0,1,664,-109.4333655416605,-15.19480511335335,50.0,0.0,0.0,1.0
0,1,665,-109.50097985807926,-14.699626060822068,50.0,0.0,0.0,1.0
0,1,666,-109.56635353230342,-14.204146220092866,50.0,0.0,0.0,1.0
0,1,667,-109.6294852266371,-13.708375729824272,50.0,0.0,0.0,1.0
0,1,668,-109.69037364926044,-13.21232473462212,50.0,0.0,0.0,1.0
0,1,669,-109.74901755425611,-12.716003384832028,50.0,0.0,0.0,1.0
0,1,670,-109.80541574163479,-12.21942183633168,50.0,0.0,0.0,1.0
0,1,671,-109.85956705735968,-11.722590250323035,50.0,0.0,0.0,1.0
0,1,672,-109.91147039337017,-11.22551879312439,50.0,0.0,0.0,1.0
0,1,673,-109.9611246876045,-10.72821763596236,50.0,0.0,0.0,1.0
0,1,674,-110.00852892402145,-10.2306969547638,50.0,0.0,0.0,1.0
0,1,675,-110.05368213262122,-9.732966929947384,50.0,0.0,0.0,1.0
0,1,676,-110.09658338946514,-9.235037746215587,50.0,0.0,0.0,1.0
0,1,677,-110.13723181669474,-8.736919592346084,50.0,0.0,0.0,1.0
0,1,678,-110.1756265825496,-8.238622660983314,50.0,0.0,0.0,1.0
0,1,679,-110.2117669013844,-7.740157148429915,50.0,0.0,0.0,1.0
0,1,680,-110.24565203368496,-7.241533254438087,50.0,0.0,0.0,1.0
0,1,681,-110.2772812860835,-6.742761182000873,50.0,0.0,0.0,1.0
0,1,682,-110.30665401137263,-6.243851137143443,50.0,0.0,0.0,1.0
0,1,683,-110.3337696085188,-5.744813328714053,50.0,0.0,0.0,1.0
0,1,684,-110.35862752267444,-5.245657968175438,50.0,0.0,0.0,1.0
0,1,685,-110.38122724518938,-4.746395269395677,50.0,0.0,0.0,1.0
0,1,686,-110.40156831362124,-4.247035448439233,50.0,0.0,0.0,1.0
0,1,687,-110.41965031174496,-3.747588723357911,50.0,0.0,0.0,1.0
0,1,688,-110.4354728695612,-3.2480653139817792,50.0,0.0,0.0,1.0
0,1,689,-110.44903566330399,-2.748475441710039,50.0,0.0,0.0,1.0
0,1,690,-110.46033841544734,-2.2488293293019277,50.0,0.0,0.0,1.0
0,1,691,-110.46938089471091,-1.7491372006673345,50.0,0.0,0.0,1.0
0,1,692,-110.47616291606477,-1.2494092806578971,50.0,0.0,0.0,1.0
0,1,693,-110.48068434073313,-0.7496557948575768,50.0,0.0,0.0,1.0
0,1,694,-110.48294507619724,-0.2498869693734697,50.0,0.0,0.0,1.0
0,1,695,-110.48294507619724,0.24988696937344285,50.0,0.0,0.0,1.0
0,1,696,-110.48068434073313,0.7496557948575501,50.0,0.0,0.0,1.0
0,1,697,-110.47616291606477,1.2494092806578705,50.0,0.0,0.0,1.0
0,1,698,-110.46938089471091,1.7491372006672588,50.0,0.0,0.0,1.0
0,1,699,-110.46033841544734,2.248829329301851,50.0,0.0,0.0,1.0
0,1,700,-110.44903566330399,2.748475441710012,50.0,0.0,0.0,1.0
0,1,701,-110.4354728695612,3.248065313981752,50.0,0.0,0.0,1.0
0,1,702,-110.41965031174496,3.747588723357884,50.0,0.0,0.0,1.0
0,1,703,-110.40156831362125,4.247035448439204,50.0,0.0,0.0,1.0
0,1,704,-110.38122724518938,4.746395269395649,50.0,0.0,0.0,1.0
0,1,705,-110.35862752267444,5.2456579681754105,50.0,0.0,0.0,1.0
0,1,706,-110.3337696085188,5.744813328714024,50.0,0.0,0.0,1.0
0,1,707,-110.30665401137264,6.243851137143366,50.0,0.0,0.0,1.0
0,1,708,-110.2772812860835,6.742761182000844,50.0,0.0,0.0,1.0
0,1,709,-110.24565203368496,7.241533254438058,50.0,0.0,0.0,1.0
0,1,710,-110.2117669013844,7.740157148429888,50.0,0.0,0.0,1.0
0,1,711,-110.17562658254961,8.238622660983287,50.0,0.0,0.0,1.0
0,1,712,-110.13723181669475,8.736919592346057,50.0,0.0,0.0,1.0
0,1,713,-110.09658338946515,9.23503774621556,50.0,0.0,0.0,1.0
0,1,714,-110.05368213262122,9.73296692994736,50.0,0.0,0.0,1.0
0,1,715,-110.00852892402146,10.230696954763724,50.0,0.0,0.0,1.0
0,1,716,-109.96112468760451,10.728217635962334,50.0,0.0,0.0,1.0
0,1,717,-109.91147039337018,11.225518793124364,50.0,0.0,0.0,1.0
0,1,718,-109.8595670573597,11.722590250323009,50.0,0.0,0.0,1.0
0,1,719,-109.8054157416348,12.219421836331655,50.0,0.0,0.0,1.0
0,1,720,-109.74901755425613,12.716003384832002,50.0,0.0,0.0,1.0
0,1,721,-109.69037364926045,13.212324734622095,50.0,0.0,0.0,1.0
0,1,722,-109.62948522663712,13.708375729824246,50.0,0.0,0.0,1.0
0,1,723,-109.56635353230344,14.20414622009279,50.0,0.0,0.0,1.0
0,1,724,-109.50097985807928,14.699626060821991,50.0,0.0,0.0,1.0
0,1,725,-109.43336554166052,15.194805113353322,50.0,0.0,0.0,1.0
0,1,726,-109.36351196659179,15.689673245183128,50.0,0.0,0.0,1.0
0,1,727,-109.29142056223807,16.184220330169897,49.99999999999999,0.0,0.0,1.0
0,1,728,-109.21709280375552,16.678436248741487,49.99999999999999,0.0,0.0,1.0
0,1,729,-109.14053021206121,17.17231088810218,49.99999999999999,0.0,0.0,1.0
0,1,730,-109.06173435380208,17.665834142439614,49.99999999999999,0.0,0.0,1.0
0,1,731,-108.98070684132284,18.158995913131523,49.99999999999999,0.0,0.0,1.0
0,1,732,-108.89744933263296,18.65178610895258,49.99999999999999,0.0,0.0,1.0
0,1,733,-108.81196353137278,19.14419464628059,49.99999999999999,0.0,0.0,1.0
0,1,734,-108.72425118677866,19.636211449303012,49.99999999999999,0.0,0.0,1.0
0,1,735,-108.63431409364712,20.127826450223093,49.99999999999999,0.0,0.0,1.0
0,1,736,-108.54215409229822,20.619029589465885,49.99999999999999,0.0,0.0,1.0
0,1,737,-108.44777306853776,21.109810815884064,49.99999999999999,0.0,0.0,1.0
0,1,738,-108.35117295361884,21.60016008696362,49.99999999999999,0.0,0.0,1.0
0,1,739,-108.25235572420226,22.090067369029352,49.99999999999999,0.0,0.0,1.0
0,1,740,-108.15132340231605,22.57952263745011,49.99999999999999,0.0,0.0,1.0
0,1,741,-108.04807805531419,23.068515876844142,49.99999999999999,0.0,0.0,1.0
0,1,742,-107.94262179583421,23.557037081283717,49.99999999999999,0.0,0.0,1.0
0,1,743,-107.83495678175402,24.04507625450008,49.99999999999999,0.0,0.0,1.0
0,1,744,-107.7250852161477,24.53262341008795,49.99999999999999,0.0,0.0,1.0
0,1,745,-107.6130093472405,25.01966857170985,49.99999999999999,0.0,0.0,1.0
0,1,746,-107.4987314683628,25.50620177330026,49.99999999999999,0.0,0.0,1.0
0,1,747,-107.38225391790311,25.992213059269538,49.99999999999999,0.0,0.0,1.0
0,1,748,-107.26357907926035,26.477692484707596,49.99999999999999,0.0,0.0,1.0
0,1,749,-107.14270938079497,26.96263011558758,49.99999999999999,0.0,0.0,1.0
0,1,750,-107.01964729577932,27.447016028968847,49.99999999999999,0.0,0.0,1.0
0,1,751,-106.89439534234705,27.93084031320022,49.99999999999999,0.0,0.0,1.0
0,1,752,-106.76695608344156,28.414093068122757,49.99999999999999,0.0,0.0,1.0
0,1,753,-106.6373321267635,28.8967644052723,49.99999999999999,0.0,0.0,1.0
0,1,754,-106.50552612471755,29.378844448081857,49.99999999999999,0.0,0.0,1.0
0,1,755,-106.37154077435797,29.860323332083667,49.99999999999999,0.0,0.0,1.0
0,1,756,-106.2353788173336,30.341191205111016,49.99999999999999,0.0,0.0,1.0
0,1,757,-106.0970430398316,30.821438227500035,49.99999999999999,0.0,0.0,1.0
0,1,758,-105.95653627252052,31.301054572290735,49.99999999999999,0.0,0.0,1.0
0,1,759,-105.81386139049236,31.7800304254283,49.99999999999999,0.0,0.0,1.0
0,1,760,-105.66902131320377,32.25835598596384,49.99999999999999,0.0,0.0,1.0
0,1,761,-105.52201900441621,32.73602146625494,49.99999999999999,0.0,0.0,1.0
0,1,762,-105.37285747213545,33.21301709216597,49.99999999999999,0.0,0.0,1.0
0,1,763,-105.22153976854989,33.689333103268055,49.99999999999999,0.0,0.0,1.0
0,1,764,-105.06806898996822,34.164959753038744,49.99999999999999,0.0,0.0,1.0
0,1,765,-104.91244827675594,34.63988730906166,49.99999999999999,0.0,0.0,1.0
0,1,766,-104.75468081327116,35.11410605322535,49.99999999999999,0.0,0.0,1.0
0,1,767,-104.59476982779952,35.58760628192233,49.99999999999999,0.0,0.0,1.0
0,1,768,-104.432718592488,36.06037830624759,49.99999999999999,0.0,0.0,1.0
0,1,769,-104.268530423278,36.53241245219688,49.99999999999999,0.0,0.0,1.0
0,1,770,-104.10220867983756,37.00369906086461,49.99999999999999,0.0,0.0,1.0
0,1,771,-103.93375676549253,37.474228488641565,49.99999999999999,0.0,0.0,1.0
0,1,772,-103.76317812715698,37.94399110741214,49.99999999999999,0.0,0.0,1.0
0,1,773,-103.59047625526264,38.4129773047514,49.99999999999999,0.0,0.0,1.0
0,1,774,-103.41565468368748,38.88117748412193,49.99999999999999,0.0,0.0,1.0
0,1,775,-103.2387169896834,39.34858206506987,49.99999999999999,0.0,0.0,1.0
0,1,776,-103.05966679380306,39.81518148342121,49.99999999999999,0.0,0.0,1.0
0,1,777,-102.87850775982578,40.28096619147744,49.99999999999999,0.0,0.0,1.0
0,1,778,-102.69524359468252,40.74592665821085,49.99999999999999,0.0,0.0,1.0
0,1,779,-102.50987804838014,41.210053369459644,49.99999999999999,0.0,0.0,1.0
0,1,780,-102.32241491392452,41.673336828122565,49.99999999999999,0.0,0.0,1.0
0,1,781,-102.13285802724312,42.13576755435321,49.99999999999999,0.0,0.0,1.0
0,1,782,-101.94121126710623,42.59733608575417,49.99999999999999,0.0,0.0,1.0
0,1,783,-101.74747855504795,43.058032977570406,49.99999999999999,0.0,0.0,1.0
0,1,784,-101.55166385528561,43.517848802882675,49.99999999999999,0.0,0.0,1.0
0,1,785,-101.35377117463894,43.97677415280035,49.99999999999999,0.0,0.0,1.0
0,1,786,-101.15380456244782,44.434799636654056,49.99999999999999,0.0,0.0,1.0
0,1,787,-100.95176811048961,44.89191588218766,49.99999999999999,0.0,0.0,1.0
0,1,788,-100.74766595289536,45.3481135357502,49.99999999999999,0.0,0.0,1.0
0,1,789,-100.5415022660652,45.803383262487166,49.99999999999999,0.0,0.0,1.0
0,1,790,-100.33328126858284,46.25771574653167,49.99999999999999,0.0,0.0,1.0
0,1,791,-100.12300722112941,46.71110169119489,49.99999999999999,0.0,0.0,1.0
0,1,792,-99.91068442639609,47.16353181915636,49.99999999999999,0.0,0.0,1.0
0,1,793,-99.69631722899618,47.61499687265388,49.99999999999999,0.0,0.0,1.0
0,1,794,-99.47991001537619,48.06548761367286,49.999999999999986,0.0,0.0,1.0
0,1,795,-99.26146721372596,48.51499482413539,49.999999999999986,0.0,0.0,1.0
0,1,796,-99.0409932938883,48.96350930608889,49.999999999999986,0.0,0.0,1.0
0,1,797,-98.81849276726727,49.411021881894214,49.999999999999986,0.0,0.0,1.0
0,1,798,-98.59397018673594,49.85752339441367,49.999999999999986,0.0,0.0,1.0
0,1,799,-98.36743014654336,50.303004707198106,49.999999999999986,0.0,0.0,1.0
0,1,800,-98.13887728222038,50.747456704674065,49.999999999999986,0.0,0.0,1.0
0,1,801,-97.90831627048493,51.19087029233024,49.999999999999986,0.0,0.0,1.0
0,1,802,-97.67575182914617,51.633236396903584,49.999999999999986,0.0,0.0,1.0
0,1,803,-97.44118871700813,52.074545966564976,49.999999999999986,0.0,0.0,1.0
0,1,804,-97.2046317337722,52.514789971104406,49.999999999999986,0.0,0.0,1.0
0,1,805,-96.96608571993896,52.953959402115814,49.999999999999986,0.0,0.0,1.0
0,1,806,-96.72555555670921,53.3920452731813,49.999999999999986,0.0,0.0,1.0
0,1,807,-96.48304616588386,53.829038620055286,49.999999999999986,0.0,0.0,1.0
0,1,808,-96.23856250976354,54.26493050084758,49.999999999999986,0.0,0.0,1.0
0,1,809,-95.99210959104678,54.69971199620657,49.999999999999986,0.0,0.0,1.0
0,1,810,-95.74369245272784,55.133374209501696,49.999999999999986,0.0,0.0,1.0
0,1,811,-95.49331617799338,55.5659082670055,49.999999999999986,0.0,0.0,1.0
0,1,812,-95.24098589011852,55.99730531807515,49.999999999999986,0.0,0.0,1.0
0,1,813,-94.98670675236198,56.427556535333615,49.999999999999986,0.0,0.0,1.0
0,1,814,-94.7304839678605,56.85665311485023,49.999999999999986,0.0,0.0,1.0
0,1,815,-94.47232277952216,57.284586276320965,49.999999999999986,0.0,0.0,1.0
0,1,816,-94.21222846991938,57.71134726324791,49.999999999999986,0.0,0.0,1.0
0,1,817,-93.95020636118066,58.13692734311858,49.999999999999986,0.0,0.0,1.0
0,1,818,-93.6862618148817,58.56131780758454,49.999999999999986,0.0,0.0,1.0
0,1,819,-93.4204002319357,58.984509972639664,49.999999999999986,0.0,0.0,1.0
0,1,820,-93.15262705248283,59.406495178797776,49.999999999999986,0.0,0.0,1.0
0,1,821,-92.88294775577894,59.82726479126986,49.999999999999986,0.0,0.0,1.0
0,1,822,-92.61136786008348,60.24681020014069,49.999999999999986,0.0,0.0,1.0
0,1,823,-92.3378929225464,60.66512282054521,49.999999999999986,0.0,0.0,1.0
0,1,824,-92.06252853909469,61.08219409284391,49.999999999999986,0.0,0.0,1.0
0,1,825,-91.7852803443177,61.49801548279818,49.999999999999986,0.0,0.0,1.0
0,1,826,-91.50615401135192,61.912578481744895,49.999999999999986,0.0,0.0,1.0
0,1,827,-91.22515525176489,62.32587460677045,49.999999999999986,0.0,0.0,1.0
0,1,828,-90.94228981543823,62.73789540088446,49.999999999999986,0.0,0.0,1.0
0,1,829,-90.65756349045014,63.14863243319271,49.999999999999986,0.0,0.0,1.0
0,1,830,-90.37098210295694,63.55807729906969,49.999999999999986,0.0,0.0,1.0
0,1,831,-90.0825515170736,63.96622162033067,49.999999999999986,0.0,0.0,1.0
0,1,832,-89.79227763475414,64.37305704540302,49.999999999999986,0.0,0.0,1.0
0,1,833,-89.50016639567059,64.77857524949708,49.999999999999986,0.0,0.0,1.0
0,1,834,-89.20622377709155,65.18276793477663,49.999999999999986,0.0,0.0,1.0
0,1,835,-88.91045579375985,65.58562683052861,49.999999999999986,0.0,0.0,1.0
0,1,836,-88.6128684977695,65.98714369333234,49.999999999999986,0.0,0.0,1.0
0,1,837,-88.3134679784418,66.38731030722825,49.999999999999986,0.0,0.0,1.0
0,1,838,-88.01226036220082,66.78611848388594,49.999999999999986,0.0,0.0,1.0
0,1,839,-87.70925181244803,67.18356006277178,49.999999999999986,0.0,0.0,1.0
0,1,840,-87.404448529436,67.57962691131591,49.999999999999986,0.0,0.0,1.0
0,1,841,-87.0978567501418,67.9743109250786,49.999999999999986,0.0,0.0,1.0
0,1,842,-86.78948274813922,68.36760402791606,49.999999999999986,0.0,0.0,1.0
0,1,843,-86.47933283347045,68.75949817214578,49.999999999999986,0.0,0.0,1.0
0,1,844,-86.1674133525169,69.14998533871119,49.999999999999986,0.0,0.0,1.0
0,1,845,-85.85373068786942,69.53905753734564,49.999999999999986,0.0,0.0,1.0
0,1,846,-85.53829125819763,69.92670680673609,49.999999999999986,0.0,0.0,1.0
0,1,847,-85.22110151811866,70.31292521468576,49.999999999999986,0.0,0.0,1.0
0,1,848,-84.90216795806491,70.69770485827681,49.999999999999986,0.0,0.0,1.0
0,1,849,-84.58149710415147,71.08103786403161,49.999999999999986,0.0,0.0,1.0
0,1,850,-84.25909551804239,71.46291638807422,49.999999999999986,0.0,0.0,1.0
0,1,851,-83.93496979681655,71.84333261629067,49.999999999999986,0.0,0.0,1.0
0,1,852,-83.60912657283252,72.22227876448893,49.999999999999986,0.0,0.0,1.0
0,1,853,-83.28157251359302,72.59974707855825,49.999999999999986,0.0,0.0,1.0
0,1,854,-82.95231432160834,72.9757298346277,49.999999999999986,0.0,0.0,1.0
0,1,855,-82.6213587342593,73.3502193392243,49.999999999999986,0.0,0.0,1.0
0,1,856,-82.28871252365924,73.72320792943052,49.999999999999986,0.0,0.0,1.0
0,1,857,-81.95438249651563,74.09468797304089,49.999999999999986,0.0,0.0,1.0
0,1,858,-81.61837549399071,74.46465186871832,49.999999999999986,0.0,0.0,1.0
0,1,859,-81.28069839156146,74.83309204614959,49.999999999999986,0.0,0.0,1.0
0,1,860,-80.94135809887896,75.20000096620028,49.999999999999986,0.0,0.0,1.0
0,1,861,-80.60036155962699,75.56537112106898,49.999999999999986,0.0,0.0,1.0
0,1,862,-80.25771575137995,75.929195034441,49.999999999999986,0.0,0.0,1.0
0,1,863,-79.91342768546012,76.29146526164128,49.999999999999986,0.0,0.0,1.0
0,1,864,-79.56750440679404,76.65217438978681,49.999999999999986,0.0,0.0,1.0
0,1,865,-79.21995299376862,77.01131503793823,49.999999999999986,0.0,0.0,1.0
0,1,866,-78.87078055808601,77.36887985725089,49.999999999999986,0.0,0.0,1.0
0,1,867,-78.51999424461833,77.72486153112519,49.999999999999986,0.0,0.0,1.0
0,1,868,-78.16760123126127,78.07925277535641,49.999999999999986,0.0,0.0,1.0
0,1,869,-77.81360872878737,78.4320463382836,49.999999999999986,0.0,0.0,1.0
0,1,870,-77.45802398069834,78.78323500093812,49.999999999999986,0.0,0.0,1.0
0,1,871,-77.10085426307694,79.13281157719122,49.999999999999986,0.0,0.0,1.0
0,1,872,-76.74210688443807,79.4807689139012,49.999999999999986,0.0,0.0,1.0
0,1,873,-76.38178918557912,79.82709989105973,49.999999999999986,0.0,0.0,1.0
0,1,874,-76.01990853942993,80.17179742193753,49.99999999999998,0.0,0.0,1.0
0,1,875,-75.65647235090182,80.51485445322936,49.99999999999998,0.0,0.0,1.0
0,1,876,-75.2914880567361,80.85626396519842,49.99999999999998,0.0,0.0,1.0
0,1,877,-74.92496312535187,81.19601897181994,49.99999999999998,0.0,0.0,1.0
0,1,878,-74.55690505669321,81.53411252092413,49.99999999999998,0.0,0.0,1.0
0,1,879,-74.18732138207574,81.87053769433842,49.99999999999998,0.0,0.0,1.0
0,1,880,-73.8162196640325,82.2052876080291,49.99999999999998,0.0,0.0,1.0
0,1,881,-73.44360749615912,82.53835541224214,49.99999999999998,0.0,0.0,1.0
0,1,882,-73.06949250295858,82.8697342916433,49.99999999999998,0.0,0.0,1.0
0,1,883,-72.69388233968513,83.19941746545763,49.99999999999998,0.0,0.0,1.0
0,1,884,-72.3167846921876,83.52739818760824,49.99999999999998,0.0,0.0,1.0
0,1,885,-71.93820727675224,83.85366974685432,49.99999999999998,0.0,0.0,1.0
0,1,886,-71.5581578399447,84.17822546692845,49.99999999999998,0.0,0.0,1.0
0,1,887,-71.17664415845152,84.50105870667332,49.99999999999998,0.0,0.0,1.0
0,1,888,-70.79367403892125,84.82216286017734,49.99999999999998,0.0,0.0,1.0
0,1,889,-70.40925531780427,85.14153135691025,49.99999999999998,0.0,0.0,1.0
0,1,890,-70.02339586119297,85.45915766185708,49.99999999999998,0.0,0.0,1.0
0,1,891,-69.63610356466016,85.77503527565236,49.99999999999998,0.0,0.0,1.0
0,1,892,-69.24738635309821,86.08915773471261,49.99999999999998,0.0,0.0,1.0
0,1,893,-68.8572521805563,86.40151861136907,49.99999999999998,0.0,0.0,1.0
0,1,894,-68.46570903007787,86.71211151399899,49.99999999999998,0.0,0.0,1.0
0,1,895,-68.07276491353754,87.02093008715624,49.99999999999998,0.0,0.0,1.0
0,1,896,-67.67842787147659,87.32796801170186,49.99999999999998,0.0,0.0,1.0
0,1,897,-67.28270597293911,87.63321900493274,49.99999999999998,0.0,0.0,1.0
0,1,898,-66.8856073153062,87.93667682071082,49.99999999999998,0.0,0.0,1.0
0,1,899,-66.48714002413095,88.23833524959026,49.99999999999998,0.0,0.0,1.0
0,1,900,-66.08731225297154,88.53818811894514,49.99999999999998,0.0,0.0,1.0
0,1,901,-65.686132183225,88.83622929309513,49.99999999999998,0.0,0.0,1.0
0,1,902,-65.28360802395926,89.1324526734316,49.99999999999998,0.0,0.0,1.0
0,1,903,-64.87974801174543,89.42685219854211,49.99999999999998,0.0,0.0,1.0
0,1,904,-64.47456041048949,89.71942184433438,49.99999999999998,0.0,0.0,1.0
0,1,905,-64.06805351126262,90.01015562415984,49.99999999999998,0.0,0.0,1.0
0,1,906,-63.66023563213217,90.29904758893578,49.99999999999998,0.0,0.0,1.0
0,1,907,-63.25111511799092,90.58609182726752,49.99999999999998,0.0,0.0,1.0
0,1,908,-62.840700340386775,90.87128246556881,49.99999999999998,0.0,0.0,1.0
0,1,909,-62.428999697351095,91.15461366818258,49.99999999999998,0.0,0.0,1.0
0,1,910,-62.01602161322697,91.43607963750003,49.99999999999998,0.0,0.0,1.0
0,1,911,-61.601774538497104,91.71567461407919,49.99999999999998,0.0,0.0,1.0
0,1,912,-61.18626694961039,91.99339287676317,49.99999999999998,0.0,0.0,1.0
0,1,913,-60.769507348809015,92.26922874279663,49.99999999999998,0.0,0.0,1.0
0,1,914,-60.35150426395394,92.54317656794277,49.99999999999998,0.0,0.0,1.0
0,1,915,-59.93226624835098,92.81523074659812,49.99999999999998,0.0,0.0,1.0
0,1,916,-59.51180188057513,93.08538571190785,49.99999999999998,0.0,0.0,1.0
0,1,917,-59.09011976429571,93.35363593587918,49.99999999999998,0.0,0.0,1.0
0,1,918,-58.667228528099756,93.61997592949487,49.99999999999998,0.0,0.0,1.0
0,1,919,-58.24313682531566,93.88440024282544,49.99999999999998,0.0,0.0,1.0
0,1,920,-57.81785333383638,94.1469034651404,49.99999999999998,0.0,0.0,1.0
0,1,921,-57.39138675594127,94.4074802250195,49.99999999999998,0.0,0.0,1.0
0,1,922,-56.96374581811872,94.6661251904621,49.99999999999998,0.0,0.0,1.0
0,1,923,-56.53493927088686,94.9228330689967,49.99999999999998,0.0,0.0,1.0
0,1,924,-56.10497588861522,95.17759860778892,49.99999999999998,0.0,0.0,1.0
0,1,925,-55.67386446934459,95.43041659374923,49.99999999999998,0.0,0.0,1.0
0,1,926,-55.24161383460727,95.68128185363952,49.99999999999998,0.0,0.0,1.0
0,1,927,-54.80823282924671,95.93018925417881,49.99999999999998,0.0,0.0,1.0
0,1,928,-54.37373032123607,96.17713370214862,49.99999999999998,0.0,0.0,1.0
0,1,929,-53.93811520149736,96.42211014449683,49.99999999999998,0.0,0.0,1.0
0,1,930,-53.50139638371885,96.6651135684414,49.99999999999998,0.0,0.0,1.0
0,1,931,-53.063582804173336,96.90613900157264,49.99999999999998,0.0,0.0,1.0
0,1,932,-52.62468342153464,97.14518151195527,49.99999999999998,0.0,0.0,1.0
0,1,933,-52.18470721669496,97.38223620822897,49.99999999999998,0.0,0.0,1.0
0,1,934,-51.74366319258048,97.61729823970889,49.99999999999998,0.0,0.0,1.0
0,1,935,-51.30156037396744,97.85036279648457,49.99999999999998,0.0,0.0,1.0
0,1,936,-50.85840780729769,98.08142510951848,49.99999999999998,0.0,0.0,1.0
0,1,937,-50.41421456049303,98.31048045074365,49.99999999999998,0.0,0.0,1.0
0,1,938,-49.9689897227703,98.53752413316033,49.99999999999998,0.0,0.0,1.0
0,1,939,-49.52274240445472,98.76255151093203,49.99999999999998,0.0,0.0,1.0
0,1,940,-49.07548173679417,98.98555797948032,49.99999999999998,0.0,0.0,1.0
0,1,941,-48.627216871771616,99.20653897557948,49.99999999999998,0.0,0.0,1.0
0,1,942,-48.17795698191861,99.42548997744935,49.99999999999998,0.0,0.0,1.0
0,1,943,-47.72771126012691,99.6424065048483,49.99999999999998,0.0,0.0,1.0
0,1,944,-47.27648891946067,99.85728411916475,49.99999999999998,0.0,0.0,1.0
0,1,945,-46.824299192968176,100.07011842350782,49.99999999999998,0.0,0.0,1.0
0,1,946,-46.371151333492314,100.28090506279764,49.99999999999998,0.0,0.0,1.0
0,1,947,-45.91705461348192,100.48963972385411,49.99999999999998,0.0,0.0,1.0
0,1,948,-45.46201832480136,100.69631813548548,49.99999999999998,0.0,0.0,1.0
0,1,949,-45.006051778541085,100.90093606857549,49.99999999999998,0.0,0.0,1.0
0,1,950,-44.54916430482647,101.10348933617006,49.99999999999998,0.0,0.0,1.0
0,1,951,-44.09136525262724,101.30397379356297,49.99999999999998,0.0,0.0,1.0
0,1,952,-43.632663989566325,101.5023853383805,49.99999999999998,0.0,0.0,1.0
0,1,953,-43.173069901727644,101.69871991066563,49.99999999999998,0.0,0.0,1.0
0,1,954,-42.71259239346472,101.89297349296085,49.99999999999998,0.0,0.0,1.0
0,1,955,-42.25124088720752,102.08514211039059,49.99999999999998,0.0,0.0,1.0
0,1,956,-41.789024823270395,102.27522183074242,49.99999999999998,0.0,0.0,1.0
0,1,957,-41.325953659658175,102.4632087645476,49.99999999999998,0.0,0.0,1.0
0,1,958,-40.86203687187335,102.64909906516054,49.99999999999998,0.0,0.0,1.0
0,1,959,-40.39728395272158,102.83288892883766,49.99999999999998,0.0,0.0,1.0
0,1,960,-39.931704412117654,103.01457459481519,49.99999999999998,0.0,0.0,1.0
0,1,961,-39.465307776891265,103.19415234538596,49.99999999999998,0.0,0.0,1.0
0,1,962,-38.99810359059135,103.37161850597575,49.99999999999998,0.0,0.0,1.0
0,1,963,-38.530101413291554,103.54696944521818,49.99999999999998,0.0,0.0,1.0
0,1,964,-38.061310821393924,103.72020157502935,49.99999999999998,0.0,0.0,1.0
0,1,965,-37.59174140743362,103.89131135068092,49.99999999999998,0.0,0.0,1.0
0,1,966,-37.121402779881926,104.0602952708729,49.99999999999998,0.0,0.0,1.0
0,1,967,-36.65030456295042,104.22714987780513,49.99999999999998,0.0,0.0,1.0
0,1,968,-36.17845639639331,104.39187175724817,49.99999999999998,0.0,0.0,1.0
0,1,969,-35.70586793531051,104.55445753861308,49.99999999999998,0.0,0.0,1.0
0,1,970,-35.232548849950334,104.71490389502033,49.99999999999998,0.0,0.0,1.0
0,1,971,-34.758508825510994,104.87320754336807,49.99999999999998,0.0,0.0,1.0
0,1,972,-34.283757561943155,105.02936524439909,49.99999999999998,0.0,0.0,1.0
0,1,973,-33.80830477375067,105.18337380276728,49.99999999999998,0.0,0.0,1.0
0,1,974,-33.33216018979261,105.33523006710283,49.99999999999998,0.0,0.0,1.0
0,1,975,-32.85533355308346,105.48493093007696,49.99999999999998,0.0,0.0,1.0
0,1,976,-32.377834620594115,105.63247332846532,49.99999999999998,0.0,0.0,1.0
0,1,977,-31.899673163052448,105.77785424321063,49.99999999999998,0.0,0.0,1.0
0,1,978,-31.420858964742745,105.92107069948464,49.99999999999998,0.0,0.0,1.0
0,1,979,-30.941401823306265,106.06211976674886,49.99999999999998,0.0,0.0,1.0
0,1,980,-30.46131154953995,106.20099855881462,49.99999999999998,0.0,0.0,1.0
0,1,981,-29.98059796719651,106.33770423390197,49.99999999999998,0.0,0.0,1.0
0,1,982,-29.499270912782574,106.47223399469807,49.99999999999998,0.0,0.0,1.0
0,1,983,-29.01734023535822,106.6045850884142,49.99999999999998,0.0,0.0,1.0
0,1,984,-28.534815796334737,106.7347548068422,49.99999999999998,0.0,0.0,1.0
0,1,985,-28.051707469273165,106.86274048640998,49.99999999999998,0.0,0.0,1.0
0,1,986,-27.568025139682515,106.98853950823572,49.99999999999998,0.0,0.0,1.0
0,1,987,-27.083778704816822,107.11214929818182,49.99999999999998,0.0,0.0,1.0
0,1,988,-26.59897807347341,107.2335673269073,49.99999999999998,0.0,0.0,1.0
0,1,989,-26.11363316578935,107.35279110991976,49.99999999999998,0.0,0.0,1.0
0,1,990,-25.62775391303924,107.469818207626,49.99999999999998,0.0,0.0,1.0
0,1,991,-25.141350257431323,107.58464622538217,49.99999999999998,0.0,0.0,1.0
0,1,992,-24.654432151904338,107.69727281354261,49.99999999999998,0.0,0.0,1.0
0,1,993,-24.167009559924136,107.80769566750797,49.99999999999998,0.0,0.0,1.0
0,1,994,-23.679092455279132,107.9159125277724,49.99999999999998,0.0,0.0,1.0
0,1,995,-23.19069082187701,108.02192117996971,49.99999999999998,0.0,0.0,1.0
0,1,996,-22.70181465353963,108.12571945491884,49.99999999999998,0.0,0.0,1.0
0,1,997,-22.212473953799318,108.227305228668,49.99999999999998,0.0,0.0,1.0
0,1,998,-21.722678735693396,108.3266764225384,49.99999999999998,0.0,0.0,1.0
0,1,999,-21.232439021560072,108.42383100316653,49.99999999999998,0.0,0.0,1.0
0,1,1000,-20.741764842832666,108.51876698254598,49.99999999999998,0.0,0.0,1.0
0,1,1001,-20.250666239834644,108.61148241806804,49.99999999999998,0.0,0.0,1.0
0,1,1002,-19.75915326157447,108.70197541256135,49.99999999999998,0.0,0.0,1.0
0,1,1003,-19.267235965539285,108.7902441143309,49.99999999999998,0.0,0.0,1.0
0,1,1004,-18.77492441748989,108.87628671719578,49.99999999999998,0.0,0.0,1.0
0,1,1005,-18.282228691254005,108.96010146052623,49.99999999999998,0.0,0.0,1.0
0,1,1006,-17.789158868520914,109.04168662927955,49.99999999999998,0.0,0.0,1.0
0,1,1007,-17.295725038634377,109.12104055403539,49.99999999999998,0.0,0.0,1.0
0,1,1008,-16.80193729838697,109.19816161102968,49.99999999999998,0.0,0.0,1.0
0,1,1009,-16.307805751812804,109.273048222188,49.99999999999998,0.0,0.0,1.0
0,1,1010,-15.813340509981058,109.34569885515786,49.99999999999998,0.0,0.0,1.0
0,1,1011,-15.31855169078937,109.41611202334003,49.99999999999998,0.0,0.0,1.0
0,1,1012,-14.823449418756134,109.48428628591896,49.99999999999998,0.0,0.0,1.0
0,1,1013,-14.328043824814097,109.55022024789218,49.99999999999998,0.0,0.0,1.0
0,1,1014,-13.832345046102278,109.6139125600991,49.99999999999998,0.0,0.0,1.0
0,1,1015,-13.336363225759325,109.67536191924829,49.99999999999998,0.0,0.0,1.0
0,1,1016,-12.840108512715277,109.73456706794435,49.99999999999998,0.0,0.0,1.0
0,1,1017,-12.343591061484188,109.79152679471366,49.99999999999998,0.0,0.0,1.0
0,1,1018,-11.846821031956628,109.84623993402901,49.99999999999998,0.0,0.0,1.0
0,1,1019,-11.349808589191113,109.89870536633362,49.99999999999998,0.0,0.0,1.0
0,1,1020,-10.852563903206885,109.94892201806388,49.99999999999998,0.0,0.0,1.0
0,1,1021,-10.35509714877502,109.9968888616715,49.99999999999998,0.0,0.0,1.0
0,1,1022,-9.857418505211022,110.0426049156444,49.99999999999998,0.0,0.0,1.0
0,1,1023,-9.359538156165742,110.08606924452684,49.99999999999998,0.0,0.0,1.0
0,1,1024,-8.861466289417779,110.12728095893857,49.99999999999998,0.0,0.0,1.0
0,1,1025,-8.363213096664335,110.16623921559301,49.99999999999998,0.0,0.0,1.0
0,1,1026,-7.8647887733129584,110.20294321731454,49.99999999999998,0.0,0.0,1.0
0,1,1027,-7.366203518273217,110.23739221305473,49.99999999999998,0.0,0.0,1.0
0,1,1028,-6.867467533747317,110.26958549790784,49.99999999999998,0.0,0.0,1.0
0,1,1029,-6.368591025022133,110.29952241312512,49.99999999999998,0.0,0.0,1.0
0,1,1030,-5.869584200259596,110.32720234612833,49.99999999999998,0.0,0.0,1.0
0,1,1031,-5.370457270288594,110.35262473052232,49.99999999999998,0.0,0.0,1.0
0,1,1032,-4.871220448395252,110.37578904610656,49.99999999999998,0.0,0.0,1.0
0,1,1033,-4.371883950114727,110.39669481888582,49.99999999999998,0.0,0.0,1.0
0,1,1034,-3.872457993021496,110.41534162107983,49.99999999999998,0.0,0.0,1.0
0,1,1035,-3.372952796520562,110.43172907113211,49.99999999999998,0.0,0.0,1.0
0,1,1036,-2.8733785816386495,110.44585683371767,49.99999999999998,0.0,0.0,1.0
0,1,1037,-2.3737455708143615,110.45772461974997,49.99999999999998,0.0,0.0,1.0
0,1,1038,-1.8740639876897949,110.46733218638678,49.99999999999998,0.0,0.0,1.0
0,1,1039,-1.3743440569005558,110.47467933703516,49.99999999999998,0.0,0.0,1.0
0,1,1040,-0.8745960038673241,110.47976592135548,49.99999999999998,0.0,0.0,1.0
0,1,1041,-0.37483005458593066,110.48259183526453,49.99999999999998,0.0,0.0,1.0
0,1,1042,0.12494356458159472,110.4831570209376,49.99999999999998,0.0,0.0,1.0
0,1,1043,0.6247146271159845,110.48146146680966,49.99999999999998,0.0,0.0,1.0
0,1,1044,1.1244729065506782,110.47750520757569,49.99999999999998,0.0,0.0,1.0
0,1,1045,1.6242081766802945,110.47128832418986,49.99999999999998,0.0,0.0,1.0
0,1,1046,2.123910211770667,110.4628109438639,49.99999999999998,0.0,0.0,1.0
0,1,1047,2.6235687867673056,110.45207324006454,49.99999999999998,0.0,0.0,1.0
0,1,1048,3.123173677505402,110.43907543250994,49.99999999999998,0.0,0.0,1.0
0,1,1049,3.6227146609182603,110.42381778716513,49.99999999999998,0.0,0.0,1.0
0,1,1050,4.122181515247172,110.40630061623673,49.99999999999998,0.0,0.0,1.0
0,1,1051,4.621564020250279,110.38652427816635,49.99999999999998,0.0,0.0,1.0
0,1,1052,5.120851957411409,110.36448917762343,49.99999999999998,0.0,0.0,1.0
0,1,1053,5.6200351101498605,110.34019576549683,49.99999999999998,0.0,0.0,1.0
0,1,1054,6.119103264028666,110.31364453888574,49.99999999999998,0.0,0.0,1.0
0,1,1055,6.618046206964398,110.28483604108936,49.99999999999998,0.0,0.0,1.0
0,1,1056,7.116853729435335,110.25377086159594,49.99999999999998,0.0,0.0,1.0
0,1,1057,7.615515624691167,110.22044963607055,49.99999999999998,0.0,0.0,1.0
0,1,1058,8.114021688961056,110.18487304634222,49.99999999999998,0.0,0.0,1.0
0,1,1059,8.612361721663122,110.14704182038986,49.99999999999998,0.0,0.0,1.0
0,1,1060,9.110525525612871,110.10695673232749,49.99999999999998,0.0,0.0,1.0
0,1,1061,9.608502907231562,110.06461860238832,49.99999999999998,0.0,0.0,1.0
0,1,1062,10.106283676755476,110.02002829690795,49.99999999999998,0.0,0.0,1.0
0,1,1063,10.60385764844364,109.97318672830676,49.99999999999998,0.0,0.0,1.0
0,1,1064,11.101214640787028,109.92409485507105,49.99999999999998,0.0,0.0,1.0
0,1,1065,11.598344476716123,109.87275368173363,49.99999999999998,0.0,0.0,1.0
0,1,1066,12.095236983809846,109.81916425885312,49.99999999999998,0.0,0.0,1.0
0,1,1067,12.591881994503412,109.76332768299248,49.99999999999998,0.0,0.0,1.0
0,1,1068,13.088269346296086,109.70524509669666,49.99999999999998,0.0,0.0,1.0
0,1,1069,13.58438888195982,109.64491768846912,49.99999999999998,0.0,0.0,1.0
0,1,1070,14.08023044974631,109.58234669274755,49.99999999999998,0.0,0.0,1.0
0,1,1071,14.575783903595504,109.51753338987858,49.99999999999998,0.0,0.0,1.0
0,1,1072,15.07103910334244,109.45047910609165,49.99999999999998,0.0,0.0,1.0
0,1,1073,15.565985914925506,109.3811852134718,49.99999999999998,0.0,0.0,1.0
0,1,1074,16.060614210593027,109.30965312993166,49.99999999999998,0.0,0.0,1.0
0,1,1075,16.554913869111207,109.23588431918236,49.99999999999998,0.0,0.0,1.0
0,1,1076,17.0488747759709,109.15988029070361,49.99999999999998,0.0,0.0,1.0
0,1,1077,17.54248682359433,109.0816425997129,49.99999999999998,0.0,0.0,1.0
0,1,1078,18.03573991154256,109.0011728471335,49.99999999999998,0.0,0.0,1.0
0,1,1079,18.5286239467214,108.91847267956186,49.99999999999998,0.0,0.0,1.0
0,1,1080,19.02112884358873,108.83354378923383,49.99999999999998,0.0,0.0,1.0
0,1,1081,19.513244524360086,108.7463879139901,49.99999999999998,0.0,0.0,1.0
0,1,1082,20.00496091921554,108.65700683724056,49.99999999999998,0.0,0.0,1.0
0,1,1083,20.496267966505485,108.56540238792782,49.99999999999998,0.0,0.0,1.0
0,1,1084,20.987155612956204,108.4715764404899,49.99999999999998,0.0,0.0,1.0
0,1,1085,21.477613813876292,108.3755309148217,49.99999999999998,0.0,0.0,1.0
0,1,1086,21.967632533361392,108.27726777623586,49.99999999999998,0.0,0.0,1.0
0,1,1087,22.45720174450033,108.17678903542244,49.99999999999998,0.0,0.0,1.0
0,1,1088,22.94631142957953,108.0740967484079,49.99999999999998,0.0,0.0,1.0
0,1,1089,23.43495158028876,107.96919301651283,49.99999999999998,0.0,0.0,1.0
0,1,1090,23.923112197925164,107.86207998630921,49.99999999999998,0.0,0.0,1.0
0,1,1091,24.410783293598513,107.75275984957625,49.99999999999998,0.0,0.0,1.0
0,1,1092,24.897954888435326,107.64123484325569,49.99999999999998,0.0,0.0,1.0
0,1,1093,25.384617013782783,107.52750724940596,49.99999999999998,0.0,0.0,1.0
0,1,1094,25.870759711413363,107.4115793951555,49.99999999999998,0.0,0.0,1.0
0,1,1095,26.35637303372784,107.29345365265519,49.99999999999998,0.0,0.0,1.0
0,1,1096,26.841447043959615,107.17313243902967,49.99999999999998,0.0,0.0,1.0
0,1,1097,27.325971816377272,107.05061821632809,49.99999999999998,0.0,0.0,1.0
0,1,1098,27.80993743648845,106.92591349147352,49.99999999999998,0.0,0.0,1.0
0,1,1099,28.29333400124195,106.79902081621184,49.99999999999998,0.0,0.0,1.0
0,1,1100,28.776151619231037,106.66994278705933,49.99999999999998,0.0,0.0,1.0
0,1,1101,29.258380410895562,106.53868204524967,49.99999999999998,0.0,0.0,1.0
0,1,1102,29.740010508723845,106.40524127667996,49.99999999999998,0.0,0.0,1.0
0,1,1103,30.221032057455222,106.26962321185553,49.99999999999998,0.0,0.0,1.0
0,1,1104,30.701435214280973,106.13183062583435,49.99999999999998,0.0,0.0,1.0
0,1,1105,31.181210149046482,105.99186633816994,49.99999999999998,0.0,0.0,1.0
0,1,1106,31.66034704445162,105.84973321285399,49.99999999999998,0.0,0.0,1.0
0,1,1107,32.1388360962523,105.7054341582575,49.99999999999998,0.0,0.0,1.0
0,1,1108,32.616667513460804,105.55897212707139,49.99999999999998,0.0,0.0,1.0
0,1,1109,33.09383151854585,105.41035011624611,49.99999999999998,0.0,0.0,1.0
0,1,1110,33.57031834763332,105.25957116693017,49.99999999999998,0.0,0.0,1.0
0,1,1111,34.046118250705305,105.10663836440814,49.99999999999998,0.0,0.0,1.0
0,1,1112,34.52122149180037,104.95155483803727,49.99999999999998,0.0,0.0,1.0
0,1,1113,34.995618349211966,104.79432376118365,49.99999999999998,0.0,0.0,1.0
0,1,1114,35.46929911568822,104.63494835115713,49.99999999999998,0.0,0.0,1.0
0,1,1115,35.94225409862971,104.47343186914564,49.99999999999998,0.0,0.0,1.0
0,1,1116,36.41447362028852,104.30977762014831,49.99999999999998,0.0,0.0,1.0
0,1,1117,36.885948017965944,104.14398895290786,49.99999999999998,0.0,0.0,1.0
0,1,1118,37.35666764420997,103.97606925984228,49.99999999999998,0.0,0.0,1.0
0,1,1119,37.8266228670133,103.80602197697506,49.99999999999998,0.0,0.0,1.0
0,1,1120,38.29580407000973,103.63385058386525,49.99999999999998,0.0,0.0,1.0
0,1,1121,38.764201652671666,103.45955860353595,49.99999999999998,0.0,0.0,1.0
0,1,1122,39.231806030505794,103.28314960240249,49.99999999999998,0.0,0.0,1.0
0,1,1123,39.69860763524999,103.10462719019915,49.99999999999998,0.0,0.0,1.0
0,1,1124,40.16459691506834,102.92399501990566,49.99999999999998,0.0,0.0,1.0
0,1,1125,40.62976433474723,102.74125678767213,49.99999999999998,0.0,0.0,1.0
0,1,1126,41.094100375890214,102.55641623274354,49.99999999999998,0.0,0.0,1.0
0,1,1127,41.55759553711249,102.36947713738334,49.99999999999998,0.0,0.0,1.0
0,1,1128,42.02024033423596,102.18044332679581,49.99999999999998,0.0,0.0,1.0
0,1,1129,42.48202530048255,101.9893186690481,49.99999999999998,0.0,0.0,1.0
0,1,1130,42.9429409866687,101.7961070749907,49.99999999999998,0.0,0.0,1.0
0,1,1131,43.402977961397944,101.60081249817782,49.99999999999998,0.0,0.0,1.0
0,1,1132,43.86212681125454,101.40343893478617,49.99999999999998,0.0,0.0,1.0
0,1,1133,44.320378140995835,101.20399042353331,49.99999999999998,0.0,0.0,1.0
0,1,1134,44.777722573744235,101.0024710455951,49.99999999999998,0.0,0.0,1.0
0,1,1135,45.234150751179705,100.79888492452201,49.99999999999998,0.0,0.0,1.0
0,1,1136,45.68965333373054,100.59323622615493,49.99999999999998,0.0,0.0,1.0
0,1,1137,46.14422100076519,100.38552915853968,49.99999999999998,0.0,0.0,1.0
0,1,1138,46.5978444507823,100.17576797184127,49.99999999999998,0.0,0.0,1.0
0,1,1139,47.050514401601696,99.96395695825647,49.99999999999998,0.0,0.0,1.0
0,1,1140,47.50222159055365,99.75010045192646,49.99999999999998,0.0,0.0,1.0
0,1,1141,47.952956774669026,99.53420282884777,49.99999999999998,0.0,0.0,1.0
0,1,1142,48.40271073086814,99.31626850678285,49.99999999999998,0.0,0.0,1.0
0,1,1143,48.851474256149224,99.09630194516984,49.99999999999998,0.0,0.0,1.0
0,1,1144,49.29923816777737,98.87430764503105,49.99999999999998,0.0,0.0,1.0
0,1,1145,49.745993303471714,98.65029014888111,49.99999999999998,0.0,0.0,1.0
0,1,1146,50.191730521593605,98.42425404063376,49.99999999999998,0.0,0.0,1.0
0,1,1147,50.636440701332994,98.19620394550834,49.99999999999998,0.0,0.0,1.0
0,1,1148,51.080114742895674,97.96614452993491,49.99999999999998,0.0,0.0,1.0
0,1,1149,51.52274356768918,97.73408050145879,49.99999999999998,0.0,0.0,1.0
0,1,1150,51.96431811850836,97.50001660864446,49.99999999999998,0.0,0.0,1.0
0,1,1151,52.40482935972127,97.26395764097808,49.99999999999998,0.0,0.0,1.0
0,1,1152,52.84426827745337,97.02590842876978,49.99999999999998,0.0,0.0,1.0
0,1,1153,53.28262587977269,96.78587384305449,49.99999999999998,0.0,0.0,1.0
0,1,1154,53.719893196873116,96.54385879549267,49.99999999999998,0.0,0.0,1.0
0,1,1155,54.15606128125862,96.29986823826938,49.99999999999998,0.0,0.0,1.0
0,1,1156,54.59112120792566,96.05390716399334,49.99999999999998,0.0,0.0,1.0
0,1,1157,55.02506407454642,95.80598060559447,49.99999999999998,0.0,0.0,1.0
0,1,1158,55.45788100165069,95.55609363622098,49.99999999999998,0.0,0.0,1.0
0,1,1159,55.88956313280734,95.3042513691358,49.99999999999998,0.0,0.0,1.0
0,1,1160,56.320101634806115,95.05045895761153,49.99999999999998,0.0,0.0,1.0
0,1,1161,56.74948769783768,94.79472159482538,49.99999999999998,0.0,0.0,1.0
0,1,1162,57.1777125356746,94.5370445137526,49.99999999999998,0.0,0.0,1.0
0,1,1163,57.60476738585049,94.27743298705973,49.99999999999998,0.0,0.0,1.0
0,1,1164,58.030643509839884,94.01589232699628,49.99999999999998,0.0,0.0,1.0
0,1,1165,58.45533219323647,93.75242788528654,49.99999999999998,0.0,0.0,1.0
0,1,1166,58.87882474593194,93.48704505301957,49.99999999999998,0.0,0.0,1.0
0,1,1167,59.30111250229357,93.21974926053922,49.99999999999998,0.0,0.0,1.0
0,1,1168,59.72218682134132,92.95054597733294,49.99999999999998,0.0,0.0,1.0
0,1,1169,60.14203908692516,92.67944071191974,49.99999999999998,0.0,0.0,1.0
0,1,1170,60.560660707900794,92.4064390117377,49.99999999999998,0.0,0.0,1.0
0,1,1171,60.978043118306076,92.13154646303016,49.99999999999998,0.0,0.0,1.0
0,1,1172,61.39417777753562,91.85476869073175,49.99999999999998,0.0,0.0,1.0
0,1,1173,61.80905617051613,91.57611135835296,49.99999999999998,0.0,0.0,1.0
0,1,1174,62.22266980788045,91.29558016786444,49.99999999999998,0.0,0.0,1.0
0,1,1175,62.63501022614098,91.01318085958042,49.99999999999998,0.0,0.0,1.0
0,1,1176,63.04606898786341,90.72891921204092,49.99999999999998,0.0,0.0,1.0
0,1,1177,63.45583768183879,90.44280104189392,49.99999999999998,0.0,0.0,1.0
0,1,1178,63.86430792325623,90.15483220377592,49.99999999999998,0.0,0.0,1.0
0,1,1179,64.27147135387384,89.86501859019256,49.99999999999998,0.0,0.0,1.0
0,1,1180,64.67731964219044,89.5733661313976,49.99999999999998,0.0,0.0,1.0
0,1,1181,65.08184448361533,89.27988079527206,49.99999999999998,0.0,0.0,1.0
0,1,1182,65.48503760063883,88.98456858720166,49.99999999999998,0.0,0.0,1.0
0,1,1183,65.88689074300146,88.68743554995413,49.99999999999998,0.0,0.0,1.0
0,1,1184,66.28739568786239,88.38848776355574,49.99999999999998,0.0,0.0,1.0
0,1,1185,66.68654423996837,88.08773134516646,49.99999999999998,0.0,0.0,1.0
0,1,1186,67.08432823182076,87.78517244895528,49.99999999999998,0.0,0.0,1.0
0,1,1187,67.48073952384327,87.48081726597378,49.99999999999998,0.0,0.0,1.0
0,1,1188,67.87577000454789,87.17467202402999,49.99999999999998,0.0,0.0,1.0
0,1,1189,68.26941159070152,86.86674298756037,49.99999999999998,0.0,0.0,1.0
0,1,1190,68.66165622749071,86.5570364575022,49.99999999999998,0.0,0.0,1.0
0,1,1191,69.05249588868706,86.2455587711642,49.99999999999998,0.0,0.0,1.0
0,1,1192,69.44192257681118,85.93231630209698,49.99999999999998,0.0,0.0,1.0
0,1,1193,69.82992832329617,85.61731545996288,49.99999999999998,0.0,0.0,1.0
0,1,1194,70.21650518865113,85.30056269040439,49.99999999999998,0.0,0.0,1.0
0,1,1195,70.6016452626231,84.98206447491265,49.99999999999998,0.0,0.0,1.0
0,1,1196,70.98534066435944,84.66182733069444,49.99999999999998,0.0,0.0,1.0
0,1,1197,71.36758354256857,84.33985781053924,49.99999999999998,0.0,0.0,1.0
0,1,1198,71.74836607568106,84.0161625026848,49.99999999999998,0.0,0.0,1.0
0,1,1199,72.12768047200956,83.69074803068241,49.99999999999998,0.0,0.0,1.0
0,1,1200,72.50551896990792,83.36362105326161,49.99999999999998,0.0,0.0,1.0
0,1,1201,72.88187383793058,83.03478826419352,49.99999999999998,0.0,0.0,1.0
0,1,1202,73.25673737499017,82.70425639215433,49.99999999999998,0.0,0.0,1.0
0,1,1203,73.63010191051565,82.37203220058711,49.99999999999998,0.0,0.0,1.0
0,1,1204,74.00195980460875,82.03812248756398,49.99999999999998,0.0,0.0,1.0
0,1,1205,74.37230344820084,81.7025340856464,49.99999999999998,0.0,0.0,1.0
0,1,1206,74.74112526320803,81.365273861746,49.99999999999998,0.0,0.0,1.0
0,1,1207,75.10841770268678,81.02634871698346,49.99999999999998,0.0,0.0,1.0
0,1,1208,75.47417325098809,80.68576558654763,49.99999999999998,0.0,0.0,1.0
0,1,1209,75.83838442391105,80.34353143955377,49.99999999999998,0.0,0.0,1.0
0,1,1210,76.2010437688566,79.99965327890042,49.999999999999986,0.0,0.0,1.0
0,1,1211,76.56214386497925,79.65413814112675,49.999999999999986,0.0,0.0,1.0
0,1,1212,76.9216773233397,79.30699309626793,49.999999999999986,0.0,0.0,1.0
0,1,1213,77.27963678705534,78.95822524771111,49.999999999999986,0.0,0.0,1.0
0,1,1214,77.63601493145137,78.60784173204948,49.999999999999986,0.0,0.0,1.0
0,1,1215,77.99080446421038,78.25584971893655,49.999999999999986,0.0,0.0,1.0
0,1,1216,78.34399812552142,77.90225641093957,49.999999999999986,0.0,0.0,1.0
0,1,1217,78.69558868822904,77.54706904339167,49.999999999999986,0.0,0.0,1.0
0,1,1218,79.04556895798058,77.19029488424448,49.999999999999986,0.0,0.0,1.0
0,1,1219,79.39393177337394,76.83194123391863,49.999999999999986,0.0,0.0,1.0
0,1,1220,79.74067000610363,76.47201542515515,49.999999999999986,0.0,0.0,1.0
0,1,1221,80.0857765611071,76.11052482286473,49.999999999999986,0.0,0.0,1.0
0,1,1222,80.42924437670945,75.74747682397765,49.999999999999986,0.0,0.0,1.0
0,1,1223,80.7710664247683,75.3828788572919,49.999999999999986,0.0,0.0,1.0
0,1,1224,81.11123571081757,75.01673838332133,49.999999999999986,0.0,0.0,1.0
0,1,1225,81.44974527421016,74.64906289414328,49.999999999999986,0.0,0.0,1.0
0,1,1226,81.78658818826109,74.2798599132448,49.999999999999986,0.0,0.0,1.0
0,1,1227,82.12175756038856,73.90913699536915,49.999999999999986,0.0,0.0,1.0
0,1,1228,82.45524653225554,73.53690172636077,49.999999999999986,0.0,0.0,1.0
0,1,1229,82.78704827990964,73.1631617230105,49.999999999999986,0.0,0.0,1.0
0,1,1230,83.11715601392318,72.78792463289935,49.999999999999986,0.0,0.0,1.0
0,1,1231,83.44556297953166,72.41119813424231,49.999999999999986,0.0,0.0,1.0
0,1,1232,83.7722624567724,72.03298993573098,49.999999999999986,0.0,0.0,1.0
0,1,1233,84.09724776062188,71.65330777637594,49.999999999999986,0.0,0.0,1.0
0,1,1234,84.42051224113234,71.27215942534859,49.999999999999986,0.0,0.0,1.0
0,1,1235,84.7420492835682,70.88955268182173,49.999999999999986,0.0,0.0,1.0
0,1,1236,85.0618523085411,70.50549537481047,49.999999999999986,0.0,0.0,1.0
0,1,1237,85.37991477214486,70.11999536301155,49.999999999999986,0.0,0.0,1.0
0,1,1238,85.69623016608892,69.73306053464304,49.999999999999986,0.0,0.0,1.0
0,1,1239,86.01079201783205,69.34469880728247,49.999999999999986,0.0,0.0,1.0
0,1,1240,86.32359389071443,68.95491812770493,49.999999999999986,0.0,0.0,1.0
0,1,1241,86.6346293840894,68.56372647172087,49.999999999999986,0.0,0.0,1.0
0,1,1242,86.9438921334546,68.1711318440122,49.999999999999986,0.0,0.0,1.0
0,1,1243,87.25137581058196,67.77714227796915,49.999999999999986,0.0,0.0,1.0
0,1,1244,87.55707412364755,67.38176583552534,49.999999999999986,0.0,0.0,1.0
0,1,1245,87.86098081735979,66.98501060699338,49.999999999999986,0.0,0.0,1.0
0,1,1246,88.16308967308805,66.58688471089869,49.999999999999986,0.0,0.0,1.0
0,1,1247,88.4633945089894,66.18739629381402,49.999999999999986,0.0,0.0,1.0
0,1,1248,88.76188918013541,65.78655353019218,49.999999999999986,0.0,0.0,1.0
0,1,1249,89.05856757863783,65.38436462219907,49.999999999999986,0.0,0.0,1.0
0,1,1250,89.35342363377337,64.98083779954602,49.999999999999986,0.0,0.0,1.0
0,1,1251,89.64645131210828,64.57598131932087,49.999999999999986,0.0,0.0,1.0
0,1,1252,89.9376446176214,64.16980346581961,49.999999999999986,0.0,0.0,1.0
0,1,1253,90.2269975918273,63.76231255037626,49.999999999999986,0.0,0.0,1.0
0,1,1254,90.5145043138977,63.353516911193445,49.999999999999986,0.0,0.0,1.0
0,1,1255,90.80015890078316,62.94342491317111,49.999999999999986,0.0,0.0,1.0
0,1,1256,91.08395550733293,62.532044947736004,49.999999999999986,0.0,0.0,1.0
0,1,1257,91.365888326415,62.119385432669425,49.999999999999986,0.0,0.0,1.0
0,1,1258,91.64595158903478,61.70545481193519,49.999999999999986,0.0,0.0,1.0
0,1,1259,91.92413956445286,61.29026155550713,49.999999999999986,0.0,0.0,1.0
0,1,1260,92.20044656030281,60.87381415919515,49.999999999999986,0.0,0.0,1.0
0,1,1261,92.47486692270714,60.45612114447211,49.999999999999986,0.0,0.0,1.0
0,1,1262,92.74739503639343,60.03719105829872,49.999999999999986,0.0,0.0,1.0
0,1,1263,93.01802532480885,59.6170324729494,49.999999999999986,0.0,0.0,1.0
0,1,1264,93.28675225023453,59.19565398583619,49.999999999999986,0.0,0.0,1.0
0,1,1265,93.55357031389886,58.77306421933318,49.999999999999986,0.0,0.0,1.0
0,1,1266,93.81847405608976,58.34927182060025,49.999999999999986,0.0,0.0,1.0
0,1,1267,94.08145805626674,57.92428546140556,49.999999999999986,0.0,0.0,1.0
0,1,1268,94.34251693317154,57.4981138379488,49.999999999999986,0.0,0.0,1.0
0,1,1269,94.60164534493846,57.070765670682576,49.999999999999986,0.0,0.0,1.0
0,1,1270,94.85883798920342,56.6422497041346,49.999999999999986,0.0,0.0,1.0
0,1,1271,95.11408960321279,56.212574706728105,49.999999999999986,0.0,0.0,1.0
0,1,1272,95.36739496393065,55.78174947060313,49.999999999999986,0.0,0.0,1.0
0,1,1273,95.61874888814611,55.349782811435965,49.999999999999986,0.0,0.0,1.0
0,1,1274,95.86814623257916,54.916683568259074,49.999999999999986,0.0,0.0,1.0
0,1,1275,96.11558189398572,54.48246060328042,49.999999999999986,0.0,0.0,1.0
0,1,1276,96.36105080926248,54.04712280170158,49.999999999999986,0.0,0.0,1.0
0,1,1277,96.60454795555013,53.6106790715366,49.999999999999986,0.0,0.0,1.0
0,1,1278,96.84606835033644,53.17313834342901,49.999999999999986,0.0,0.0,1.0
0,1,1279,97.08560705155789,52.734509570469804,49.999999999999986,0.0,0.0,1.0
0,1,1280,97.32315915770111,52.29480172801362,49.999999999999986,0.0,0.0,1.0
0,1,1281,97.55871980790306,51.85402381349534,49.999999999999986,0.0,0.0,1.0
0,1,1282,97.79228418205031,51.412184846246234,49.999999999999986,0.0,0.0,1.0
0,1,1283,98.02384750087803,50.96929386730882,49.999999999999986,0.0,0.0,1.0
0,1,1284,98.25340502606743,50.525359939252546,49.999999999999986,0.0,0.0,1.0
0,1,1285,98.480952060343,50.08039214598764,49.999999999999986,0.0,0.0,1.0
0,1,1286,98.7064839475684,49.634399592579946,49.999999999999986,0.0,0.0,1.0
0,1,1287,98.92999607284194,49.18739140506393,49.999999999999986,0.0,0.0,1.0
0,1,1288,99.1514838625908,48.739376730256595,49.999999999999986,0.0,0.0,1.0
0,1,1289,99.37094278466478,48.29036473556973,49.999999999999986,0.0,0.0,1.0
0,1,1290,99.58836834842909,47.84036460882261,49.99999999999999,0.0,0.0,1.0
0,1,1291,99.8037561048559,47.3893855580542,49.99999999999999,0.0,0.0,1.0
0,1,1292,100.01710164661587,46.93743681133417,49.99999999999999,0.0,0.0,1.0
0,1,1293,100.22840060816782,46.484527616574766,49.99999999999999,0.0,0.0,1.0
0,1,1294,100.43764866584856,46.03066724134083,49.99999999999999,0.0,0.0,1.0
0,1,1295,100.64484153796089,45.57586497266091,49.99999999999999,0.0,0.0,1.0
0,1,1296,100.84997498486165,45.120130116836535,49.99999999999999,0.0,0.0,1.0
0,1,1297,101.05304480904805,44.66347199925243,49.99999999999999,0.0,0.0,1.0
0,1,1298,101.25404685524393,44.20589996418514,49.99999999999999,0.0,0.0,1.0
0,1,1299,101.45297701048464,43.74742337461207,49.99999999999999,0.0,0.0,1.0
0,1,1300,101.64983120420102,43.288051612020126,49.99999999999999,0.0,0.0,1.0
0,1,1301,101.84460540830307,42.827794076213195,49.99999999999999,0.0,0.0,1.0
0,1,1302,102.03729563726199,42.36666018512048,49.99999999999999,0.0,0.0,1.0
0,1,1303,102.22789794819207,41.90465937460304,49.99999999999999,0.0,0.0,1.0
0,1,1304,102.41640844093104,41.44180109826149,49.99999999999999,0.0,0.0,1.0
0,1,1305,102.60282325812018,40.97809482724191,49.99999999999999,0.0,0.0,1.0
0,1,1306,102.78713858528312,40.51355005004226,49.99999999999999,0.0,0.0,1.0
0,1,1307,102.96935065090378,40.04817627231858,49.99999999999999,0.0,0.0,1.0
0,1,1308,103.14945572650376,39.58198301668979,49.99999999999999,0.0,0.0,1.0
0,1,1309,103.32745012671845,39.114979822543575,49.99999999999999,0.0,0.0,1.0
0,1,1310,103.5033302093726,38.64717624584046,49.99999999999999,0.0,0.0,1.0
0,1,1311,103.67709237555468,38.17858185891904,49.99999999999999,0.0,0.0,1.0
0,1,1312,103.84873306969068,37.709206250299296,49.99999999999999,0.0,0.0,1.0
0,1,1313,104.01824877961673,37.23905902448718,49.99999999999999,0.0,0.0,1.0
0,1,1314,104.18563603665109,36.76814980177746,49.99999999999999,0.0,0.0,1.0
0,1,1315,104.35089141566506,36.2964882180571,49.99999999999999,0.0,0.0,1.0
0,1,1316,104.514011535153,35.824083924608374,49.99999999999999,0.0,0.0,1.0
0,1,1317,104.6749930573017,35.350946587910734,49.99999999999999,0.0,0.0,1.0
0,1,1318,104.8338326880585,34.87708588944377,49.99999999999999,0.0,0.0,1.0
0,1,1319,104.9905271771988,34.40251152548833,49.99999999999999,0.0,0.0,1.0
0,1,1320,105.14507331839252,33.927233206928896,49.99999999999999,0.0,0.0,1.0
0,1,1321,105.29746794926979,33.451260659054086,49.99999999999999,0.0,0.0,1.0
0,1,1322,105.44770795148547,32.97460362135845,49.99999999999999,0.0,0.0,1.0
0,1,1323,105.59579025078321,32.49727184734246,49.99999999999999,0.0,0.0,1.0
0,1,1324,105.74171181705819,32.01927510431327,49.99999999999999,0.0,0.0,1.0
0,1,1325,105.88546966441909,31.540623173185114,49.99999999999999,0.0,0.0,1.0
0,1,1326,106.0270608512494,31.0613258482785,49.99999999999999,0.0,0.0,1.0
0,1,1327,106.16648248026733,30.581392937120558,49.99999999999999,0.0,0.0,1.0
0,1,1328,106.30373169858537,30.100834260243587,49.99999999999999,0.0,0.0,1.0
0,1,1329,106.4388056977684,29.619659650984897,49.99999999999999,0.0,0.0,1.0
0,1,1330,106.5717017138914,29.137878955284883,49.99999999999999,0.0,0.0,1.0
0,1,1331,106.7024170275959,28.655502031485884,49.99999999999999,0.0,0.0,1.0
0,1,1332,106.8309489641455,28.172538750130705,49.99999999999999,0.0,0.0,1.0
0,1,1333,106.95729489348089,27.688998993760013,49.99999999999999,0.0,0.0,1.0
0,1,1334,107.08145223027337,27.204892656710854,49.99999999999999,0.0,0.0,1.0
0,1,1335,107.20341843397797,26.720229644913438,49.99999999999999,0.0,0.0,1.0
0,1,1336,107.32319100888526,26.235019875689208,49.99999999999999,0.0,0.0,1.0
0,1,1337,107.44076750417261,25.74927327754714,49.99999999999999,0.0,0.0,1.0
0,1,1338,107.55614551395415,25.26299978998134,49.99999999999999,0.0,0.0,1.0
0,1,1339,107.66932267733014,24.77620936326701,49.99999999999999,0.0,0.0,1.0
0,1,1340,107.7802966784352,24.28891195825711,49.99999999999999,0.0,0.0,1.0
0,1,1341,107.88906524648574,23.801117546178833,49.99999999999999,0.0,0.0,1.0
0,1,1342,107.99562615582637,23.312836108428897,49.99999999999999,0.0,0.0,1.0
0,1,1343,108.09997722597554,22.824077636370067,49.99999999999999,0.0,0.0,1.0
0,1,1344,108.20211632167005,22.334852131125952,49.99999999999999,0.0,0.0,1.0
0,1,1345,108.3020413529088,21.84516960337712,49.99999999999999,0.0,0.0,1.0
0,1,1346,108.39975027499557,21.35504007315547,49.99999999999999,0.0,0.0,1.0
0,1,1347,108.4952410885808,20.86447356964001,49.99999999999999,0.0,0.0,1.0
0,1,1348,108.58851183970258,20.373480130950924,49.99999999999999,0.0,0.0,1.0
0,1,1349,108.67956061982656,19.882069803944475,49.99999999999999,0.0,0.0,1.0
0,1,1350,108.76838556588504,19.390252644007713,49.99999999999999,0.0,0.0,1.0
0,1,1351,108.85498486031511,18.898038714852042,49.99999999999999,0.0,0.0,1.0
0,1,1352,108.93935673109576,18.405438088308056,49.99999999999999,0.0,0.0,1.0
0,1,1353,109.02149945178425,17.912460844118684,49.99999999999999,0.0,0.0,1.0
0,1,1354,109.10141134155134,17.41911706973372,49.99999999999999,0.0,0.0,1.0
0,1,1355,109.1790907652158,16.9254168601027,49.99999999999999,0.0,0.0,1.0
0,1,1356,109.25453613327772,16.431370317468655,49.99999999999999,0.0,0.0,1.0
0,1,1357,109.32774590195115,15.936987551161682,50.0,0.0,0.0,1.0
0,1,1358,109.39871857319564,15.442278677391387,50.0,0.0,0.0,1.0
0,1,1359,109.4674526947469,14.947253819040688,50.0,0.0,0.0,1.0
0,1,1360,109.53394686014657,14.45192310545788,50.0,0.0,0.0,1.0
0,1,1361,109.59819970877085,13.956296672250145,50.0,0.0,0.0,1.0
0,1,1362,109.66020992585854,13.460384661075393,50.0,0.0,0.0,1.0
0,1,1363,109.7199762425378,12.964197219435494,50.0,0.0,0.0,1.0
0,1,1364,109.77749743585215,12.467744500467973,50.0,0.0,0.0,1.0
0,1,1365,109.83277232878558,11.971036662738538,50.0,0.0,0.0,1.0
0,1,1366,109.88579979028644,11.474083870033507,50.0,0.0,0.0,1.0
0,1,1367,109.9365787352908,10.976896291151153,50.0,0.0,0.0,1.0
0,1,1368,109.98510812474446,10.479484099694403,50.0,0.0,0.0,1.0
0,1,1369,110.03138696562443,9.981857473861883,50.0,0.0,0.0,1.0
0,1,1370,110.07541431095902,9.484026596240433,50.0,0.0,0.0,1.0
0,1,1371,110.11718925984738,8.986001653596063,50.0,0.0,0.0,1.0
0,1,1372,110.15671095747786,8.487792836665795,50.0,0.0,0.0,1.0
0,1,1373,110.19397859514551,7.989410339949443,50.0,0.0,0.0,1.0
0,1,1374,110.22899141026866,7.490864361500309,50.0,0.0,0.0,1.0
0,1,1375,110.26174868640449,6.9921651027173075,50.0,0.0,0.0,1.0
0,1,1376,110.29224975326368,6.4933227681354255,50.0,0.0,0.0,1.0
0,1,1377,110.32049398672419,5.994347565217703,50.0,0.0,0.0,1.0
0,1,1378,110.34648080884395,5.495249704145581,50.0,0.0,0.0,1.0
0,1,1379,110.37020968787274,4.99603939761076,50.0,0.0,0.0,1.0
0,1,1380,110.39168013826308,4.496726860605539,50.0,0.0,0.0,1.0
0,1,1381,110.41089172068008,3.9973223102140896,50.0,0.0,0.0,1.0
0,1,1382,110.42784404201056,3.4978359654036812,50.0,0.0,0.0,1.0
0,1,1383,110.44253675537097,2.998278046814895,50.0,0.0,0.0,1.0
0,1,1384,110.45496956011455,2.498658776553267,50.0,0.0,0.0,1.0
0,1,1385,110.46514220183751,1.9989883779793387,50.0,0.0,0.0,1.0
0,1,1386,110.47305447238416,1.4992770755002471,50.0,0.0,0.0,1.0
0,1,1387,110.47870620985123,0.9995350943597241,50.0,0.0,0.0,1.0
0,1,1388,110.48209729859116,0.49977266042965,50.0,0.0,0.0,1.0
0,1,1389,110.48322766921447,2.4632523358711347e-14,50.0,0.0,0.0,1.0
0,2,0,130.50008156111727,2.842170943040401e-14,50.0,0.0,0.0,1.0
0,2,1,130.49912425590784,0.49985557499696603,50.0,0.0,0.0,1.0
0,2,2,130.49625227339914,0.9997144377508216,50.0,0.0,0.0,1.0
0,2,3,130.49146553986523,1.4995687663294999,50.0,0.0,0.0,1.0
0,2,4,130.48476401684582,1.9994107516234931,50.0,0.0,0.0,1.0
0,2,5,130.47614770090735,2.4992325972726785,50.0,0.0,0.0,1.0
0,2,6,130.46561662340778,2.9990265195945227,50.0,0.0,0.0,1.0
0,2,7,130.4531708502656,3.498784747513683,50.0,0.0,0.0,1.0
0,2,8,130.4388104817325,3.998499522492971,50.0,0.0,0.0,1.0
0,2,9,130.4225356521701,4.498163098465681,50.0,0.0,0.0,1.0
0,2,10,130.40434652983012,4.997767741769255,50.0,0.0,0.0,1.0
0,2,11,130.38424331663882,5.497305731080264,50.0,0.0,0.0,1.0
0,2,12,130.36222624798458,5.996769357350698,50.0,0.0,0.0,1.0
0,2,13,130.3382955925095,6.496150923745542,50.0,0.0,0.0,1.0
0,2,14,130.31245165190447,6.995442745581627,50.0,0.0,0.0,1.0
0,2,15,130.28469476070785,7.49463715026772,50.0,0.0,0.0,1.0
0,2,16,130.25502528610755,7.993726477245882,50.0,0.0,0.0,1.0
0,2,17,130.22344362774678,8.492703077934017,50.0,0.0,0.0,1.0
0,2,18,130.18995021753295,8.99155931566965,50.0,0.0,0.0,1.0
0,2,19,130.15454551945032,9.490287565654889,50.0,0.0,0.0,1.0
0,2,20,130.11723002937566,9.988880214902556,50.0,0.0,0.0,1.0
0,2,21,130.0780042748973,10.4873296621835,50.0,0.0,0.0,1.0
0,2,22,130.03686881513752,10.985628317975031,50.0,0.0,0.0,1.0
0,2,23,129.9938242405782,11.483768604410503,50.0,0.0,0.0,1.0
0,2,24,129.94887117288934,11.981742955230008,50.0,0.0,0.0,1.0
0,2,25,129.90201026476117,12.479543815732173,50.0,0.0,0.0,1.0
0,2,26,129.85324219973893,12.97716364272706,50.0,0.0,0.0,1.0
0,2,27,129.8025676920609,13.474594904490102,50.0,0.0,0.0,1.0
0,2,28,129.74998748649958,13.971830080717147,50.0,0.0,0.0,1.0
0,2,29,129.69550235820552,14.468861662480524,50.0,0.0,0.0,1.0
0,2,30,129.63911311255438,14.965682152186156,50.0,0.0,0.0,1.0
0,2,31,129.58082058499676,15.46228406353167,50.0,0.0,0.0,1.0
0,2,32,129.52062564091088,15.95865992146555,50.0,0.0,0.0,1.0
0,2,33,129.4585291754582,16.454802262147258,50.0,0.0,0.0,1.0
0,2,34,129.39453211344173,16.950703632908365,50.0,0.0,0.0,1.0
0,2,35,129.32863540916705,17.446356592214624,50.0,0.0,0.0,1.0
0,2,36,129.26084004630636,17.941753709629012,50.0,0.0,0.0,1.0
0,2,37,129.1911470377647,18.43688756577576,50.0,0.0,0.0,1.0
0,2,38,129.11955742554935,18.931750752305234,50.0,0.0,0.0,1.0
0,2,39,129.0460722806415,19.426335871859827,50.0,0.0,0.0,1.0
0,2,40,128.97069270287068,19.920635538040713,50.0,0.0,0.0,1.0
0,2,41,128.89341982079168,20.41464237537551,50.0,0.0,0.0,1.0
0,2,42,128.81425479156397,20.908349019286852,50.0,0.0,0.0,1.0
0,2,43,128.73319880083372,21.40174811606184,50.0,0.0,0.0,1.0
0,2,44,128.65025306261813,21.894832322822328,50.0,0.0,0.0,1.0
0,2,45,128.56541881919242,22.38759430749611,50.0,0.0,0.0,1.0
0,2,46,128.47869734097884,22.880026748788946,50.0,0.0,0.0,1.0
0,2,47,128.3900899264385,23.372122336157418,50.0,0.0,0.0,1.0
0,2,48,128.2995979019652,23.86387376978263,50.0,0.0,0.0,1.0
0,2,49,128.20722262178174,24.355273760544705,50.0,0.0,0.0,1.0
0,2,50,128.11296546783854,24.84631502999813,50.0,0.0,0.0,1.0
0,2,51,128.01682784971425,25.336990310347883,50.0,0.0,0.0,1.0
0,2,52,127.91881120451905,25.827292344426326,50.0,0.0,0.0,1.0
0,2,53,127.8189169967997,26.31721388567095,50.0,0.0,0.0,1.0
0,2,54,127.71714671844704,26.806747698102857,50.0,0.0,0.0,1.0
0,2,55,127.61350188860557,27.295886556305977,50.0,0.0,0.0,1.0
0,2,56,127.50798405358515,27.78462324540712,50.0,0.0,0.0,1.0
0,2,57,127.40059478677476,28.272950561056724,50.0,0.0,0.0,1.0
0,2,58,127.29133568855843,28.76086130941038,50.0,0.0,0.0,1.0
0,2,59,127.18020838623315,29.24834830711109,50.0,0.0,0.0,1.0
0,2,60,127.06721453392885,29.735404381272193,50.0,0.0,0.0,1.0
0,2,61,126.95235581253034,30.222022369461143,50.0,0.0,0.0,1.0
0,2,62,126.83563392960134,30.70819511968389,50.0,0.0,0.0,1.0
0,2,63,126.7170506193103,31.193915490370017,50.0,0.0,0.0,1.0
0,2,64,126.59660764235835,31.67917635035858,50.0,0.0,0.0,1.0
0,2,65,126.47430678590905,32.16397057888464,50.0,0.0,0.0,1.0
0,2,66,126.35014986352007,32.648291065566475,50.0,0.0,0.0,1.0
0,2,67,126.2241387150768,33.13213071039353,50.0,0.0,0.0,1.0
0,2,68,126.09627520672774,33.615482423714965,50.0,0.0,0.0,1.0
0,2,69,125.96656123082178,34.09833912622893,50.0,0.0,0.0,1.0
0,2,70,125.83499870584731,34.580693748972514,50.0,0.0,0.0,1.0
0,2,71,125.70158957637314,35.06253923331235,50.0,0.0,0.0,1.0
0,2,72,125.56633581299113,35.543868530935875,50.0,0.0,0.0,1.0
0,2,73,125.42923941226077,36.0246746038432,50.0,0.0,0.0,1.0
0,2,74,125.2903023966553,36.50495042433973,50.0,0.0,0.0,1.0
0,2,75,125.14952681450973,36.98468897502938,50.0,0.0,0.0,1.0
0,2,76,125.0069147399705,37.46388324880837,50.0,0.0,0.0,1.0
0,2,77,124.8624682729469,37.94252624885981,50.0,0.0,0.0,1.0
0,2,78,124.71618953906415,38.42061098864873,50.0,0.0,0.0,1.0
0,2,79,124.5680806896182,38.89813049191794,50.0,0.0,0.0,1.0
0,2,80,124.41814390153213,39.37507779268435,50.0,0.0,0.0,1.0
0,2,81,124.26638137731429,39.85144593523603,50.0,0.0,0.0,1.0
0,2,82,124.112795345018,40.327227974129826,50.0,0.0,0.0,1.0
0,2,83,123.95738805820297,40.802416974189626,50.0,0.0,0.0,1.0
0,2,84,123.80016179589822,41.27700601050524,50.0,0.0,0.0,1.0
0,2,85,123.64111886256676,41.750988168431924,50.0,0.0,0.0,1.0
0,2,86,123.48026158807167,42.224356543590446,50.0,0.0,0.0,1.0
0,2,87,123.31759232764401,42.69710424186782,50.0,0.0,0.0,1.0
0,2,88,123.15311346185209,43.16922437941866,50.0,0.0,0.0,1.0
0,2,89,122.98682739657237,43.64071008266709,50.0,0.0,0.0,1.0
0,2,90,122.81873656296206,44.11155448830934,50.0,0.0,0.0,1.0
0,2,91,122.64884341743303,44.58175074331684,50.0,0.0,0.0,1.0
0,2,92,122.47715044162744,45.051292004940045,50.0,0.0,0.0,1.0
0,2,93,122.3036601423949,45.520171440712765,50.0,0.0,0.0,1.0
0,2,94,122.128375051771,45.98838222845717,50.0,0.0,0.0,1.0
0,2,95,121.95129772695759,46.455917556289336,50.0,0.0,0.0,1.0
0,2,96,121.7724307503044,46.92277062262547,50.0,0.0,0.0,1.0
0,2,97,121.59177672929225,47.38893463618869,50.0,0.0,0.0,1.0
0,2,98,121.40933829651775,47.85440281601638,50.0,0.0,0.0,1.0
0,2,99,121.22511810967954,48.31916839146829,50.0,0.0,0.0,1.0
0,2,100,121.03911885156596,48.78322460223506,50.0,0.0,0.0,1.0
0,2,101,120.85134323004425,49.24656469834748,50.0,0.0,0.0,1.0
0,2,102,120.66179397805128,49.70918194018631,50.0,0.0,0.0,1.0
0,2,103,120.47047385358572,50.171069598492785,50.0,0.0,0.0,1.0
0,2,104,120.27738563970169,50.63222095437953,50.0,0.0,0.0,1.0
0,2,105,120.082532144504,51.09262929934241,50.0,0.0,0.0,1.0
0,2,106,119.88591620114471,51.55228793527269,50.0,0.0,0.0,1.0
0,2,107,119.68754066782132,52.01119017447,50.0,0.0,0.0,1.0
0,2,108,119.48740842777642,52.46932933965585,50.0,0.0,0.0,1.0
0,2,109,119.28552238929873,52.92669876398777,50.0,0.0,0.0,1.0
0,2,110,119.08188548572579,53.38329179107416,50.0,0.0,0.0,1.0
0,2,111,118.87650067544796,53.83910177498959,50.0,0.0,0.0,1.0
0,2,112,118.66937094191405,54.29412208029098,50.0,0.0,0.0,1.0
0,2,113,118.46049929363845,54.74834608203418,50.0,0.0,0.0,1.0
0,2,114,118.24988876420962,55.20176716579132,50.0,0.0,0.0,1.0
0,2,115,118.03754241230017,55.65437872766885,50.0,0.0,0.0,1.0
0,2,116,117.82346332167855,56.10617417432603,50.0,0.0,0.0,1.0
0,2,117,117.60765460122198,56.55714692299437,50.0,0.0,0.0,1.0
0,2,118,117.39011938493122,57.00729040149739,50.0,0.0,0.0,1.0
0,2,119,117.17086083194661,57.45659804827132,50.0,0.0,0.0,1.0
0,2,120,116.9498821265657,57.90506331238635,50.0,0.0,0.0,1.0
0,2,121,116.72718647826251,58.352679653568515,50.0,0.0,0.0,1.0
0,2,122,116.50277712170819,58.799440542222364,50.0,0.0,0.0,1.0
0,2,123,116.27665731679336,59.24533945945422,50.0,0.0,0.0,1.0
0,2,124,116.04883034865189,59.690369897096154,50.0,0.0,0.0,1.0
0,2,125,115.81929952768628,60.13452535773071,50.0,0.0,0.0,1.0
0,2,126,115.5880681895947,60.57779935471623,50.0,0.0,0.0,1.0
0,2,127,115.3551396953994,61.02018541221298,50.0,0.0,0.0,1.0
0,2,128,115.12051743147703,61.461677065209926,50.0,0.0,0.0,1.0
0,2,129,114.8842048095902,61.902267859552246,50.0,0.0,0.0,1.0
0,2,130,114.64620526692094,62.34195135196965,50.0,0.0,0.0,1.0
0,2,131,114.40652226610565,62.78072111010525,50.0,0.0,0.0,1.0
0,2,132,114.16515929527172,63.21857071254536,50.0,0.0,0.0,1.0
0,2,133,113.92211986807571,63.655493748849985,50.0,0.0,0.0,1.0
0,2,134,113.67740752374341,64.09148381958396,50.0,0.0,0.0,1.0
0,2,135,113.43102582711131,64.52653453634906,50.0,0.0,0.0,1.0
0,2,136,113.18297836866995,64.96063952181669,50.0,0.0,0.0,1.0
0,2,137,112.93326876460888,65.39379240976146,50.0,0.0,0.0,1.0
0,2,138,112.68190065686335,65.82598684509551,50.0,0.0,0.0,1.0
0,2,139,112.42887771316276,66.25721648390372,50.0,0.0,0.0,1.0
0,2,140,112.17420362708086,66.68747499347954,50.0,0.0,0.0,1.0
0,2,141,111.91788211808765,67.11675605236184,50.0,0.0,0.0,1.0
0,2,142,111.65991693160308,67.54505335037248,50.0,0.0,0.0,1.0
0,2,143,111.4003118390527,67.97236058865474,50.0,0.0,0.0,1.0
0,2,144,111.13907063792487,68.39867147971255,50.0,0.0,0.0,1.0
0,2,145,110.87619715182996,68.8239797474507,50.0,0.0,0.0,1.0
0,2,146,110.61169523056138,69.24827912721568,50.0,0.0,0.0,1.0
0,2,147,110.34556875015855,69.67156336583777,50.0,0.0,0.0,1.0
0,2,148,110.07782161297153,70.09382622167361,50.0,0.0,0.0,1.0
0,2,149,109.80845774772786,70.51506146464989,50.0,0.0,0.0,1.0
0,2,150,109.5374811096011,70.93526287630799,50.0,0.0,0.0,1.0
0,2,151,109.26489568028146,71.35442424984932,50.0,0.0,0.0,1.0
0,2,152,108.9907054680483,71.77253939018188,50.0,0.0,0.0,1.0
0,2,153,108.71491450784477,72.18960211396751,50.0,0.0,0.0,1.0
0,2,154,108.43752686135427,72.60560624967022,50.0,0.0,0.0,1.0
0,2,155,108.15854661707914,73.02054563760547,50.0,0.0,0.0,1.0
0,2,156,107.8779778904213,73.43441412999039,50.0,0.0,0.0,1.0
0,2,157,107.59582482376501,73.84720559099509,50.0,0.0,0.0,1.0
0,2,158,107.31209158656182,74.2589138967948,50.0,0.0,0.0,1.0
0,2,159,107.02678237541743,74.6695329356232,50.0,0.0,0.0,1.0
0,2,160,106.73990141418106,75.07905660782669,50.0,0.0,0.0,1.0
0,2,161,106.45145295403668,75.4874788259197,50.0,0.0,0.0,1.0
0,2,162,106.16144127359667,75.8947935146411,50.0,0.0,0.0,1.0
0,2,163,105.8698706789976,76.30099461101165,50.0,0.0,0.0,1.0
0,2,164,105.57674550399838,76.70607606439248,50.0,0.0,0.0,1.0
0,2,165,105.28207011008065,77.11003183654478,50.0,0.0,0.0,1.0
0,2,166,104.98584888655145,77.51285590169054,50.0,0.0,0.0,1.0
0,2,167,104.68808625064838,77.91454224657438,50.0,0.0,0.0,1.0
0,2,168,104.38878664764701,78.3150848705266,50.0,0.0,0.0,1.0
0,2,169,104.08795455097078,78.71447778552728,50.0,0.0,0.0,1.0
0,2,170,103.78559446230335,79.11271501627166,50.0,0.0,0.0,1.0
0,2,171,103.48171091170337,79.50979060023666,50.0,0.0,0.0,1.0
0,2,172,103.17630845772182,79.90569858774852,50.0,0.0,0.0,1.0
0,2,173,102.86939168752178,80.30043304205184,50.0,0.0,0.0,1.0
0,2,174,102.560965217001,80.69398803937965,50.0,0.0,0.0,1.0
0,2,175,102.25103369091676,81.08635766902485,50.0,0.0,0.0,1.0
0,2,176,101.93960178301363,81.47753603341292,50.0,0.0,0.0,1.0
0,2,177,101.6266741961538,81.86751724817577,50.0,0.0,0.0,1.0
0,2,178,101.31225566245004,82.25629544222711,50.0,0.0,0.0,1.0
0,2,179,100.99635094340162,82.64386475783894,50.0,0.0,0.0,1.0
0,2,180,100.67896483003271,83.0302193507194,50.0,0.0,0.0,1.0
0,2,181,100.36010214303381,83.41535339009216,50.0,0.0,0.0,1.0
0,2,182,100.039767732906,83.79926105877686,50.0,0.0,0.0,1.0
0,2,183,99.71796648010792,84.1819365532712,50.0,0.0,0.0,1.0
0,2,184,99.39470329520594,84.56337408383423,50.0,0.0,0.0,1.0
0,2,185,99.069983119027,84.94356787457129,50.0,0.0,0.0,1.0
0,2,186,98.74381092281465,85.32251216352013,50.0,0.0,0.0,1.0
0,2,187,98.416191708388,85.70020120273867,50.0,0.0,0.0,1.0
0,2,188,98.08713050830384,86.07662925839415,50.0,0.0,0.0,1.0
0,2,189,97.75663238602185,86.4517906108538,50.0,0.0,0.0,1.0
0,2,190,97.42470243607289,86.82567955477701,50.0,0.0,0.0,1.0
0,2,191,97.09134578423053,87.19829039920904,50.0,0.0,0.0,1.0
0,2,192,96.75656758768594,87.56961746767624,50.0,0.0,0.0,1.0
0,2,193,96.4203730352258,87.9396550982829,50.0,0.0,0.0,1.0
0,2,194,96.08276734741371,88.30839764380973,50.0,0.0,0.0,1.0
0,2,195,95.743755776775,88.67583947181373,50.0,0.0,0.0,1.0
0,2,196,95.40334360798477,89.04197496473002,50.0,0.0,0.0,1.0
0,2,197,95.06153615805948,89.40679851997496,50.0,0.0,0.0,1.0
0,2,198,94.71833877655214,89.77030455005125,50.0,0.0,0.0,1.0
0,2,199,94.3737568457507,90.1324874826546,50.0,0.0,0.0,1.0
0,2,200,94.02779578088052,90.49334176078202,50.0,0.0,0.0,1.0
0,2,201,93.68046103030991,90.85286184284203,50.0,0.0,0.0,1.0
0,2,202,93.33175807575984,91.21104220276642,50.0,0.0,0.0,1.0
0,2,203,92.98169243251701,91.56787733012396,50.0,0.0,0.0,1.0
0,2,204,92.63026964965086,91.92336173023587,50.0,0.0,0.0,1.0
0,2,205,92.27749531023443,92.27748992429302,50.0,0.0,0.0,1.0
0,2,206,91.92336704320462,92.63026437712195,50.0,0.0,0.0,1.0
0,2,207,91.56788238532607,92.98168745379377,50.0,0.0,0.0,1.0
0,2,208,91.21104681937963,93.33175356325286,50.0,0.0,0.0,1.0
0,2,209,90.85286584400454,93.68045714863132,50.0,0.0,0.0,1.0
0,2,210,90.49334497358038,94.0277926870255,50.0,0.0,0.0,1.0
0,2,211,90.13248973811086,94.37375468927621,50.0,0.0,0.0,1.0
0,2,212,89.77030568310946,94.71833769975295,50.0,0.0,0.0,1.0
0,2,213,89.4067983694867,95.06153629614172,50.0,0.0,0.0,1.0
0,2,214,89.04197337343942,95.4033450892366,50.0,0.0,0.0,1.0
0,2,215,88.67583628634156,95.74375872273492,50.0,0.0,0.0,1.0
0,2,216,88.30839271463678,96.08277187303624,50.0,0.0,0.0,1.0
0,2,217,87.93964827973278,96.42037924904464,50.0,0.0,0.0,1.0
0,2,218,87.56960861789719,96.75657559197468,50.0,0.0,0.0,1.0
0,2,219,87.19827938015527,97.09135567516084,50.0,0.0,0.0,1.0
0,2,220,86.82566623218912,97.42471430387035,50.0,0.0,0.0,1.0
0,2,221,86.45177485423856,97.75664631511938,50.0,0.0,0.0,1.0
0,2,222,86.0766109410036,98.08714657749273,50.0,0.0,0.0,1.0
0,2,223,85.7001802015484,98.41620999096662,50.0,0.0,0.0,1.0
0,2,224,85.32248835920701,98.74383148673488,50.0,0.0,0.0,1.0
0,2,225,84.94354115149035,99.07000602703833,50.0,0.0,0.0,1.0
0,2,226,84.56334432999493,99.39472860499738,50.0,0.0,0.0,1.0
0,2,227,84.18190366031294,99.71799424444764,50.0,0.0,0.0,1.0
0,2,228,83.79922492194389,100.03979799977878,50.0,0.0,0.0,1.0
0,2,229,83.4153139082077,100.36013495577643,50.0,0.0,0.0,1.0
0,2,230,83.03017642615914,100.67900022746699,50.0,0.0,0.0,1.0
0,2,231,82.6438182965039,100.9963889599655,50.0,0.0,0.0,1.0
0,2,232,82.25624535351574,101.31229632832661,50.0,0.0,0.0,1.0
0,2,233,81.8674634449554,101.6267175373981,50.0,0.0,0.0,1.0
0,2,234,81.47747843199062,101.93964782167758,50.0,0.0,0.0,1.0
0,2,235,81.08629618911752,102.25108244517199,50.0,0.0,0.0,1.0
0,2,236,80.6939226040835,102.56101670125967,50.0,0.0,0.0,1.0
0,2,237,80.30036357781128,102.86944591255556,50.0,0.0,0.0,1.0
0,2,238,79.90562502432428,103.17636543077876,50.0,0.0,0.0,1.0
0,2,239,79.50971287067333,103.48177063662303,50.0,0.0,0.0,1.0
0,2,240,79.1126330568646,103.78565693962987,50.0,0.0,0.0,1.0
0,2,241,78.71439153578885,104.08801977806426,50.0,0.0,0.0,1.0
0,2,242,78.3149942731518,104.38885461879286,50.0,0.0,0.0,1.0
0,2,243,77.91444724740579,104.68815695716502,50.0,0.0,0.0,1.0
0,2,244,77.51275644968268,104.98592231689602,50.0,0.0,0.0,1.0
0,2,245,77.10992788372789,105.28214624995313,50.0,0.0,0.0,1.0
0,2,246,76.70596756583555,105.5768243364438,50.0,0.0,0.0,1.0
0,2,247,76.30088152478497,105.86995218450659,50.0,0.0,0.0,1.0
0,2,248,75.89467580177809,106.16152543020425,50.0,0.0,0.0,1.0
0,2,249,75.48735645037813,106.45153973741941,50.0,0.0,0.0,1.0
0,2,250,75.07892953644941,106.73999079775244,50.0,0.0,0.0,1.0
0,2,251,74.66940113809812,107.02687433042165,50.0,0.0,0.0,1.0
0,2,252,74.25877734561436,107.31218608216591,50.0,0.0,0.0,1.0
0,2,253,73.84706426141506,107.59592182714934,50.0,0.0,0.0,1.0
0,2,254,73.43426799998812,107.87807736686844,50.0,0.0,0.0,1.0
0,2,255,73.02039468783752,108.15864853006119,50.0,0.0,0.0,1.0
0,2,256,72.60545046342945,108.43763117261858,50.0,0.0,0.0,1.0
0,2,257,72.18944147713947,108.71502117749816,50.0,0.0,0.0,1.0
0,2,258,71.77237389120073,108.99081445463963,50.0,0.0,0.0,1.0
0,2,259,71.35425387965307,109.26500694088278,50.0,0.0,0.0,1.0
0,2,260,70.93508762829323,109.5375945998873,50.0,0.0,0.0,1.0
0,2,261,70.51488133462591,109.80857342205472,50.0,0.0,0.0,1.0
0,2,262,70.09364120781588,110.07793942445241,50.0,0.0,0.0,1.0
0,2,263,69.67137346864095,110.34568865073956,50.0,0.0,0.0,1.0
0,2,264,69.24808434944599,110.61181717109514,50.0,0.0,0.0,1.0
0,2,265,68.82378009409769,110.87632108214785,50.0,0.0,0.0,1.0
0,2,266,68.39846695794044,111.13919650690798,50.0,0.0,0.0,1.0
0,2,267,67.97215120775294,111.40043959470125,50.0,0.0,0.0,1.0
0,2,268,67.54483912170578,111.66004652110453,50.0,0.0,0.0,1.0
0,2,269,67.1165369893199,111.91801348788341,50.0,0.0,0.0,1.0
0,2,270,66.68725111142585,112.17433672293164,50.0,0.0,0.0,1.0
0,2,271,66.25698780012402,112.42901248021249,50.0,0.0,0.0,1.0
0,2,272,65.82575337874559,112.68203703970184,50.0,0.0,0.0,1.0
0,2,273,65.39355418181437,112.93340670733315,50.0,0.0,0.0,1.0
0,2,274,64.96039655500954,113.18311781494414,50.0,0.0,0.0,1.0
0,2,275,64.52628685512909,113.43116672022536,50.0,0.0,0.0,1.0
0,2,276,64.0912314500541,113.67754980667041,50.0,0.0,0.0,1.0
0,2,277,63.65523671871391,113.92226348352798,50.0,0.0,0.0,1.0
0,2,278,63.218309051051946,114.16530418575552,50.0,0.0,0.0,1.0
0,2,279,62.78045484799236,114.40666837397471,50.0,0.0,0.0,1.0
0,2,280,62.34168052140757,114.64635253442866,50.0,0.0,0.0,1.0
0,2,281,61.9019924940864,114.8843531789406,50.0,0.0,0.0,1.0
0,2,282,61.461397199703065,115.12066684487448,50.0,0.0,0.0,1.0
0,2,283,61.01990108278682,115.35529009509708,50.0,0.0,0.0,1.0
0,2,284,60.577510598692534,115.58821951794172,50.0,0.0,0.0,1.0
0,2,285,60.134232213571785,115.81945172717383,50.0,0.0,0.0,1.0
0,2,286,59.690072404344804,116.04898336195777,50.0,0.0,0.0,1.0
0,2,287,59.24503765867311,116.27681108682569,50.0,0.0,0.0,1.0
0,2,288,58.79913447493285,116.50293159164761,50.0,0.0,0.0,1.0
0,2,289,58.35236936218885,116.72734159160333,50.0,0.0,0.0,1.0
0,2,290,57.90474884016939,116.95003782715577,50.0,0.0,0.0,1.0
0,2,291,57.456279439241605,117.17101706402596,50.0,0.0,0.0,1.0
0,2,292,57.00696770038765,117.3902760931696,50.0,0.0,0.0,1.0
0,2,293,56.55682017518151,117.60781173075506,50.0,0.0,0.0,1.0
0,2,294,56.105843425766494,117.82362081814308,50.0,0.0,0.0,1.0
0,2,295,55.65404402483337,118.03770022186787,50.0,0.0,0.0,1.0
0,2,296,55.201428555599215,118.25004683361978,50.0,0.0,0.0,1.0
0,2,297,54.748003611786885,118.46065757022956,50.0,0.0,0.0,1.0
0,2,298,54.293775797605164,118.66952937365403,50.0,0.0,0.0,1.0
0,2,299,53.838751727729566,118.87665921096333,50.0,0.0,0.0,1.0
0,2,300,53.382938027283714,119.08204407432964,50.0,0.0,0.0,1.0
0,2,301,52.9263413318215,119.28568098101745,50.0,0.0,0.0,1.0
0,2,302,52.46896828730973,119.48756697337527,50.0,0.0,0.0,1.0
0,2,303,52.010825550111505,119.6876991188288,50.0,0.0,0.0,1.0
0,2,304,51.55191978697024,119.8860745098758,50.0,0.0,0.0,1.0
0,2,305,51.09225767499416,120.08269026408215,50.0,0.0,0.0,1.0
0,2,306,50.63184590164165,120.27754352407962,50.0,0.0,0.0,1.0
0,2,307,50.17069116470701,120.47063145756499,50.0,0.0,0.0,1.0
0,2,308,49.708800172306994,120.66195125730083,50.0,0.0,0.0,1.0
0,2,309,49.246179642867844,120.85150014111753,50.0,0.0,0.0,1.0
0,2,310,48.782836305112994,121.03927535191693,50.0,0.0,0.0,1.0
0,2,311,48.318776898051404,121.22527415767756,50.0,0.0,0.0,1.0
0,2,312,47.85400817096641,121.40949385146111,50.0,0.0,0.0,1.0
0,2,313,47.388536883405315,121.59193175142057,50.0,0.0,0.0,1.0
0,2,314,46.922369805169474,121.77258520080981,50.0,0.0,0.0,1.0
0,2,315,46.45551371630499,121.95145156799464,50.0,0.0,0.0,1.0
0,2,316,45.98797540709411,122.12852824646535,50.0,0.0,0.0,1.0
0,2,317,45.519761678047104,122.30381265485077,50.0,0.0,0.0,1.0
0,2,318,45.0508793398948,122.4773022369339,50.0,0.0,0.0,1.0
0,2,319,44.58133521358172,122.64899446166885,50.0,0.0,0.0,1.0
0,2,320,44.1111361302598,122.8188868231995,50.0,0.0,0.0,1.0
0,2,321,43.640288931282726,122.98697684087958,50.0,0.0,0.0,1.0
0,2,322,43.168800468200835,123.15326205929424,50.0,0.0,0.0,1.0
0,2,323,42.69667760275667,123.31774004828321,50.0,0.0,0.0,1.0
0,2,324,42.22392720688106,123.48040840296554,50.0,0.0,0.0,1.0
0,2,325,41.75055616268984,123.64126474376565,50.0,0.0,0.0,1.0
0,2,326,41.27657136248122,123.80030671644126,50.0,0.0,0.0,1.0
0,2,327,40.80197970873367,123.95753199211262,50.0,0.0,0.0,1.0
0,2,328,40.32678811410442,124.11293826729344,50.0,0.0,0.0,1.0
0,2,329,39.851003501428636,124.2665232639233,50.0,0.0,0.0,1.0
0,2,330,39.37463280371911,124.41828472940176,50.0,0.0,0.0,1.0
0,2,331,38.89768296416662,124.56822043662393,50.0,0.0,0.0,1.0
0,2,332,38.420160936140874,124.71632818401787,50.0,0.0,0.0,1.0
0,2,333,37.942073683192085,124.86260579558319,50.0,0.0,0.0,1.0
0,2,334,37.46342817905306,125.00705112093189,50.0,0.0,0.0,1.0
0,2,335,36.98423140764207,125.14966203533017,50.0,0.0,0.0,1.0
0,2,336,36.50449036306627,125.29043643974245,50.0,0.0,0.0,1.0
0,2,337,36.02421204962564,125.4293722608767,50.0,0.0,0.0,1.0
0,2,338,35.543403481817705,125.56646745123169,50.0,0.0,0.0,1.0
0,2,339,35.06207168434277,125.70171998914569,50.0,0.0,0.0,1.0
0,2,340,34.58022369210987,125.83512787884712,50.0,0.0,0.0,1.0
0,2,341,34.09786655024327,125.96668915050674,50.0,0.0,0.0,1.0
0,2,342,33.61500731408969,126.09640186029178,50.0,0.0,0.0,1.0
0,2,343,33.131653049226095,126.22426409042151,50.0,0.0,0.0,1.0
0,2,344,32.647810831468206,126.35027394922498,50.0,0.0,0.0,1.0
0,2,345,32.163487746879575,126.4744295712002,50.0,0.0,0.0,1.0
0,2,346,31.67869089178145,126.59672911707531,50.0,0.0,0.0,1.0
0,2,347,31.193427372763104,126.71717077387159,50.0,0.0,0.0,1.0
0,2,348,30.707704306693074,126.83575275496815,50.0,0.0,0.0,1.0
0,2,349,30.221528820730825,126.95247330016875,50.0,0.0,0.0,1.0
0,2,350,29.734908052339335,127.06733067577014,50.0,0.0,0.0,1.0
0,2,351,29.247849149298105,127.18032317463272,50.0,0.0,0.0,1.0
0,2,352,28.760359269717092,127.29144911625272,50.0,0.0,0.0,1.0
0,2,353,28.27244558205119,127.40070684683664,50.0,0.0,0.0,1.0
0,2,354,27.784115265115503,127.5080947393775,50.0,0.0,0.0,1.0
0,2,355,27.295375508101216,127.61361119373299,50.0,0.0,0.0,1.0
0,2,356,26.806233510592335,127.71725463670592,50.0,0.0,0.0,1.0
0,2,357,26.31669648258297,127.81902352212636,50.0,0.0,0.0,1.0
0,2,358,25.826771644495523,127.91891633093613,50.0,0.0,0.0,1.0
0,2,359,25.336466227199494,128.01693157127508,50.0,0.0,0.0,1.0
0,2,360,24.845787472031034,128.1130677785698,50.0,0.0,0.0,1.0
0,2,361,24.354742630813362,128.20732351562418,50.0,0.0,0.0,1.0
0,2,362,23.863338965877745,128.2996973727122,50.0,0.0,0.0,1.0
0,2,363,23.37158375008549,128.390187967673,50.0,0.0,0.0,1.0
0,2,364,22.87948426685051,128.47879394600804,50.0,0.0,0.0,1.0
0,2,365,22.38704781016274,128.5655139809806,50.0,0.0,0.0,1.0
0,2,366,21.89428168461241,128.65034677371733,50.0,0.0,0.0,1.0
0,2,367,21.401193205414998,128.7332910533124,50.0,0.0,0.0,1.0
0,2,368,20.907789698437128,128.81434557693365,50.0,0.0,0.0,1.0
0,2,369,20.414078500223155,128.89350912993132,50.0,0.0,0.0,1.0
0,2,370,19.92006695802273,128.97078052594898,50.0,0.0,0.0,1.0
0,2,371,19.425762429819017,129.04615860703706,50.0,0.0,0.0,1.0
0,2,372,18.93117228435794,129.11964224376857,50.0,0.0,0.0,1.0
0,2,373,18.43630390117822,129.1912303353575,50.0,0.0,0.0,1.0
0,2,374,17.941164670642223,129.26092180977946,50.0,0.0,0.0,1.0
0,2,375,17.445761993967807,129.32871562389528,50.0,0.0,0.0,1.0
0,2,376,16.9501032832609,129.39461076357668,50.0,0.0,0.0,1.0
0,2,377,16.45419596154919,129.45860624383482,50.0,0.0,0.0,1.0
0,2,378,15.958047462816538,129.52070110895136,50.0,0.0,0.0,1.0
0,2,379,15.461665232038428,129.58089443261224,50.0,0.0,0.0,1.0
0,2,380,14.96505672521829,129.6391853180442,50.0,0.0,0.0,1.0
0,2,381,14.46822940942485,129.69557289815384,50.0,0.0,0.0,1.0
0,2,382,13.97119076283029,129.75005633566957,50.0,0.0,0.0,1.0
0,2,383,13.473948274749617,129.80263482328644,50.0,0.0,0.0,1.0
0,2,384,12.976509445680804,129.8533075838136,50.0,0.0,0.0,1.0
0,2,385,12.478881787345898,129.90207387032478,50.0,0.0,0.0,1.0
0,2,386,11.981072822733466,129.9489329663116,50.0,0.0,0.0,1.0
0,2,387,11.483090086141672,129.99388418583982,50.0,0.0,0.0,1.0
0,2,388,10.98494112322264,130.03692687370875,50.0,0.0,0.0,1.0
0,2,389,10.486633491027703,130.07806040561331,50.0,0.0,0.0,1.0
0,2,390,9.988174758053887,130.11728418830958,50.0,0.0,0.0,1.0
0,2,391,9.489572504291317,130.1545976597831,50.0,0.0,0.0,1.0
0,2,392,8.990834321271791,130.19000028942045,50.0,0.0,0.0,1.0
0,2,393,8.491967812118489,130.2234915781841,50.0,0.0,0.0,1.0
0,2,394,7.992980591596648,130.25507105879032,50.0,0.0,0.0,1.0
0,2,395,7.493880286165606,130.2847382958903,50.0,0.0,0.0,1.0
0,2,396,6.994674534031759,130.31249288625494,50.0,0.0,0.0,1.0
0,2,397,6.495370985202811,130.33833445896244,50.0,0.0,0.0,1.0
0,2,398,5.995977301543277,130.36226267558985,50.0,0.0,0.0,1.0
0,2,399,5.496501156830902,130.3842772304075,50.0,0.0,0.0,1.0
0,2,400,4.996950236814641,130.4043778505773,50.0,0.0,0.0,1.0
0,2,401,4.497332239273547,130.4225642963545,50.0,0.0,0.0,1.0
0,2,402,3.997654874077128,130.43883636129274,50.0,0.0,0.0,1.0
0,2,403,3.497925863246877,130.45319387245314,50.0,0.0,0.0,1.0
0,2,404,2.9981529410190007,130.46563669061658,50.0,0.0,0.0,1.0
0,2,405,2.498343853908551,130.47616471050014,50.0,0.0,0.0,1.0
0,2,406,1.998506360774897,130.48477786097686,50.0,0.0,0.0,1.0
0,2,407,1.498648232888229,130.49147610529965,50.0,0.0,0.0,1.0
0,2,408,0.9987772539978721,130.4962594413288,50.0,0.0,0.0,1.0
0,2,409,0.4989012204015353,130.49912790176342,50.0,0.0,0.0,1.0
0,2,410,-0.0009720589838622118,130.50008155437706,50.0,0.0,0.0,1.0
0,2,411,-0.5008347625499567,130.49912050225686,50.0,0.0,0.0,1.0
0,2,412,-1.0006805273825399,130.49624487278643,50.0,0.0,0.0,1.0
0,2,413,-1.5005179633716204,130.49145463499556,50.0,0.0,0.0,1.0
0,2,414,-2.000343827027036,130.48474972407902,50.0,0.0,0.0,1.0
0,2,415,-2.5001503008329875,130.47613012820824,50.0,0.0,0.0,1.0
0,2,416,-2.999929580290403,130.46559587065232,50.0,0.0,0.0,1.0
0,2,417,-3.499673873842763,130.453147009541,50.0,0.0,0.0,1.0
0,2,418,-3.9993754028033397,130.4387836376313,50.0,0.0,0.0,1.0
0,2,419,-4.499026401283853,130.42250588207853,50.0,0.0,0.0,1.0
0,2,420,-4.998619116124514,130.40431390421057,50.0,0.0,0.0,1.0
0,2,421,-5.498145806825444,130.38420789930655,50.0,0.0,0.0,1.0
0,2,422,-5.997598745479445,130.36218809637882,50.0,0.0,0.0,1.0
0,2,423,-6.496970216706115,130.33825475795902,50.0,0.0,0.0,1.0
0,2,424,-6.996252517587277,130.3124081798875,50.0,0.0,0.0,1.0
0,2,425,-7.49543795760372,130.28464869110655,50.0,0.0,0.0,1.0
0,2,426,-7.994518858573219,130.25497665345716,50.0,0.0,0.0,1.0
0,2,427,-8.493487554589839,130.2233924614794,50.0,0.0,0.0,1.0
0,2,428,-8.992336391964473,130.18989654221605,50.0,0.0,0.0,1.0
0,2,429,-9.491057729166645,130.15448935502002,50.0,0.0,0.0,1.0
0,2,430,-9.989643936767518,130.11717139136488,50.0,0.0,0.0,1.0
0,2,431,-10.488087397384103,130.0779431746589,50.0,0.0,0.0,1.0
0,2,432,-10.986380505624691,130.03680526006238,50.0,0.0,0.0,1.0
0,2,433,-11.484515668035423,129.99375823430822,50.0,0.0,0.0,1.0
0,2,434,-11.982485303048048,129.94880271552577,50.0,0.0,0.0,1.0
0,2,435,-12.480281840928814,129.9019393530679,50.0,0.0,0.0,1.0
0,2,436,-12.977897723728502,129.85316882734105,50.0,0.0,0.0,1.0
0,2,437,-13.475325405233564,129.80249184963873,50.0,0.0,0.0,1.0
0,2,438,-13.972557350918377,129.74990916197766,50.0,0.0,0.0,1.0
0,2,439,-14.46958603789858,129.69542153693737,50.0,0.0,0.0,1.0
0,2,440,-14.966403954885482,129.63902977750243,50.0,0.0,0.0,1.0
0,2,441,-15.463003602141544,129.58073471690795,50.0,0.0,0.0,1.0
0,2,442,-15.959377491436893,129.52053721848773,50.0,0.0,0.0,1.0
0,2,443,-16.455518146006884,129.45843817552552,50.0,0.0,0.0,1.0
0,2,444,-16.951418100510693,129.39443851110894,50.0,0.0,0.0,1.0
0,2,445,-17.447069900990876,129.32853917798639,50.0,0.0,0.0,1.0
0,2,446,-17.942466104833983,129.26074115842653,50.0,0.0,0.0,1.0
0,2,447,-18.437599280732123,129.19104546408067,50.0,0.0,0.0,1.0
0,2,448,-18.932462008645494,129.11945313584786,50.0,0.0,0.0,1.0
0,2,449,-19.427046879765896,129.04596524374244,50.0,0.0,0.0,1.0
0,2,450,-19.921346496481164,128.97058288676456,50.0,0.0,0.0,1.0
0,2,451,-20.415353472340605,128.89330719277294,50.0,0.0,0.0,1.0
0,2,452,-20.909060432021228,128.8141393183606,50.0,0.0,0.0,1.0
0,2,453,-21.402460011295062,128.73308044873264,50.0,0.0,0.0,1.0
0,2,454,-21.895544856997212,128.65013179758714,50.0,0.0,0.0,1.0
0,2,455,-22.388307626994923,128.56529460699787,50.0,0.0,0.0,1.0
0,2,456,-22.88074099015747,128.47857014729993,50.0,0.0,0.0,1.0
0,2,457,-23.372837626326934,128.38995971697773,50.0,0.0,0.0,1.0
0,2,458,-23.86459022628984,128.29946464255505,50.0,0.0,0.0,1.0
0,2,459,-24.355991491749656,128.20708627848785,50.0,0.0,0.0,1.0
0,2,460,-24.8470341353001,128.1128260070591,50.0,0.0,0.0,1.0
0,2,461,-25.337710880399285,128.01668523827624,50.0,0.0,0.0,1.0
0,2,462,-25.82801446134485,127.91866540977047,50.0,0.0,0.0,1.0
0,2,463,-26.317937623249534,127.81876798669863,50.0,0.0,0.0,1.0
0,2,464,-26.807473122017917,127.71699446164726,50.0,0.0,0.0,1.0
0,2,465,-27.29661372432379,127.61334635453862,50.0,0.0,0.0,1.0
0,2,466,-27.785352207588367,127.50782521253916,50.0,0.0,0.0,1.0
0,2,467,-28.273681359959205,127.40043260996995,50.0,0.0,0.0,1.0
0,2,468,-28.76159398028998,127.29117014821922,50.0,0.0,0.0,1.0
0,2,469,-29.24908287812096,127.18003945565712,50.0,0.0,0.0,1.0
0,2,470,-29.73614087366029,127.06704218755245,50.0,0.0,0.0,1.0
0,2,471,-30.22276079776597,126.95218002599134,50.0,0.0,0.0,1.0
0,2,472,-30.708935491928628,126.83545467979819,50.0,0.0,0.0,1.0
0,2,473,-31.194657808254966,126.71686788445842,50.0,0.0,0.0,1.0
0,2,474,-31.67992060945201,126.59642140204316,50.0,0.0,0.0,1.0
0,2,475,-32.16471676881197,126.4741170211361,50.0,0.0,0.0,1.0
0,2,476,-32.64903917019795,126.34995655676202,50.0,0.0,0.0,1.0
0,2,477,-33.13288070803028,126.22394185031746,50.0,0.0,0.0,1.0
0,2,478,-33.61623428727349,126.09607476950305,50.0,0.0,0.0,1.0
0,2,479,-34.09909282342419,125.96635720825796,50.0,0.0,0.0,1.0
0,2,480,-34.58144924249938,125.83479108669596,50.0,0.0,0.0,1.0
0,2,481,-35.06329648102564,125.7013783510435,50.0,0.0,0.0,1.0
0,2,482,-35.54462748602888,125.56612097357949,50.0,0.0,0.0,1.0
0,2,483,-36.0254352150249,125.4290209525769,50.0,0.0,0.0,1.0
0,2,484,-36.50571263601039,125.2900803122462,50.0,0.0,0.0,1.0
0,2,485,-36.98545272745489,125.1493011026805,50.0,0.0,0.0,1.0
0,2,486,-37.464648478293135,125.0066853998024,50.0,0.0,0.0,1.0
0,2,487,-37.94329288791827,124.86223530531268,50.0,0.0,0.0,1.0
0,2,488,-38.421378966175546,124.71595294664064,50.0,0.0,0.0,1.0
0,2,489,-38.89889973335682,124.56784047689614,50.0,0.0,0.0,1.0
0,2,490,-39.37584822019556,124.41790007482332,50.0,0.0,0.0,1.0
0,2,491,-39.85221746786258,124.266133944756,50.0,0.0,0.0,1.0
0,2,492,-40.328000527962416,124.11254431657478,50.0,0.0,0.0,1.0
0,2,493,-40.80319046253026,123.95713344566575,50.0,0.0,0.0,1.0
0,2,494,-41.27778034402961,123.79990361288075,50.0,0.0,0.0,1.0
0,2,495,-41.7517632553505,123.64085712449949,50.0,0.0,0.0,1.0
0,2,496,-42.22513228980838,123.47999631219297,50.0,0.0,0.0,1.0
0,2,497,-42.69788055114362,123.31732353298875,50.0,0.0,0.0,1.0
0,2,498,-43.17000115352163,123.15284116923769,50.0,0.0,0.0,1.0
0,2,499,-43.64148722153358,122.98655162858228,50.0,0.0,0.0,1.0
0,2,500,-44.112331890197815,122.81845734392661,50.0,0.0,0.0,1.0
0,2,501,-44.58252830496178,122.64856077340775,50.0,0.0,0.0,1.0
0,2,502,-45.05206962170466,122.47686440036887,50.0,0.0,0.0,1.0
0,2,503,-45.520949006740594,122.30337073333378,50.0,0.0,0.0,1.0
0,2,504,-45.989159636822485,122.128082305983,50.0,0.0,0.0,1.0
0,2,505,-46.45669469914647,121.95100167713149,50.0,0.0,0.0,1.0
0,2,506,-46.92354739135698,121.77213143070767,50.0,0.0,0.0,1.0
0,2,507,-47.389710921552414,121.59147417573429,50.0,0.0,0.0,1.0
0,2,508,-47.85517850829144,121.40903254631044,50.0,0.0,0.0,1.0
0,2,509,-48.319943380599895,121.22480920159536,50.0,0.0,0.0,1.0
0,2,510,-48.78399877797831,121.0388068257936,50.0,0.0,0.0,1.0
0,2,511,-49.24733795041008,120.85102812814172,50.0,0.0,0.0,1.0
0,2,512,-49.70995415837016,120.66147584289651,50.0,0.0,0.0,1.0
0,2,513,-50.171840672834534,120.47015272932462,50.0,0.0,0.0,1.0
0,2,514,-50.63299077529011,120.27706157169382,50.0,0.0,0.0,1.0
0,2,515,-51.093397757745464,120.08220517926553,50.0,0.0,0.0,1.0
0,2,516,-51.553054922741936,119.8855863862891,50.0,0.0,0.0,1.0
0,2,517,-52.01195558336562,119.68720805199739,50.0,0.0,0.0,1.0
0,2,518,-52.47009306325981,119.48707306060379,50.0,0.0,0.0,1.0
0,2,519,-52.92746069663812,119.28518432130097,50.0,0.0,0.0,1.0
0,2,520,-53.38405182829824,119.08154476826088,50.0,0.0,0.0,1.0
0,2,521,-53.839859813636366,118.87615736063626,50.0,0.0,0.0,1.0
0,2,522,-54.29487801866219,118.66902508256378,50.0,0.0,0.0,1.0
0,2,523,-54.74909982001458,118.4601509431685,50.0,0.0,0.0,1.0
0,2,524,-55.20251860497788,118.24953797656997,50.0,0.0,0.0,1.0
0,2,525,-55.65512777149896,118.03718924188964,50.0,0.0,0.0,1.0
0,2,526,-56.1069207282047,117.82310782325996,50.0,0.0,0.0,1.0
0,2,527,-56.557890894420346,117.60729682983484,50.0,0.0,0.0,1.0
0,2,528,-57.008031700188425,117.38975939580168,50.0,0.0,0.0,1.0
0,2,529,-57.457336586288356,117.17049868039484,50.0,0.0,0.0,1.0
0,2,530,-57.90579900425668,116.94951786791079,50.0,0.0,0.0,1.0
0,2,531,-58.353412416408,116.72682016772447,50.0,0.0,0.0,1.0
0,2,532,-58.80017029585662,116.50240881430754,50.0,0.0,0.0,1.0
0,2,533,-59.24606612653889,116.27628706724789,50.0,0.0,0.0,1.0
0,2,534,-59.691093403236074,116.04845821127081,50.0,0.0,0.0,1.0
0,2,535,-60.13524563159815,115.81892555626165,50.0,0.0,0.0,1.0
0,2,536,-60.57851632816814,115.58769243729007,50.0,0.0,0.0,1.0
0,2,537,-61.020899020407235,115.35476221463588,50.0,0.0,0.0,1.0
0,2,538,-61.462387246720574,115.12013827381637,50.0,0.0,0.0,1.0
0,2,539,-61.90297455648376,114.88382402561524,50.0,0.0,0.0,1.0
0,2,540,-62.34265451007019,114.64582290611324,50.0,0.0,0.0,1.0
0,2,541,-62.78142067887892,114.40613837672021,50.0,0.0,0.0,1.0
0,2,542,-63.21926664536352,114.1647739242089,50.0,0.0,0.0,1.0
0,2,543,-63.6561860030614,113.92173306075033,50.0,0.0,0.0,1.0
0,2,544,-64.09217235662419,113.67701932395079,50.0,0.0,0.0,1.0
0,2,545,-64.52721932184863,113.43063627689057,50.0,0.0,0.0,1.0
0,2,546,-64.96132052570839,113.18258750816416,50.0,0.0,0.0,1.0
0,2,547,-65.3944696063865,112.93287663192243,50.0,0.0,0.0,1.0
0,2,548,-65.82666021330886,112.68150728791609,50.0,0.0,0.0,1.0
0,2,549,-66.25788600717816,112.4284831415413,50.0,0.0,0.0,1.0
0,2,550,-66.68814066000898,112.17380788388664,50.0,0.0,0.0,1.0
0,2,551,-67.11741785516341,111.917485231782,50.0,0.0,0.0,1.0
0,2,552,-67.54571128738765,111.6595189278491,50.0,0.0,0.0,1.0
0,2,553,-67.97301466284941,111.39991274055397,50.0,0.0,0.0,1.0
0,2,554,-68.3993216991761,111.13867046426097,50.0,0.0,0.0,1.0
0,2,555,-68.82462612549402,110.87579591928876,50.0,0.0,0.0,1.0
0,2,556,-69.24892168246814,110.61129295196804,50.0,0.0,0.0,1.0
0,2,557,-69.67220212234302,110.34516543470119,50.0,0.0,0.0,1.0
0,2,558,-70.09446120898454,110.07741726602359,50.0,0.0,0.0,1.0
0,2,559,-70.51569271792236,109.80805237066706,50.0,0.0,0.0,1.0
0,2,560,-70.93589043639354,109.53707469962494,50.0,0.0,0.0,1.0
0,2,561,-71.3550481633868,109.26448823021931,50.0,0.0,0.0,1.0
0,2,562,-71.77315970968796,108.99029696617,50.0,0.0,0.0,1.0
0,2,563,-72.19021889792621,108.71450493766554,50.0,0.0,0.0,1.0
0,2,564,-72.60621956262115,108.43711620143621,50.0,0.0,0.0,1.0
0,2,565,-73.02115555023123,108.15813484082896,50.0,0.0,0.0,1.0
0,2,566,-73.43502071920261,107.87756496588449,50.0,0.0,0.0,1.0
0,2,567,-73.84780894001946,107.59541071341616,50.0,0.0,0.0,1.0
0,2,568,-74.259514095255,107.31167624709123,50.0,0.0,0.0,1.0
0,2,569,-74.67013007962365,107.02636575751401,50.0,0.0,0.0,1.0
0,2,570,-75.07965080003414,106.73948346231113,50.0,0.0,0.0,1.0
0,2,571,-75.48807017564377,106.45103360621907,50.0,0.0,0.0,1.0
0,2,572,-75.89538213791354,106.16102046117375,50.0,0.0,0.0,1.0
0,2,573,-76.30158063066446,105.86944832640233,50.0,0.0,0.0,1.0
0,2,574,-76.706659610135,105.57632152851728,50.0,0.0,0.0,1.0
0,2,575,-77.11061304503939,105.28164442161267,50.0,0.0,0.0,1.0
0,2,576,-77.51343491662725,104.98542138736265,50.0,0.0,0.0,1.0
0,2,577,-77.91511921874428,104.68765683512243,50.0,0.0,0.0,1.0
0,2,578,-78.31565995789401,104.38835520203133,50.0,0.0,0.0,1.0
0,2,579,-78.71505115330076,104.08752095311846,50.0,0.0,0.0,1.0
0,2,580,-79.11328683697371,103.78515858141058,50.0,0.0,0.0,1.0
0,2,581,-79.51036105377224,103.48127260804245,50.0,0.0,0.0,1.0
0,2,582,-79.90626786147234,103.17586758236965,50.0,0.0,0.0,1.0
0,2,583,-80.30100133083428,102.86894808208388,50.0,0.0,0.0,1.0
0,2,584,-80.69455554567153,102.56051871333074,50.0,0.0,0.0,1.0
0,2,585,-81.08692460292092,102.25058411083003,50.0,0.0,0.0,1.0
0,2,586,-81.47810261271394,101.93914893799875,50.0,0.0,0.0,1.0
0,2,587,-81.86808369844948,101.62621788707654,50.0,0.0,0.0,1.0
0,2,588,-82.25686199686767,101.31179567925386,50.0,0.0,0.0,1.0
0,2,589,-82.64443165812524,100.99588706480282,50.0,0.0,0.0,1.0
0,2,590,-83.030786845872,100.67849682321076,50.0,0.0,0.0,1.0
0,2,591,-83.41592173732874,100.35962976331655,50.0,0.0,0.0,1.0
0,2,592,-83.79983052336654,100.03929072344957,50.0,0.0,0.0,1.0
0,2,593,-84.18250740858731,99.71748457157167,50.0,0.0,0.0,1.0
0,2,594,-84.56394661140591,99.3942162054219,50.0,0.0,0.0,1.0
0,2,595,-84.94414236413344,99.06949055266412,50.0,0.0,0.0,1.0
0,2,596,-85.32308891306218,98.74331257103756,50.0,0.0,0.0,1.0
0,2,597,-85.70078051855188,98.4156872485103,50.0,0.0,0.0,1.0
0,2,598,-86.07721145511744,98.08661960343582,50.0,0.0,0.0,1.0
0,2,599,-86.4523760115182,97.75611468471257,50.0,0.0,0.0,1.0
0,2,600,-86.82626849084863,97.4241775719465,50.0,0.0,0.0,1.0
0,2,601,-87.19888321063065,97.09081337561696,50.0,0.0,0.0,1.0
0,2,602,-87.57021450290736,96.75602723724549,50.0,0.0,0.0,1.0
0,2,603,-87.94025671433835,96.41982432956797,50.0,0.0,0.0,1.0
0,2,604,-88.30900420629672,96.08220985671,50.0,0.0,0.0,1.0
0,2,605,-88.67645135496753,95.74318905436544,50.0,0.0,0.0,1.0
0,2,606,-89.04259255144794,95.4027671899785,50.0,0.0,0.0,1.0
0,2,607,-89.40742220184904,95.06094956292894,50.0,0.0,0.0,1.0
0,2,608,-89.77093472739924,94.71774150472083,50.0,0.0,0.0,1.0
0,2,609,-90.13312456454936,94.3731483791748,50.0,0.0,0.0,1.0
0,2,610,-90.49398616507952,94.02717558262358,50.0,0.0,0.0,1.0
0,2,611,-90.8535139962076,93.67982854411144,50.0,0.0,0.0,1.0
0,2,612,-91.21170254069959,93.3311127255968,50.0,0.0,0.0,1.0
0,2,613,-91.56854629698152,92.98103362215866,50.0,0.0,0.0,1.0
0,2,614,-91.92403977925342,92.62959676220694,50.0,0.0,0.0,1.0
0,2,615,-92.27817751760492,92.2768077076961,50.0,0.0,0.0,1.0
0,2,616,-92.63095405813262,91.92267205434283,50.0,0.0,0.0,1.0
0,2,617,-92.98236498324485,91.56719439591194,50.0,0.0,0.0,1.0
0,2,618,-93.33241622445664,91.21036875608094,50.0,0.0,0.0,1.0
0,2,619,-93.68110540448427,90.85219742073265,50.0,0.0,0.0,1.0
0,2,620,-94.02842698714497,90.49268590932131,50.0,0.0,0.0,1.0
0,2,621,-94.37437547027801,90.13183975691476,50.0,0.0,0.0,1.0
0,2,622,-94.71894538552458,89.76966451407922,50.0,0.0,0.0,1.0
0,2,623,-95.06213129811142,89.4061657467659,50.0,0.0,0.0,1.0
0,2,624,-95.40392780663838,89.04134903619922,50.0,0.0,0.0,1.0
0,2,625,-95.74432954286938,88.67521997876706,50.0,0.0,0.0,1.0
0,2,626,-96.08333117152739,88.30778418591238,50.0,0.0,0.0,1.0
0,2,627,-96.42092739009281,87.93904728402691,50.0,0.0,0.0,1.0
0,2,628,-96.75711292860545,87.56901491434618,50.0,0.0,0.0,1.0
0,2,629,-97.09188254947009,87.19769273284648,50.0,0.0,0.0,1.0
0,2,630,-97.42523104726554,86.82508641014331,50.0,0.0,0.0,1.0
0,2,631,-97.75715324855706,86.45120163139153,50.0,0.0,0.0,1.0
0,2,632,-98.08764401171226,86.076044096187,50.0,0.0,0.0,1.0
0,2,633,-98.41669822672033,85.69961951846997,50.0,0.0,0.0,1.0
0,2,634,-98.74431081501453,85.32193362642991,50.0,0.0,0.0,1.0
0,2,635,-99.07047672929805,84.94299216241185,50.0,0.0,0.0,1.0
0,2,636,-99.39519095337305,84.56280088282439,50.0,0.0,0.0,1.0
0,2,637,-99.71844850197282,84.18136555804911,50.0,0.0,0.0,1.0
0,2,638,-100.04024442059722,83.7986919723514,50.0,0.0,0.0,1.0
0,2,639,-100.36057378535119,83.41478592379298,50.0,0.0,0.0,1.0
0,2,640,-100.67943170278622,83.02965322414558,50.0,0.0,0.0,1.0
0,2,641,-100.99681330974495,82.6432996988063,50.0,0.0,0.0,1.0
0,2,642,-101.31271377320884,82.25573118671423,50.0,0.0,0.0,1.0
0,2,643,-101.62712829014858,81.86695354026854,50.0,0.0,0.0,1.0
0,2,644,-101.94005208737757,81.47697262524784,50.0,0.0,0.0,1.0
0,2,645,-102.2514804214083,81.08579432073108,50.0,0.0,0.0,1.0
0,2,646,-102.56140857831143,80.6934245190196,50.0,0.0,0.0,1.0
0,2,647,-102.86983187357785,80.29986912556063,50.0,0.0,0.0,1.0
0,2,648,-103.17674565198331,79.90513405887204,50.0,0.0,0.0,1.0
0,2,649,-103.482145287456,79.50922525046838,50.0,0.0,0.0,1.0
0,2,650,-103.7860261829467,79.11214864478822,50.0,0.0,0.0,1.0
0,2,651,-104.08838377030158,78.7139101991228,50.0,0.0,0.0,1.0
0,2,652,-104.38921351013774,78.3145158835457,50.0,0.0,0.0,1.0
0,2,653,-104.68851089172124,77.91397168084403,50.0,0.0,0.0,1.0
0,2,654,-104.98627143284777,77.51228358645066,50.0,0.0,0.0,1.0
0,2,655,-105.28249067972583,77.10945760837764,50.0,0.0,0.0,1.0
0,2,656,-105.5771642068624,76.70549976715085,50.0,0.0,0.0,1.0
0,2,657,-105.8702876169511,76.30041609574579,50.0,0.0,0.0,1.0
0,2,658,-106.16185654076281,75.89421263952457,50.0,0.0,0.0,1.0
0,2,659,-106.45186663703863,75.4868954561739,50.0,0.0,0.0,1.0
0,2,660,-106.7403135923853,75.07847061564436,50.0,0.0,0.0,1.0
0,2,661,-107.02719312117297,74.66894420009072,50.0,0.0,0.0,1.0
0,2,662,-107.31250096543518,74.25832230381327,50.0,0.0,0.0,1.0
0,2,663,-107.5962328947713,73.8466110332003,50.0,0.0,0.0,1.0
0,2,664,-107.87838470625115,73.43381650667169,50.0,0.0,0.0,1.0
0,2,665,-108.15895222432182,73.01994485462345,50.0,0.0,0.0,1.0
0,2,666,-108.43793130071676,72.60500221937336,50.0,0.0,0.0,1.0
0,2,667,-108.71531781436713,72.18899475510752,50.0,0.0,0.0,1.0
0,2,668,-108.99110767131512,71.77192862782819,50.0,0.0,0.0,1.0
0,2,669,-109.26529680462954,71.35381001530232,50.0,0.0,0.0,1.0
0,2,670,-109.53788117432357,70.93464510701116,50.0,0.0,0.0,1.0
0,2,671,-109.80885676727442,70.51444010410097,50.0,0.0,0.0,1.0
0,2,672,-110.07821959714522,70.09320121933452,50.0,0.0,0.0,1.0
0,2,673,-110.34596570430885,69.6709346770436,50.0,0.0,0.0,1.0
0,2,674,-110.61209115577387,69.24764671308253,50.0,0.0,0.0,1.0
0,2,675,-110.87659204511233,68.82334357478251,50.0,0.0,0.0,1.0
0,2,676,-111.13946449238965,68.39803152090693,50.0,0.0,0.0,1.0
0,2,677,-111.40070464409641,67.97171682160749,50.0,0.0,0.0,1.0
0,2,678,-111.66030867308208,67.54440575838146,50.0,0.0,0.0,1.0
0,2,679,-111.91827277849066,67.11610462402948,50.0,0.0,0.0,1.0
0,2,680,-112.17459318569821,66.68681972261449,50.0,0.0,0.0,1.0
0,2,681,-112.4292661462522,66.25655736942139,50.0,0.0,0.0,1.0
0,2,682,-112.68228793781282,65.82532389091767,50.0,0.0,0.0,1.0
0,2,683,-112.933654864096,65.3931256247147,50.0,0.0,0.0,1.0
0,2,684,-113.18336325481835,64.95996891953001,50.0,0.0,0.0,1.0
0,2,685,-113.43140946564378,64.52586013515037,50.0,0.0,0.0,1.0
0,2,686,-113.6777898781321,64.09080564239551,50.0,0.0,0.0,1.0
0,2,687,-113.92250089968908,63.65481182308298,50.0,0.0,0.0,1.0
0,2,688,-114.16553896351854,63.2178850699934,50.0,0.0,0.0,1.0
0,2,689,-114.40690052857605,62.780031786836844,50.0,0.0,0.0,1.0
0,2,690,-114.64658207952431,62.34125838821978,50.0,0.0,0.0,1.0
0,2,691,-114.88458012669028,61.901571299612854,50.0,0.0,0.0,1.0
0,2,692,-115.12089120602408,61.46097695731947,50.0,0.0,0.0,1.0
0,2,693,-115.35551187905938,61.01948180844501,50.0,0.0,0.0,1.0
0,2,694,-115.58843873287557,60.57709231086696,50.0,0.0,0.0,1.0
0,2,695,-115.81966838006161,60.133814933205606,50.0,0.0,0.0,1.0
0,2,696,-116.04919745868142,59.689656154795564,50.0,0.0,0.0,1.0
0,2,697,-116.27702263224091,59.24462246565801,50.0,0.0,0.0,1.0
0,2,698,-116.50314058965672,58.7987203664736,50.0,0.0,0.0,1.0
0,2,699,-116.72754804522646,58.35195636855614,50.0,0.0,0.0,1.0
0,2,700,-116.95024173860054,57.90433699382688,50.0,0.0,0.0,1.0
0,2,701,-117.1712184347557,57.45586877478962,50.0,0.0,0.0,1.0
0,2,702,-117.39047492396996,57.0065582545064,50.0,0.0,0.0,1.0
0,2,703,-117.60800802179924,56.55641198657391,50.0,0.0,0.0,1.0
0,2,704,-117.82381456905547,56.10543653510062,50.0,0.0,0.0,1.0
0,2,705,-118.03789143178636,55.65363847468451,50.0,0.0,0.0,1.0
0,2,706,-118.25023550125651,55.20102439039149,50.0,0.0,0.0,1.0
0,2,707,-118.4608436939303,54.7476008777345,50.0,0.0,0.0,1.0
0,2,708,-118.66971295145609,54.293374542653275,50.0,0.0,0.0,1.0
0,2,709,-118.87684024065211,53.83835200149471,50.0,0.0,0.0,1.0
0,2,710,-119.08222255349372,53.38253988099394,50.0,0.0,0.0,1.0
0,2,711,-119.28585690710236,52.925944818255964,50.0,0.0,0.0,1.0
0,2,712,-119.48774034373577,52.46857346073802,50.0,0.0,0.0,1.0
0,2,713,-119.68786993077994,52.01043246623256,50.0,0.0,0.0,1.0
0,2,714,-119.88624276074249,51.55152850285075,50.0,0.0,0.0,1.0
0,2,715,-120.08285595124744,51.09186824900678,50.0,0.0,0.0,1.0
0,2,716,-120.27770664503163,50.63145839340264,50.0,0.0,0.0,1.0
0,2,717,-120.47079200994251,50.170305635013605,50.0,0.0,0.0,1.0
0,2,718,-120.66210923893757,49.708416683074304,50.0,0.0,0.0,1.0
0,2,719,-120.85165555008503,49.245798257065395,50.0,0.0,0.0,1.0
0,2,720,-121.03942818656628,48.782457086700894,50.0,0.0,0.0,1.0
0,2,721,-121.22542441667967,48.31839991191606,50.0,0.0,0.0,1.0
0,2,722,-121.40964153384573,47.8536334828559,50.0,0.0,0.0,1.0
0,2,723,-121.59207685661406,47.38816455986434,50.0,0.0,0.0,1.0
0,2,724,-121.77272772867155,46.92199991347389,50.0,0.0,0.0,1.0
0,2,725,-121.95159151885221,46.45514632439602,50.0,0.0,0.0,1.0
0,2,726,-122.12866562114843,45.98761058351208,50.0,0.0,0.0,1.0
0,2,727,-122.30394745472373,45.51939949186477,50.0,0.0,0.0,1.0
0,2,728,-122.4774344639271,45.05051986065034,50.0,0.0,0.0,1.0
0,2,729,-122.64912411830879,44.580978511211256,50.0,0.0,0.0,1.0
0,2,730,-122.81901391263756,44.11078227502957,50.0,0.0,0.0,1.0
0,2,731,-122.98710136691956,43.63993799372077,50.0,0.0,0.0,1.0
0,2,732,-123.1533840264187,43.16845251902834,50.0,0.0,0.0,1.0
0,2,733,-123.31785946167844,42.696332712818844,50.0,0.0,0.0,1.0
0,2,734,-123.48052526854529,42.22358544707763,50.0,0.0,0.0,1.0
0,2,735,-123.64137906819374,41.75021760390512,50.0,0.0,0.0,1.0
0,2,736,-123.80041850715274,41.27623607551372,50.0,0.0,0.0,1.0
0,2,737,-123.9576412573338,40.801647764225336,50.0,0.0,0.0,1.0
0,2,738,-124.11304501606061,40.32645958246939,50.0,0.0,0.0,1.0
0,2,739,-124.26662750610024,39.85067845278161,50.0,0.0,0.0,1.0
0,2,740,-124.41838647569591,39.37431130780322,50.0,0.0,0.0,1.0
0,2,741,-124.56831969860143,38.897365090280935,50.0,0.0,0.0,1.0
0,2,742,-124.71642497411716,38.4198467530674,50.0,0.0,0.0,1.0
0,2,743,-124.86270012712757,37.941763259122304,50.0,0.0,0.0,1.0
0,2,744,-125.00714300814053,37.463121581514116,50.0,0.0,0.0,1.0
0,2,745,-125.1497514933282,36.98392870342239,50.0,0.0,0.0,1.0
0,2,746,-125.2905234845694,36.50419161814076,50.0,0.0,0.0,1.0
0,2,747,-125.42945690949401,36.02391732908039,50.0,0.0,0.0,1.0
0,2,748,-125.56654972152865,35.54311284977429,50.0,0.0,0.0,1.0
0,2,749,-125.70179989994432,35.06178520388197,50.0,0.0,0.0,1.0
0,2,750,-125.8352054499056,34.57994142519502,50.0,0.0,0.0,1.0
0,2,751,-125.9667644025217,34.09758855764302,50.0,0.0,0.0,1.0
0,2,752,-126.09647481489908,33.614733655300334,50.0,0.0,0.0,1.0
0,2,753,-126.22433477019594,33.1313837823934,50.0,0.0,0.0,1.0
0,2,754,-126.35034237767846,32.64754601330863,50.0,0.0,0.0,1.0
0,2,755,-126.47449577277877,32.1632274326012,50.0,0.0,0.0,1.0
0,2,756,-126.5967931171548,31.678435135004072,50.0,0.0,0.0,1.0
0,2,757,-126.71723259875185,31.193176225438172,50.0,0.0,0.0,1.0
0,2,758,-126.83581243186609,30.70745781902275,50.0,0.0,0.0,1.0
0,2,759,-126.95253085720984,30.22128704108674,50.0,0.0,0.0,1.0
0,2,760,-127.0673861419788,29.734671027180653,50.0,0.0,0.0,1.0
0,2,761,-127.18037657992105,29.247616923089183,50.0,0.0,0.0,1.0
0,2,762,-127.29150049140814,28.760131884844405,50.0,0.0,0.0,1.0
0,2,763,-127.40075622350793,28.272223078739827,50.0,0.0,0.0,1.0
0,2,764,-127.50814215005953,27.783897681345017,50.0,0.0,0.0,1.0
0,2,765,-127.61365667175008,27.295162879520916,50.0,0.0,0.0,1.0
0,2,766,-127.71729821619371,26.80602587043596,50.0,0.0,0.0,1.0
0,2,767,-127.81906523801231,26.316493861582785,50.0,0.0,0.0,1.0
0,2,768,-127.91895621891851,25.826574070795843,50.0,0.0,0.0,1.0
0,2,769,-128.01696966780065,25.33627372626941,50.0,0.0,0.0,1.0
0,2,770,-128.1131041208098,24.845600066576793,50.0,0.0,0.0,1.0
0,2,771,-128.20735814144908,24.354560340689872,50.0,0.0,0.0,1.0
0,2,772,-128.29973032066488,23.86316180799956,50.0,0.0,0.0,1.0
0,2,773,-128.39021927694031,23.37141173833713,50.0,0.0,0.0,1.0
0,2,774,-128.4788236563911,22.879317411996013,50.0,0.0,0.0,1.0
0,2,775,-128.5655421328633,22.386886119754678,50.0,0.0,0.0,1.0
0,2,776,-128.65037340803346,21.89412516290011,50.0,0.0,0.0,1.0
0,2,777,-128.73331621151118,21.40104185325218,50.0,0.0,0.0,1.0
0,2,778,-128.81436930094375,20.907643513188688,50.0,0.0,0.0,1.0
0,2,779,-128.89353146212312,20.41393747567136,50.0,0.0,0.0,1.0
0,2,780,-128.97080150909548,19.91993108427259,50.0,0.0,0.0,1.0
0,2,781,-129.04617828427294,19.425631693203016,50.0,0.0,0.0,1.0
0,2,782,-129.1196606585478,18.93104666733997,50.0,0.0,0.0,1.0
0,2,783,-129.19124753140912,18.436183382256658,50.0,0.0,0.0,1.0
0,2,784,-129.26093783106205,17.94104922425241,50.0,0.0,0.0,1.0
0,2,785,-129.32873051454922,17.445651590383576,50.0,0.0,0.0,1.0
0,2,786,-129.39462456787518,16.94999788849549,50.0,0.0,0.0,1.0
0,2,787,-129.458619006133,16.4540955372551,50.0,0.0,0.0,1.0
0,2,788,-129.52071287363364,15.957951966184822,50.0,0.0,0.0,1.0
0,2,789,-129.58090524403812,15.461574615696918,50.0,0.0,0.0,1.0
0,2,790,-129.63919522049196,14.964970937129138,50.0,0.0,0.0,1.0
0,2,791,-129.69558193576276,14.468148392781174,50.0,0.0,0.0,1.0
0,2,792,-129.75006455238025,13.971114455951835,50.0,0.0,0.0,1.0
0,2,793,-129.80264226277922,13.473876610977683,50.0,0.0,0.0,1.0
0,2,794,-129.8533142894452,12.976442353272091,50.0,0.0,0.0,1.0
0,2,795,-129.90207988506305,12.478819189365723,50.0,0.0,0.0,1.0
0,2,796,-129.94893833266846,11.981014636947648,50.0,0.0,0.0,1.0
0,2,797,-129.99388894580227,11.483036224907806,50.0,0.0,0.0,1.0
0,2,798,-130.03693106866774,10.984891493380246,50.0,0.0,0.0,1.0
0,2,799,-130.07806407629116,10.486587993787424,50.0,0.0,0.0,1.0
0,2,800,-130.11728737468482,9.98813328888572,50.0,0.0,0.0,1.0
0,2,801,-130.1546004010138,9.489534952811795,50.0,0.0,0.0,1.0
0,2,802,-130.19000262376534,8.990800571130208,50.0,0.0,0.0,1.0
0,2,803,-130.2234935429217,8.491937740881994,50.0,0.0,0.0,1.0
0,2,804,-130.25507269013585,7.992954070634369,50.0,0.0,0.0,1.0
0,2,805,-130.28473962891096,7.49385718053162,50.0,0.0,0.0,1.0
0,2,806,-130.3124939547825,6.9946547023470345,50.0,0.0,0.0,1.0
0,2,807,-130.3383352955043,6.495354279536073,50.0,0.0,0.0,1.0
0,2,808,-130.3622633112373,5.995963567290616,50.0,0.0,0.0,1.0
0,2,809,-130.38427769474248,5.4964902325943825,50.0,0.0,0.0,1.0
0,2,810,-130.40437817157658,4.996941954279606,50.0,0.0,0.0,1.0
0,2,811,-130.4225645002916,4.497326423084985,50.0,0.0,0.0,1.0
0,2,812,-130.43883647263786,3.9976513417145583,50.0,0.0,0.0,1.0
0,2,813,-130.45319391377058,3.4979244248982013,50.0,0.0,0.0,1.0
0,2,814,-130.4656366824601,2.998153399453088,50.0,0.0,0.0,1.0
0,2,815,-130.47616467130575,2.4983460043465726,50.0,0.0,0.0,1.0
0,2,816,-130.48477780695347,1.9985099907603114,50.0,0.0,0.0,1.0
0,2,817,-130.49147605031726,1.498653122155659,50.0,0.0,0.0,1.0
0,2,818,-130.49625939680433,0.998783174340474,50.0,0.0,0.0,1.0
0,2,819,-130.49912787654412,0.4989079355371473,50.0,0.0,0.0,1.0
0,2,820,-130.50008155462135,-0.0009647935479222269,50.0,0.0,0.0,1.0
0,2,821,-130.49912053131294,-0.5008271996535143,50.0,0.0,0.0,1.0
0,2,822,-130.49624493119236,-1.0006729107271788,50.0,0.0,0.0,1.0
0,2,823,-130.49145472257734,-1.5005103468348846,50.0,0.0,0.0,1.0
0,2,824,-130.48474984083714,-2.0003362107281477,50.0,0.0,0.0,1.0
0,2,825,-130.47613027414263,-2.5001426848909727,50.0,0.0,0.0,1.0
0,2,826,-130.46559604576242,-2.9999219648240922,50.0,0.0,0.0,1.0
0,2,827,-130.45314721382562,-3.4996662589707923,50.0,0.0,0.0,1.0
0,2,828,-130.4387838710888,-3.999367788644151,50.0,0.0,0.0,1.0
0,2,829,-130.42250614470663,-4.499018787955695,50.0,0.0,0.0,1.0
0,2,830,-130.4043141960066,-4.998611503745446,50.0,0.0,0.0,1.0
0,2,831,-130.38420822026723,-5.498138195513328,50.0,0.0,0.0,1.0
0,2,832,-130.3621884465004,-5.997591135351957,50.0,0.0,0.0,1.0
0,2,833,-130.3382551372372,-6.4969626078807385,50.0,0.0,0.0,1.0
0,2,834,-130.3124085883175,-6.996244910181308,50.0,0.0,0.0,1.0
0,2,835,-130.28464912868307,-7.495430351734262,50.0,0.0,0.0,1.0
0,2,836,-130.2549771201744,-7.994511254357193,50.0,0.0,0.0,1.0
0,2,837,-130.22339295733104,-8.493479952143975,50.0,0.0,0.0,1.0
0,2,838,-130.18989706719535,-8.992328791405317,50.0,0.0,0.0,1.0
0,2,839,-130.15448990911966,-9.491050130610557,50.0,0.0,0.0,1.0
0,2,840,-130.1171719745771,-9.98963634033067,50.0,0.0,0.0,1.0
0,2,841,-130.07794378697545,-10.488079803182487,50.0,0.0,0.0,1.0
0,2,842,-130.0368059014745,-10.986372913774115,50.0,0.0,0.0,1.0
0,2,843,-129.99375890480673,-11.484508078651512,50.0,0.0,0.0,1.0
0,2,844,-129.94880341510094,-11.982477716246246,50.0,0.0,0.0,1.0
0,2,845,-129.90194008170957,-12.480274256824382,50.0,0.0,0.0,1.0
0,2,846,-129.85316958503861,-12.977890142436523,50.0,0.0,0.0,1.0
0,2,847,-129.80249263638103,-13.47531782686894,50.0,0.0,0.0,1.0
0,2,848,-129.74990997775316,-13.972549775595834,50.0,0.0,0.0,1.0
0,2,849,-129.69542238173403,-14.46957846573266,50.0,0.0,0.0,1.0
0,2,850,-129.63903065130776,-14.966396385990558,50.0,0.0,0.0,1.0
0,2,851,-129.58073561970897,-15.462996036631802,50.0,0.0,0.0,1.0
0,2,852,-129.52053815027105,-15.95936992942635,50.0,0.0,0.0,1.0
0,2,853,-129.45843913627726,-16.45551058760939,50.0,0.0,0.0,1.0
0,2,854,-129.39443950081483,-16.9514105458399,50.0,0.0,0.0,1.0
0,2,855,-129.32854019663162,-17.447062350160277,50.0,0.0,0.0,1.0
0,2,856,-129.2607422059959,-17.942458557956904,50.0,0.0,0.0,1.0
0,2,857,-129.19104654055855,-18.437591737921707,50.0,0.0,0.0,1.0
0,2,858,-129.11945424121814,-18.932454470014708,50.0,0.0,0.0,1.0
0,2,859,-129.04596637798858,-19.427039345427545,50.0,0.0,0.0,1.0
0,2,860,-128.97058404986953,-19.92133896654789,50.0,0.0,0.0,1.0
0,2,861,-128.89330838471938,-20.41534594692485,50.0,0.0,0.0,1.0
0,2,862,-128.81414053913062,-20.9090529112353,50.0,0.0,0.0,1.0
0,2,863,-128.733081698308,-21.402452495251072,50.0,0.0,0.0,1.0
0,2,864,-128.6501330759491,-21.895537345807117,50.0,0.0,0.0,1.0
0,2,865,-128.56529591412726,-22.388300120770506,50.0,0.0,0.0,1.0
0,2,866,-128.47857148317723,-22.88073348901035,50.0,0.0,0.0,1.0
0,2,867,-128.3899610815829,-23.372830130368556,50.0,0.0,0.0,1.0
0,2,868,-128.29946603586762,-23.864582735631497,50.0,0.0,0.0,1.0
0,2,869,-128.207087700487,-24.355984006502453,50.0,0.0,0.0,1.0
0,2,870,-128.11282745772357,-24.847026655575,50.0,0.0,0.0,1.0
0,2,871,-128.01668671758432,-25.33770340630711,50.0,0.0,0.0,1.0
0,2,872,-127.91866691770001,-25.82800699299618,50.0,0.0,0.0,1.0
0,2,873,-127.81876952322713,-26.317930160754827,50.0,0.0,0.0,1.0
0,2,874,-127.71699602675174,-26.807465665487467,50.0,0.0,0.0,1.0
0,2,875,-127.61334794819574,-27.296606273867727,50.0,0.0,0.0,1.0
0,2,876,-127.50782683472512,-27.785344763316655,50.0,0.0,0.0,1.0
0,2,877,-127.40043426066055,-28.27367392198164,50.0,0.0,0.0,1.0
0,2,878,-127.29117182738986,-28.761586548716206,50.0,0.0,0.0,1.0
0,2,879,-127.18004116328278,-29.249075453060453,50.0,0.0,0.0,1.0
0,2,880,-127.06704392360768,-29.73613345522237,50.0,0.0,0.0,1.0
0,2,881,-126.95218179045033,-30.222753386059793,50.0,0.0,0.0,1.0
0,2,882,-126.83545647263468,-30.708928087063185,50.0,0.0,0.0,1.0
0,2,883,-126.71686970564575,-31.194650410339094,50.0,0.0,0.0,1.0
0,2,884,-126.5964232515543,-31.67991321859437,50.0,0.0,0.0,1.0
0,2,885,-126.47411889894356,-32.16470938512108,50.0,0.0,0.0,1.0
0,2,886,-126.34995846283796,-32.64903179378216,50.0,0.0,0.0,1.0
0,2,887,-126.22394378463359,-33.13287333899777,50.0,0.0,0.0,1.0
0,2,888,-126.09607673203072,-33.616226925732306,50.0,0.0,0.0,1.0
0,2,889,-125.96635919896809,-34.09908546948219,50.0,0.0,0.0,1.0
0,2,890,-125.8347931055591,-34.581441896264266,50.0,0.0,0.0,1.0
0,2,891,-125.70138039802977,-35.06328914260497,50.0,0.0,0.0,1.0
0,2,892,-125.56612304865864,-35.54462015553006,50.0,0.0,0.0,1.0
0,2,893,-125.42902305571826,-36.025427892555136,50.0,0.0,0.0,1.0
0,2,894,-125.29008244341874,-36.50570532167677,50.0,0.0,0.0,1.0
0,2,895,-125.14930326185274,-36.985445421364325,50.0,0.0,0.0,1.0
0,2,896,-125.0066875869425,-37.46464118055239,50.0,0.0,0.0,1.0
0,2,897,-124.86223752038842,-37.94328559863392,50.0,0.0,0.0,1.0
0,2,898,-124.7159551896194,-38.42137168545405,50.0,0.0,0.0,1.0
0,2,899,-124.56784274774488,-38.898892461304435,50.0,0.0,0.0,1.0
0,2,900,-124.41790237350861,-39.37584095691842,50.0,0.0,0.0,1.0
0,2,901,-124.26613627124406,-39.85221021346664,50.0,0.0,0.0,1.0
0,2,902,-124.11254667083142,-40.32799328255348,50.0,0.0,0.0,1.0
0,2,903,-123.95713582765639,-40.80318322621397,50.0,0.0,0.0,1.0
0,2,904,-123.79990602257043,-41.277773116911455,50.0,0.0,0.0,1.0
0,2,905,-123.64085956185282,-41.75175603753579,50.0,0.0,0.0,1.0
0,2,906,-123.47999877717422,-42.2251250814023,50.0,0.0,0.0,1.0
0,2,907,-123.31732602556178,-42.69787335225117,50.0,0.0,0.0,1.0
0,2,908,-123.152843689366,-43.16999396424766,50.0,0.0,0.0,1.0
0,2,909,-122.98655417622895,-43.64148004198279,50.0,0.0,0.0,1.0
0,2,910,-122.81845991905435,-44.11232472047472,50.0,0.0,0.0,1.0
0,2,911,-122.6485633759789,-44.582521145170766,50.0,0.0,0.0,1.0
0,2,912,-122.47686703034537,-45.05206247194993,50.0,0.0,0.0,1.0
0,2,913,-122.30337339067718,-45.520941867126204,50.0,0.0,0.0,1.0
0,2,914,-122.12808499065449,-45.98915250745233,50.0,0.0,0.0,1.0
0,2,915,-121.95100438909184,-46.456687580124296,50.0,0.0,0.0,1.0
0,2,916,-121.77213416991731,-46.92354028278635,50.0,0.0,0.0,1.0
0,2,917,-121.59147694215324,-47.389703823536756,50.0,0.0,0.0,1.0
0,2,918,-121.40903533989834,-47.855171420934,50.0,0.0,0.0,1.0
0,2,919,-121.22481202231148,-48.319936304003775,50.0,0.0,0.0,1.0
0,2,920,-121.03880967359682,-48.78399171224645,50.0,0.0,0.0,1.0
0,2,921,-120.85103100299054,-49.24733089564523,50.0,0.0,0.0,1.0
0,2,922,-120.66147874474909,-49.709947114674875,50.0,0.0,0.0,1.0
0,2,923,-120.47015565813867,-50.171833640311334,50.0,0.0,0.0,1.0
0,2,924,-120.27706452742667,-50.63298375404132,50.0,0.0,0.0,1.0
0,2,925,-120.08220816187419,-51.09339074787318,50.0,0.0,0.0,1.0
0,2,926,-119.88558939573016,-51.55304792434815,50.0,0.0,0.0,1.0
0,2,927,-119.68721108822706,-52.01194859655214,50.0,0.0,0.0,1.0
0,2,928,-119.48707612357792,-52.47008608812828,50.0,0.0,0.0,1.0
0,2,929,-119.28518741097503,-52.92745373329001,50.0,0.0,0.0,1.0
0,2,930,-119.08154788458992,-53.3840448768349,50.0,0.0,0.0,1.0
0,2,931,-118.876160503575,-53.83985287415895,50.0,0.0,0.0,1.0
0,2,932,-118.66902825206652,-54.29487109127169,50.0,0.0,0.0,1.0
0,2,933,-118.46015413918921,-54.749092904811825,50.0,0.0,0.0,1.0
0,2,934,-118.24954119906218,-55.20251170206356,50.0,0.0,0.0,1.0
0,2,935,-118.03719249080655,-55.65512088097358,50.0,0.0,0.0,1.0
0,2,936,-117.82311109855436,-56.10691385016859,50.0,0.0,0.0,1.0
0,2,937,-117.60730013145916,-56.557884028973696,50.0,0.0,0.0,1.0
0,2,938,-117.38976272370793,-57.00802484743126,50.0,0.0,0.0,1.0
0,2,939,-117.1705020345347,-57.45732974632052,50.0,0.0,0.0,1.0
0,2,940,-116.94952124823553,-57.90579217717785,50.0,0.0,0.0,1.0
0,2,941,-116.726823574185,-58.3534056023177,50.0,0.0,0.0,1.0
0,2,942,-116.50241224685436,-58.80016349485424,50.0,0.0,0.0,1.0
0,2,943,-116.27629052583114,-59.24605933872358,50.0,0.0,0.0,1.0
0,2,944,-116.04846169584023,-59.69108662870688,50.0,0.0,0.0,1.0
0,2,945,-115.8189290667666,-60.135238870453925,50.0,0.0,0.0,1.0
0,2,946,-115.58769597367956,-60.578509580507585,50.0,0.0,0.0,1.0
0,2,947,-115.35476577685849,-61.02089228632886,50.0,0.0,0.0,1.0
0,2,948,-115.12014186182031,-61.46238052632273,50.0,0.0,0.0,1.0
0,2,949,-114.88382763934837,-61.90296784986467,50.0,0.0,0.0,1.0
0,2,950,-114.64582654552298,-62.34264781732784,50.0,0.0,0.0,1.0
0,2,951,-114.40614204175364,-62.78141400011118,50.0,0.0,0.0,1.0
0,2,952,-114.16477761481269,-63.21925998066805,50.0,0.0,0.0,1.0
0,2,953,-113.92173677687076,-63.65617935253574,50.0,0.0,0.0,1.0
0,2,954,-113.67702306553379,-64.09216572036567,50.0,0.0,0.0,1.0
0,2,955,-113.43064004388162,-64.52721269995443,50.0,0.0,0.0,1.0
0,2,956,-113.18259130050842,-64.9613139182755,50.0,0.0,0.0,1.0
0,2,957,-112.9328804495646,-65.39446301351177,50.0,0.0,0.0,1.0
0,2,958,-112.68151113080054,-65.82665363508895,50.0,0.0,0.0,1.0
0,2,959,-112.42848700961198,-66.25787944370956,50.0,0.0,0.0,1.0
0,2,960,-112.17381177708712,-66.68813411138801,50.0,0.0,0.0,1.0
0,2,961,-111.91748915005543,-67.1174113214862,50.0,0.0,0.0,1.0
0,2,962,-111.65952287113828,-67.54570476875018,50.0,0.0,0.0,1.0
0,2,963,-111.39991670880127,-67.97300815934746,50.0,0.0,0.0,1.0
0,2,964,-111.13867445740837,-68.39931521090533,50.0,0.0,0.0,1.0
0,2,965,-110.87579993727786,-68.82461965254984,50.0,0.0,0.0,1.0
0,2,966,-110.61129699474004,-69.24891522494583,50.0,0.0,0.0,1.0
0,2,967,-110.34516950219688,-69.6721956803377,50.0,0.0,0.0,1.0
0,2,968,-110.07742135818336,-70.09445478259111,50.0,0.0,0.0,1.0
0,2,969,-109.8080564874309,-70.51568630723557,50.0,0.0,0.0,1.0
0,2,970,-109.53707884093247,-70.93588404150793,50.0,0.0,0.0,1.0
0,2,971,-109.2644923960097,-71.3550417843968,50.0,0.0,0.0,1.0
0,2,972,-108.99030115638203,-71.77315334668776,50.0,0.0,0.0,1.0
0,2,973,-108.71450915223761,-72.19021255100984,50.0,0.0,0.0,1.0
0,2,974,-108.43712044030627,-72.60621323188249,50.0,0.0,0.0,1.0
0,2,975,-108.15813910393459,-73.02114923576393,50.0,0.0,0.0,1.0
0,2,976,-107.87756925316282,-73.43501442110013,50.0,0.0,0.0,1.0
0,2,977,-107.59541502480397,-73.84780265837512,50.0,0.0,0.0,1.0
0,2,978,-107.31168058252487,-74.25950783016192,50.0,0.0,0.0,1.0
0,2,979,-107.02637011692937,-74.67012383117476,50.0,0.0,0.0,1.0
0,2,980,-106.73948784564374,-75.07964456832221,50.0,0.0,0.0,1.0
0,2,981,-106.45103801340403,-75.48806396076137,50.0,0.0,0.0,1.0
0,2,982,-106.1610248921457,-75.89537593995304,50.0,0.0,0.0,1.0
0,2,983,-105.86945278109556,-76.30157444971807,50.0,0.0,0.0,1.0
0,2,984,-105.57632600686563,-76.70665344629471,50.0,0.0,0.0,1.0
0,2,985,-105.28164892354953,-77.11060689839701,50.0,0.0,0.0,1.0
0,2,986,-104.98542591282103,-77.51342878727442,50.0,0.0,0.0,1.0
0,2,987,-104.68766138403487,-77.91511310677244,50.0,0.0,0.0,1.0
0,2,988,-104.38835977433001,-78.31565386339439,50.0,0.0,0.0,1.0
0,2,989,-104.08752554873509,-78.71504507636443,50.0,0.0,0.0,1.0
0,2,990,-103.78516320027641,-79.11328077769153,50.0,0.0,0.0,1.0
0,2,991,-103.48127725008835,-79.51035501223487,50.0,0.0,0.0,1.0
0,2,992,-103.17587224752606,-79.90626183777023,50.0,0.0,0.0,1.0
0,2,993,-102.86895277028076,-80.3009953250577,50.0,0.0,0.0,1.0
0,2,994,-102.56052342449765,-80.69454955791058,50.0,0.0,0.0,1.0
0,2,995,-102.2505888448961,-81.08691863326546,50.0,0.0,0.0,1.0
0,2,996,-101.93915369489264,-81.47809666125362,50.0,0.0,0.0,1.0
0,2,997,-101.62622266672648,-81.86807776527377,50.0,0.0,0.0,1.0
0,2,998,-101.31180048158762,-82.25685608206584,50.0,0.0,0.0,1.0
0,2,999,-100.99589188974777,-82.64442576178635,50.0,0.0,0.0,1.0
0,2,1000,-100.67850167069382,-83.03078096808488,50.0,0.0,0.0,1.0
0,2,1001,-100.35963463326414,-83.41591587818206,50.0,0.0,0.0,1.0
0,2,1002,-100.0392956157877,-83.7998246829487,50.0,0.0,0.0,1.0
0,2,1003,-99.7174894862259,-84.18250158698655,50.0,0.0,0.0,1.0
0,2,1004,-99.39422114231733,-84.56394080871021,50.0,0.0,0.0,1.0
0,2,1005,-99.06949551172539,-84.9441365804306,50.0,0.0,0.0,1.0
0,2,1006,-98.74331755218887,-85.32308314843978,50.0,0.0,0.0,1.0
0,2,1007,-98.4156922516754,-85.70077477309724,50.0,0.0,0.0,1.0
0,2,1008,-98.08662462853796,-86.07720572891772,50.0,0.0,0.0,1.0
0,2,1009,-97.75611973167456,-86.45237030466028,50.0,0.0,0.0,1.0
0,2,1010,-97.42418264069072,-86.82626280341921,50.0,0.0,0.0,1.0
0,2,1011,-97.09081846606529,-87.19887754271618,50.0,0.0,0.0,1.0
0,2,1012,-96.75603234931933,-87.57020885459404,50.0,0.0,0.0,1.0
0,2,1013,-96.41982946318828,-87.94025108571218,50.0,0.0,0.0,1.0
0,2,1014,-96.08221501179727,-88.30899859744345,50.0,0.0,0.0,1.0
0,2,1015,-95.74319423083969,-88.67644576597266,50.0,0.0,0.0,1.0
0,2,1016,-95.40277238775927,-89.04258698239676,50.0,0.0,0.0,1.0
0,2,1017,-95.0609547819353,-89.40741665282658,50.0,0.0,0.0,1.0
0,2,1018,-94.71774674487139,-89.77092919849028,50.0,0.0,0.0,1.0
0,2,1019,-94.37315364038764,-90.13311905583846,50.0,0.0,0.0,1.0
0,2,1020,-94.02718086481642,-90.49398067665093,50.0,0.0,0.0,1.0
0,2,1021,-93.6798338472014,-90.85350852814537,50.0,0.0,0.0,1.0
0,2,1022,-93.33111804950053,-91.21169709308747,50.0,0.0,0.0,1.0
0,2,1023,-92.98103896679241,-91.56854086990305,50.0,0.0,0.0,1.0
0,2,1024,-92.62960212748641,-91.92403437279185,50.0,0.0,0.0,1.0
0,2,1025,-92.27681309353653,-92.27817213184319,50.0,0.0,0.0,1.0
0,2,1026,-91.92267746065897,-92.63094869315346,50.0,0.0,0.0,1.0
0,2,1027,-91.56719982270543,-92.9823596390448,50.0,0.0,0.0,1.0
0,2,1028,-91.21037420342154,-93.33241090096813,50.0,0.0,0.0,1.0
0,2,1029,-90.85220288853641,-93.68110010179188,50.0,0.0,0.0,1.0
0,2,1030,-90.49269139750403,-94.02842170533278,50.0,0.0,0.0,1.0
0,2,1031,-90.13184526539202,-94.37437020942957,50.0,0.0,0.0,1.0
0,2,1032,-89.76967004276635,-94.71894014572294,50.0,0.0,0.0,1.0
0,2,1033,-89.40617129557796,-95.06212607943914,50.0,0.0,0.0,1.0
0,2,1034,-89.04135460505111,-95.40392260917747,50.0,0.0,0.0,1.0
0,2,1035,-88.67522556757336,-95.7443243667014,50.0,0.0,0.0,1.0
0,2,1036,-88.30778979458752,-96.0833260167334,50.0,0.0,0.0,1.0
0,2,1037,-87.93905291248504,-96.42092225675333,50.0,0.0,0.0,1.0
0,2,1038,-87.56902056250124,-96.75710781680053,50.0,0.0,0.0,1.0
0,2,1039,-87.19769840061217,-97.09187745927929,50.0,0.0,0.0,1.0
0,2,1040,-86.82509209743313,-97.42522597876794,50.0,0.0,0.0,1.0
0,2,1041,-86.45120733811872,-97.75714820183124,50.0,0.0,0.0,1.0
0,2,1042,-86.07604982226462,-98.08763898683634,50.0,0.0,0.0,1.0
0,2,1043,-85.69962526381087,-98.41669322377193,50.0,0.0,0.0,1.0
0,2,1044,-85.32193939094667,-98.74430583407081,50.0,0.0,0.0,1.0
0,2,1045,-84.94299794601687,-99.07047177043569,50.0,0.0,0.0,1.0
0,2,1046,-84.56280668542986,-99.39518601666825,50.0,0.0,0.0,1.0
0,2,1047,-84.18137137956698,-99.71844358750131,50.0,0.0,0.0,1.0
0,2,1048,-83.79869781269345,-100.04023952843428,50.0,0.0,0.0,1.0
0,2,1049,-83.41479178287074,-100.36056891557162,50.0,0.0,0.0,1.0
0,2,1050,-83.02965910187038,-100.67942685546436,50.0,0.0,0.0,1.0
0,2,1051,-82.64330559508929,-100.99680848495468,50.0,0.0,0.0,1.0
0,2,1052,-82.25573710146634,-101.31270897102358,50.0,0.0,0.0,1.0
0,2,1053,-81.86695947340046,-101.6271235106413,50.0,0.0,0.0,1.0
0,2,1054,-81.4769785766701,-101.94004733062079,50.0,0.0,0.0,1.0
0,2,1055,-81.085800290354,-102.25147568747407,50.0,0.0,0.0,1.0
0,2,1056,-80.6934305067533,-102.56140386727138,50.0,0.0,0.0,1.0
0,2,1057,-80.29987513131502,-102.86982718550313,50.0,0.0,0.0,1.0
0,2,1058,-79.90514008255683,-103.17674098694464,50.0,0.0,0.0,1.0
0,2,1059,-79.50923129199307,-103.48214064552367,50.0,0.0,0.0,1.0
0,2,1060,-79.11215470406219,-103.78602156419053,50.0,0.0,0.0,1.0
0,2,1061,-78.71391627605513,-104.08837917479097,50.0,0.0,0.0,1.0
0,2,1062,-78.31452197804533,-104.38920893794165,50.0,0.0,0.0,1.0
0,2,1063,-77.91397779281974,-104.6885063429082,50.0,0.0,0.0,1.0
0,2,1064,-77.51228971581097,-104.98626690748586,50.0,0.0,0.0,1.0
0,2,1065,-77.1094637550309,-105.2824861778827,50.0,0.0,0.0,1.0
0,2,1066,-76.70550593100523,-105.57715972860528,50.0,0.0,0.0,1.0
0,2,1067,-76.3004222767093,-105.8702831623468,50.0,0.0,0.0,1.0
0,2,1068,-75.89421883750495,-106.16185210987767,50.0,0.0,0.0,1.0
0,2,1069,-75.4869016710788,-106.45186222993861,50.0,0.0,0.0,1.0
0,2,1070,-75.0784768473812,-106.74030920913592,50.0,0.0,0.0,1.0
0,2,1071,-74.66895044856672,-107.02718876183931,50.0,0.0,0.0,1.0
0,2,1072,-74.25832856893547,-107.31249663008192,50.0,0.0,0.0,1.0
0,2,1073,-73.84661731487557,-107.59622858346272,50.0,0.0,0.0,1.0
0,2,1074,-73.43382280480672,-107.87838041905106,50.0,0.0,0.0,1.0
0,2,1075,-73.01995116912474,-108.15894796129363,50.0,0.0,0.0,1.0
0,2,1076,-72.60500855014718,-108.43792706192352,50.0,0.0,0.0,1.0
0,2,1077,-72.18900110206006,-108.71531359987141,50.0,0.0,0.0,1.0
0,2,1078,-71.77193499086542,-108.99110348117908,50.0,0.0,0.0,1.0
0,2,1079,-71.35381639433,-109.26529263891496,50.0,0.0,0.0,1.0
0,2,1080,-70.93465150193491,-109.53787703309179,50.0,0.0,0.0,1.0
0,2,1081,-70.51444651482622,-109.8088526505864,50.0,0.0,0.0,1.0
0,2,1082,-70.09320764576651,-110.0782155050615,50.0,0.0,0.0,1.0
0,2,1083,-69.6709411190874,-110.34596163688957,50.0,0.0,0.0,1.0
0,2,1084,-69.24765317064305,-110.61208711307874,50.0,0.0,0.0,1.0
0,2,1085,-68.82335004776446,-110.87658802720068,50.0,0.0,0.0,1.0
0,2,1086,-68.39803800921487,-111.13946049932039,50.0,0.0,0.0,1.0
0,2,1087,-67.9717233251458,-111.40070067592806,50.0,0.0,0.0,1.0
0,2,1088,-67.54441227705435,-111.66030472987278,50.0,0.0,0.0,1.0
0,2,1089,-67.11611115774097,-111.91826886029811,50.0,0.0,0.0,1.0
0,2,1090,-66.68682627126844,-112.17458929257972,50.0,0.0,0.0,1.0
0,2,1091,-66.25656393292151,-112.4292622782647,50.0,0.0,0.0,1.0
0,2,1092,-65.82533046916745,-112.68228409501282,50.0,0.0,0.0,1.0
0,2,1093,-65.39313221761752,-112.93365104653962,50.0,0.0,0.0,1.0
0,2,1094,-64.95997552698904,-113.18335946256133,50.0,0.0,0.0,1.0
0,2,1095,-64.52586675706861,-113.43140569874147,50.0,0.0,0.0,1.0
0,2,1096,-64.09081227867583,-113.67778613663941,50.0,0.0,0.0,1.0
0,2,1097,-63.65481847362804,-113.92249718366057,50.0,0.0,0.0,1.0
0,2,1098,-63.21789173470573,-114.16553527300836,50.0,0.0,0.0,1.0
0,2,1099,-62.78003846561877,-114.40689686363795,50.0,0.0,0.0,1.0
0,2,1100,-62.341265080973486,-114.64657844021167,50.0,0.0,0.0,1.0
0,2,1101,-61.90157800624036,-114.88457651305609,50.0,0.0,0.0,1.0
0,2,1102,-61.46098367772261,-115.12088761812092,50.0,0.0,0.0,1.0
0,2,1103,-61.01948854252548,-115.35550831693944,50.0,0.0,0.0,1.0
0,2,1104,-60.57709905852628,-115.58843519659068,50.0,0.0,0.0,1.0
0,2,1105,-60.13382169434513,-115.81966486966319,50.0,0.0,0.0,1.0
0,2,1106,-59.68966292931648,-116.04919397422049,50.0,0.0,0.0,1.0
0,2,1107,-59.244629253461355,-116.27701917376812,50.0,0.0,0.0,1.0
0,2,1108,-58.79872716746025,-116.50313715722234,50.0,0.0,0.0,1.0
0,2,1109,-58.351963182626776,-116.72754463888036,50.0,0.0,0.0,1.0
0,2,1110,-57.904343820882055,-116.95023835839221,50.0,0.0,0.0,1.0
0,2,1111,-57.45587561472972,-117.17121508073424,50.0,0.0,0.0,1.0
0,2,1112,-57.006565107231644,-117.3904715961841,50.0,0.0,0.0,1.0
0,2,1113,-56.55641885198436,-117.60800472029729,50.0,0.0,0.0,1.0
0,2,1114,-56.10544341309619,-117.8238112938854,50.0,0.0,0.0,1.0
0,2,1115,-55.65364536516493,-118.03788818299573,50.0,0.0,0.0,1.0
0,2,1116,-55.20103129325633,-118.2502322788925,50.0,0.0,0.0,1.0
0,2,1117,-54.747607792883194,-118.4608404980397,50.0,0.0,0.0,1.0
0,2,1118,-54.293381469985086,-118.66970978208533,50.0,0.0,0.0,1.0
0,2,1119,-53.838358940908755,-118.8768370978472,50.0,0.0,0.0,1.0
0,2,1120,-53.382546832389146,-119.08221943730032,50.0,0.0,0.0,1.0
0,2,1121,-52.92595178153113,-119.28585381756574,50.0,0.0,0.0,1.0
0,2,1122,-52.468580435791786,-119.48773728090079,50.0,0.0,0.0,1.0
0,2,1123,-52.010439452963375,-119.68786689469113,50.0,0.0,0.0,1.0
0,2,1124,-51.551535501156955,-119.88623975144394,50.0,0.0,0.0,1.0
0,2,1125,-51.09187525878652,-120.0828529687829,50.0,0.0,0.0,1.0
0,2,1126,-50.63146541455392,-120.27770368944442,50.0,0.0,0.0,1.0
0,2,1127,-50.17031266743437,-120.47078908127561,50.0,0.0,0.0,1.0
0,2,1128,-49.70842372666215,-120.66210633723357,50.0,0.0,0.0,1.0
0,2,1129,-49.24580531171786,-120.85165267538613,50.0,0.0,0.0,1.0
0,2,1130,-48.782464152315356,-121.03942533891433,50.0,0.0,0.0,1.0
0,2,1131,-48.318406988389725,-121.22542159611609,50.0,0.0,0.0,1.0
0,2,1132,-47.85364057008585,-121.40963874041158,50.0,0.0,0.0,1.0
0,2,1133,-47.38817165774747,-121.59207409035001,50.0,0.0,0.0,1.0
0,2,1134,-46.922007021906985,-121.7727249896179,50.0,0.0,0.0,1.0
0,2,1135,-46.45515344327568,-121.95158880704885,50.0,0.0,0.0,1.0
0,2,1136,-45.98761771273472,-122.12866293663488,50.0,0.0,0.0,1.0
0,2,1137,-45.51940663132671,-122.30394479753915,50.0,0.0,0.0,1.0
0,2,1138,-45.05052701024771,-122.47743183411023,50.0,0.0,0.0,1.0
0,2,1139,-44.58098567084005,-122.64912151589802,50.0,0.0,0.0,1.0
0,2,1140,-44.110789444585606,-122.81901133767086,50.0,0.0,0.0,1.0
0,2,1141,-43.63994517309973,-122.98709881943455,50.0,0.0,0.0,1.0
0,2,1142,-43.16845970812573,-123.15338150645258,50.0,0.0,0.0,1.0
0,2,1143,-42.696339911530046,-123.31785696926805,50.0,0.0,0.0,1.0
0,2,1144,-42.22359265529784,-123.48052280372707,50.0,0.0,0.0,1.0
0,2,1145,-41.75022482152941,-123.64137663100377,50.0,0.0,0.0,1.0
0,2,1146,-41.276243302436995,-123.80041609762668,50.0,0.0,0.0,1.0
0,2,1147,-40.801655000342336,-123.95763887550693,50.0,0.0,0.0,1.0
0,2,1148,-40.32646682767473,-124.11304266196782,50.0,0.0,0.0,1.0
0,2,1149,-39.85068570696972,-124.26662517977606,50.0,0.0,0.0,1.0
0,2,1150,-39.37431857086839,-124.41838417717446,50.0,0.0,0.0,1.0
0,2,1151,-38.8973723621173,-124.56831742791645,50.0,0.0,0.0,1.0
0,2,1152,-38.419854033568946,-124.71642273130199,50.0,0.0,0.0,1.0
0,2,1153,-37.941770548182845,-124.86269791221517,50.0,0.0,0.0,1.0
0,2,1154,-37.46312887902734,-125.00714082116346,50.0,0.0,0.0,1.0
0,2,1155,-36.98393600928183,-125.1497493343186,50.0,0.0,0.0,1.0
0,2,1156,-36.50419893223974,-125.29052135355909,50.0,0.0,0.0,1.0
0,2,1157,-36.02392465131216,-125.42945480651434,50.0,0.0,0.0,1.0
0,2,1158,-35.54312018003188,-125.56654764661064,50.0,0.0,0.0,1.0
0,2,1159,-35.061792542058306,-125.70179785311856,50.0,0.0,0.0,1.0
0,2,1160,-34.57994877118284,-125.8352034312023,50.0,0.0,0.0,1.0
0,2,1161,-34.097595911334906,-125.96676241197066,50.0,0.0,0.0,1.0
0,2,1162,-33.614741016588745,-126.0964728525297,50.0,0.0,0.0,1.0
0,2,1163,-33.131391151170604,-126.22433283603726,50.0,0.0,0.0,1.0
0,2,1164,-32.64755338946677,-126.35034047175907,50.0,0.0,0.0,1.0
0,2,1165,-32.16323481603224,-126.4744938951269,50.0,0.0,0.0,1.0
0,2,1166,-31.678442525599856,-126.59679126779825,50.0,0.0,0.0,1.0
0,2,1167,-31.19318362309034,-126.71723077771804,50.0,0.0,0.0,1.0
0,2,1168,-30.70746522362282,-126.83581063918206,50.0,0.0,0.0,1.0
0,2,1169,-30.221294452526074,-126.95252909290217,50.0,0.0,0.0,1.0
0,2,1170,-29.73467844535044,-127.0673844060737,50.0,0.0,0.0,1.0
0,2,1171,-29.247624347880446,-127.18037487244432,50.0,0.0,0.0,1.0
0,2,1172,-28.76013931614805,-127.29149881238517,50.0,0.0,0.0,1.0
0,2,1173,-28.272230516446584,-127.4007545729637,50.0,0.0,0.0,1.0
0,2,1174,-27.78390512534544,-127.50814052801863,50.0,0.0,0.0,1.0
0,2,1175,-27.295170329705428,-127.61365507823669,50.0,0.0,0.0,1.0
0,2,1176,-26.806033326694816,-127.71729665123155,50.0,0.0,0.0,1.0
0,2,1177,-26.316501323806094,-127.81906370162474,50.0,0.0,0.0,1.0
0,2,1178,-25.826581538873512,-127.91895471112848,50.0,0.0,0.0,1.0
0,2,1179,-25.336281200091236,-128.01696818863064,50.0,0.0,0.0,1.0
0,2,1180,-24.84560754603241,-128.11310267028193,50.0,0.0,0.0,1.0
0,2,1181,-24.354567825668738,-128.20735671958505,50.0,0.0,0.0,1.0
0,2,1182,-23.863169298391014,-128.29972892748592,50.0,0.0,0.0,1.0
0,2,1183,-23.371419234030284,-128.39021791246728,50.0,0.0,0.0,1.0
0,2,1184,-22.879324912879866,-128.47882232064444,50.0,0.0,0.0,1.0
0,2,1185,-22.38689362571806,-128.56554082586297,50.0,0.0,0.0,1.0
0,2,1186,-21.89413267383169,-128.65037212979905,50.0,0.0,0.0,1.0
0,2,1187,-21.401049369040464,-128.73331496206185,50.0,0.0,0.0,1.0
0,2,1188,-20.90765103372199,-128.81436808029818,50.0,0.0,0.0,1.0
0,2,1189,-20.413945000837884,-128.89353027029964,50.0,0.0,0.0,1.0
0,2,1190,-19.919938613960355,-128.9708003461119,50.0,0.0,0.0,1.0
0,2,1191,-19.425639227299897,-129.04617715014672,50.0,0.0,0.0,1.0
0,2,1192,-18.931054205733602,-129.11965955329592,50.0,0.0,0.0,1.0
0,2,1193,-18.436190924834634,-129.19124645504814,50.0,0.0,0.0,1.0
0,2,1194,-17.941056770902065,-129.2609367836081,50.0,0.0,0.0,1.0
0,2,1195,-17.445659140992134,-129.32872949601796,50.0,0.0,0.0,1.0
0,2,1196,-16.95000544294996,-129.39462357828185,50.0,0.0,0.0,1.0
0,2,1197,-16.454103095442377,-129.45861804549236,50.0,0.0,0.0,1.0
0,2,1198,-15.957959527991562,-129.5207119419601,50.0,0.0,0.0,1.0
0,2,1199,-15.461582181009703,-129.5809043413455,50.0,0.0,0.0,1.0
0,2,1200,-14.964978505834324,-129.63919434679372,50.0,0.0,0.0,1.0
0,2,1201,-14.468155964764946,-129.69558109107192,50.0,0.0,0.0,1.0
0,2,1202,-13.971122031100279,-129.75006373670934,50.0,0.0,0.0,1.0
0,2,1203,-13.47388418917663,-129.8026414761403,50.0,0.0,0.0,1.0
0,2,1204,-12.976449934407256,-129.85331353184992,50.0,0.0,0.0,1.0
0,2,1205,-12.47882677332261,-129.90207915652257,50.0,0.0,0.0,1.0
0,2,1206,-11.981022223611632,-129.94893763319345,50.0,0.0,0.0,1.0
0,2,1207,-11.483043814164091,-129.99388827540298,50.0,0.0,0.0,1.0
0,2,1208,-10.98489908511381,-130.03693042735398,50.0,0.0,0.0,1.0
0,2,1209,-10.486595587883116,-130.07806346407216,50.0,0.0,0.0,1.0
0,2,1210,-9.988140885228233,-130.11728679156943,50.0,0.0,0.0,1.0
0,2,1211,-9.489542551285624,-130.15459984701036,50.0,0.0,0.0,1.0
0,2,1212,-8.990808171619676,-130.1900020988817,50.0,0.0,0.0,1.0
0,2,1213,-8.49194534327124,-130.22349304716522,50.0,0.0,0.0,1.0
0,2,1214,-7.9929616748073755,-130.2550722235135,50.0,0.0,0.0,1.0
0,2,1215,-7.493864786372171,-130.28473919142914,50.0,0.0,0.0,1.0
0,2,1216,-6.994662309738786,-130.31249354644712,50.0,0.0,0.0,1.0
0,2,1217,-6.495361888362439,-130.33833491632078,50.0,0.0,0.0,1.0
0,2,1218,-5.995971177434868,-130.3622629612106,50.0,0.0,0.0,1.0
0,2,1219,-5.496497843939622,-130.38427737387704,50.0,0.0,0.0,1.0
0,2,1220,-4.99694956670875,-130.40437787987634,50.0,0.0,0.0,1.0
0,2,1221,-4.497334036480751,-130.42256423775996,50.0,0.0,0.0,1.0
0,2,1222,-3.9976589559595084,-130.43883623927778,50.0,0.0,0.0,1.0
0,2,1223,-3.4979320398746836,-130.45319370958444,50.0,0.0,0.0,1.0
0,2,1224,-2.9981610150433227,-130.46563650744983,50.0,0.0,0.0,1.0
0,2,1225,-2.4983536204325674,-130.4761645254727,50.0,0.0,0.0,1.0
0,2,1226,-1.9985176072238744,-130.48477769029856,50.0,0.0,0.0,1.0
0,2,1227,-1.498660738878442,-130.4914759628408,50.0,0.0,0.0,1.0
0,2,1228,-0.9987907912039304,-130.49625933850612,50.0,0.0,0.0,1.0
0,2,1229,-0.49891555242254526,-130.49912784742344,50.0,0.0,0.0,1.0
0,2,1230,0.0009571767594849234,-130.5000815546769,50.0,0.0,0.0,1.0
0,2,1231,0.5008195830811388,-130.499120560543,50.0,0.0,0.0,1.0
0,2,1232,1.0006652772844247,-130.49624498973643,50.0,0.0,0.0,1.0
0,2,1233,1.5005024909509976,-130.49145481303873,50.0,0.0,0.0,1.0
0,2,1234,2.000327881661615,-130.48474996887376,50.0,0.0,0.0,1.0
0,2,1235,2.500133640231774,-130.47613044810564,50.0,0.0,0.0,1.0
0,2,1236,2.9999119703562336,-130.4655962765768,50.0,0.0,0.0,1.0
0,2,1237,3.499655088536214,-130.4531475148735,50.0,0.0,0.0,1.0
0,2,1238,3.9993552240080135,-130.43878425809484,50.0,0.0,0.0,1.0
0,2,1239,4.4990046186730055,-130.42250663562604,50.0,0.0,0.0,1.0
0,2,1240,4.998595527029015,-130.40431481091537,50.0,0.0,0.0,1.0
0,2,1241,5.498120216103034,-130.3842089812549,50.0,0.0,0.0,1.0
0,2,1242,5.997570965385295,-130.362189377565,50.0,0.0,0.0,1.0
0,2,1243,6.49694006676464,-130.3382562641825,50.0,0.0,0.0,1.0
0,2,1244,6.996219824465211,-130.3124099386526,50.0,0.0,0.0,1.0
0,2,1245,7.495402554984407,-130.2846507315242,50.0,0.0,0.0,1.0
0,2,1246,7.994480587032137,-130.254979006149,50.0,0.0,0.0,1.0
0,2,1247,8.493446261471293,-130.22339515848392,50.0,0.0,0.0,1.0
0,2,1248,8.992291931259485,-130.18989961689707,50.0,0.0,0.0,1.0
0,2,1249,9.491009961391994,-130.1544928419772,50.0,0.0,0.0,1.0
0,2,1250,9.989592728845908,-130.1171753263464,50.0,0.0,0.0,1.0
0,2,1251,10.48803262252548,-130.07794759447626,50.0,0.0,0.0,1.0
0,2,1252,10.986322043208641,-130.03681020250727,50.0,0.0,0.0,1.0
0,2,1253,11.484453403494673,-129.99376373807144,50.0,0.0,0.0,1.0
0,2,1254,11.982419127753031,-129.94880882011824,50.0,0.0,0.0,1.0
0,2,1255,12.4802116520733,-129.9019460987436,50.0,0.0,0.0,1.0
0,2,1256,12.977823424216263,-129.85317625502196,50.0,0.0,0.0,1.0
0,2,1257,13.475246903566058,-129.80250000084186,50.0,0.0,0.0,1.0
0,2,1258,13.972474561083448,-129.7499180787439,50.0,0.0,0.0,1.0
0,2,1259,14.469498879260145,-129.69543126176225,50.0,0.0,0.0,1.0
0,2,1260,14.966312352074203,-129.639040353269,50.0,0.0,0.0,1.0
0,2,1261,15.462907484946449,-129.58074618682124,50.0,0.0,0.0,1.0
0,2,1262,15.959276794697962,-129.52054962601142,50.0,0.0,0.0,1.0
0,2,1263,16.45541280950856,-129.4584515643201,50.0,0.0,0.0,1.0
0,2,1264,16.951308068876294,-129.39445292497197,50.0,0.0,0.0,1.0
0,2,1265,17.446955123577958,-129.32855466079445,50.0,0.0,0.0,1.0
0,2,1266,17.94234653563054,-129.26075775407904,50.0,0.0,0.0,1.0
0,2,1267,18.437474878253703,-129.19106321644543,50.0,0.0,0.0,1.0
0,2,1268,18.93233273583315,-129.1194720887082,50.0,0.0,0.0,1.0
0,2,1269,19.426912703885,-129.04598544074645,50.0,0.0,0.0,1.0
0,2,1270,19.921207389021106,-128.97060437137569,50.0,0.0,0.0,1.0
0,2,1271,20.41520940891519,-128.8933300082226,50.0,0.0,0.0,1.0
0,2,1272,20.90891139227005,-128.8141635076021,50.0,0.0,0.0,1.0
0,2,1273,21.40230597878552,-128.7331060543972,50.0,0.0,0.0,1.0
0,2,1274,21.895385819127448,-128.65015886194118,50.0,0.0,0.0,1.0
0,2,1275,22.38814357489744,-128.5653231719022,50.0,0.0,0.0,1.0
0,2,1276,22.880571918603557,-128.47860025417043,50.0,0.0,0.0,1.0
0,2,1277,23.372663533631844,-128.38999140674758,50.0,0.0,0.0,1.0
0,2,1278,23.86441111421869,-128.29949795563874,50.0,0.0,0.0,1.0
0,2,1279,24.35580736542407,-128.20712125474662,50.0,0.0,0.0,1.0
0,2,1280,24.846845003105578,-128.112862685768,50.0,0.0,0.0,1.0
0,2,1281,25.337516753893304,-128.01672365809256,50.0,0.0,0.0,1.0
0,2,1282,25.827815355165505,-127.91870560870397,50.0,0.0,0.0,1.0
0,2,1283,26.31773355502513,-127.81881000208321,50.0,0.0,0.0,1.0
0,2,1284,26.807264112277032,-127.71703833011395,50.0,0.0,0.0,1.0
0,2,1285,27.29639979640612,-127.6133921119903,50.0,0.0,0.0,1.0
0,2,1286,27.78513338755615,-127.50787289412656,50.0,0.0,0.0,1.0
0,2,1287,28.27345767650933,-127.40048225006927,50.0,0.0,0.0,1.0
0,2,1288,28.761365464666767,-127.29122178041116,50.0,0.0,0.0,1.0
0,2,1289,29.24884956402949,-127.1800931127073,50.0,0.0,0.0,1.0
0,2,1290,29.735902797180444,-127.06709790139324,50.0,0.0,0.0,1.0
0,2,1291,30.222517997267026,-126.9522378277053,50.0,0.0,0.0,1.0
0,2,1292,30.708688007984478,-126.83551459960269,50.0,0.0,0.0,1.0
0,2,1293,31.19440568355992,-126.71692995169171,50.0,0.0,0.0,1.0
0,2,1294,31.679663888737217,-126.59648564515201,50.0,0.0,0.0,1.0
0,2,1295,32.1644554987624,-126.47418346766455,50.0,0.0,0.0,1.0
0,2,1296,32.648773399369944,-126.35002523334168,50.0,0.0,0.0,1.0
0,2,1297,33.13261048676963,-126.22401278265914,50.0,0.0,0.0,1.0
0,2,1298,33.6159596676342,-126.09614798238971,50.0,0.0,0.0,1.0
0,2,1299,34.09881385908763,-125.966432725539,50.0,0.0,0.0,1.0
0,2,1300,34.581165988694075,-125.83486893128288,50.0,0.0,0.0,1.0
0,2,1301,35.06300899444762,-125.70145854490688,50.0,0.0,0.0,1.0
0,2,1302,35.544335824762484,-125.56620353774727,50.0,0.0,0.0,1.0
0,2,1303,36.02513943846411,-125.42910590713402,50.0,0.0,0.0,1.0
0,2,1304,36.50541280478079,-125.29016767633547,50.0,0.0,0.0,1.0
0,2,1305,36.98514890333599,-125.14939089450485,50.0,0.0,0.0,1.0
0,2,1306,37.4643407241413,-125.00677763662843,50.0,0.0,0.0,1.0
0,2,1307,37.94298126759011,-124.8623300034754,50.0,0.0,0.0,1.0
0,2,1308,38.42106354445183,-124.71605012154967,50.0,0.0,0.0,1.0
0,2,1309,38.89858057586682,-124.56794014304296,50.0,0.0,0.0,1.0
0,2,1310,39.375525393341945,-124.41800224579002,50.0,0.0,0.0,1.0
0,2,1311,39.85189103874678,-124.26623863322519,50.0,0.0,0.0,1.0
0,2,1312,40.327670564310374,-124.11265153434078,50.0,0.0,0.0,1.0
0,2,1313,40.80285703261881,-123.95724320364707,50.0,0.0,0.0,1.0
0,2,1314,41.277443516613175,-123.80001592113382,50.0,0.0,0.0,1.0
0,2,1315,41.751423099588315,-123.64097199223363,50.0,0.0,0.0,1.0
0,2,1316,42.2247888751922,-123.48011374778669,50.0,0.0,0.0,1.0
0,2,1317,42.6975339474258,-123.31744354400723,50.0,0.0,0.0,1.0
0,2,1318,43.16965143064374,-123.15296376245156,50.0,0.0,0.0,1.0
0,2,1319,43.641134449555395,-122.9866768099877,50.0,0.0,0.0,1.0
0,2,1320,44.1119761392268,-122.81858511876644,50.0,0.0,0.0,1.0
0,2,1321,44.58216964508298,-122.64869114619421,50.0,0.0,0.0,1.0
0,2,1322,45.05170812291105,-122.47699737490726,50.0,0.0,0.0,1.0
0,2,1323,45.52058473886384,-122.30350631274757,50.0,0.0,0.0,1.0
0,2,1324,45.98879266946415,-122.12822049274013,50.0,0.0,0.0,1.0
0,2,1325,46.45632510160963,-121.95114247307193,50.0,0.0,0.0,1.0
0,2,1326,46.92317523257828,-121.7722748370723,50.0,0.0,0.0,1.0
0,2,1327,47.389336270034576,-121.59162019319493,50.0,0.0,0.0,1.0
0,2,1328,47.85480143203609,-121.40918117500128,50.0,0.0,0.0,1.0
0,2,1329,48.31956394704094,-121.22496044114556,50.0,0.0,0.0,1.0
0,2,1330,48.783617053915634,-121.0389606753612,50.0,0.0,0.0,1.0
0,2,1331,49.246954001943685,-120.85118458644882,50.0,0.0,0.0,1.0
0,2,1332,49.70956805083467,-120.6616349082658,50.0,0.0,0.0,1.0
0,2,1333,50.171452470734366,-120.47031439971701,50.0,0.0,0.0,1.0
0,2,1334,50.632600542234655,-120.27722584474756,50.0,0.0,0.0,1.0
0,2,1335,51.093005556384895,-120.0823720523366,50.0,0.0,0.0,1.0
0,2,1336,51.55266081470348,-119.88575585649276,50.0,0.0,0.0,1.0
0,2,1337,52.0115596291901,-119.68738011625116,50.0,0.0,0.0,1.0
0,2,1338,52.46969532233865,-119.4872477156718,50.0,0.0,0.0,1.0
0,2,1339,52.927061227150816,-119.28536156383944,50.0,0.0,0.0,1.0
0,2,1340,53.383650687150144,-119.08172459486511,50.0,0.0,0.0,1.0
0,2,1341,53.83945705639691,-118.87633976788887,50.0,0.0,0.0,1.0
0,2,1342,54.294473699503506,-118.66921006708432,50.0,0.0,0.0,1.0
0,2,1343,54.74869399165056,-118.46033850166448,50.0,0.0,0.0,1.0
0,2,1344,55.20211131860365,-118.24972810588909,50.0,0.0,0.0,1.0
0,2,1345,55.654719076730636,-118.03738193907358,50.0,0.0,0.0,1.0
0,2,1346,56.106510673019706,-117.82330308559945,50.0,0.0,0.0,1.0
0,2,1347,56.55747952509808,-117.60749465492613,50.0,0.0,0.0,1.0
0,2,1348,57.00761906125129,-117.38995978160446,50.0,0.0,0.0,1.0
0,2,1349,57.45692272044326,-117.17070162529158,50.0,0.0,0.0,1.0
0,2,1350,57.9053839523369,-116.94972337076743,50.0,0.0,0.0,1.0
0,2,1351,58.35299621731549,-116.7270282279527,50.0,0.0,0.0,1.0
0,2,1352,58.79975298650475,-116.50261943192837,50.0,0.0,0.0,1.0
0,2,1353,59.24564774179549,-116.27650024295679,50.0,0.0,0.0,1.0
0,2,1354,59.69067397586703,-116.04867394650431,50.0,0.0,0.0,1.0
0,2,1355,60.1348251922113,-115.81914385326546,50.0,0.0,0.0,1.0
0,2,1356,60.578094905157705,-115.58791329918868,50.0,0.0,0.0,1.0
0,2,1357,61.02047663989855,-115.3549856455037,50.0,0.0,0.0,1.0
0,2,1358,61.46196393251531,-115.12036427875039,50.0,0.0,0.0,1.0
0,2,1359,61.90255033000557,-114.88405261080929,50.0,0.0,0.0,1.0
0,2,1360,62.34222939031071,-114.64605407893377,50.0,0.0,0.0,1.0
0,2,1361,62.780994682344335,-114.40637214578376,50.0,0.0,0.0,1.0
0,2,1362,63.2188397860214,-114.16501029946102,50.0,0.0,0.0,1.0
0,2,1363,63.65575829228811,-113.92197205354631,50.0,0.0,0.0,1.0
0,2,1364,64.09174380315262,-113.6772609471379,50.0,0.0,0.0,1.0
0,2,1365,64.52678993171644,-113.43088054489198,50.0,0.0,0.0,1.0
0,2,1366,64.96089030220665,-113.18283443706464,50.0,0.0,0.0,1.0
0,2,1367,65.39403855000886,-112.9331262395556,50.0,0.0,0.0,1.0
0,2,1368,65.826228321701,-112.68175959395359,50.0,0.0,0.0,1.0
0,2,1369,66.25745327508788,-112.42873816758348,50.0,0.0,0.0,1.0
0,2,1370,66.68770707923662,-112.17406565355515,50.0,0.0,0.0,1.0
0,2,1371,67.11698341451276,-111.91774577081415,50.0,0.0,0.0,1.0
0,2,1372,67.54527597261732,-111.65978226419406,50.0,0.0,0.0,1.0
0,2,1373,67.97257845662469,-111.40017890447066,50.0,0.0,0.0,1.0
0,2,1374,68.39888458102129,-111.138939488418,50.0,0.0,0.0,1.0
0,2,1375,68.82418807174516,-110.87606783886605,50.0,0.0,0.0,1.0
0,2,1376,69.24848266622627,-110.61156780476051,50.0,0.0,0.0,1.0
0,2,1377,69.67176211342797,-110.34544326122425,50.0,0.0,0.0,1.0
0,2,1378,70.09402017388909,-110.07769810962067,50.0,0.0,0.0,1.0
0,2,1379,70.515250619767,-109.80833627761902,50.0,0.0,0.0,1.0
0,2,1380,70.93544723488161,-109.5373617192616,50.0,0.0,0.0,1.0
0,2,1381,71.35460381476027,-109.2647784150329,50.0,0.0,0.0,1.0
0,2,1382,71.7727141666836,-108.9905903719307,50.0,0.0,0.0,1.0
0,2,1383,72.18977210973223,-108.7148016235391,50.0,0.0,0.0,1.0
0,2,1384,72.6057714748346,-108.43741623010374,50.0,0.0,0.0,1.0
0,2,1385,73.0207061048155,-108.15843827860877,50.0,0.0,0.0,1.0
0,2,1386,73.43456985444587,-107.8778718828561,50.0,0.0,0.0,1.0
0,2,1387,73.84735659049338,-107.59572118354659,50.0,0.0,0.0,1.0
0,2,1388,74.25906019177407,-107.3119903483634,50.0,0.0,0.0,1.0
0,2,1389,74.66967454920504,-107.02668357205748,50.0,0.0,0.0,1.0
0,2,1390,75.0791935658581,-106.73980507653512,50.0,0.0,0.0,1.0
0,2,1391,75.48761115701457,-106.45135911094773,50.0,0.0,0.0,1.0
0,2,1392,75.89492125022096,-106.16134995178388,50.0,0.0,0.0,1.0
0,2,1393,76.30111778534588,-105.86978190296338,50.0,0.0,0.0,1.0
0,2,1394,76.70619471463792,-105.57665929593387,50.0,0.0,0.0,1.0
0,2,1395,77.11014600278475,-105.28198648976942,50.0,0.0,0.0,1.0
0,2,1396,77.5129656269731,-104.98576787127166,50.0,0.0,0.0,1.0
0,2,1397,77.9146475769502,-104.68800785507311,50.0,0.0,0.0,1.0
0,2,1398,78.31518585508597,-104.38871088374293,50.0,0.0,0.0,1.0
0,2,1399,78.71457447643668,-104.0878814278951,50.0,0.0,0.0,1.0
0,2,1400,79.11280746880959,-103.78552398629883,50.0,0.0,0.0,1.0
0,2,1401,79.5098788728289,-103.48164308599175,50.0,0.0,0.0,1.0
0,2,1402,79.90578274200274,-103.17624328239536,50.0,0.0,0.0,1.0
0,2,1403,80.30051314279152,-102.86932915943295,50.0,0.0,0.0,1.0
0,2,1404,80.6940641546774,-102.56090532965025,50.0,0.0,0.0,1.0
0,2,1405,81.08642987023515,-102.25097643433863,50.0,0.0,0.0,1.0
0,2,1406,81.47760439520407,-101.93954714366068,50.0,0.0,0.0,1.0
0,2,1407,81.86758184856126,-101.62662215677882,50.0,0.0,0.0,1.0
0,2,1408,82.25635636259634,-101.31220620198627,50.0,0.0,0.0,1.0
0,2,1409,82.6439220829873,-100.99630403684088,50.0,0.0,0.0,1.0
0,2,1410,83.03027316887766,-100.67892044830171,50.0,0.0,0.0,1.0
0,2,1411,83.41540379295509,-100.36006025286837,50.0,0.0,0.0,1.0
0,2,1412,83.79930814153136,-100.0397282967231,50.0,0.0,0.0,1.0
0,2,1413,84.18198041462364,-99.71792945587593,50.0,0.0,0.0,1.0
0,2,1414,84.56341482603713,-99.39466863631253,50.0,0.0,0.0,1.0
0,2,1415,84.94360560344934,-99.069950774145,50.0,0.0,0.0,1.0
0,2,1416,85.32254698849543,-98.74378083576583,50.0,0.0,0.0,1.0
0,2,1417,85.70023323685545,-98.41616381800459,50.0,0.0,0.0,1.0
0,2,1418,86.07665861834258,-98.08710474828786,50.0,0.0,0.0,1.0
0,2,1419,86.45181741699326,-97.75660868480219,50.0,0.0,0.0,1.0
0,2,1420,86.82570393115859,-97.42468071666023,50.0,0.0,0.0,1.0
0,2,1421,87.1983124735973,-97.09132596406988,50.0,0.0,0.0,1.0
0,2,1422,87.56963737157035,-96.75654957850682,50.0,0.0,0.0,1.0
0,2,1423,87.93967296693702,-96.42035674289019,50.0,0.0,0.0,1.0
0,2,1424,88.30841361625255,-96.08275267176164,50.0,0.0,0.0,1.0
0,2,1425,88.67585369086746,-95.74374261146752,50.0,0.0,0.0,1.0
0,2,1426,89.04198757702851,-95.40333184034478,50.0,0.0,0.0,1.0
0,2,1427,89.40680967598124,-95.06152566890987,50.0,0.0,0.0,1.0
0,2,1428,89.77031440407414,-94.71832944005149,50.0,0.0,0.0,1.0
0,2,1429,90.1324961928647,-94.37374852922659,50.0,0.0,0.0,1.0
0,2,1430,90.49334948922692,-94.02778834465998,50.0,0.0,0.0,1.0
0,2,1431,90.85286875546068,-93.68045432754766,50.0,0.0,0.0,1.0
0,2,1432,91.21104846940297,-93.3317519522636,50.0,0.0,0.0,1.0
0,2,1433,91.56788312454059,-92.98168672657027,50.0,0.0,0.0,1.0
0,2,1434,91.92336723012492,-92.63026419183304,50.0,0.0,0.0,1.0
0,2,1435,92.27749531128849,-92.27748992323806,50.0,0.0,0.0,1.0
0,2,1436,92.63026965069328,-91.92336172918446,50.0,0.0,0.0,1.0
0,2,1437,92.98169243354826,-91.56787732907554,50.0,0.0,0.0,1.0
0,2,1438,93.33175807678039,-91.21104220172052,50.0,0.0,0.0,1.0
0,2,1439,93.68046103132015,-90.85286184179826,50.0,0.0,0.0,1.0
0,2,1440,94.0277957818808,-90.49334175974005,50.0,0.0,0.0,1.0
0,2,1441,94.37375684674136,-90.13248748161412,50.0,0.0,0.0,1.0
0,2,1442,94.71833877753343,-89.77030454901204,50.0,0.0,0.0,1.0
0,2,1443,95.06153615903169,-89.40679851893684,50.0,0.0,0.0,1.0
0,2,1444,95.40334360894809,-89.04197496369287,50.0,0.0,0.0,1.0
0,2,1445,95.74375577772965,-88.67583947077748,50.0,0.0,0.0,1.0
0,2,1446,96.08276734835985,-88.30839764277427,50.0,0.0,0.0,1.0
0,2,1447,96.42037303616355,-87.93965509724823,50.0,0.0,0.0,1.0
0,2,1448,96.75656758861545,-87.56961746664234,50.0,0.0,0.0,1.0
0,2,1449,97.0913457851519,-87.19829039817596,50.0,0.0,0.0,1.0
0,2,1450,97.42470243698618,-86.8256795537448,50.0,0.0,0.0,1.0
0,2,1451,97.75663238692715,-86.45179060982252,50.0,0.0,0.0,1.0
0,2,1452,98.0871305092012,-86.07662925736388,50.0,0.0,0.0,1.0
0,2,1453,98.41619170927744,-85.7002012017095,50.0,0.0,0.0,1.0
0,2,1454,98.74381092369623,-85.32251216249219,50.0,0.0,0.0,1.0
0,2,1455,99.06998311990073,-84.9435678735447,50.0,0.0,0.0,1.0
0,2,1456,99.39470329607182,-84.5633740828091,50.0,0.0,0.0,1.0
0,2,1457,99.71796648096596,-84.18193655224768,50.0,0.0,0.0,1.0
0,2,1458,100.03976773375618,-83.79926105775509,50.0,0.0,0.0,1.0
0,2,1459,100.36010214387615,-83.41535338907227,50.0,0.0,0.0,1.0
0,2,1460,100.67896483086717,-83.03021934970153,50.0,0.0,0.0,1.0
0,2,1461,100.99635094422821,-82.6438647568232,50.0,0.0,0.0,1.0
0,2,1462,101.31225566326873,-82.25629544121368,50.0,0.0,0.0,1.0
0,2,1463,101.62667419696453,-81.86751724716477,50.0,0.0,0.0,1.0
0,2,1464,101.93960178381641,-81.47753603240449,50.0,0.0,0.0,1.0
0,2,1465,102.25103369171157,-81.08635766801913,50.0,0.0,0.0,1.0
0,2,1466,102.56096521778782,-80.69398803837674,50.0,0.0,0.0,1.0
0,2,1467,102.8693916883006,-80.30043304105189,50.0,0.0,0.0,1.0
0,2,1468,103.17630845849257,-79.90569858675164,50.0,0.0,0.0,1.0
0,2,1469,103.48171091246607,-79.50979059924296,50.0,0.0,0.0,1.0
0,2,1470,103.78559446305796,-79.11271501528125,50.0,0.0,0.0,1.0
0,2,1471,104.08795455171729,-78.71447778454026,50.0,0.0,0.0,1.0
0,2,1472,104.38878664838539,-78.31508486954307,50.0,0.0,0.0,1.0
0,2,1473,104.68808625137864,-77.91454224559442,50.0,0.0,0.0,1.0
0,2,1474,104.98584888727358,-77.51285590071423,50.0,0.0,0.0,1.0
0,2,1475,105.28207011079463,-77.11003183557219,50.0,0.0,0.0,1.0
0,2,1476,105.57674550470422,-76.70607606342367,50.0,0.0,0.0,1.0
0,2,1477,105.86987067969528,-76.3009946100467,50.0,0.0,0.0,1.0
0,2,1478,106.16144127428619,-75.89479351368007,50.0,0.0,0.0,1.0
0,2,1479,106.45145295471806,-75.48747882496264,50.0,0.0,0.0,1.0
0,2,1480,106.73990141485432,-75.07905660687362,50.0,0.0,0.0,1.0
0,2,1481,107.02678237608256,-74.66953293467418,50.0,0.0,0.0,1.0
0,2,1482,107.31209158721884,-74.25891389584987,50.0,0.0,0.0,1.0
0,2,1483,107.59582482441397,-73.84720559005427,50.0,0.0,0.0,1.0
0,2,1484,107.87797789106219,-73.43441412905372,50.0,0.0,0.0,1.0
0,2,1485,108.15854661771199,-73.02054563667294,50.0,0.0,0.0,1.0
0,2,1486,108.43752686197912,-72.60560624874186,50.0,0.0,0.0,1.0
0,2,1487,108.71491450846165,-72.18960211304334,50.0,0.0,0.0,1.0
0,2,1488,108.99070546865724,-71.77253938926191,50.0,0.0,0.0,1.0
0,2,1489,109.26489568088249,-71.35442424893354,50.0,0.0,0.0,1.0
0,2,1490,109.53748111019428,-70.9352628753964,50.0,0.0,0.0,1.0
0,2,1491,109.80845774831323,-70.51506146374251,50.0,0.0,0.0,1.0
0,2,1492,110.07782161354913,-70.09382622077044,50.0,0.0,0.0,1.0
0,2,1493,110.34556875072843,-69.6715633649388,50.0,0.0,0.0,1.0
0,2,1494,110.6116952311236,-69.24827912632091,50.0,0.0,0.0,1.0
0,2,1495,110.87619715238455,-68.8239797465601,50.0,0.0,0.0,1.0
0,2,1496,111.1390706384719,-68.39867147882615,50.0,0.0,0.0,1.0
0,2,1497,111.40031183959226,-67.97236058777251,50.0,0.0,0.0,1.0
0,2,1498,111.65991693213519,-67.54505334949442,50.0,0.0,0.0,1.0
0,2,1499,111.91788211861237,-67.11675605148795,50.0,0.0,0.0,1.0
0,2,1500,112.17420362759827,-66.68747499260981,50.0,0.0,0.0,1.0
0,2,1501,112.4288777136729,-66.25721648303815,50.0,0.0,0.0,1.0
0,2,1502,112.6819006573663,-65.82598684423411,50.0,0.0,0.0,1.0
0,2,1503,112.9332687651047,-65.3937924089042,50.0,0.0,0.0,1.0
0,2,1504,113.1829783691587,-64.96063952096361,50.0,0.0,0.0,1.0
0,2,1505,113.43102582759306,-64.52653453550013,50.0,0.0,0.0,1.0
0,2,1506,113.67740752421822,-64.0914838187392,50.0,0.0,0.0,1.0
0,2,1507,113.92211986854366,-63.655493748009405,50.0,0.0,0.0,1.0
0,2,1508,114.16515929573285,-63.21857071170898,50.0,0.0,0.0,1.0
0,2,1509,114.40652226656006,-62.78072110927306,50.0,0.0,0.0,1.0
0,2,1510,114.64620526736866,-62.34195135114167,50.0,0.0,0.0,1.0
0,2,1511,114.8842048100313,-61.9022678587285,50.0,0.0,0.0,1.0
0,2,1512,115.1205174319116,-61.46167706439042,50.0,0.0,0.0,1.0
0,2,1513,115.35513969582749,-61.020185411397755,50.0,0.0,0.0,1.0
0,2,1514,115.58806819001636,-60.577799353905306,50.0,0.0,0.0,1.0
0,2,1515,115.8192995281016,-60.134525356924115,50.0,0.0,0.0,1.0
0,2,1516,116.0488303490609,-59.69036989629392,50.0,0.0,0.0,1.0
0,2,1517,116.27665731719615,-59.24533945865638,50.0,0.0,0.0,1.0
0,2,1518,116.50277712210482,-58.79944054142896,50.0,0.0,0.0,1.0
0,2,1519,116.72718647865301,-58.352679652779585,50.0,0.0,0.0,1.0
0,2,1520,116.94988212695016,-57.905063311601936,50.0,0.0,0.0,1.0
0,2,1521,117.17086083232508,-57.456598047491475,50.0,0.0,0.0,1.0
0,2,1522,117.39011938530375,-57.007290400722155,50.0,0.0,0.0,1.0
0,2,1523,117.60765460158862,-56.5571469222238,50.0,0.0,0.0,1.0
0,2,1524,117.82346332203934,-56.10617417356019,50.0,0.0,0.0,1.0
0,2,1525,118.0375424126552,-55.65437872690777,50.0,0.0,0.0,1.0
0,2,1526,118.2498887645589,-55.201767165035086,50.0,0.0,0.0,1.0
0,2,1527,118.46049929398208,-54.74834608128283,50.0,0.0,0.0,1.0
0,2,1528,118.66937094225204,-54.2941220795446,50.0,0.0,0.0,1.0
0,2,1529,118.87650067578036,-53.83910177424824,50.0,0.0,0.0,1.0
0,2,1530,119.08188548605266,-53.3832917903379,50.0,0.0,0.0,1.0
0,2,1531,119.28552238962011,-52.926698763256674,50.0,0.0,0.0,1.0
0,2,1532,119.48740842809235,-52.469329338929974,50.0,0.0,0.0,1.0
0,2,1533,119.68754066813185,-52.01119017374943,50.0,0.0,0.0,1.0
0,2,1534,119.88591620144986,-51.55228793455749,50.0,0.0,0.0,1.0
0,2,1535,120.08253214480382,-51.092629298632644,50.0,0.0,0.0,1.0
0,2,1536,120.2773856399962,-50.63222095367536,50.0,0.0,0.0,1.0
0,2,1537,120.47047385387498,-50.17106959779418,50.0,0.0,0.0,1.0
0,2,1538,120.66179397833533,-49.70918193949338,50.0,0.0,0.0,1.0
0,2,1539,120.85134323032312,-49.24656469766026,50.0,0.0,0.0,1.0
0,2,1540,121.0391188518397,-48.783224601553634,50.0,0.0,0.0,1.0
0,2,1541,121.22511810994817,-48.31916839079273,50.0,0.0,0.0,1.0
0,2,1542,121.40933829678131,-47.854402815346745,50.0,0.0,0.0,1.0
0,2,1543,121.59177672955077,-47.38893463552505,50.0,0.0,0.0,1.0
0,2,1544,121.77243075055793,-46.9227706219679,50.0,0.0,0.0,1.0
0,2,1545,121.95129772720614,-46.455917555637875,50.0,0.0,0.0,1.0
0,2,1546,122.12837505201462,-45.9883822278119,50.0,0.0,0.0,1.0
0,2,1547,122.3036601426336,-45.52017144007374,50.0,0.0,0.0,1.0
0,2,1548,122.47715044186128,-45.05129200430733,50.0,0.0,0.0,1.0
0,2,1549,122.64884341766202,-44.58175074269048,50.0,0.0,0.0,1.0
0,2,1550,122.81873656318623,-44.11155448768938,50.0,0.0,0.0,1.0
0,2,1551,122.98682739679177,-43.6407100820536,50.0,0.0,0.0,1.0
0,2,1552,123.15311346206674,-43.16922437881167,50.0,0.0,0.0,1.0
0,2,1553,123.31759232785396,-42.697104241267375,50.0,0.0,0.0,1.0
0,2,1554,123.48026158827695,-42.2243565429966,50.0,0.0,0.0,1.0
0,2,1555,123.64111886276737,-41.7509881678447,50.0,0.0,0.0,1.0
0,2,1556,123.80016179609424,-41.277006009924676,50.0,0.0,0.0,1.0
0,2,1557,123.9573880583944,-40.80241697361574,50.0,0.0,0.0,1.0
0,2,1558,124.1127953452049,-40.327227973562664,50.0,0.0,0.0,1.0
0,2,1559,124.26638137749667,-39.85144593467561,50.0,0.0,0.0,1.0
0,2,1560,124.41814390171004,-39.375077792130696,50.0,0.0,0.0,1.0
0,2,1561,124.56808068979169,-38.89813049137106,50.0,0.0,0.0,1.0
0,2,1562,124.71618953923324,-38.42061098810864,50.0,0.0,0.0,1.0
0,2,1563,124.86246827311163,-37.94252624832651,50.0,0.0,0.0,1.0
0,2,1564,125.00691474013092,-37.46388324828189,50.0,0.0,0.0,1.0
0,2,1565,125.14952681466588,-36.9846889745097,50.0,0.0,0.0,1.0
0,2,1566,125.29030239680722,-36.50495042382686,50.0,0.0,0.0,1.0
0,2,1567,125.4292394124085,-36.02467460333714,50.0,0.0,0.0,1.0
0,2,1568,125.56633581313474,-35.54386853043661,50.0,0.0,0.0,1.0
0,2,1569,125.70158957651265,-35.06253923281988,50.0,0.0,0.0,1.0
0,2,1570,125.83499870598278,-34.5806937484868,50.0,0.0,0.0,1.0
0,2,1571,125.96656123095326,-34.09833912574997,50.0,0.0,0.0,1.0
0,2,1572,126.09627520685527,-33.61548242324275,50.0,0.0,0.0,1.0
0,2,1573,126.22413871520044,-33.13213070992804,50.0,0.0,0.0,1.0
0,2,1574,126.35014986363987,-32.648291065107685,50.0,0.0,0.0,1.0
0,2,1575,126.47430678602507,-32.16397057843253,50.0,0.0,0.0,1.0
0,2,1576,126.59660764247064,-31.679176349913128,50.0,0.0,0.0,1.0
0,2,1577,126.71705061941893,-31.193915489931186,50.0,0.0,0.0,1.0
0,2,1578,126.83563392970635,-30.708195119251663,50.0,0.0,0.0,1.0
0,2,1579,126.95235581263181,-30.222022369035493,50.0,0.0,0.0,1.0
0,2,1580,127.06721453402682,-29.73540438085309,50.0,0.0,0.0,1.0
0,2,1581,127.18020838632769,-29.248348306698503,50.0,0.0,0.0,1.0
0,2,1582,127.29133568864961,-28.760861309004298,50.0,0.0,0.0,1.0
0,2,1583,127.40059478686263,-28.272950560657094,50.0,0.0,0.0,1.0
0,2,1584,127.50798405366979,-27.784623245013933,50.0,0.0,0.0,1.0
0,2,1585,127.61350188868704,-27.29588655591921,50.0,0.0,0.0,1.0
0,2,1586,127.71714671852541,-26.80674769772247,50.0,0.0,0.0,1.0
0,2,1587,127.81891699687503,-26.31721388529695,50.0,0.0,0.0,1.0
0,2,1588,127.91881120459144,-25.82729234405869,50.0,0.0,0.0,1.0
0,2,1589,128.01682784978374,-25.33699030998659,50.0,0.0,0.0,1.0
0,2,1590,128.11296546790518,-24.84631502964318,50.0,0.0,0.0,1.0
0,2,1591,128.20722262184566,-24.35527376019607,50.0,0.0,0.0,1.0
0,2,1592,128.29959790202642,-23.863873769440332,50.0,0.0,0.0,1.0
0,2,1593,128.3900899264971,-23.372122335821444,50.0,0.0,0.0,1.0
0,2,1594,128.4786973410349,-22.8800267484593,50.0,0.0,0.0,1.0
0,2,1595,128.565418819246,-22.38759430717279,50.0,0.0,0.0,1.0
0,2,1596,128.65025306266932,-21.894832322505366,50.0,0.0,0.0,1.0
0,2,1597,128.73319880088258,-21.40174811575126,50.0,0.0,0.0,1.0
0,2,1598,128.81425479161055,-20.908349018982676,50.0,0.0,0.0,1.0
0,2,1599,128.89341982083607,-20.41464237507776,50.0,0.0,0.0,1.0
0,2,1600,128.97069270291297,-19.92063553774942,50.0,0.0,0.0,1.0
0,2,1601,129.0460722806817,-19.42633587157505,50.0,0.0,0.0,1.0
0,2,1602,129.11955742558757,-18.93175075202703,50.0,0.0,0.0,1.0
0,2,1603,129.191147037801,-18.43688756550415,50.0,0.0,0.0,1.0
0,2,1604,129.26084004634077,-17.94175370936408,50.0,0.0,0.0,1.0
0,2,1605,129.3286354091997,-17.44635659195643,50.0,0.0,0.0,1.0
0,2,1606,129.3945321134726,-16.95070363265698,50.0,0.0,0.0,1.0
0,2,1607,129.4585291754874,-16.45480226190277,50.0,0.0,0.0,1.0
0,2,1608,129.52062564093848,-15.958659921228033,50.0,0.0,0.0,1.0
0,2,1609,129.5808205850228,-15.462284063301212,50.0,0.0,0.0,1.0
0,2,1610,129.6391131125789,-14.965682151962838,50.0,0.0,0.0,1.0
0,2,1611,129.6955023582286,-14.468861662264445,50.0,0.0,0.0,1.0
0,2,1612,129.74998748652126,-13.971830080508397,50.0,0.0,0.0,1.0
0,2,1613,129.80256769208125,-13.474594904288793,50.0,0.0,0.0,1.0
0,2,1614,129.85324219975797,-12.977163642533299,50.0,0.0,0.0,1.0
0,2,1615,129.90201026477897,-12.479543815546037,50.0,0.0,0.0,1.0
0,2,1616,129.9488711729059,-11.981742955051601,50.0,0.0,0.0,1.0
0,2,1617,129.9938242405936,-11.483768604239927,50.0,0.0,0.0,1.0
0,2,1618,130.03686881515182,-10.98562831781237,50.0,0.0,0.0,1.0
0,2,1619,130.0780042749105,-10.48732966202887,50.0,0.0,0.0,1.0
0,2,1620,130.11723002938785,-9.988880214756009,50.0,0.0,0.0,1.0
0,2,1621,130.15454551946152,-9.49028756551651,50.0,0.0,0.0,1.0
0,2,1622,130.18995021754316,-8.991559315539504,50.0,0.0,0.0,1.0
0,2,1623,130.22344362775604,-8.492703077812166,50.0,0.0,0.0,1.0
0,2,1624,130.25502528611594,-7.993726477132341,50.0,0.0,0.0,1.0
0,2,1625,130.28469476071538,-7.494637150162518,50.0,0.0,0.0,1.0
0,2,1626,130.3124516519112,-6.995442745484752,50.0,0.0,0.0,1.0
0,2,1627,130.33829559251544,-6.496150923656984,50.0,0.0,0.0,1.0
0,2,1628,130.36222624798975,-5.996769357270395,50.0,0.0,0.0,1.0
0,2,1629,130.38424331664328,-5.497305731008126,50.0,0.0,0.0,1.0
0,2,1630,130.4043465298339,-4.997767741705189,50.0,0.0,0.0,1.0
0,2,1631,130.42253565217325,-4.498163098409535,50.0,0.0,0.0,1.0
0,2,1632,130.43881048173506,-3.998499522444547,50.0,0.0,0.0,1.0
0,2,1633,130.4531708502676,-3.4987847474727403,50.0,0.0,0.0,1.0
0,2,1634,130.46561662340932,-2.999026519560786,50.0,0.0,0.0,1.0
0,2,1635,130.47614770090846,-2.4992325972458076,50.0,0.0,0.0,1.0
0,2,1636,130.48476401684655,-1.9994107516030653,50.0,0.0,0.0,1.0
0,2,1637,130.49146553986566,-1.4995687663150647,50.0,0.0,0.0,1.0
0,2,1638,130.49625227339934,-0.9997144377418294,50.0,0.0,0.0,1.0
0,2,1639,130.4991242559079,-0.4998555749928073,50.0,0.0,0.0,1.0
0,2,1640,130.50008156111727,0.0,50.0,0.0,0.0,1.0
0,3,0,139.26778588978402,2.842170943040401e-14,50.0,0.0,0.0,1.0
0,3,1,139.26688866474316,0.4999079708027398,50.0,0.0,0.0,1.0
0,3,2,139.2641969298962,0.9998194841844613,50.0,0.0,0.0,1.0
0,3,3,139.25971061755862,1.4997276688471213,50.0,0.0,0.0,1.0
0,3,4,139.2534296890987,1.9996256640548897,50.0,0.0,0.0,1.0
0,3,5,139.24535413475272,2.4995066195775375,50.0,0.0,0.0,1.0
0,3,6,139.23548397344285,2.9993636956348184,50.0,0.0,0.0,1.0
0,3,7,139.22381925259816,3.499190062841857,50.0,0.0,0.0,1.0
0,3,8,139.2103600479782,3.9989789021555358,50.0,0.0,0.0,1.0
0,3,9,139.1951064634996,4.498723404821863,50.0,0.0,0.0,1.0
0,3,10,139.17805863106503,4.998416772324319,50.0,0.0,0.0,1.0
0,3,11,139.15921671039544,5.49805221633316,50.0,0.0,0.0,1.0
0,3,12,139.13858088886457,5.997622958655669,50.0,0.0,0.0,1.0
0,3,13,139.1161513813363,6.497122231187353,50.0,0.0,0.0,1.0
0,3,14,139.09192843000443,6.996543275864059,50.0,0.0,0.0,1.0
0,3,15,139.0659123042354,7.495879344615011,50.0,0.0,0.0,1.0
0,3,16,139.03810330041335,7.9951236993167525,50.0,0.0,0.0,1.0
0,3,17,139.00850174178763,8.494269611747974,50.0,0.0,0.0,1.0
0,3,18,138.977107978323,8.993310363545243,50.0,0.0,0.0,1.0
0,3,19,138.94392238655234,9.492239246159576,50.0,0.0,0.0,1.0
0,3,20,138.90894536943156,9.991049560813911,50.0,0.0,0.0,1.0
0,3,21,138.87217735619717,10.489734618461398,50.0,0.0,0.0,1.0
0,3,22,138.8336188022262,10.988287739744553,50.0,0.0,0.0,1.0
0,3,23,138.79327018889828,11.486702254955233,50.0,0.0,0.0,1.0
0,3,24,138.7511320234604,11.98497150399543,50.0,0.0,0.0,1.0
0,3,25,138.7072048388936,12.483088836338887,50.0,0.0,0.0,1.0
0,3,26,138.66148919378227,12.98104761099351,50.0,0.0,0.0,1.0
0,3,27,138.61398567218552,13.478841196464577,50.0,0.0,0.0,1.0
0,3,28,138.56469488351073,13.976462970718714,50.0,0.0,0.0,1.0
0,3,29,138.5136174623895,14.473906321148672,50.0,0.0,0.0,1.0
0,3,30,138.46075406855556,14.971164644538835,50.0,0.0,0.0,1.0
0,3,31,138.40610538672496,15.468231347031518,50.0,0.0,0.0,1.0
0,3,32,138.34967212647834,15.965099844093979,50.0,0.0,0.0,1.0
0,3,33,138.29145502214527,16.461763560486194,50.0,0.0,0.0,1.0
0,3,34,138.23145483269076,16.95821593022936,50.0,0.0,0.0,1.0
0,3,35,138.16967234160361,17.45445039657507,50.0,0.0,0.0,1.0
0,3,36,138.10610835678702,17.95046041197529,50.0,0.0,0.0,1.0
0,3,37,138.04076371045105,18.44623943805294,50.0,0.0,0.0,1.0
0,3,38,137.9736392590071,18.941780945573253,50.0,0.0,0.0,1.0
0,3,39,137.9047358829643,19.437078414415772,50.0,0.0,0.0,1.0
0,3,40,137.83405448682794,19.93212533354704,50.0,0.0,0.0,1.0
0,3,41,137.76159599899967,20.42691520099396,50.0,0.0,0.0,1.0
0,3,42,137.6873613716796,20.921441523817826,50.0,0.0,0.0,1.0
0,3,43,137.61135158077036,21.41569781808901,50.0,0.0,0.0,1.0
0,3,44,137.53356762578298,21.90967760886227,50.0,0.0,0.0,1.0
0,3,45,137.45401052974435,22.403374430152756,50.0,0.0,0.0,1.0
0,3,46,137.37268133910692,22.896781824912583,50.0,0.0,0.0,1.0
0,3,47,137.28958112365967,23.38989334500809,50.0,0.0,0.0,1.0
0,3,48,137.2047109764413,23.88270255119768,50.0,0.0,0.0,1.0
0,3,49,137.1180720136548,24.375203013110294,50.0,0.0,0.0,1.0
0,3,50,137.02966537458386,24.867388309224488,50.0,0.0,0.0,1.0
0,3,51,136.9394922215111,25.359252026848093,50.0,0.0,0.0,1.0
0,3,52,136.8475537396378,25.85078776209852,50.0,0.0,0.0,1.0
0,3,53,136.7538511370052,26.341989119883564,50.0,0.0,0.0,1.0
0,3,54,136.65838564441785,26.832849713882908,50.0,0.0,0.0,1.0
0,3,55,136.56115851536808,27.323363166530076,50.0,0.0,0.0,1.0
0,3,56,136.46217102596236,27.813523108995042,50.0,0.0,0.0,1.0
0,3,57,136.36142447484926,28.303323181167404,50.0,0.0,0.0,1.0
0,3,58,136.25892018314875,28.792757031640065,50.0,0.0,0.0,1.0
0,3,59,136.15465949438322,29.28181831769347,50.0,0.0,0.0,1.0
0,3,60,136.04864377441015,29.770500705280472,50.0,0.0,0.0,1.0
0,3,61,135.94087441135588,30.258797869011623,50.0,0.0,0.0,1.0
0,3,62,135.83135281555138,30.74670349214112,50.0,0.0,0.0,1.0
0,3,63,135.72008041946907,31.23421126655315,50.0,0.0,0.0,1.0
0,3,64,135.6070586776614,31.721314892748907,50.0,0.0,0.0,1.0
0,3,65,135.49228906670075,32.20800807983403,50.0,0.0,0.0,1.0
0,3,66,135.37577308512076,32.694284545506584,50.0,0.0,0.0,1.0
0,3,67,135.25751225335915,33.18013801604558,50.0,0.0,0.0,1.0
0,3,68,135.13750811370187,33.665562226299976,50.0,0.0,0.0,1.0
0,3,69,135.01576223022863,34.15055091967817,50.0,0.0,0.0,1.0
0,3,70,134.89227618875998,34.63509784813804,50.0,0.0,0.0,1.0
0,3,71,134.76705159680546,35.119196772177496,50.0,0.0,0.0,1.0
0,3,72,134.64009008351343,35.60284146082539,50.0,0.0,0.0,1.0
0,3,73,134.51139329962194,36.08602569163309,50.0,0.0,0.0,1.0
0,3,74,134.38096291741113,36.56874325066644,50.0,0.0,0.0,1.0
0,3,75,134.24880063065683,37.050987932498195,50.0,0.0,0.0,1.0
0,3,76,134.11490815458558,37.532753540201035,50.0,0.0,0.0,1.0
0,3,77,133.97928722583072,38.01403388534089,50.0,0.0,0.0,1.0
0,3,78,133.84193960239006,38.49482278797091,50.0,0.0,0.0,1.0
0,3,79,133.70286706358456,38.97511407662577,50.0,0.0,0.0,1.0
0,3,80,133.56207141001838,39.45490158831656,50.0,0.0,0.0,1.0
0,3,81,133.41955446354015,39.934179168526,50.0,0.0,0.0,1.0
0,3,82,133.27531806720552,40.412940671204254,50.0,0.0,0.0,1.0
0,3,83,133.1293640852409,40.891179958765136,50.0,0.0,0.0,1.0
0,3,84,132.9816944030083,41.36889090208275,50.0,0.0,0.0,1.0
0,3,85,132.83231092697167,41.84606738048868,50.0,0.0,0.0,1.0
0,3,86,132.68121558466416,42.32270328176946,50.0,0.0,0.0,1.0
0,3,87,132.52841032465665,42.79879250216474,50.0,0.0,0.0,1.0
0,3,88,132.3738971165276,43.27432894636563,50.0,0.0,0.0,1.0
0,3,89,132.21767795083375,43.74930652751377,50.0,0.0,0.0,1.0
0,3,90,132.05975483908242,44.22371916720056,50.0,0.0,0.0,1.0
0,3,91,131.90012981370458,44.697560795467055,50.0,0.0,0.0,1.0
0,3,92,131.7388049280293,45.17082535080426,50.0,0.0,0.0,1.0
0,3,93,131.5757822562593,45.643506780153714,50.0,0.0,0.0,1.0
0,3,94,131.41106389344745,46.115599038908805,50.0,0.0,0.0,1.0
0,3,95,131.24465195547484,46.587096090916155,50.0,0.0,0.0,1.0
0,3,96,131.07654857902943,47.05799190847783,50.0,0.0,0.0,1.0
0,3,97,130.9067559215863,47.528280472353664,50.0,0.0,0.0,1.0
0,3,98,130.73527616138864,47.99795577176426,50.0,0.0,0.0,1.0
0,3,99,130.56211149743012,48.46701180439428,50.0,0.0,0.0,1.0
0,3,100,130.3872641494383,48.9354425763962,50.0,0.0,0.0,1.0
0,3,101,130.210736357859,49.403242102394586,50.0,0.0,0.0,1.0
0,3,102,130.03253038384187,49.87040440549072,50.0,0.0,0.0,1.0
0,3,103,129.85264850922724,50.336923517267664,50.0,0.0,0.0,1.0
0,3,104,129.67109303653362,50.80279347779584,50.0,0.0,0.0,1.0
0,3,105,129.48786628894678,51.26800833563895,50.0,0.0,0.0,1.0
0,3,106,129.30297061030953,51.73256214786042,50.0,0.0,0.0,1.0
0,3,107,129.11640836511276,52.19644898003024,50.0,0.0,0.0,1.0
0,3,108,128.92818193848765,52.659662906232214,50.0,0.0,0.0,1.0
0,3,109,128.7382937361987,53.12219800907172,50.0,0.0,0.0,1.0
0,3,110,128.54674618463804,53.5840483796839,50.0,0.0,0.0,1.0
0,3,111,128.3535417308208,54.045208117742234,50.0,0.0,0.0,1.0
0,3,112,128.15868284238144,54.50567133146762,50.0,0.0,0.0,1.0
0,3,113,127.96217200757131,54.965432137637855,50.0,0.0,0.0,1.0
0,3,114,127.7640117352571,55.42448466159767,50.0,0.0,0.0,1.0
0,3,115,127.56420455492058,55.882823037269006,50.0,0.0,0.0,1.0
0,3,116,127.36275301665925,56.34044140716197,50.0,0.0,0.0,1.0
0,3,117,127.15965969118814,56.79733392238609,50.0,0.0,0.0,1.0
0,3,118,126.95492716984262,57.2534947426621,50.0,0.0,0.0,1.0
0,3,119,126.74855806458238,57.70891803633416,50.0,0.0,0.0,1.0
0,3,120,126.54055500799646,58.16359798038253,50.0,0.0,0.0,1.0
0,3,121,126.33092065330929,58.6175287604367,50.0,0.0,0.0,1.0
0,3,122,126.11965767438795,59.070704570789026,50.0,0.0,0.0,1.0
0,3,123,125.90676876575036,59.523119614408785,50.0,0.0,0.0,1.0
0,3,124,125.69225664257463,59.97476810295674,50.0,0.0,0.0,1.0
0,3,125,125.47612404070966,60.42564425680009,50.0,0.0,0.0,1.0
0,3,126,125.25837371668646,60.87574230502807,50.0,0.0,0.0,1.0
0,3,127,125.03900844773099,61.325056485467854,50.0,0.0,0.0,1.0
0,3,128,124.8180310317778,61.773581044701025,50.0,0.0,0.0,1.0
0,3,129,124.59544428748492,62.22131023808054,50.0,0.0,0.0,1.0
0,3,130,124.37125105424983,62.668238329748135,50.0,0.0,0.0,1.0
0,3,131,124.14545419222654,63.11435959265226,50.0,0.0,0.0,1.0
0,3,132,123.91805658234382,63.559668308566536,50.0,0.0,0.0,1.0
0,3,133,123.68906112632455,64.00415876810865,50.0,0.0,0.0,1.0
0,3,134,123.45847074670617,64.44782527075975,50.0,0.0,0.0,1.0
0,3,135,123.22628838686228,64.89066212488447,50.0,0.0,0.0,1.0
0,3,136,122.99251701102548,65.33266364775136,50.0,0.0,0.0,1.0
0,3,137,122.75715960431121,65.77382416555382,50.0,0.0,0.0,1.0
0,3,138,122.52021917274287,66.21413801343162,50.0,0.0,0.0,1.0
0,3,139,122.28169874327808,66.65359953549297,50.0,0.0,0.0,1.0
0,3,140,122.0416013638361,67.09220308483701,50.0,0.0,0.0,1.0
0,3,141,121.7999301033264,67.52994302357696,50.0,0.0,0.0,1.0
0,3,142,121.55668805167855,67.96681372286375,50.0,0.0,0.0,1.0
0,3,143,121.3118783198732,68.40280956291016,50.0,0.0,0.0,1.0
0,3,144,121.06550403997424,68.83792493301566,50.0,0.0,0.0,1.0
0,3,145,120.81756836516234,69.27215423159163,50.0,0.0,0.0,1.0
0,3,146,120.56807446976954,69.70549186618724,50.0,0.0,0.0,1.0
0,3,147,120.31702554931522,70.13793225351597,50.0,0.0,0.0,1.0
0,3,148,120.06442482054325,70.56946981948248,50.0,0.0,0.0,1.0
0,3,149,119.81027552146043,71.00009899921032,50.0,0.0,0.0,1.0
0,3,150,119.55458091137606,71.42981423707012,50.0,0.0,0.0,1.0
0,3,151,119.29734427094319,71.85860998670829,50.0,0.0,0.0,1.0
0,3,152,119.03856890220062,72.28648071107642,50.0,0.0,0.0,1.0
0,3,153,118.77825812861666,72.7134208824614,50.0,0.0,0.0,1.0
0,3,154,118.51641529513392,73.13942498251585,50.0,0.0,0.0,1.0
0,3,155,118.25304376821565,73.56448750228945,50.0,0.0,0.0,1.0
0,3,156,117.98814693589324,73.98860294226075,50.0,0.0,0.0,1.0
0,3,157,117.72172820781516,74.41176581236971,50.0,0.0,0.0,1.0
0,3,158,117.45379101529733,74.83397063205076,50.0,0.0,0.0,1.0
0,3,159,117.18433881137472,75.25521193026673,50.0,0.0,0.0,1.0
0,3,160,116.91337507085447,75.67548424554309,50.0,0.0,0.0,1.0
0,3,161,116.64090329037049,76.09478212600321,50.0,0.0,0.0,1.0
0,3,162,116.3669269884392,76.51310012940405,50.0,0.0,0.0,1.0
0,3,163,116.09144970551708,76.93043282317274,50.0,0.0,0.0,1.0
0,3,164,115.81447500405933,77.34677478444354,50.0,0.0,0.0,1.0
0,3,165,115.53600646858035,77.7621206000959,50.0,0.0,0.0,1.0
0,3,166,115.25604770571537,78.17646486679281,50.0,0.0,0.0,1.0
0,3,167,114.97460234428385,78.58980219102024,50.0,0.0,0.0,1.0
0,3,168,114.69167403535421,79.002127189127,50.0,0.0,0.0,1.0
0,3,169,114.40726645231027,79.41343448736549,50.0,0.0,0.0,1.0
0,3,170,114.12138329091907,79.82371872193319,50.0,0.0,0.0,1.0
0,3,171,113.83402826940045,80.2329745390148,50.0,0.0,0.0,1.0
0,3,172,113.54520512849803,80.64119659482526,50.0,0.0,0.0,1.0
0,3,173,113.25491763155192,81.04837955565343,50.0,0.0,0.0,1.0
0,3,174,112.96316956457304,81.4545180979066,50.0,0.0,0.0,1.0
0,3,175,112.66996473631907,81.8596069081558,50.0,0.0,0.0,1.0
0,3,176,112.37530697837204,82.26364068318182,50.0,0.0,0.0,1.0
0,3,177,112.07920014521764,82.66661413002218,50.0,0.0,0.0,1.0
0,3,178,111.78164811432623,83.06852196601871,50.0,0.0,0.0,1.0
0,3,179,111.48265478623556,83.46935891886619,50.0,0.0,0.0,1.0
0,3,180,111.18222408463522,83.86911972666158,50.0,0.0,0.0,1.0
0,3,181,110.88035995645293,84.26779913795431,50.0,0.0,0.0,1.0
0,3,182,110.57706637194244,84.66539191179727,50.0,0.0,0.0,1.0
0,3,183,110.27234732477346,85.06189281779878,50.0,0.0,0.0,1.0
0,3,184,109.96620683212328,85.45729663617529,50.0,0.0,0.0,1.0
0,3,185,109.65864893477021,85.85159815780511,50.0,0.0,0.0,1.0
0,3,186,109.34967769718901,86.24479218428301,50.0,0.0,0.0,1.0
0,3,187,109.0392972076481,86.6368735279756,50.0,0.0,0.0,1.0
0,3,188,108.72751157830876,87.02783701207775,50.0,0.0,0.0,1.0
0,3,189,108.41432494532631,87.41767747067,50.0,0.0,0.0,1.0
0,3,190,108.09974146895301,87.8063897487767,50.0,0.0,0.0,1.0
0,3,191,107.78376533364329,88.19396870242525,50.0,0.0,0.0,1.0
0,3,192,107.46640074816071,88.58040919870638,50.0,0.0,0.0,1.0
0,3,193,107.14765194568713,88.96570611583512,50.0,0.0,0.0,1.0
0,3,194,106.82752318393383,89.34985434321308,50.0,0.0,0.0,1.0
0,3,195,106.50601874525478,89.73284878149155,50.0,0.0,0.0,1.0
0,3,196,106.18314293676193,90.11468434263561,50.0,0.0,0.0,1.0
0,3,197,105.85890009044277,90.49535594998935,50.0,0.0,0.0,1.0
0,3,198,105.53329456327995,90.87485853834194,50.0,0.0,0.0,1.0
0,3,199,105.2063307373731,91.25318705399513,50.0,0.0,0.0,1.0
0,3,200,104.87801302006278,91.63033645483132,50.0,0.0,0.0,1.0
0,3,201,104.54834584405697,92.00630171038304,50.0,0.0,0.0,1.0
0,3,202,104.21733366755936,92.38107780190349,50.0,0.0,0.0,1.0
0,3,203,103.88498097440043,92.75465972243792,50.0,0.0,0.0,1.0
0,3,204,103.55129227417035,93.12704247689652,50.0,0.0,0.0,1.0
0,3,205,103.21627210235468,93.49822108212808,50.0,0.0,0.0,1.0
0,3,206,102.87992502047219,93.86819056699501,50.0,0.0,0.0,1.0
0,3,207,102.5422556162151,94.23694597244933,50.0,0.0,0.0,1.0
0,3,208,102.20326850359183,94.6044823516101,50.0,0.0,0.0,1.0
0,3,209,101.86296832307218,94.97079476984166,50.0,0.0,0.0,1.0
0,3,210,101.52135974173501,95.33587830483343,50.0,0.0,0.0,1.0
0,3,211,101.17844745341834,95.69972804668062,50.0,0.0,0.0,1.0
0,3,212,100.83423617887227,96.06233909796637,50.0,0.0,0.0,1.0
0,3,213,100.48873066591412,96.42370657384504,50.0,0.0,0.0,1.0
0,3,214,100.1419356895865,96.78382560212665,50.0,0.0,0.0,1.0
0,3,215,99.7938560523178,97.14269132336284,50.0,0.0,0.0,1.0
0,3,216,99.44449658408553,97.50029889093379,50.0,0.0,0.0,1.0
0,3,217,99.09386214258221,97.85664347113678,50.0,0.0,0.0,1.0
0,3,218,98.74195761338412,98.21172024327568,50.0,0.0,0.0,1.0
0,3,219,98.38878744355948,98.56552486547699,50.0,0.0,0.0,1.0
0,3,220,98.0343462683026,98.91806274838112,50.0,0.0,0.0,1.0
0,3,221,97.67863470698146,99.26933316466443,50.0,0.0,0.0,1.0
0,3,222,97.3216575772419,99.6193312077561,50.0,0.0,0.0,1.0
0,3,223,96.96341970977228,99.96805199920584,50.0,0.0,0.0,1.0
0,3,224,96.60392594821286,100.31549068851157,50.0,0.0,0.0,1.0
0,3,225,96.24318114906585,100.66164245295023,50.0,0.0,0.0,1.0
0,3,226,95.88119018160734,101.00650249741085,50.0,0.0,0.0,1.0
0,3,227,95.51795792780011,101.35006605423082,50.0,0.0,0.0,1.0
0,3,228,95.15348928220806,101.69232838303444,50.0,0.0,0.0,1.0
0,3,229,94.78778915191148,102.0332847705744,50.0,0.0,0.0,1.0
0,3,230,94.42086245642403,102.37293053057576,50.0,0.0,0.0,1.0
0,3,231,94.05271412761063,102.71126100358245,50.0,0.0,0.0,1.0
0,3,232,93.68334910960657,103.0482715568066,50.0,0.0,0.0,1.0
0,3,233,93.3127723587381,103.38395758398,50.0,0.0,0.0,1.0
0,3,234,92.94098884344388,103.71831450520847,50.0,0.0,0.0,1.0
0,3,235,92.56800354419784,104.05133776682831,50.0,0.0,0.0,1.0
0,3,236,92.19382145343299,104.3830228412656,50.0,0.0,0.0,1.0
0,3,237,91.81844757546666,104.71336522689748,50.0,0.0,0.0,1.0
0,3,238,91.44188692642658,105.04236044791624,50.0,0.0,0.0,1.0
0,3,239,91.06414453417827,105.37000405419533,50.0,0.0,0.0,1.0
0,3,240,90.68522543825351,105.69629162115811,50.0,0.0,0.0,1.0
0,3,241,90.30513468977975,106.02121874964865,50.0,0.0,0.0,1.0
0,3,242,89.92387735141092,106.3447810658048,50.0,0.0,0.0,1.0
0,3,243,89.54145849725894,106.66697422093365,50.0,0.0,0.0,1.0
0,3,244,89.15788321282662,106.98779389138906,50.0,0.0,0.0,1.0
0,3,245,88.77315659494127,107.30723577845151,50.0,0.0,0.0,1.0
0,3,246,88.38728375168972,107.62529560820998,50.0,0.0,0.0,1.0
0,3,247,88.000269802354,107.9419691314461,50.0,0.0,0.0,1.0
0,3,248,87.61211987734825,108.2572521235203,50.0,0.0,0.0,1.0
0,3,249,87.22283911815664,108.57114038426013,50.0,0.0,0.0,1.0
0,3,250,86.83243267727201,108.88362973785067,50.0,0.0,0.0,1.0
0,3,251,86.44090571813588,109.19471603272677,50.0,0.0,0.0,1.0
0,3,252,86.04826341507903,109.50439514146765,50.0,0.0,0.0,1.0
0,3,253,85.65451095326334,109.81266296069319,50.0,0.0,0.0,1.0
0,3,254,85.25965352862434,110.11951541096228,50.0,0.0,0.0,1.0
0,3,255,84.86369634781487,110.4249484366732,50.0,0.0,0.0,1.0
0,3,256,84.46664462814944,110.72895800596585,50.0,0.0,0.0,1.0
0,3,257,84.06850359754978,111.0315401106258,50.0,0.0,0.0,1.0
0,3,258,83.669278494491,111.33269076599035,50.0,0.0,0.0,1.0
0,3,259,83.26897456794876,111.63240601085647,50.0,0.0,0.0,1.0
0,3,260,82.86759707734741,111.93068190739031,50.0,0.0,0.0,1.0
0,3,261,82.46515129250875,112.22751454103889,50.0,0.0,0.0,1.0
0,3,262,82.0616424936019,112.52290002044325,50.0,0.0,0.0,1.0
0,3,263,81.65707597109375,112.8168344773536,50.0,0.0,0.0,1.0
0,3,264,81.25145702570056,113.10931406654603,50.0,0.0,0.0,1.0
0,3,265,80.84479096834004,113.40033496574122,50.0,0.0,0.0,1.0
0,3,266,80.43708312008447,113.68989337552445,50.0,0.0,0.0,1.0
0,3,267,80.02833881211458,113.97798551926769,50.0,0.0,0.0,1.0
0,3,268,79.6185633856741,114.2646076430532,50.0,0.0,0.0,1.0
0,3,269,79.20776219202529,114.54975601559862,50.0,0.0,0.0,1.0
0,3,270,78.795940592405,114.83342692818407,50.0,0.0,0.0,1.0
0,3,271,78.38310395798185,115.11561669458045,50.0,0.0,0.0,1.0
0,3,272,77.96925766981367,115.39632165097964,50.0,0.0,0.0,1.0
0,3,273,77.55440711880621,115.67553815592612,50.0,0.0,0.0,1.0
0,3,274,77.13855770567213,115.95326259025015,50.0,0.0,0.0,1.0
0,3,275,76.72171484089108,116.22949135700259,50.0,0.0,0.0,1.0
0,3,276,76.30388394467028,116.50422088139116,50.0,0.0,0.0,1.0
0,3,277,75.8850704469058,116.77744761071827,50.0,0.0,0.0,1.0
0,3,278,75.4652797871448,117.04916801432019,50.0,0.0,0.0,1.0
0,3,279,75.04451741454801,117.31937858350797,50.0,0.0,0.0,1.0
0,3,280,74.6227887878535,117.58807583150953,50.0,0.0,0.0,1.0
0,3,281,74.20009937534043,117.85525629341342,50.0,0.0,0.0,1.0
0,3,282,73.77645465479415,118.12091652611382,50.0,0.0,0.0,1.0
0,3,283,73.35186011347145,118.38505310825715,50.0,0.0,0.0,1.0
0,3,284,72.92632124806671,118.64766264018995,50.0,0.0,0.0,1.0
0,3,285,72.49984356467871,118.90874174390808,50.0,0.0,0.0,1.0
0,3,286,72.07243257877789,119.1682870630076,50.0,0.0,0.0,1.0
0,3,287,71.64409381517451,119.42629526263656,50.0,0.0,0.0,1.0
0,3,288,71.21483280798718,119.6827630294486,50.0,0.0,0.0,1.0
0,3,289,70.78465510061223,119.93768707155748,50.0,0.0,0.0,1.0
0,3,290,70.35356624569346,120.19106411849324,50.0,0.0,0.0,1.0
0,3,291,69.92157180509277,120.44289092115947,50.0,0.0,0.0,1.0
0,3,292,69.48867734986112,120.693164251792,50.0,0.0,0.0,1.0
0,3,293,69.05488846021026,120.94188090391876,50.0,0.0,0.0,1.0
0,3,294,68.62021072548504,121.189037692321,50.0,0.0,0.0,1.0
0,3,295,68.1846497441361,121.4346314529958,50.0,0.0,0.0,1.0
0,3,296,67.74821112369342,121.67865904311972,50.0,0.0,0.0,1.0
0,3,297,67.31090048074026,121.92111734101381,50.0,0.0,0.0,1.0
0,3,298,66.87272344088771,122.16200324610969,50.0,0.0,0.0,1.0
0,3,299,66.43368563874976,122.40131367891712,50.0,0.0,0.0,1.0
0,3,300,65.993792717919,122.63904558099243,50.0,0.0,0.0,1.0
0,3,301,65.55305033094277,122.87519591490855,50.0,0.0,0.0,1.0
0,3,302,65.11146413929991,123.10976166422583,50.0,0.0,0.0,1.0
0,3,303,64.6690398133781,123.34273983346436,50.0,0.0,0.0,1.0
0,3,304,64.22578303245152,123.57412744807739,50.0,0.0,0.0,1.0
0,3,305,63.78169948465934,123.80392155442573,50.0,0.0,0.0,1.0
0,3,306,63.33679486698442,124.0321192197536,50.0,0.0,0.0,1.0
0,3,307,62.89107488523281,124.25871753216542,50.0,0.0,0.0,1.0
0,3,308,62.44454525401349,124.4837136006039,50.0,0.0,0.0,1.0
0,3,309,61.99721169671889,124.70710455482913,50.0,0.0,0.0,1.0
0,3,310,61.549079945505625,124.92888754539891,50.0,0.0,0.0,1.0
0,3,311,61.10015574127603,125.14905974365013,50.0,0.0,0.0,1.0
0,3,312,60.650444833659954,125.36761834168138,50.0,0.0,0.0,1.0
0,3,313,60.19995298099707,125.58456055233657,50.0,0.0,0.0,1.0
0,3,314,59.74868595031987,125.79988360918968,50.0,0.0,0.0,1.0
0,3,315,59.296649517336874,126.01358476653076,50.0,0.0,0.0,1.0
0,3,316,58.84384946641655,126.22566129935272,50.0,0.0,0.0,1.0
0,3,317,58.390291590571486,126.43611050333963,50.0,0.0,0.0,1.0
0,3,318,57.935981691443324,126.64492969485573,50.0,0.0,0.0,1.0
0,3,319,57.480925579287785,126.85211621093583,50.0,0.0,0.0,1.0
0,3,320,57.02512907296056,127.05766740927655,50.0,0.0,0.0,1.0
0,3,321,56.568597999903396,127.26158066822882,50.0,0.0,0.0,1.0
0,3,322,56.11133819613065,127.4638533867915,50.0,0.0,0.0,1.0
0,3,323,55.65335550621656,127.66448298460583,50.0,0.0,0.0,1.0
0,3,324,55.194655783282556,127.8634669019512,50.0,0.0,0.0,1.0
0,3,325,54.735244888985484,128.06080259974192,50.0,0.0,0.0,1.0
0,3,326,54.27512869350584,128.256487559525,50.0,0.0,0.0,1.0
0,3,327,53.81431307553685,128.45051928347917,50.0,0.0,0.0,1.0
0,3,328,53.35280392227367,128.64289529441473,50.0,0.0,0.0,1.0
0,3,329,52.89060712940328,128.83361313577473,50.0,0.0,0.0,1.0
0,3,330,52.4277286010946,129.02267037163702,50.0,0.0,0.0,1.0
0,3,331,51.964174249989306,129.21006458671746,50.0,0.0,0.0,1.0
0,3,332,51.49994999719285,129.39579338637424,50.0,0.0,0.0,1.0
0,3,333,51.035061772265976,129.5798543966132,50.0,0.0,0.0,1.0
0,3,334,50.56951551321684,129.76224526409428,50.0,0.0,0.0,1.0
0,3,335,50.10331716649331,129.94296365613897,50.0,0.0,0.0,1.0
0,3,336,49.63647268697595,130.1220072607389,50.0,0.0,0.0,1.0
0,3,337,49.168988037971154,130.2993737865656,50.0,0.0,0.0,1.0
0,3,338,48.70086919120507,130.47506096298108,50.0,0.0,0.0,1.0
0,3,339,48.232122126817615,130.64906654004977,50.0,0.0,0.0,1.0
0,3,340,47.76275283335717,130.82138828855136,50.0,0.0,0.0,1.0
0,3,341,47.292767307775584,130.9920239999949,50.0,0.0,0.0,1.0
0,3,342,46.82217155542356,131.16097148663377,50.0,0.0,0.0,1.0
0,3,343,46.35097159004674,131.328228581482,50.0,0.0,0.0,1.0
0,3,344,45.87917343378179,131.49379313833148,50.0,0.0,0.0,1.0
0,3,345,45.40678311715341,131.6576630317704,50.0,0.0,0.0,1.0
0,3,346,44.93380667907132,131.8198361572028,50.0,0.0,0.0,1.0
0,3,347,44.46025016682806,131.98031043086908,50.0,0.0,0.0,1.0
0,3,348,43.98611963609689,132.13908378986798,50.0,0.0,0.0,1.0
0,3,349,43.511421150930474,132.2961541921792,50.0,0.0,0.0,1.0
0,3,350,43.03616078375968,132.45151961668753,50.0,0.0,0.0,1.0
0,3,351,42.5603446153929,132.60517806320817,50.0,0.0,0.0,1.0
0,3,352,42.08397873501609,132.7571275525127,50.0,0.0,0.0,1.0
0,3,353,41.607069240192715,132.90736612635686,50.0,0.0,0.0,1.0
0,3,354,41.12962223686473,133.05589184750892,50.0,0.0,0.0,1.0
0,3,355,40.65164383935345,133.20270279977962,50.0,0.0,0.0,1.0
0,3,356,40.17314017036132,133.34779708805303,50.0,0.0,0.0,1.0
0,3,357,39.694117360973785,133.4911728383188,50.0,0.0,0.0,1.0
0,3,358,39.21458155066184,133.63282819770538,50.0,0.0,0.0,1.0
0,3,359,38.73453888728495,133.77276133451468,50.0,0.0,0.0,1.0
0,3,360,38.25399552709428,133.91097043825772,50.0,0.0,0.0,1.0
0,3,361,37.772957634736706,134.04745371969165,50.0,0.0,0.0,1.0
0,3,362,37.29143138325887,134.18220941085795,50.0,0.0,0.0,1.0
0,3,363,36.80942295411212,134.3152357651218,50.0,0.0,0.0,1.0
0,3,364,36.326938537157496,134.4465310572129,50.0,0.0,0.0,1.0
0,3,365,35.843984330671546,134.57609358326724,50.0,0.0,0.0,1.0
0,3,366,35.360566541352284,134.70392166087055,50.0,0.0,0.0,1.0
0,3,367,34.8766913843259,134.83001362910258,50.0,0.0,0.0,1.0
0,3,368,34.39236508315379,134.95436784858302,50.0,0.0,0.0,1.0
0,3,369,33.90759386983996,135.0769827015186,50.0,0.0,0.0,1.0
0,3,370,33.42238398483923,135.19785659175145,50.0,0.0,0.0,1.0
0,3,371,32.93674167706554,135.3169879448089,50.0,0.0,0.0,1.0
0,3,372,32.45067320390109,135.43437520795456,50.0,0.0,0.0,1.0
0,3,373,31.9641848312056,135.5500168502408,50.0,0.0,0.0,1.0
0,3,374,31.477282833326512,135.6639113625626,50.0,0.0,0.0,1.0
0,3,375,30.98997349310916,135.77605725771252,50.0,0.0,0.0,1.0
0,3,376,30.50226310190797,135.88645307043774,50.0,0.0,0.0,1.0
0,3,377,30.014157959597824,135.99509735749763,50.0,0.0,0.0,1.0
0,3,378,29.525664374585944,136.10198869772347,50.0,0.0,0.0,1.0
0,3,379,29.03678866382448,136.20712569207927,50.0,0.0,0.0,1.0
0,3,380,28.547537152823452,136.31050696372404,50.0,0.0,0.0,1.0
0,3,381,28.05791617566433,136.41213115807574,50.0,0.0,0.0,1.0
0,3,382,27.567932075014,136.5119969428764,50.0,0.0,0.0,1.0
0,3,383,27.077591202139416,136.61010300825916,50.0,0.0,0.0,1.0
0,3,384,26.586899916922647,136.70644806681634,50.0,0.0,0.0,1.0
0,3,385,26.095864587876648,136.80103085366946,50.0,0.0,0.0,1.0
0,3,386,25.604491592161366,136.8938501265407,50.0,0.0,0.0,1.0
0,3,387,25.112787315600542,136.9849046658258,50.0,0.0,0.0,1.0
0,3,388,24.62075815269911,137.0741932746686,50.0,0.0,0.0,1.0
0,3,389,24.12841050666087,137.16171477903742,50.0,0.0,0.0,1.0
0,3,390,23.63575078940731,137.24746802780265,50.0,0.0,0.0,1.0
0,3,391,23.142785421596244,137.33145189281643,50.0,0.0,0.0,1.0
0,3,392,22.64952083264177,137.41366526899355,50.0,0.0,0.0,1.0
0,3,393,22.155963460734213,137.49410707439452,50.0,0.0,0.0,1.0
0,3,394,21.662119752861173,137.5727762503098,50.0,0.0,0.0,1.0
0,3,395,21.167996164828793,137.6496717613463,50.0,0.0,0.0,1.0
0,3,396,20.67359916128376,137.7247925955152,50.0,0.0,0.0,1.0
0,3,397,20.17893521573609,137.79813776432172,50.0,0.0,0.0,1.0
0,3,398,19.68401081058218,137.86970630285666,50.0,0.0,0.0,1.0
0,3,399,19.188832437128923,137.93949726988978,50.0,0.0,0.0,1.0
0,3,400,18.693406595618015,138.00750974796495,50.0,0.0,0.0,1.0
0,3,401,18.197739795251337,138.07374284349697,50.0,0.0,0.0,1.0
0,3,402,17.701838554216593,138.13819568687074,50.0,0.0,0.0,1.0
0,3,403,17.20570939971391,138.2008674325419,50.0,0.0,0.0,1.0
0,3,404,16.709358867983,138.26175725913947,50.0,0.0,0.0,1.0
0,3,405,16.21279350433082,138.32086436957053,50.0,0.0,0.0,1.0
0,3,406,15.716019863160298,138.37818799112685,50.0,0.0,0.0,1.0
0,3,407,15.219044507999342,138.43372737559338,50.0,0.0,0.0,1.0
0,3,408,14.721874011530886,138.48748179935885,50.0,0.0,0.0,1.0
0,3,409,14.224514955623391,138.5394505635285,50.0,0.0,0.0,1.0
0,3,410,13.72697393136221,138.5896329940386,50.0,0.0,0.0,1.0
0,3,411,13.229257539081601,138.63802844177334,50.0,0.0,0.0,1.0
0,3,412,12.731372388397503,138.68463628268358,50.0,0.0,0.0,1.0
0,3,413,12.233325098241167,138.72945591790798,50.0,0.0,0.0,1.0
0,3,414,11.735122296893138,138.77248677389605,50.0,0.0,0.0,1.0
0,3,415,11.236770622018668,138.81372830253355,50.0,0.0,0.0,1.0
0,3,416,10.73827672070314,138.85317998127005,50.0,0.0,0.0,1.0
0,3,417,10.239647249488911,138.89084131324876,50.0,0.0,0.0,1.0
0,3,418,9.740888874412505,138.9267118274385,50.0,0.0,0.0,1.0
0,3,419,9.242008271042891,138.96079107876815,50.0,0.0,0.0,1.0
0,3,420,8.743012124520305,138.99307864826326,50.0,0.0,0.0,1.0
0,3,421,8.243907129596195,139.02357414318513,50.0,0.0,0.0,1.0
0,3,422,7.744699990673695,139.0522771971722,50.0,0.0,0.0,1.0
0,3,423,7.245397421849077,139.0791874703838,50.0,0.0,0.0,1.0
0,3,424,6.746006146954159,139.1043046496465,50.0,0.0,0.0,1.0
0,3,425,6.246532899599259,139.12762844860276,50.0,0.0,0.0,1.0
0,3,426,5.746984423217427,139.14915860786203,50.0,0.0,0.0,1.0
0,3,427,5.2473674711090865,139.16889489515472,50.0,0.0,0.0,1.0
0,3,428,4.747688806488085,139.18683710548817,50.0,0.0,0.0,1.0
0,3,429,4.24795520252809,139.2029850613057,50.0,0.0,0.0,1.0
0,3,430,3.7481734424104047,139.2173386126481,50.0,0.0,0.0,1.0
0,3,431,3.248350319372392,139.22989763731763,50.0,0.0,0.0,1.0
0,3,432,2.7484926367568505,139.24066204104486,50.0,0.0,0.0,1.0
0,3,433,2.248607208062552,139.24963175765816,50.0,0.0,0.0,1.0
0,3,434,1.7487008569953417,139.25680674925604,50.0,0.0,0.0,1.0
0,3,435,1.2487804175207629,139.2621870063819,50.0,0.0,0.0,1.0
0,3,436,0.748852733917019,139.26577254820222,50.0,0.0,0.0,1.0
0,3,437,0.24892466082953035,139.26756342268686,50.0,0.0,0.0,1.0
0,3,438,-0.25099693667398526,139.26755970679275,50.0,0.0,0.0,1.0
0,3,439,-0.7509051830472089,139.2657615066504,50.0,0.0,0.0,1.0
0,3,440,-1.2507991530041425,139.26216890435416,50.0,0.0,0.0,1.0
0,3,441,-1.7506864479016138,139.25678181952176,50.0,0.0,0.0,1.0
0,3,442,-2.250560843905206,139.24960021691095,50.0,0.0,0.0,1.0
0,3,443,-2.7504154775089997,139.24062409381725,50.0,0.0,0.0,1.0
0,3,444,-3.250243495908255,139.22985347638323,50.0,0.0,0.0,1.0
0,3,445,-3.750038056942197,139.21728841941595,50.0,0.0,0.0,1.0
0,3,446,-4.249792329038126,139.20292900620763,50.0,0.0,0.0,1.0
0,3,447,-4.74949949115625,139.18677534835888,50.0,0.0,0.0,1.0
0,3,448,-5.249152732736011,139.16882758560484,50.0,0.0,0.0,1.0
0,3,449,-5.748745253642961,139.14908588564404,50.0,0.0,0.0,1.0
0,3,450,-6.248270264116632,139.12755044397005,50.0,0.0,0.0,1.0
0,3,451,-6.7477209847197965,139.10422148370574,50.0,0.0,0.0,1.0
0,3,452,-7.247090646288215,139.07909925544018,50.0,0.0,0.0,1.0
0,3,453,-7.746372489881607,139.05218403706834,50.0,0.0,0.0,1.0
0,3,454,-8.24555976673528,139.0234761336332,50.0,0.0,0.0,1.0
0,3,455,-8.744645738213162,138.99297587717052,50.0,0.0,0.0,1.0
0,3,456,-9.24362367576125,138.96068362655612,50.0,0.0,0.0,1.0
0,3,457,-9.742486860862277,138.92659976735567,50.0,0.0,0.0,1.0
0,3,458,-10.241228584990944,138.89072471167702,50.0,0.0,0.0,1.0
0,3,459,-10.739842149570558,138.85305889802493,50.0,0.0,0.0,1.0
0,3,460,-11.238320865930069,138.8136027911581,50.0,0.0,0.0,1.0
0,3,461,-11.736658055261982,138.77235688194892,50.0,0.0,0.0,1.0
0,3,462,-12.234847048581548,138.72932168724515,50.0,0.0,0.0,1.0
0,3,463,-12.73288118668632,138.68449774973436,50.0,0.0,0.0,1.0
0,3,464,-13.230753820116819,138.6378856378103,50.0,0.0,0.0,1.0
0,3,465,-13.728458309117718,138.589485945442,50.0,0.0,0.0,1.0
0,3,466,-14.225988023600346,138.53929929204446,50.0,0.0,0.0,1.0
0,3,467,-14.723336343105531,138.48732632235237,50.0,0.0,0.0,1.0
0,3,468,-15.220496656767251,138.43356770629532,50.0,0.0,0.0,1.0
0,3,469,-15.717462363277477,138.37802413887565,50.0,0.0,0.0,1.0
0,3,470,-16.214226870851334,138.3206963400482,50.0,0.0,0.0,1.0
0,3,471,-16.710783597193284,138.26158505460234,50.0,0.0,0.0,1.0
0,3,472,-17.207125969463803,138.20069105204598,50.0,0.0,0.0,1.0
0,3,473,-17.703247424247245,138.13801512649164,50.0,0.0,0.0,1.0
0,3,474,-18.19914140751999,138.07355809654476,50.0,0.0,0.0,1.0
0,3,475,-18.69480137461963,138.0073208051937,50.0,0.0,0.0,1.0
0,3,476,-19.190220790214497,137.93930411970217,50.0,0.0,0.0,1.0
0,3,477,-19.685393128274477,137.86950893150316,50.0,0.0,0.0,1.0
0,3,478,-20.18031187204204,137.7979361560953,50.0,0.0,0.0,1.0
0,3,479,-20.674970514003995,137.72458673294065,50.0,0.0,0.0,1.0
0,3,480,-21.16936255586431,137.6494616253649,50.0,0.0,0.0,1.0
0,3,481,-21.663481508517215,137.572561820459,50.0,0.0,0.0,1.0
0,3,482,-22.157320892021133,137.493888328983,50.0,0.0,0.0,1.0
0,3,483,-22.65087423557317,137.41344218527158,50.0,0.0,0.0,1.0
0,3,484,-23.144135077484535,137.33122444714132,50.0,0.0,0.0,1.0
0,3,485,-23.637096965156346,137.2472361957999,50.0,0.0,0.0,1.0
0,3,486,-24.12975345505594,137.16147853575703,50.0,0.0,0.0,1.0
0,3,487,-24.622098112694395,137.07395259473716,50.0,0.0,0.0,1.0
0,3,488,-25.114124512604022,136.9846595235938,50.0,0.0,0.0,1.0
0,3,489,-25.605826238316943,136.89360049622576,50.0,0.0,0.0,1.0
0,3,490,-26.09719688234385,136.8007767094949,50.0,0.0,0.0,1.0
0,3,491,-26.588230046153946,136.70618938314567,50.0,0.0,0.0,1.0
0,3,492,-27.07891934015494,136.60983975972627,50.0,0.0,0.0,1.0
0,3,493,-27.56925838367396,136.51172910451132,50.0,0.0,0.0,1.0
0,3,494,-28.05924080493881,136.4118587054265,50.0,0.0,0.0,1.0
0,3,495,-28.548860241060147,136.3102298729744,50.0,0.0,0.0,1.0
0,3,496,-29.038110338013944,136.206843940162,50.0,0.0,0.0,1.0
0,3,497,-29.52698475062447,136.1017022624302,50.0,0.0,0.0,1.0
0,3,498,-30.015477142548264,135.99480621758408,50.0,0.0,0.0,1.0
0,3,499,-30.503581186258167,135.88615720572548,50.0,0.0,0.0,1.0
0,3,500,-30.991290563028215,135.7757566491866,50.0,0.0,0.0,1.0
0,3,501,-31.478598962918866,135.6636059924652,50.0,0.0,0.0,1.0
0,3,502,-31.965500084763065,135.54970670216147,50.0,0.0,0.0,1.0
0,3,503,-32.45198763615261,135.43406026691608,50.0,0.0,0.0,1.0
0,3,504,-32.93805533342493,135.31666819734994,50.0,0.0,0.0,1.0
0,3,505,-33.42369690165091,135.19753202600518,50.0,0.0,0.0,1.0
0,3,506,-33.90890607462263,135.07665330728773,50.0,0.0,0.0,1.0
0,3,507,-34.393676594842056,134.9540336174112,50.0,0.0,0.0,1.0
0,3,508,-34.87800221350988,134.82967455434212,50.0,0.0,0.0,1.0
0,3,509,-35.36187669051537,134.70357773774674,50.0,0.0,0.0,1.0
0,3,510,-35.84529379442622,134.5757448089389,50.0,0.0,0.0,1.0
0,3,511,-36.32824730247921,134.44617743082958,50.0,0.0,0.0,1.0
0,3,512,-36.81073100057112,134.31487728787752,50.0,0.0,0.0,1.0
0,3,513,-37.29273868325052,134.18184608604133,50.0,0.0,0.0,1.0
0,3,514,-37.77426415370974,134.04708555273282,50.0,0.0,0.0,1.0
0,3,515,-38.25530122377721,133.9105974367717,50.0,0.0,0.0,1.0
0,3,516,-38.735843713910796,133.7723835083415,50.0,0.0,0.0,1.0
0,3,517,-39.21588545319112,133.63244555894687,50.0,0.0,0.0,1.0
0,3,518,-39.69542027931562,133.49078540137194,50.0,0.0,0.0,1.0
0,3,519,-40.17444203859284,133.34740486964026,50.0,0.0,0.0,1.0
0,3,520,-40.652944585937625,133.20230581897562,50.0,0.0,0.0,1.0
0,3,521,-41.130921784866366,133.05549012576444,50.0,0.0,0.0,1.0
0,3,522,-41.608367507492936,132.90695968751913,50.0,0.0,0.0,1.0
0,3,523,-42.08527563452484,132.75671642284286,50.0,0.0,0.0,1.0
0,3,524,-42.56164005526032,132.6047622713953,50.0,0.0,0.0,1.0
0,3,525,-43.03745466758544,132.4510991938598,50.0,0.0,0.0,1.0
0,3,526,-43.51271337797171,132.2957291719117,50.0,0.0,0.0,1.0
0,3,527,-43.98741010147448,132.13865420818772,50.0,0.0,0.0,1.0
0,3,528,-44.46153876173144,131.97987632625652,50.0,0.0,0.0,1.0
0,3,529,-44.93509329096178,131.8193975705906,50.0,0.0,0.0,1.0
0,3,530,-45.40806762996554,131.65722000653926,50.0,0.0,0.0,1.0
0,3,531,-45.88045572812386,131.49334572030253,50.0,0.0,0.0,1.0
0,3,532,-46.35225154339931,131.32777681890653,50.0,0.0,0.0,1.0
0,3,533,-46.82344904233662,131.16051543017988,50.0,0.0,0.0,1.0
0,3,534,-47.29404220006429,130.99156370273116,50.0,0.0,0.0,1.0
0,3,535,-47.76402500029619,130.82092380592746,50.0,0.0,0.0,1.0
0,3,536,-48.23339143533389,130.64859792987423,50.0,0.0,0.0,1.0
0,3,537,-48.70213550606914,130.4745882853962,50.0,0.0,0.0,1.0
0,3,538,-49.17025122198723,130.29889710401918,50.0,0.0,0.0,1.0
0,3,539,-49.637732601170455,130.12152663795322,50.0,0.0,0.0,1.0
0,3,540,-50.10457367030212,129.94247916007686,50.0,0.0,0.0,1.0
0,3,541,-50.570768464670884,129.76175696392235,50.0,0.0,0.0,1.0
0,3,542,-51.036311028175845,129.57936236366191,50.0,0.0,0.0,1.0
0,3,543,-51.50119541333185,129.3952976940954,50.0,0.0,0.0,1.0
0,3,544,-51.96541568127507,129.20956531063865,50.0,0.0,0.0,1.0
0,3,545,-52.42896590176952,129.02216758931326,50.0,0.0,0.0,1.0
0,3,546,-52.891840153213586,128.83310692673714,50.0,0.0,0.0,1.0
0,3,547,-53.35403252264719,128.64238574011642,50.0,0.0,0.0,1.0
0,3,548,-53.81553710575924,128.4500064672383,50.0,0.0,0.0,1.0
0,3,549,-54.27634800689587,128.25597156646486,50.0,0.0,0.0,1.0
0,3,550,-54.736459339068844,128.06028351672828,50.0,0.0,0.0,1.0
0,3,551,-55.19586522396426,127.8629448175267,50.0,0.0,0.0,1.0
0,3,552,-55.65455979195227,127.66395798892154,50.0,0.0,0.0,1.0
0,3,553,-56.1125371820967,127.46332557153562,50.0,0.0,0.0,1.0
0,3,554,-56.569791542165405,127.26105012655253,50.0,0.0,0.0,1.0
0,3,555,-57.02631702864089,127.05713423571697,50.0,0.0,0.0,1.0
0,3,556,-57.48210780673174,126.8515805013362,50.0,0.0,0.0,1.0
0,3,557,-57.93715805038411,126.64439154628252,50.0,0.0,0.0,1.0
0,3,558,-58.39146194229397,126.43557001399688,50.0,0.0,0.0,1.0
0,3,559,-58.845013673919496,126.22511856849366,50.0,0.0,0.0,1.0
0,3,560,-59.29780744549439,126.0130398943662,50.0,0.0,0.0,1.0
0,3,561,-59.74983746604132,125.7993366967938,50.0,0.0,0.0,1.0
0,3,562,-60.20109795338578,125.58401170154958,50.0,0.0,0.0,1.0
0,3,563,-60.651583134170814,125.36706765500946,50.0,0.0,0.0,1.0
0,3,564,-61.10128724387184,125.14850732416225,50.0,0.0,0.0,1.0
0,3,565,-61.55020452681216,124.92833349662081,50.0,0.0,0.0,1.0
0,3,566,-61.99832923617873,124.7065489806344,50.0,0.0,0.0,1.0
0,3,567,-62.44565563403886,124.48315660510194,50.0,0.0,0.0,1.0
0,3,568,-62.89217799135693,124.25815921958655,50.0,0.0,0.0,1.0
0,3,569,-63.33789058801178,124.03155969433118,50.0,0.0,0.0,1.0
0,3,570,-63.782787712814766,123.80336092027518,50.0,0.0,0.0,1.0
0,3,571,-64.22686366352808,123.57356580907225,50.0,0.0,0.0,1.0
0,3,572,-64.67011274688369,123.34217729310929,50.0,0.0,0.0,1.0
0,3,573,-65.1125292786027,123.10919832552653,50.0,0.0,0.0,1.0
0,3,574,-65.55410758341542,122.87463188023872,50.0,0.0,0.0,1.0
0,3,575,-65.99484199508184,122.63848095195746,50.0,0.0,0.0,1.0
0,3,576,-66.43472685641252,122.4007485562147,50.0,0.0,0.0,1.0
0,3,577,-66.87375651929008,122.1614377293875,50.0,0.0,0.0,1.0
0,3,578,-67.31192534469143,121.92055152872368,50.0,0.0,0.0,1.0
0,3,579,-67.74922770271034,121.67809303236893,50.0,0.0,0.0,1.0
0,3,580,-68.18565797258032,121.43406533939502,50.0,0.0,0.0,1.0
0,3,581,-68.62121054269865,121.18847156982902,50.0,0.0,0.0,1.0
0,3,582,-69.05587981065048,120.941314864684,50.0,0.0,0.0,1.0
0,3,583,-69.48966018323364,120.69259838599068,50.0,0.0,0.0,1.0
0,3,584,-69.9225460764839,120.44232531683052,50.0,0.0,0.0,1.0
0,3,585,-70.35453191570117,120.19049886136983,50.0,0.0,0.0,1.0
0,3,586,-70.78561213547583,119.93712224489526,50.0,0.0,0.0,1.0
0,3,587,-71.21578117971578,119.68219871385054,50.0,0.0,0.0,1.0
0,3,588,-71.6450335016743,119.42573153587422,50.0,0.0,0.0,1.0
0,3,589,-72.0733635639783,119.1677239998391,50.0,0.0,0.0,1.0
0,3,590,-72.50076583865714,118.90817941589258,50.0,0.0,0.0,1.0
0,3,591,-72.92723480717207,118.64710111549849,50.0,0.0,0.0,1.0
0,3,592,-73.35276496044656,118.38449245148011,50.0,0.0,0.0,1.0
0,3,593,-73.77735079889682,118.1203567980646,50.0,0.0,0.0,1.0
0,3,594,-74.20098683246331,117.85469755092863,50.0,0.0,0.0,1.0
0,3,595,-74.62366758064253,117.58751812724557,50.0,0.0,0.0,1.0
0,3,596,-75.04538757251994,117.31882196573369,50.0,0.0,0.0,1.0
0,3,597,-75.46614134680306,117.04861252670605,50.0,0.0,0.0,1.0
0,3,598,-75.88592345185536,116.77689329212163,50.0,0.0,0.0,1.0
0,3,599,-76.30472844573109,116.50366776563777,50.0,0.0,0.0,1.0
0,3,600,-76.72255089621036,116.22893947266417,50.0,0.0,0.0,1.0
0,3,601,-77.1393853808353,115.95271196041816,50.0,0.0,0.0,1.0
0,3,602,-77.55522648694637,115.67498879798163,50.0,0.0,0.0,1.0
0,3,603,-77.97006881172005,115.39577357635912,50.0,0.0,0.0,1.0
0,3,604,-78.38390696220682,115.11506990853749,50.0,0.0,0.0,1.0
0,3,605,-78.79673555536966,114.83288142954733,50.0,0.0,0.0,1.0
0,3,606,-79.20854921812389,114.54921179652533,50.0,0.0,0.0,1.0
0,3,607,-79.61934258737716,114.26406468877859,50.0,0.0,0.0,1.0
0,3,608,-80.02911031007045,113.9774438078504,50.0,0.0,0.0,1.0
0,3,609,-80.4378470432197,113.6893528775875,50.0,0.0,0.0,1.0
0,3,610,-80.84554745395845,113.39979564420872,50.0,0.0,0.0,1.0
0,3,611,-81.2522062195808,113.10877587637557,50.0,0.0,0.0,1.0
0,3,612,-81.65781802758563,112.81629736526418,50.0,0.0,0.0,1.0
0,3,613,-82.06237757572113,112.52236392463894,50.0,0.0,0.0,1.0
0,3,614,-82.46587957203057,112.22697939092771,50.0,0.0,0.0,1.0
0,3,615,-82.86831873489865,111.93014762329875,50.0,0.0,0.0,1.0
0,3,616,-83.26968979309844,111.63187250373936,50.0,0.0,0.0,1.0
0,3,617,-83.66998748583967,111.33215793713607,50.0,0.0,0.0,1.0
0,3,618,-84.06920656281743,111.03100785135666,50.0,0.0,0.0,1.0
0,3,619,-84.46734178426183,110.72842619733387,50.0,0.0,0.0,1.0
0,3,620,-84.86438792098849,110.42441694915098,50.0,0.0,0.0,1.0
0,3,621,-85.26033975445002,110.11898410412888,50.0,0.0,0.0,1.0
0,3,622,-85.65519207678824,109.81213168291522,50.0,0.0,0.0,1.0
0,3,623,-86.04893969088722,109.5038637295753,50.0,0.0,0.0,1.0
0,3,624,-86.44157741042751,109.19418431168468,50.0,0.0,0.0,1.0
0,3,625,-86.83310005994088,108.88309752042377,50.0,0.0,0.0,1.0
0,3,626,-87.22350247486636,108.57060747067426,50.0,0.0,0.0,1.0
0,3,627,-87.6127795016068,108.25671830111753,50.0,0.0,0.0,1.0
0,3,628,-88.00092599758678,107.94143417433482,50.0,0.0,0.0,1.0
0,3,629,-88.38793683131121,107.62475927690946,50.0,0.0,0.0,1.0
0,3,630,-88.773806882425,107.30669781953111,50.0,0.0,0.0,1.0
0,3,631,-89.15853104177351,106.98725403710199,50.0,0.0,0.0,1.0
0,3,632,-89.54210421146436,106.66643218884495,50.0,0.0,0.0,1.0
0,3,633,-89.9245213049299,106.3442365584138,50.0,0.0,0.0,1.0
0,3,634,-90.3057772469907,106.02067145400571,50.0,0.0,0.0,1.0
0,3,635,-90.68586697392041,105.6957412084755,50.0,0.0,0.0,1.0
0,3,636,-91.06478543351119,105.36945017945223,50.0,0.0,0.0,1.0
0,3,637,-91.44252758514057,105.0418027494579,50.0,0.0,0.0,1.0
0,3,638,-91.81908839983892,104.71280332602838,50.0,0.0,0.0,1.0
0,3,639,-92.19446286035864,104.38245634183629,50.0,0.0,0.0,1.0
0,3,640,-92.56864596124389,104.05076625481641,50.0,0.0,0.0,1.0
0,3,641,-92.94163270890144,103.71773754829326,50.0,0.0,0.0,1.0
0,3,642,-93.31341812167302,103.38337473111073,50.0,0.0,0.0,1.0
0,3,643,-93.6839972299085,103.04768233776437,50.0,0.0,0.0,1.0
0,3,644,-94.0533650760402,102.71066492853572,50.0,0.0,0.0,1.0
0,3,645,-94.42151671465832,102.37232708962928,50.0,0.0,0.0,1.0
0,3,646,-94.78844721258784,102.03267343331152,50.0,0.0,0.0,1.0
0,3,647,-95.15415164896629,101.6917085980526,50.0,0.0,0.0,1.0
0,3,648,-95.5186251153227,101.34943724867043,50.0,0.0,0.0,1.0
0,3,649,-95.88186271565797,101.00586407647731,50.0,0.0,0.0,1.0
0,3,650,-96.2438595665263,100.6609937994288,50.0,0.0,0.0,1.0
0,3,651,-96.60461079711797,100.31483116227537,50.0,0.0,0.0,1.0
0,3,652,-96.96411154934312,99.96738093671675,50.0,0.0,0.0,1.0
0,3,653,-97.32235697791714,99.61864792155836,50.0,0.0,0.0,1.0
0,3,654,-97.67934225044712,99.26863694287093,50.0,0.0,0.0,1.0
0,3,655,-98.0350625475196,98.9173528541524,50.0,0.0,0.0,1.0
0,3,656,-98.38951306278962,98.56480053649287,50.0,0.0,0.0,1.0
0,3,657,-98.74268900307126,98.21098489874176,50.0,0.0,0.0,1.0
0,3,658,-99.0945855884498,97.85591087765746,50.0,0.0,0.0,1.0
0,3,659,-99.44520537495674,97.49957596968751,50.0,0.0,0.0,1.0
0,3,660,-99.79455078473102,97.14197763686856,50.0,0.0,0.0,1.0
0,3,661,-100.14261694154237,96.78312072083745,50.0,0.0,0.0,1.0
0,3,662,-100.48939899725401,96.42301007612939,50.0,0.0,0.0,1.0
0,3,663,-100.83489213165103,96.0616505700885,50.0,0.0,0.0,1.0
0,3,664,-101.17909155227215,95.69904708277933,50.0,0.0,0.0,1.0
0,3,665,-101.52199249424373,95.33520450689994,50.0,0.0,0.0,1.0
0,3,666,-101.86359022011668,94.97012774769617,50.0,0.0,0.0,1.0
0,3,667,-102.2038800197059,94.60382172287717,50.0,0.0,0.0,1.0
0,3,668,-102.54285720993272,94.2362913625321,50.0,0.0,0.0,1.0
0,3,669,-102.8805171346695,93.86754160904812,50.0,0.0,0.0,1.0
0,3,670,-103.21685516458705,93.49757741702976,50.0,0.0,0.0,1.0
0,3,671,-103.55186669700466,93.12640375321912,50.0,0.0,0.0,1.0
0,3,672,-103.88554715574253,92.75402559641756,50.0,0.0,0.0,1.0
0,3,673,-104.21789199097671,92.38044793740845,50.0,0.0,0.0,1.0
0,3,674,-104.54889667909644,92.0056757788812,50.0,0.0,0.0,1.0
0,3,675,-104.8785567225642,91.62971413535618,50.0,0.0,0.0,1.0
0,3,676,-105.20686764977776,91.25256803311103,50.0,0.0,0.0,1.0
0,3,677,-105.53382501493502,90.8742425101079,50.0,0.0,0.0,1.0
0,3,678,-105.85942439790072,90.49474261592209,50.0,0.0,0.0,1.0
0,3,679,-106.18366140407599,90.1140734116713,50.0,0.0,0.0,1.0
0,3,680,-106.50653166426989,89.73223996994642,50.0,0.0,0.0,1.0
0,3,681,-106.82803083457308,89.34924737474323,50.0,0.0,0.0,1.0
0,3,682,-107.1481545962342,88.965100721395,50.0,0.0,0.0,1.0
0,3,683,-107.46689865553799,88.57980511650638,50.0,0.0,0.0,1.0
0,3,684,-107.78425874368584,88.19336567788811,50.0,0.0,0.0,1.0
0,3,685,-108.10023061667837,87.80578753449302,50.0,0.0,0.0,1.0
0,3,686,-108.41481005520033,87.41707582635264,50.0,0.0,0.0,1.0
0,3,687,-108.7279928645075,87.02723570451516,50.0,0.0,0.0,1.0
0,3,688,-109.03977487431543,86.6362723309843,50.0,0.0,0.0,1.0
0,3,689,-109.35015193869079,86.2441908786589,50.0,0.0,0.0,1.0
0,3,690,-109.6591199359442,85.8509965312738,50.0,0.0,0.0,1.0
0,3,691,-109.96667476852551,85.45669448334144,50.0,0.0,0.0,1.0
0,3,692,-110.27281236292056,85.0612899400947,50.0,0.0,0.0,1.0
0,3,693,-110.57752866955052,84.66478811743009,50.0,0.0,0.0,1.0
0,3,694,-110.88081966267266,84.26719424185252,50.0,0.0,0.0,1.0
0,3,695,-111.18268134028334,83.86851355042049,50.0,0.0,0.0,1.0
0,3,696,-111.48310972402258,83.46875129069247,50.0,0.0,0.0,1.0
0,3,697,-111.78210085908094,83.06791272067393,50.0,0.0,0.0,1.0
0,3,698,-112.07965081410794,82.66600310876537,50.0,0.0,0.0,1.0
0,3,699,-112.37575568112216,82.26302773371131,50.0,0.0,0.0,1.0
0,3,700,-112.67041157542369,81.85899188454982,50.0,0.0,0.0,1.0
0,3,701,-112.96361463550781,81.45390086056321,50.0,0.0,0.0,1.0
0,3,702,-113.2553610229808,81.04775997122935,50.0,0.0,0.0,1.0
0,3,703,-113.5456469224771,80.64057453617401,50.0,0.0,0.0,1.0
0,3,704,-113.8344685415788,80.23234988512368,50.0,0.0,0.0,1.0
0,3,705,-114.1218221107362,79.82309135785947,50.0,0.0,0.0,1.0
0,3,706,-114.40770388319041,79.41280430417187,50.0,0.0,0.0,1.0
0,3,707,-114.69211013489755,79.00149408381587,50.0,0.0,0.0,1.0
0,3,708,-114.97503716445463,78.58916606646734,50.0,0.0,0.0,1.0
0,3,709,-115.2564812930269,78.17582563167979,50.0,0.0,0.0,1.0
0,3,710,-115.53643886427693,77.76147816884225,50.0,0.0,0.0,1.0
0,3,711,-115.81490624429534,77.34612907713749,50.0,0.0,0.0,1.0
0,3,712,-116.09187982153298,76.92978376550127,50.0,0.0,0.0,1.0
0,3,713,-116.36735600673474,76.51244765258221,50.0,0.0,0.0,1.0
0,3,714,-116.64133123287475,76.09412616670247,50.0,0.0,0.0,1.0
0,3,715,-116.91380195509342,75.67482474581891,50.0,0.0,0.0,1.0
0,3,716,-117.18476465063567,75.25454883748517,50.0,0.0,0.0,1.0
0,3,717,-117.4542158187907,74.83330389881453,50.0,0.0,0.0,1.0
0,3,718,-117.7221519808335,74.41109539644305,50.0,0.0,0.0,1.0
0,3,719,-117.98856967996743,73.98792880649377,50.0,0.0,0.0,1.0
0,3,720,-118.25346548126853,73.56380961454141,50.0,0.0,0.0,1.0
0,3,721,-118.51683597163111,73.13874331557794,50.0,0.0,0.0,1.0
0,3,722,-118.77867775971481,72.7127354139784,50.0,0.0,0.0,1.0
0,3,723,-119.03898747589311,72.2857914234676,50.0,0.0,0.0,1.0
0,3,724,-119.29776177220305,71.85791686708782,50.0,0.0,0.0,1.0
0,3,725,-119.55499732229654,71.42911727716628,50.0,0.0,0.0,1.0
0,3,726,-119.81069082139288,70.99939819528414,50.0,0.0,0.0,1.0
0,3,727,-120.0648389862327,70.56876517224543,50.0,0.0,0.0,1.0
0,3,728,-120.31743855503306,70.13722376804722,50.0,0.0,0.0,1.0
0,3,729,-120.56848628744424,69.70477955184967,50.0,0.0,0.0,1.0
0,3,730,-120.81797896450746,69.2714381019473,50.0,0.0,0.0,1.0
0,3,731,-121.06591338861408,68.83720500574053,50.0,0.0,0.0,1.0
0,3,732,-121.31228638346596,68.40208585970804,50.0,0.0,0.0,1.0
0,3,733,-121.55709479403734,67.9660862693793,50.0,0.0,0.0,1.0
0,3,734,-121.80033548653779,67.52921184930808,50.0,0.0,0.0,1.0
0,3,735,-122.04200534837625,67.09146822304652,50.0,0.0,0.0,1.0
0,3,736,-122.2821012881268,66.6528610231193,50.0,0.0,0.0,1.0
0,3,737,-122.52062023549514,66.21339589099891,50.0,0.0,0.0,1.0
0,3,738,-122.75755914128668,65.7730784770812,50.0,0.0,0.0,1.0
0,3,739,-122.99291497737549,65.33191444066159,50.0,0.0,0.0,1.0
0,3,740,-123.22668473667487,64.88990944991161,50.0,0.0,0.0,1.0
0,3,741,-123.45886543310876,64.44706918185614,50.0,0.0,0.0,1.0
0,3,742,-123.68945410158443,64.00339932235133,50.0,0.0,0.0,1.0
0,3,743,-123.91844779796652,63.55890556606265,50.0,0.0,0.0,1.0
0,3,744,-124.14584359905203,63.1135936164438,50.0,0.0,0.0,1.0
0,3,745,-124.37163860254658,62.667469185715944,50.0,0.0,0.0,1.0
0,3,746,-124.59582992704175,62.22053799484768,50.0,0.0,0.0,1.0
0,3,747,-124.81841471199374,61.77280577353516,50.0,0.0,0.0,1.0
0,3,748,-125.03939011770296,61.324278260183014,50.0,0.0,0.0,1.0
0,3,749,-125.25875332529495,60.874961201885604,50.0,0.0,0.0,1.0
0,3,750,-125.47650153670217,60.42486035440906,50.0,0.0,0.0,1.0
0,3,751,-125.6926319746473,59.97398148217325,50.0,0.0,0.0,1.0
0,3,752,-125.90714188262729,59.52233035823474,50.0,0.0,0.0,1.0
0,3,753,-126.12002852489867,59.06991276427022,50.0,0.0,0.0,1.0
0,3,754,-126.33128918646409,58.61673449055991,50.0,0.0,0.0,1.0
0,3,755,-126.54092117305976,58.16280133597204,50.0,0.0,0.0,1.0
0,3,756,-126.74892181114414,57.70811910794742,50.0,0.0,0.0,1.0
0,3,757,-126.95528844788755,57.252693622484806,50.0,0.0,0.0,1.0
0,3,758,-127.16001845116318,56.796530704126226,50.0,0.0,0.0,1.0
0,3,759,-127.36310920953892,56.33963618594324,50.0,0.0,0.0,1.0
0,3,760,-127.56455813227025,55.88201590952364,50.0,0.0,0.0,1.0
0,3,761,-127.76436264929457,55.42367572495812,50.0,0.0,0.0,1.0
0,3,762,-127.96252021122619,54.964621490828044,50.0,0.0,0.0,1.0
0,3,763,-128.1590282893527,54.504859074193135,50.0,0.0,0.0,1.0
0,3,764,-128.35388437563222,54.04439435058012,50.0,0.0,0.0,1.0
0,3,765,-128.54708598269187,53.58323320397125,50.0,0.0,0.0,1.0
0,3,766,-128.7386306438273,53.12138152679374,50.0,0.0,0.0,1.0
0,3,767,-128.92851591300314,52.65884521990939,50.0,0.0,0.0,1.0
0,3,768,-129.11673936485488,52.1956301926049,50.0,0.0,0.0,1.0
0,3,769,-129.30329859469134,51.73174236258219,50.0,0.0,0.0,1.0
0,3,770,-129.48819121849868,51.267187655949584,50.0,0.0,0.0,1.0
0,3,771,-129.67141487294518,50.80197200721342,50.0,0.0,0.0,1.0
0,3,772,-129.85296721538722,50.33610135926965,50.0,0.0,0.0,1.0
0,3,773,-130.03284592387638,49.86958166339636,50.0,0.0,0.0,1.0
0,3,774,-130.21104869716754,49.40241887924646,50.0,0.0,0.0,1.0
0,3,775,-130.38757325472804,48.9346189748411,50.0,0.0,0.0,1.0
0,3,776,-130.56241733674813,48.466187926563,50.0,0.0,0.0,1.0
0,3,777,-130.73557870415212,47.99713171915073,50.0,0.0,0.0,1.0
0,3,778,-130.90705513861113,47.527456345693096,50.0,0.0,0.0,1.0
0,3,779,-131.07684444255642,47.057167807624246,50.0,0.0,0.0,1.0
0,3,780,-131.2449444391943,46.58627211471881,50.0,0.0,0.0,1.0
0,3,781,-131.4113529725217,46.1147752850878,50.0,0.0,0.0,1.0
0,3,782,-131.57606790734312,45.642683345174994,50.0,0.0,0.0,1.0
0,3,783,-131.7390871292887,45.170002329753245,50.0,0.0,0.0,1.0
0,3,784,-131.90040854483314,44.69673828192189,50.0,0.0,0.0,1.0
0,3,785,-132.0600300813162,44.22289725310402,50.0,0.0,0.0,1.0
0,3,786,-132.21794968696372,43.74848530304476,50.0,0.0,0.0,1.0
0,3,787,-132.37416533091044,43.27350849980928,50.0,0.0,0.0,1.0
0,3,788,-132.52867500322327,42.79797291978178,50.0,0.0,0.0,1.0
0,3,789,-132.68147671492636,42.32188464766489,50.0,0.0,0.0,1.0
0,3,790,-132.8325684980268,41.84524977647908,50.0,0.0,0.0,1.0
0,3,791,-132.98194840554174,41.36807440756295,50.0,0.0,0.0,1.0
0,3,792,-133.1296145115267,40.890364650573744,50.0,0.0,0.0,1.0
0,3,793,-133.27556491110482,40.41212662348845,50.0,0.0,0.0,1.0
0,3,794,-133.41979772049754,39.93336645260506,50.0,0.0,0.0,1.0
0,3,795,-133.56231107705634,39.4540902725446,50.0,0.0,0.0,1.0
0,3,796,-133.70310313929568,38.974304226253324,50.0,0.0,0.0,1.0
0,3,797,-133.84217208692712,38.494014465005755,50.0,0.0,0.0,1.0
0,3,798,-133.9795161208948,38.013227148407566,50.0,0.0,0.0,1.0
0,3,799,-134.1151334634119,37.53194844439939,50.0,0.0,0.0,1.0
0,3,800,-134.24902235799857,37.05018452926113,50.0,0.0,0.0,1.0
0,3,801,-134.38118106952095,36.56794158761622,50.0,0.0,0.0,1.0
0,3,802,-134.51160788423147,36.08522581243687,50.0,0.0,0.0,1.0
0,3,803,-134.64030110981045,35.6020434050494,50.0,0.0,0.0,1.0
0,3,804,-134.76725907540893,35.11840057514052,50.0,0.0,0.0,1.0
0,3,805,-134.89248013169285,34.634303540763355,50.0,0.0,0.0,1.0
0,3,806,-135.0159626508884,34.14975852834451,50.0,0.0,0.0,1.0
0,3,807,-135.13770502682883,33.664771772691566,50.0,0.0,0.0,1.0
0,3,808,-135.25770567500246,33.179349517000716,50.0,0.0,0.0,1.0
0,3,809,-135.37596303260204,32.693498012865135,50.0,0.0,0.0,1.0
0,3,810,-135.49247555857562,32.20722352028379,50.0,0.0,0.0,1.0
0,3,811,-135.60724173367845,31.72053230767088,50.0,0.0,0.0,1.0
0,3,812,-135.72026006052653,31.23343065186532,50.0,0.0,0.0,1.0
0,3,813,-135.83152906365146,30.745924838141207,50.0,0.0,0.0,1.0
0,3,814,-135.94104728955668,30.258021160218476,50.0,0.0,0.0,1.0
0,3,815,-136.04881330677506,29.769725920274382,50.0,0.0,0.0,1.0
0,3,816,-136.1548257059281,29.281045428954968,50.0,0.0,0.0,1.0
0,3,817,-136.25908309978624,28.791986005387486,50.0,0.0,0.0,1.0
0,3,818,-136.3615841233311,28.302553977193327,50.0,0.0,0.0,1.0
0,3,819,-136.46232743381876,27.812755680501112,50.0,0.0,0.0,1.0
0,3,820,-136.56131171084473,27.32259745996062,50.0,0.0,0.0,1.0
0,3,821,-136.65853565641035,26.832085668757202,50.0,0.0,0.0,1.0
0,3,822,-136.7539979949909,26.34122666862669,50.0,0.0,0.0,1.0
0,3,823,-136.84769747360494,25.850026829870714,50.0,0.0,0.0,1.0
0,3,824,-136.93963286188543,25.35849253137276,50.0,0.0,0.0,1.0
0,3,825,-137.02980295215238,24.86663016061489,50.0,0.0,0.0,1.0
0,3,826,-137.118206559487,24.37444611369449,50.0,0.0,0.0,1.0
0,3,827,-137.20484252180756,23.881946795342145,50.0,0.0,0.0,1.0
0,3,828,-137.28970969994697,23.389138618939754,50.0,0.0,0.0,1.0
0,3,829,-137.3728069777315,22.89602800653958,50.0,0.0,0.0,1.0
0,3,830,-137.45413326206204,22.402621388883247,50.0,0.0,0.0,1.0
0,3,831,-137.5336874829961,21.908925205421866,50.0,0.0,0.0,1.0
0,3,832,-137.61146859383223,21.414945904336662,50.0,0.0,0.0,1.0
0,3,833,-137.6874755711957,20.920689942560088,50.0,0.0,0.0,1.0
0,3,834,-137.7617074151263,20.426163785797456,50.0,0.0,0.0,1.0
0,3,835,-137.8341631491675,19.93137390854936,50.0,0.0,0.0,1.0
0,3,836,-137.90484182045776,19.436326794134814,50.0,0.0,0.0,1.0
0,3,837,-137.97374249982337,18.941028934714623,50.0,0.0,0.0,1.0
0,3,838,-138.04086428187338,18.445486831315677,50.0,0.0,0.0,1.0
0,3,839,-138.106206285096,17.94970699385594,50.0,0.0,0.0,1.0
0,3,840,-138.1697676519573,17.453695941169954,50.0,0.0,0.0,1.0
0,3,841,-138.23154754900156,16.957460201034834,50.0,0.0,0.0,1.0
0,3,842,-138.29154516695345,16.46100631019725,50.0,0.0,0.0,1.0
0,3,843,-138.34975972082245,15.964340814401055,50.0,0.0,0.0,1.0
0,3,844,-138.40619045000886,15.467470268415198,50.0,0.0,0.0,1.0
0,3,845,-138.46083661841223,14.970401236062756,50.0,0.0,0.0,1.0
0,3,846,-138.51369751454124,14.473140290250427,50.0,0.0,0.0,1.0
0,3,847,-138.5647724516262,13.975694012998943,50.0,0.0,0.0,1.0
0,3,848,-138.61406076773315,13.478068995473834,50.0,0.0,0.0,1.0
0,3,849,-138.6615618258804,12.98027183801726,50.0,0.0,0.0,1.0
0,3,850,-138.70727501415678,12.48230915018027,50.0,0.0,0.0,1.0
0,3,851,-138.7511997458424,11.98418755075626,50.0,0.0,0.0,1.0
0,3,852,-138.7933354595314,11.485913667814515,50.0,0.0,0.0,1.0
0,3,853,-138.8336816192567,10.987494138735002,50.0,0.0,0.0,1.0
0,3,854,-138.87223771461754,10.488935610243956,50.0,0.0,0.0,1.0
0,3,855,-138.90900326090838,9.990244738449746,50.0,0.0,0.0,1.0
0,3,856,-138.94397779925097,9.491428188880008,50.0,0.0,0.0,1.0
0,3,857,-138.97716089672807,8.992492636519358,50.0,0.0,0.0,1.0
0,3,858,-139.00855214651972,8.493444765848125,50.0,0.0,0.0,1.0
0,3,859,-139.03815116804196,7.9942912708813765,50.0,0.0,0.0,1.0
0,3,860,-139.0659576070877,7.495038855209259,50.0,0.0,0.0,1.0
0,3,861,-139.09197113597017,6.995694232038176,50.0,0.0,0.0,1.0
0,3,862,-139.11619145366862,6.49626412423234,50.0,0.0,0.0,1.0
0,3,863,-139.1386182859768,5.996755264356665,50.0,0.0,0.0,1.0
0,3,864,-139.15925138565356,5.497174394720233,50.0,0.0,0.0,1.0
0,3,865,-139.17809053257616,4.997528267420847,50.0,0.0,0.0,1.0
0,3,866,-139.19513553389618,4.497823644390152,50.0,0.0,0.0,1.0
0,3,867,-139.2103862241979,3.9980672974399454,50.0,0.0,0.0,1.0
0,3,868,-139.22384246565923,3.4982660083092583,50.0,0.0,0.0,1.0
0,3,869,-139.23550414821557,2.9984265687124747,50.0,0.0,0.0,1.0
0,3,870,-139.24537118972606,2.498555780388088,50.0,0.0,0.0,1.0
0,3,871,-139.25344353614253,1.9986604551485811,50.0,0.0,0.0,1.0
0,3,872,-139.25972116168145,1.4987474149315716,50.0,0.0,0.0,1.0
0,3,873,-139.26420406899845,0.9988234918511125,50.0,0.0,0.0,1.0
0,3,874,-139.26689228936556,0.49889552825079875,50.0,0.0,0.0,1.0
0,3,875,-139.2677858828515,-0.0010296232426298957,50.0,0.0,0.0,1.0
0,3,876,-139.26688493850483,-0.5009450996646052,50.0,0.0,0.0,1.0
0,3,877,-139.2641895697988,-1.0008446878190018,50.0,0.0,0.0,1.0
0,3,878,-139.25969976295525,-1.5007358550843626,50.0,0.0,0.0,1.0
0,3,879,-139.2534154505614,-2.000617559351255,50.0,0.0,0.0,1.0
0,3,880,-139.2453366154196,-2.500482931741482,50.0,0.0,0.0,1.0
0,3,881,-139.23546326927138,-3.0003251141067753,50.0,0.0,0.0,1.0
0,3,882,-139.22379545261376,-3.5001372589712636,50.0,0.0,0.0,1.0
0,3,883,-139.21033323451812,-3.999912529474966,50.0,0.0,0.0,1.0
0,3,884,-139.19507671245236,-4.499644099318411,50.0,0.0,0.0,1.0
0,3,885,-139.17802601210542,-4.999325152707786,50.0,0.0,0.0,1.0
0,3,886,-139.15918128721492,-5.498948884302037,50.0,0.0,0.0,1.0
0,3,887,-139.13854271939732,-5.998508499160017,50.0,0.0,0.0,1.0
0,3,888,-139.11611051798096,-6.497997212689063,50.0,0.0,0.0,1.0
0,3,889,-139.09188491984156,-6.997408250594459,50.0,0.0,0.0,1.0
0,3,890,-139.0658661892406,-7.496734848829848,50.0,0.0,0.0,1.0
0,3,891,-139.03805461766618,-7.995970253548674,50.0,0.0,0.0,1.0
0,3,892,-139.00845052367646,-8.49510772105608,50.0,0.0,0.0,1.0
0,3,893,-138.97705425274572,-8.994140517762679,50.0,0.0,0.0,1.0
0,3,894,-138.9438661771129,-9.493061920138281,50.0,0.0,0.0,1.0
0,3,895,-138.90888669563267,-9.991865214666984,50.0,0.0,0.0,1.0
0,3,896,-138.87211623362887,-10.49054369780307,50.0,0.0,0.0,1.0
0,3,897,-138.83355524275055,-10.989090675927756,50.0,0.0,0.0,1.0
0,3,898,-138.79320420083016,-11.487499465306923,50.0,0.0,0.0,1.0
0,3,899,-138.75106361174454,-11.985763392049211,50.0,0.0,0.0,1.0
0,3,900,-138.70713400527777,-12.48387579206592,50.0,0.0,0.0,1.0
0,3,901,-138.66141593698657,-12.981830011030782,50.0,0.0,0.0,1.0
0,3,902,-138.6139099880682,-13.479619404341037,50.0,0.0,0.0,1.0
0,3,903,-138.56461676523026,-13.977237337079233,50.0,0.0,0.0,1.0
0,3,904,-138.51353690056283,-14.474677183975823,50.0,0.0,0.0,1.0
0,3,905,-138.46067105141307,-14.971932329372553,50.0,0.0,0.0,1.0
0,3,906,-138.40601990026173,-15.468996167186745,50.0,0.0,0.0,1.0
0,3,907,-138.3495841546019,-15.965862100875862,50.0,0.0,0.0,1.0
0,3,908,-138.29136454681984,-16.462523543403805,50.0,0.0,0.0,1.0
0,3,909,-138.2313618340782,-16.95897391720701,50.0,0.0,0.0,1.0
0,3,910,-138.1695767982009,-17.45520665416177,50.0,0.0,0.0,1.0
0,3,911,-138.1060102455603,-17.951215195552187,50.0,0.0,0.0,1.0
0,3,912,-138.0406630069666,-18.446992992038886,50.0,0.0,0.0,1.0
0,3,913,-137.97353593755875,-18.94253350362854,50.0,0.0,0.0,1.0
0,3,914,-137.90462991669781,-19.43783019964357,50.0,0.0,0.0,1.0
0,3,915,-137.83394584786208,-19.93287655869363,50.0,0.0,0.0,1.0
0,3,916,-137.76148465854413,-20.427666068646687,50.0,0.0,0.0,1.0
0,3,917,-137.68724730014983,-20.92219222660139,50.0,0.0,0.0,1.0
0,3,918,-137.6112347478993,-21.41644853885996,50.0,0.0,0.0,1.0
0,3,919,-137.53344800072952,-21.91042852090179,50.0,0.0,0.0,1.0
0,3,920,-137.4538880811992,-22.404125697357735,50.0,0.0,0.0,1.0
0,3,921,-137.37255603539506,-22.897533601984698,50.0,0.0,0.0,1.0
0,3,922,-137.28945293284008,-23.3906457776417,50.0,0.0,0.0,1.0
0,3,923,-137.20457986640363,-23.883455776265762,50.0,0.0,0.0,1.0
0,3,924,-137.1179379522132,-24.37595715884877,50.0,0.0,0.0,1.0
0,3,925,-137.02952832956794,-24.86814349541499,50.0,0.0,0.0,1.0
0,3,926,-136.9393521608541,-25.360008364999132,50.0,0.0,0.0,1.0
0,3,927,-136.8474106314617,-25.851545355625156,50.0,0.0,0.0,1.0
0,3,928,-136.7537049497036,-26.342748064285196,50.0,0.0,0.0,1.0
0,3,929,-136.65823634673544,-26.833610096920076,50.0,0.0,0.0,1.0
0,3,930,-136.56100607647784,-27.324125068399425,50.0,0.0,0.0,1.0
0,3,931,-136.4620154155399,-27.814286602502854,50.0,0.0,0.0,1.0
0,3,932,-136.36126566314454,-28.30408833190168,50.0,0.0,0.0,1.0
0,3,933,-136.25875814105515,-28.793523898141196,50.0,0.0,0.0,1.0
0,3,934,-136.15449419350404,-29.28258695162357,50.0,0.0,0.0,1.0
0,3,935,-136.0484751871224,-29.77127115159088,50.0,0.0,0.0,1.0
0,3,936,-135.94070251087177,-30.259570166109683,50.0,0.0,0.0,1.0
0,3,937,-135.8311775759769,-30.74747767205512,50.0,0.0,0.0,1.0
0,3,938,-135.7199018158605,-31.234987355096116,50.0,0.0,0.0,1.0
0,3,939,-135.60687668607895,-31.72209290968098,50.0,0.0,0.0,1.0
0,3,940,-135.49210366425993,-32.20878803902355,50.0,0.0,0.0,1.0
0,3,941,-135.37558425004138,-32.69506645508994,50.0,0.0,0.0,1.0
0,3,942,-135.25731996501173,-33.18092187858579,50.0,0.0,0.0,1.0
0,3,943,-135.13731235265175,-33.6663480389437,50.0,0.0,0.0,1.0
0,3,944,-135.01556297827779,-34.15133867431203,50.0,0.0,0.0,1.0
0,3,945,-134.89207342898627,-34.63588753154333,50.0,0.0,0.0,1.0
0,3,946,-134.76684531359987,-35.119988366183726,50.0,0.0,0.0,1.0
0,3,947,-134.63988026261464,-35.60363494246274,50.0,0.0,0.0,1.0
0,3,948,-134.51117992814892,-36.08682103328361,50.0,0.0,0.0,1.0
0,3,949,-134.38074598389323,-36.56954042021417,50.0,0.0,0.0,1.0
0,3,950,-134.2485801250619,-37.051786893477804,50.0,0.0,0.0,1.0
0,3,951,-134.1146840683455,-37.53355425194585,50.0,0.0,0.0,1.0
0,3,952,-133.97905955186502,-38.014836303129464,50.0,0.0,0.0,1.0
0,3,953,-133.84170833512718,-38.495626863172525,50.0,0.0,0.0,1.0
0,3,954,-133.70263219898095,-38.97591975684489,50.0,0.0,0.0,1.0
0,3,955,-133.56183294557547,-39.45570881753614,50.0,0.0,0.0,1.0
0,3,956,-133.41931239831922,-39.93498788724992,50.0,0.0,0.0,1.0
0,3,957,-133.27507240184036,-40.413750816598224,50.0,0.0,0.0,1.0
0,3,958,-133.12911482194824,-40.891991464797144,50.0,0.0,0.0,1.0
0,3,959,-132.98144154559645,-41.369703699662125,50.0,0.0,0.0,1.0
0,3,960,-132.83205448084675,-41.846881397604186,50.0,0.0,0.0,1.0
0,3,961,-132.68095555683442,-42.323518443626455,50.0,0.0,0.0,1.0
0,3,962,-132.52814672373466,-42.79960873132121,50.0,0.0,0.0,1.0
0,3,963,-132.3736299527304,-43.27514616286746,50.0,0.0,0.0,1.0
0,3,964,-132.21740723598103,-43.75012464902854,50.0,0.0,0.0,1.0
0,3,965,-132.0594805865925,-44.22453810915106,50.0,0.0,0.0,1.0
0,3,966,-131.8998520385886,-44.69838047116337,50.0,0.0,0.0,1.0
0,3,967,-131.73852364688307,-45.17164567157499,50.0,0.0,0.0,1.0
0,3,968,-131.57549748725344,-45.64432765547639,50.0,0.0,0.0,1.0
0,3,969,-131.41077565631548,-46.11642037653914,50.0,0.0,0.0,1.0
0,3,970,-131.24436027149912,-46.58791779701673,50.0,0.0,0.0,1.0
0,3,971,-131.07625347102535,-47.05881388774528,50.0,0.0,0.0,1.0
0,3,972,-130.90645741388425,-47.529102628145665,50.0,0.0,0.0,1.0
0,3,973,-130.73497427981428,-47.99877800622514,50.0,0.0,0.0,1.0
0,3,974,-130.56180626928244,-48.46783401857986,50.0,0.0,0.0,1.0
0,3,975,-130.38695560346588,-48.93626467039783,50.0,0.0,0.0,1.0
0,3,976,-130.21042452423424,-49.40406397546222,50.0,0.0,0.0,1.0
0,3,977,-130.03221529413338,-49.87122595615512,50.0,0.0,0.0,1.0
0,3,978,-129.8523301963701,-50.337744643461896,50.0,0.0,0.0,1.0
0,3,979,-129.670771534798,-50.803614076975514,50.0,0.0,0.0,1.0
0,3,980,-129.4875416339043,-51.26882830490214,50.0,0.0,0.0,1.0
0,3,981,-129.30264283879777,-51.73338138406642,50.0,0.0,0.0,1.0
0,3,982,-129.1160775151981,-52.19726737991751,50.0,0.0,0.0,1.0
0,3,983,-128.92784804942576,-52.66048036653561,50.0,0.0,0.0,1.0
0,3,984,-128.73795684839345,-53.12301442663877,50.0,0.0,0.0,1.0
0,3,985,-128.54640633959826,-53.584863651590425,50.0,0.0,0.0,1.0
0,3,986,-128.35319897111523,-54.04602214140675,50.0,0.0,0.0,1.0
0,3,987,-128.15833721159174,-54.50648400476552,50.0,0.0,0.0,1.0
0,3,988,-127.96182355024295,-54.96624335901439,50.0,0.0,0.0,1.0
0,3,989,-127.76366049684867,-55.42529433018018,50.0,0.0,0.0,1.0
0,3,990,-127.56385058175083,-55.88363105297845,50.0,0.0,0.0,1.0
0,3,991,-127.3623963558523,-56.34124767082358,50.0,0.0,0.0,1.0
0,3,992,-127.15930039061674,-56.79813833583932,50.0,0.0,0.0,1.0
0,3,993,-126.95456527806961,-57.25429720886953,50.0,0.0,0.0,1.0
0,3,994,-126.74819363079996,-57.70971845948998,50.0,0.0,0.0,1.0
0,3,995,-126.54018808196358,-58.164396266020034,50.0,0.0,0.0,1.0
0,3,996,-126.33055128528713,-58.618324815535026,50.0,0.0,0.0,1.0
0,3,997,-126.11928591507333,-59.07149830387914,50.0,0.0,0.0,1.0
0,3,998,-125.90639466620729,-59.523910935678636,50.0,0.0,0.0,1.0
0,3,999,-125.69188025416375,-59.97555692435579,50.0,0.0,0.0,1.0
0,3,1000,-125.4757454150158,-60.42643049214273,50.0,0.0,0.0,1.0
0,3,1001,-125.25799290544408,-60.8765258700967,50.0,0.0,0.0,1.0
0,3,1002,-125.03862550274765,-61.325837298114955,50.0,0.0,0.0,1.0
0,3,1003,-124.81764600485562,-61.77435902495046,50.0,0.0,0.0,1.0
0,3,1004,-124.59505723034,-62.222085308228145,50.0,0.0,0.0,1.0
0,3,1005,-124.37086201842963,-62.669010414461525,50.0,0.0,0.0,1.0
0,3,1006,-124.14506322902511,-63.11512861906997,50.0,0.0,0.0,1.0
0,3,1007,-123.91766374271518,-63.56043420639599,50.0,0.0,0.0,1.0
0,3,1008,-123.68866646079371,-64.00492146972395,50.0,0.0,0.0,1.0
0,3,1009,-123.45807430527822,-64.44858471129838,50.0,0.0,0.0,1.0
0,3,1010,-123.22589021892935,-64.89141824234324,50.0,0.0,0.0,1.0
0,3,1011,-122.99211716527154,-65.33341638308157,50.0,0.0,0.0,1.0
0,3,1012,-122.75675812861473,-65.77457346275577,50.0,0.0,0.0,1.0
0,3,1013,-122.51981611407739,-66.21488381964825,50.0,0.0,0.0,1.0
0,3,1014,-122.28129414761047,-66.65434180110287,50.0,0.0,0.0,1.0
0,3,1015,-122.04119527602285,-67.0929417635463,50.0,0.0,0.0,1.0
0,3,1016,-121.79952256700747,-67.53067807251094,50.0,0.0,0.0,1.0
0,3,1017,-121.55627910916914,-67.9675451026573,50.0,0.0,0.0,1.0
0,3,1018,-121.31146801205313,-68.40353723779772,50.0,0.0,0.0,1.0
0,3,1019,-121.06509240617532,-68.83864887092018,50.0,0.0,0.0,1.0
0,3,1020,-120.81715544305322,-69.27287440421283,50.0,0.0,0.0,1.0
0,3,1021,-120.56766029523831,-69.70620824908924,50.0,0.0,0.0,1.0
0,3,1022,-120.31661015634991,-70.13864482621365,50.0,0.0,0.0,1.0
0,3,1023,-120.06400824110958,-70.57017856552775,50.0,0.0,0.0,1.0
0,3,1024,-119.80985778537749,-71.00080390627714,50.0,0.0,0.0,1.0
0,3,1025,-119.55416204618962,-71.43051529703877,50.0,0.0,0.0,1.0
0,3,1026,-119.29692430179632,-71.85930719574897,50.0,0.0,0.0,1.0
0,3,1027,-119.03814785170222,-72.28717406973209,50.0,0.0,0.0,1.0
0,3,1028,-118.77783601670723,-72.71411039572965,50.0,0.0,0.0,1.0
0,3,1029,-118.51599213894919,-73.14011065992987,50.0,0.0,0.0,1.0
0,3,1030,-118.25261958194729,-73.56516935799866,50.0,0.0,0.0,1.0
0,3,1031,-117.98772173064728,-73.9892809951102,50.0,0.0,0.0,1.0
0,3,1032,-117.72130199146791,-74.41244008597879,50.0,0.0,0.0,1.0
0,3,1033,-117.45336379234848,-74.83464115489116,50.0,0.0,0.0,1.0
0,3,1034,-117.18391058279802,-75.2558787357394,50.0,0.0,0.0,1.0
0,3,1035,-116.91294583394566,-75.67614737205469,50.0,0.0,0.0,1.0
0,3,1036,-116.64047303859263,-76.09544161704119,50.0,0.0,0.0,1.0
0,3,1037,-116.36649571126526,-76.51375603361154,50.0,0.0,0.0,1.0
0,3,1038,-116.09101738826968,-76.93108519442215,50.0,0.0,0.0,1.0
0,3,1039,-115.81404162774797,-77.34742368190953,50.0,0.0,0.0,1.0
0,3,1040,-115.5355720097356,-77.76276608832734,50.0,0.0,0.0,1.0
0,3,1041,-115.25561213622038,-78.17710701578402,50.0,0.0,0.0,1.0
0,3,1042,-114.97416563120294,-78.59044107628127,50.0,0.0,0.0,1.0
0,3,1043,-114.6912361407585,-79.0027628917532,50.0,0.0,0.0,1.0
0,3,1044,-114.40682733310068,-79.4140670941059,50.0,0.0,0.0,1.0
0,3,1045,-114.12094289864592,-79.82434832525841,50.0,0.0,0.0,1.0
0,3,1046,-113.83358655008037,-80.2336012371838,50.0,0.0,0.0,1.0
0,3,1047,-113.54476202242773,-80.6418204919513,50.0,0.0,0.0,1.0
0,3,1048,-113.2544730731189,-81.04900076176905,50.0,0.0,0.0,1.0
0,3,1049,-112.96272348206327,-81.4551367290279,50.0,0.0,0.0,1.0
0,3,1050,-112.66951705172136,-81.86022308634558,50.0,0.0,0.0,1.0
0,3,1051,-112.37485760717951,-82.26425453661184,50.0,0.0,0.0,1.0
0,3,1052,-112.07874899622564,-82.66722579303466,50.0,0.0,0.0,1.0
0,3,1053,-111.78119508942726,-83.06913157918683,50.0,0.0,0.0,1.0
0,3,1054,-111.4821997802107,-83.46996662905356,50.0,0.0,0.0,1.0
0,3,1055,-111.18176698494246,-83.8697256870809,50.0,0.0,0.0,1.0
0,3,1056,-110.87990064301181,-84.26840350822502,50.0,0.0,0.0,1.0
0,3,1057,-110.57660471691554,-84.66599485800232,50.0,0.0,0.0,1.0
0,3,1058,-110.27188319234446,-85.06249451254011,50.0,0.0,0.0,1.0
0,3,1059,-109.96574007827115,-85.45789725862895,50.0,0.0,0.0,1.0
0,3,1060,-109.65817940704025,-85.85219789377489,50.0,0.0,0.0,1.0
0,3,1061,-109.34920523446007,-86.24539122625326,50.0,0.0,0.0,1.0
0,3,1062,-109.0388216398963,-86.63747207516313,50.0,0.0,0.0,1.0
0,3,1063,-108.72703272636744,-87.02843527048266,50.0,0.0,0.0,1.0
0,3,1064,-108.41384262064214,-87.41827565312555,50.0,0.0,0.0,1.0
0,3,1065,-108.09925547333879,-87.8069880749979,50.0,0.0,0.0,1.0
0,3,1066,-107.78327545902633,-88.194567399057,50.0,0.0,0.0,1.0
0,3,1067,-107.46590677632773,-88.58100849937,50.0,0.0,0.0,1.0
0,3,1068,-107.14715364802511,-88.96630626117428,50.0,0.0,0.0,1.0
0,3,1069,-106.82702032116697,-89.35045558093834,50.0,0.0,0.0,1.0
0,3,1070,-106.50551106717732,-89.73345136642412,50.0,0.0,0.0,1.0
0,3,1071,-106.18263018196703,-90.11528853674996,50.0,0.0,0.0,1.0
0,3,1072,-105.85838198604736,-90.4959620224545,50.0,0.0,0.0,1.0
0,3,1073,-105.53277082464511,-90.87546676556225,50.0,0.0,0.0,1.0
0,3,1074,-105.20580106782043,-91.25379771964944,50.0,0.0,0.0,1.0
0,3,1075,-104.87747711058663,-91.63094984991132,50.0,0.0,0.0,1.0
0,3,1076,-104.54780337303194,-92.00691813323044,50.0,0.0,0.0,1.0
0,3,1077,-104.21678430044393,-92.38169755824606,50.0,0.0,0.0,1.0
0,3,1078,-103.88442436343573,-92.7552831254245,50.0,0.0,0.0,1.0
0,3,1079,-103.55072805807467,-93.12766984713083,50.0,0.0,0.0,1.0
0,3,1080,-103.21569990601355,-93.49885274770129,50.0,0.0,0.0,1.0
0,3,1081,-102.87934445462348,-93.86882686351743,50.0,0.0,0.0,1.0
0,3,1082,-102.54166627712979,-94.23758724308082,50.0,0.0,0.0,1.0
0,3,1083,-102.20266997274999,-94.60512894708923,50.0,0.0,0.0,1.0
0,3,1084,-101.86236016683411,-94.97144704851388,50.0,0.0,0.0,1.0
0,3,1085,-101.52074151100764,-95.33653663267789,50.0,0.0,0.0,1.0
0,3,1086,-101.17781868331667,-95.700392797336,50.0,0.0,0.0,1.0
0,3,1087,-100.83359638837604,-96.06301065275515,50.0,0.0,0.0,1.0
0,3,1088,-100.48807935751917,-96.42438532179699,50.0,0.0,0.0,1.0
0,3,1089,-100.1412723489513,-96.78451194000097,50.0,0.0,0.0,1.0
0,3,1090,-99.79318014790476,-97.14338565566895,50.0,0.0,0.0,1.0
0,3,1091,-99.44380756679715,-97.50100162995102,50.0,0.0,0.0,1.0
0,3,1092,-99.09315944539193,-97.85735503693273,50.0,0.0,0.0,1.0
0,3,1093,-98.74124065096183,-98.2124410637235,50.0,0.0,0.0,1.0
0,3,1094,-98.38805607845518,-98.56625491054618,50.0,0.0,0.0,1.0
0,3,1095,-98.03361065066429,-98.9187917908285,50.0,0.0,0.0,1.0
0,3,1096,-97.67790744856606,-99.27004877117594,50.0,0.0,0.0,1.0
0,3,1097,-97.3209402443248,-99.62003200132934,50.0,0.0,0.0,1.0
0,3,1098,-96.96271203435623,-99.96873841319179,50.0,0.0,0.0,1.0
0,3,1099,-96.60322766675745,-100.31616314460086,50.0,0.0,0.0,1.0
0,3,1100,-96.242492002479,-100.66230136140159,50.0,0.0,0.0,1.0
0,3,1101,-95.88050991523606,-101.00714825727621,50.0,0.0,0.0,1.0
0,3,1102,-95.5172862914205,-101.35069905357742,50.0,0.0,0.0,1.0
0,3,1103,-95.15282603001474,-101.6929489991636,50.0,0.0,0.0,1.0
0,3,1104,-94.78713404250651,-102.03389337023715,50.0,0.0,0.0,1.0
0,3,1105,-94.42021525280511,-102.37352747018531,50.0,0.0,0.0,1.0
0,3,1106,-94.0520745971587,-102.71184662942366,50.0,0.0,0.0,1.0
0,3,1107,-93.68271702407287,-103.0488462052424,50.0,0.0,0.0,1.0
0,3,1108,-93.31214749423074,-103.38452158165458,50.0,0.0,0.0,1.0
0,3,1109,-92.94037098041352,-103.71886816924788,50.0,0.0,0.0,1.0
0,3,1110,-92.56739246742298,-104.05188140503796,50.0,0.0,0.0,1.0
0,3,1111,-92.19321695200473,-104.38355675232472,50.0,0.0,0.0,1.0
0,3,1112,-91.81784944277277,-104.71388970055096,50.0,0.0,0.0,1.0
0,3,1113,-91.44129496013507,-105.04287576516346,50.0,0.0,0.0,1.0
0,3,1114,-91.06355853622036,-105.37051048747638,50.0,0.0,0.0,1.0
0,3,1115,-90.68464521480597,-105.69678943453718,50.0,0.0,0.0,1.0
0,3,1116,-90.30456005124708,-106.02170819899447,50.0,0.0,0.0,1.0
0,3,1117,-89.92330811240639,-106.34526239896888,50.0,0.0,0.0,1.0
0,3,1118,-89.54089447658546,-106.66744767792548,50.0,0.0,0.0,1.0
0,3,1119,-89.157324233457,-106.9882597045489,50.0,0.0,0.0,1.0
0,3,1120,-88.77260248399799,-107.30769417262046,50.0,0.0,0.0,1.0
0,3,1121,-88.38673434042406,-107.62574680089762,50.0,0.0,0.0,1.0
0,3,1122,-87.99972492612466,-107.94241333299557,50.0,0.0,0.0,1.0
0,3,1123,-87.61157937559976,-108.2576895372708,50.0,0.0,0.0,1.0
0,3,1124,-87.22230283439673,-108.57157120670719,50.0,0.0,0.0,1.0
0,3,1125,-86.8319004590489,-108.88405415880376,50.0,0.0,0.0,1.0
0,3,1126,-86.4403774170148,-109.19513423546474,50.0,0.0,0.0,1.0
0,3,1127,-86.04773888661849,-109.50480730289162,50.0,0.0,0.0,1.0
0,3,1128,-85.65399005699066,-109.8130692514772,50.0,0.0,0.0,1.0
0,3,1129,-85.25913612801084,-110.11991599570176,50.0,0.0,0.0,1.0
0,3,1130,-84.86318231025066,-110.42534347403083,50.0,0.0,0.0,1.0
0,3,1131,-84.4661338249175,-110.7293476488155,50.0,0.0,0.0,1.0
0,3,1132,-84.06799590379967,-111.03192450619426,50.0,0.0,0.0,1.0
0,3,1133,-83.66877378921212,-111.33307005599667,50.0,0.0,0.0,1.0
0,3,1134,-83.26847273394321,-111.63278033164923,50.0,0.0,0.0,1.0
0,3,1135,-82.86709800120221,-111.9310513900829,50.0,0.0,0.0,1.0
0,3,1136,-82.4646548645677,-112.2278793116425,50.0,0.0,0.0,1.0
0,3,1137,-82.06114860793721,-112.52326019999776,50.0,0.0,0.0,1.0
0,3,1138,-81.6565845254768,-112.81719018205672,50.0,0.0,0.0,1.0
0,3,1139,-81.25096792157245,-113.10966540788016,50.0,0.0,0.0,1.0
0,3,1140,-80.8443041107817,-113.4006820505983,50.0,0.0,0.0,1.0
0,3,1141,-80.43659841778634,-113.69023630632906,50.0,0.0,0.0,1.0
0,3,1142,-80.02785617734575,-113.97832439409801,50.0,0.0,0.0,1.0
0,3,1143,-79.6180827342511,-114.26494255576016,50.0,0.0,0.0,1.0
0,3,1144,-79.20728344328064,-114.550087055923,50.0,0.0,0.0,1.0
0,3,1145,-78.79546366915501,-114.83375418187197,50.0,0.0,0.0,1.0
0,3,1146,-78.38262878649408,-115.11594024349677,50.0,0.0,0.0,1.0
0,3,1147,-77.96878417977419,-115.39664157321971,50.0,0.0,0.0,1.0
0,3,1148,-77.55393524328622,-115.67585452592562,50.0,0.0,0.0,1.0
0,3,1149,-77.13808738109435,-115.95357547889324,50.0,0.0,0.0,1.0
0,3,1150,-76.7212460069956,-116.22980083172823,50.0,0.0,0.0,1.0
0,3,1151,-76.30341654447997,-116.50452700629779,50.0,0.0,0.0,1.0
0,3,1152,-75.88460442669178,-116.77775044666656,50.0,0.0,0.0,1.0
0,3,1153,-75.46481509639075,-117.04946761903447,50.0,0.0,0.0,1.0
0,3,1154,-75.04405400591482,-117.31967501167566,50.0,0.0,0.0,1.0
0,3,1155,-74.62232661714297,-117.58836913487913,50.0,0.0,0.0,1.0
0,3,1156,-74.1996384014591,-117.85554652089074,50.0,0.0,0.0,1.0
0,3,1157,-73.77599483971632,-118.12120372385672,50.0,0.0,0.0,1.0
0,3,1158,-73.351401422202,-118.38533731976867,50.0,0.0,0.0,1.0
0,3,1159,-72.92586364860384,-118.64794390640961,50.0,0.0,0.0,1.0
0,3,1160,-72.49938702797567,-118.90902010330217,50.0,0.0,0.0,1.0
0,3,1161,-72.07197707870496,-119.16856255165744,50.0,0.0,0.0,1.0
0,3,1162,-71.6436393284802,-119.42656791432557,50.0,0.0,0.0,1.0
0,3,1163,-71.21437931425938,-119.68303287574767,50.0,0.0,0.0,1.0
0,3,1164,-70.78420258223873,-119.93795414190897,50.0,0.0,0.0,1.0
0,3,1165,-70.35311468782231,-120.19132844029357,50.0,0.0,0.0,1.0
0,3,1166,-69.92112119559238,-120.44315251984008,50.0,0.0,0.0,1.0
0,3,1167,-69.48822767927966,-120.69342315089908,50.0,0.0,0.0,1.0
0,3,1168,-69.05443972173501,-120.94213712519152,50.0,0.0,0.0,1.0
0,3,1169,-68.61976291490123,-121.18929125576858,50.0,0.0,0.0,1.0
0,3,1170,-68.18420285978561,-121.43488237697268,50.0,0.0,0.0,1.0
0,3,1171,-67.74776516643297,-121.67890734439987,50.0,0.0,0.0,1.0
0,3,1172,-67.3104554538992,-121.92136303486353,50.0,0.0,0.0,1.0
0,3,1173,-66.87227935022588,-122.16224634635898,50.0,0.0,0.0,1.0
0,3,1174,-66.43324249241451,-122.4015541980299,50.0,0.0,0.0,1.0
0,3,1175,-65.99335052640211,-122.6392835301354,50.0,0.0,0.0,1.0
0,3,1176,-65.5526091070371,-122.87543130401869,50.0,0.0,0.0,1.0
0,3,1177,-65.11102389805569,-123.10999450207674,50.0,0.0,0.0,1.0
0,3,1178,-64.66860057205878,-123.34297012773132,50.0,0.0,0.0,1.0
0,3,1179,-64.2253448104895,-123.574355205401,50.0,0.0,0.0,1.0
0,3,1180,-63.78126230361107,-123.80414678047467,50.0,0.0,0.0,1.0
0,3,1181,-63.33635875048575,-124.03234191928573,50.0,0.0,0.0,1.0
0,3,1182,-62.89063985895332,-124.25893770908809,50.0,0.0,0.0,1.0
0,3,1183,-62.44411134561099,-124.48393125803278,50.0,0.0,0.0,1.0
0,3,1184,-61.99677893579341,-124.70731969514597,50.0,0.0,0.0,1.0
0,3,1185,-61.5486483635532,-124.92910017030806,50.0,0.0,0.0,1.0
0,3,1186,-61.099725371642045,-125.14926985423403,50.0,0.0,0.0,1.0
0,3,1187,-60.650015711492195,-125.36782593845479,50.0,0.0,0.0,1.0
0,3,1188,-60.19952514319883,-125.5847656352995,50.0,0.0,0.0,1.0
0,3,1189,-59.74825943550212,-125.80008617787959,50.0,0.0,0.0,1.0
0,3,1190,-59.29622436577058,-126.01378482007325,50.0,0.0,0.0,1.0
0,3,1191,-58.84342571998451,-126.22585883651135,50.0,0.0,0.0,1.0
0,3,1192,-58.38986929271995,-126.43630552256448,50.0,0.0,0.0,1.0
0,3,1193,-57.93556088713321,-126.64512219433097,50.0,0.0,0.0,1.0
0,3,1194,-57.48050631494562,-126.85230618862613,50.0,0.0,0.0,1.0
0,3,1195,-57.024711396429375,-127.05785486297239,50.0,0.0,0.0,1.0
0,3,1196,-56.568181960392785,-127.26176559559093,50.0,0.0,0.0,1.0
0,3,1197,-56.11092384416702,-127.4640357853939,50.0,0.0,0.0,1.0
0,3,1198,-55.652942893592765,-127.66466285197811,50.0,0.0,0.0,1.0
0,3,1199,-55.19424496300746,-127.86364423561956,50.0,0.0,0.0,1.0
0,3,1200,-54.73483591523302,-128.06097739726928,50.0,0.0,0.0,1.0
0,3,1201,-54.27472162156384,-128.25665981855013,50.0,0.0,0.0,1.0
0,3,1202,-53.81390796175582,-128.4506890017544,50.0,0.0,0.0,1.0
0,3,1203,-53.35240082401478,-128.64306246984316,50.0,0.0,0.0,1.0
0,3,1204,-52.89020610498637,-128.83377776644616,50.0,0.0,0.0,1.0
0,3,1205,-52.42732970974589,-129.02283245586275,50.0,0.0,0.0,1.0
0,3,1206,-51.96377755178863,-129.21022412306442,50.0,0.0,0.0,1.0
0,3,1207,-51.49955555302075,-129.39595037369773,50.0,0.0,0.0,1.0
0,3,1208,-51.03466964375034,-129.58000883408891,50.0,0.0,0.0,1.0
0,3,1209,-50.56912576267954,-129.76239715124913,50.0,0.0,0.0,1.0
0,3,1210,-50.102929856896104,-129.94311299288108,50.0,0.0,0.0,1.0
0,3,1211,-49.6360878818663,-130.12215404738657,50.0,0.0,0.0,1.0
0,3,1212,-49.16860580142784,-130.29951802387518,50.0,0.0,0.0,1.0
0,3,1213,-48.700489587783224,-130.47520265217395,50.0,0.0,0.0,1.0
0,3,1214,-48.231745221493725,-130.6492056828384,50.0,0.0,0.0,1.0
0,3,1215,-47.76237869147356,-130.82152488716426,50.0,0.0,0.0,1.0
0,3,1216,-47.292395994984574,-130.99215805720064,50.0,0.0,0.0,1.0
0,3,1217,-46.82180313763173,-131.161103005764,50.0,0.0,0.0,1.0
0,3,1218,-46.350606133358184,-131.32835756645366,50.0,0.0,0.0,1.0
0,3,1219,-45.87881100444157,-131.49391959366778,50.0,0.0,0.0,1.0
0,3,1220,-45.406423781490474,-131.657786962621,50.0,0.0,0.0,1.0
0,3,1221,-44.933450503441186,-131.81995756936303,50.0,0.0,0.0,1.0
0,3,1222,-44.45989721755512,-131.98042933079807,50.0,0.0,0.0,1.0
0,3,1223,-43.98576997941635,-132.13920018470594,50.0,0.0,0.0,1.0
0,3,1224,-43.51107485293021,-132.29626808976363,50.0,0.0,0.0,1.0
0,3,1225,-43.03581791032133,-132.4516310255686,50.0,0.0,0.0,1.0
0,3,1226,-42.56000523213304,-132.6052869926629,50.0,0.0,0.0,1.0
0,3,1227,-42.08364290722673,-132.7572340125585,50.0,0.0,0.0,1.0
0,3,1228,-41.606737032781794,-132.9074701277637,50.0,0.0,0.0,1.0
0,3,1229,-41.129293714295926,-133.05599340181092,50.0,0.0,0.0,1.0
0,3,1230,-40.65131906558584,-133.20280191928543,50.0,0.0,0.0,1.0
0,3,1231,-40.17281920878886,-133.3478937858552,50.0,0.0,0.0,1.0
0,3,1232,-39.693800274364015,-133.49126712830233,50.0,0.0,0.0,1.0
0,3,1233,-39.21426840109452,-133.63292009455526,50.0,0.0,0.0,1.0
0,3,1234,-38.734229736090214,-133.7728508537223,50.0,0.0,0.0,1.0
0,3,1235,-38.25369043479063,-133.91105759612648,50.0,0.0,0.0,1.0
0,3,1236,-37.77265666096831,-134.04753853334148,50.0,0.0,0.0,1.0
0,3,1237,-37.291134586732746,-134.18229189822878,50.0,0.0,0.0,1.0
0,3,1238,-36.80913039253503,-134.3153159449762,50.0,0.0,0.0,1.0
0,3,1239,-36.32665026717213,-134.44660894913758,50.0,0.0,0.0,1.0
0,3,1240,-35.84370040779247,-134.5761692076737,50.0,0.0,0.0,1.0
0,3,1241,-35.36028701990163,-134.7039950389944,50.0,0.0,0.0,1.0
0,3,1242,-34.87641631736854,-134.83008478300223,50.0,0.0,0.0,1.0
0,3,1243,-34.39209452243208,-134.9544368011372,50.0,0.0,0.0,1.0
0,3,1244,-33.90732786570815,-135.07704947642273,50.0,0.0,0.0,1.0
0,3,1245,-33.422122586197645,-135.19792121351313,50.0,0.0,0.0,1.0
0,3,1246,-32.93648493129396,-135.31705043874234,50.0,0.0,0.0,1.0
0,3,1247,-32.450421156791975,-135.434435600174,50.0,0.0,0.0,1.0
0,3,1248,-31.96393752689687,-135.55007516765278,50.0,0.0,0.0,1.0
0,3,1249,-31.477040314233804,-135.66396763285718,50.0,0.0,0.0,1.0
0,3,1250,-30.989735799857854,-135.77611150935377,50.0,0.0,0.0,1.0
0,3,1251,-30.502030273264552,-135.8865053326525,50.0,0.0,0.0,1.0
0,3,1252,-30.013930032400793,-135.99514766026394,50.0,0.0,0.0,1.0
0,3,1253,-29.525441383676764,-136.1020370717574,50.0,0.0,0.0,1.0
0,3,1254,-29.036570641977335,-136.20717216882082,50.0,0.0,0.0,1.0
0,3,1255,-28.54732413067508,-136.3105515753221,50.0,0.0,0.0,1.0
0,3,1256,-28.057708181643093,-136.41217393737168,50.0,0.0,0.0,1.0
0,3,1257,-27.567729135268735,-136.5120379233867,50.0,0.0,0.0,1.0
0,3,1258,-27.07739334046761,-136.61014222415693,50.0,0.0,0.0,1.0
0,3,1259,-26.586707154698146,-136.70648555291172,50.0,0.0,0.0,1.0
0,3,1260,-26.095676943977168,-136.80106664538872,50.0,0.0,0.0,1.0
0,3,1261,-25.604309082895014,-136.89388425990444,50.0,0.0,0.0,1.0
0,3,1262,-25.112609954632177,-136.98493717742582,50.0,0.0,0.0,1.0
0,3,1263,-24.62058595097605,-137.07422420164366,50.0,0.0,0.0,1.0
0,3,1264,-24.12824347233827,-137.16174415904783,50.0,0.0,0.0,1.0
0,3,1265,-23.635588927772645,-137.2474958990037,50.0,0.0,0.0,1.0
0,3,1266,-23.14262873499362,-137.33147829383057,50.0,0.0,0.0,1.0
0,3,1267,-22.649369320395692,-137.41369023888134,50.0,0.0,0.0,1.0
0,3,1268,-22.15581711907251,-137.4941306526245,50.0,0.0,0.0,1.0
0,3,1269,-21.661978574837505,-137.57279847672703,50.0,0.0,0.0,1.0
0,3,1270,-21.167860140244684,-137.64969267613967,50.0,0.0,0.0,1.0
0,3,1271,-20.67346827660998,-137.72481223918348,50.0,0.0,0.0,1.0
0,3,1272,-20.17880945403344,-137.79815617763845,50.0,0.0,0.0,1.0
0,3,1273,-19.683890151421693,-137.8697235268336,50.0,0.0,0.0,1.0
0,3,1274,-19.18871685651169,-137.93951334573927,50.0,0.0,0.0,1.0
0,3,1275,-18.69329606589399,-138.0075247170607,50.0,0.0,0.0,1.0
0,3,1276,-18.197634285037736,-138.07375674733396,50.0,0.0,0.0,1.0
0,3,1277,-17.701738028315802,-138.1382085670234,50.0,0.0,0.0,1.0
0,3,1278,-17.205613819030532,-138.20087933062112,50.0,0.0,0.0,1.0
0,3,1279,-16.709268189440323,-138.26176821674827,50.0,0.0,0.0,1.0
0,3,1280,-16.212707680786707,-138.32087442825843,50.0,0.0,0.0,1.0
0,3,1281,-15.715938843322505,-138.37819719234264,50.0,0.0,0.0,1.0
0,3,1282,-15.21896823633989,-138.4337357606368,50.0,0.0,0.0,1.0
0,3,1283,-14.72180242819988,-138.48748940933072,50.0,0.0,0.0,1.0
0,3,1284,-14.224447996362187,-138.53945743927935,50.0,0.0,0.0,1.0
0,3,1285,-13.72691152741588,-138.58963917611604,50.0,0.0,0.0,1.0
0,3,1286,-13.229199617110623,-138.6380339703679,50.0,0.0,0.0,1.0
0,3,1287,-12.731318870388819,-138.68464119757311,50.0,0.0,0.0,1.0
0,3,1288,-12.233275901418239,-138.72946025840056,50.0,0.0,0.0,1.0
0,3,1289,-11.735077333625952,-138.77249057877145,50.0,0.0,0.0,1.0
0,3,1290,-11.236729799731975,-138.81373160998317,50.0,0.0,0.0,1.0
0,3,1291,-10.738239941784826,-138.85318282883534,50.0,0.0,0.0,1.0
0,3,1292,-10.239614411196968,-138.89084373775808,50.0,0.0,0.0,1.0
0,3,1293,-9.74085986878164,-138.92671386494246,50.0,0.0,0.0,1.0
0,3,1294,-9.24198298479007,-138.96079276447347,50.0,0.0,0.0,1.0
0,3,1295,-8.742990438949576,-138.99308001646486,50.0,0.0,0.0,1.0
0,3,1296,-8.243888920502883,-139.0235752271968,50.0,0.0,0.0,1.0
0,3,1297,-7.744685128247326,-139.05227802925555,50.0,0.0,0.0,1.0
0,3,1298,-7.245385770575808,-139.07918808167565,50.0,0.0,0.0,1.0
0,3,1299,-6.745997565518152,-139.10430507008456,50.0,0.0,0.0,1.0
0,3,1300,-6.246527240783408,-139.12762870684966,50.0,0.0,0.0,1.0
0,3,1301,-5.746981533802909,-139.1491587312278,50.0,0.0,0.0,1.0
0,3,1302,-5.247367191774188,-139.16889490951726,50.0,0.0,0.0,1.0
0,3,1303,-4.747690971706277,-139.18683703521236,50.0,0.0,0.0,1.0
0,3,1304,-4.247959640464771,-139.2029849291607,50.0,0.0,0.0,1.0
0,3,1305,-3.7481799748190383,-139.2173384397225,50.0,0.0,0.0,1.0
0,3,1306,-3.2483587614894844,-139.2298974429335,50.0,0.0,0.0,1.0
0,3,1307,-2.7485027971961813,-139.24066184266943,50.0,0.0,0.0,1.0
0,3,1308,-2.2486188887081653,-139.24963157081405,50.0,0.0,0.0,1.0
0,3,1309,-1.7487138528938004,-139.25680658742942,50.0,0.0,0.0,1.0
0,3,1310,-1.2487945167723495,-139.26218688092914,50.0,0.0,0.0,1.0
0,3,1311,-0.7488677175657017,-139.26577246825417,50.0,0.0,0.0,1.0
0,3,1312,-0.2489403027520467,-139.2675633950518,50.0,0.0,0.0,1.0
0,3,1313,0.25098086988005264,-139.2675597358571,50.0,0.0,0.0,1.0
0,3,1314,0.7508889321764229,-139.26576159427748,50.0,0.0,0.0,1.0
0,3,1315,1.250782825750514,-139.26216905103757,50.0,0.0,0.0,1.0
0,3,1316,1.7506698192922094,-139.2567820287639,50.0,0.0,0.0,1.0
0,3,1317,2.250543681245843,-139.24960049473424,50.0,0.0,0.0,1.0
0,3,1318,2.7503975553929,-139.240624448583,50.0,0.0,0.0,1.0
0,3,1319,3.250224596103286,-139.22985391869372,50.0,0.0,0.0,1.0
0,3,1320,3.750017968278985,-139.21728896201867,50.0,0.0,0.0,1.0
0,3,1321,4.249770847299223,-139.20292966390116,50.0,0.0,0.0,1.0
0,3,1322,4.749476418966532,-139.18677613790072,50.0,0.0,0.0,1.0
0,3,1323,5.249127879453805,-139.16882852562105,50.0,0.0,0.0,1.0
0,3,1324,5.748718435252437,-139.14908699654077,50.0,0.0,0.0,1.0
0,3,1325,6.248241303120928,-139.12755174784678,50.0,0.0,0.0,1.0
0,3,1326,6.747689710035432,-139.10422300427024,50.0,0.0,0.0,1.0
0,3,1327,7.247056893140267,-139.0791010179254,50.0,0.0,0.0,1.0
0,3,1328,7.746336099699852,-139.05218606815095,50.0,0.0,0.0,1.0
0,3,1329,8.245520587051459,-139.02347846135373,50.0,0.0,0.0,1.0
0,3,1330,8.74460362255888,-138.9929785308554,50.0,0.0,0.0,1.0
0,3,1331,9.243578483567095,-138.96068663674131,50.0,0.0,0.0,1.0
0,3,1332,9.742438457357334,-138.926603165712,50.0,0.0,0.0,1.0
0,3,1333,10.241176841104,-138.8907285309372,50.0,0.0,0.0,1.0
0,3,1334,10.739786941831477,-138.85306317191194,50.0,0.0,0.0,1.0
0,3,1335,11.238262076372283,-138.81360755431572,50.0,0.0,0.0,1.0
0,3,1336,11.73659557132598,-138.77236216987328,50.0,0.0,0.0,1.0
0,3,1337,12.234780763018918,-138.72932753621836,50.0,0.0,0.0,1.0
0,3,1338,12.732810997464892,-138.68450419675935,50.0,0.0,0.0,1.0
0,3,1339,13.230679630326145,-138.63789272054746,50.0,0.0,0.0,1.0
0,3,1340,13.728380026876144,-138.58949370214708,50.0,0.0,0.0,1.0
0,3,1341,14.225905561962179,-138.53930776150847,50.0,0.0,0.0,1.0
0,3,1342,14.723249619969236,-138.48733554384233,50.0,0.0,0.0,1.0
0,3,1343,15.220405594784552,-138.43357771949718,50.0,0.0,0.0,1.0
0,3,1344,15.717366889762948,-138.37803498383812,50.0,0.0,0.0,1.0
0,3,1345,16.214126917693,-138.32070805712846,50.0,0.0,0.0,1.0
0,3,1346,16.710679100763503,-138.26159768441298,50.0,0.0,0.0,1.0
0,3,1347,17.20701687053161,-138.2007046354033,50.0,0.0,0.0,1.0
0,3,1348,17.703133667890775,-138.1380297043657,50.0,0.0,0.0,1.0
0,3,1349,18.19902294303988,-138.07357371001044,50.0,0.0,0.0,1.0
0,3,1350,18.69467815545299,-138.00733749538347,50.0,0.0,0.0,1.0
0,3,1351,19.1900927738498,-137.93932192776003,50.0,0.0,0.0,1.0
0,3,1352,19.685260276166822,-137.8695278985401,50.0,0.0,0.0,1.0
0,3,1353,20.180174149529314,-137.79795632314588,50.0,0.0,0.0,1.0
0,3,1354,20.674827890223455,-137.72460814092125,50.0,0.0,0.0,1.0
0,3,1355,21.16921500367009,-137.649484315033,50.0,0.0,0.0,1.0
0,3,1356,21.663329004398292,-137.57258583237396,50.0,0.0,0.0,1.0
0,3,1357,22.15716341601992,-137.49391370346802,50.0,0.0,0.0,1.0
0,3,1358,22.65071177120491,-137.41346896237704,50.0,0.0,0.0,1.0
0,3,1359,23.14396761165701,-137.33125266660932,50.0,0.0,0.0,1.0
0,3,1360,23.63692448809045,-137.24726589703008,50.0,0.0,0.0,1.0
0,3,1361,24.12957596020661,-137.16150975777376,50.0,0.0,0.0,1.0
0,3,1362,24.62191559667236,-137.0739853761578,50.0,0.0,0.0,1.0
0,3,1363,25.113936975098007,-136.9846939025983,50.0,0.0,0.0,1.0
0,3,1364,25.605633682016382,-136.89363651052744,50.0,0.0,0.0,1.0
0,3,1365,26.096999312862415,-136.80081439631243,50.0,0.0,0.0,1.0
0,3,1366,26.58802747195326,-136.7062287791763,50.0,0.0,0.0,1.0
0,3,1367,27.07871177246919,-136.60988090112016,50.0,0.0,0.0,1.0
0,3,1368,27.56904583643457,-136.5117720268472,50.0,0.0,0.0,1.0
0,3,1369,28.059023294700303,-136.41190344368835,50.0,0.0,0.0,1.0
0,3,1370,28.548637786926015,-136.3102764615292,50.0,0.0,0.0,1.0
0,3,1371,29.037882961563184,-136.20689241273914,50.0,0.0,0.0,1.0
0,3,1372,29.526752475838762,-136.10175265210123,50.0,0.0,0.0,1.0
0,3,1373,30.0152399957394,-135.99485855674433,50.0,0.0,0.0,1.0
0,3,1374,30.503339195996247,-135.88621152607638,50.0,0.0,0.0,1.0
0,3,1375,30.99104376006988,-135.77581298171924,50.0,0.0,0.0,1.0
0,3,1376,31.47834738013669,-135.66366436744502,50.0,0.0,0.0,1.0
0,3,1377,31.96524375707488,-135.549767149114,50.0,0.0,0.0,1.0
0,3,1378,32.45172660045146,-135.43412281461377,50.0,0.0,0.0,1.0
0,3,1379,32.93778962850963,-135.3167328738001,50.0,0.0,0.0,1.0
0,3,1380,33.42342656815678,-135.19759885843902,50.0,0.0,0.0,1.0
0,3,1381,33.90863115495303,-135.0767223221504,50.0,0.0,0.0,1.0
0,3,1382,34.39339713309981,-134.95410484035295,50.0,0.0,0.0,1.0
0,3,1383,34.87771825542993,-134.82974801021047,50.0,0.0,0.0,1.0
0,3,1384,35.3615882833972,-134.70365345057974,50.0,0.0,0.0,1.0
0,3,1385,35.845000987066996,-134.5758228019594,50.0,0.0,0.0,1.0
0,3,1386,36.32795014510728,-134.44625772644056,50.0,0.0,0.0,1.0
0,3,1387,36.81042954478005,-134.31495990765848,50.0,0.0,0.0,1.0
0,3,1388,37.29243298193334,-134.18193105074562,50.0,0.0,0.0,1.0
0,3,1389,37.77395426099376,-134.047172882286,50.0,0.0,0.0,1.0
0,3,1390,38.25498719495909,-133.91068715027106,50.0,0.0,0.0,1.0
0,3,1391,38.73552560539223,-133.77247562405643,50.0,0.0,0.0,1.0
0,3,1392,39.215563322414745,-133.63254009432026,50.0,0.0,0.0,1.0
0,3,1393,39.69509418470135,-133.49088237302269,50.0,0.0,0.0,1.0
0,3,1394,40.17411203947473,-133.3475042933666,50.0,0.0,0.0,1.0
0,3,1395,40.65261074250086,-133.20240770975965,50.0,0.0,0.0,1.0
0,3,1396,41.130584158084915,-133.0555944977775,50.0,0.0,0.0,1.0
0,3,1397,41.60802615906711,-132.90706655412822,50.0,0.0,0.0,1.0
0,3,1398,42.084930626819954,-132.75682579661796,50.0,0.0,0.0,1.0
0,3,1399,42.56129145124511,-132.60487416411786,50.0,0.0,0.0,1.0
0,3,1400,43.03710253077104,-132.45121361653202,50.0,0.0,0.0,1.0
0,3,1401,43.512357772351116,-132.29584613476683,50.0,0.0,0.0,1.0
0,3,1402,43.98705109146218,-132.1387737207014,50.0,0.0,0.0,1.0
0,3,1403,44.46117641210357,-131.97999839715908,50.0,0.0,0.0,1.0
0,3,1404,44.93472766679623,-131.81952220788034,50.0,0.0,0.0,1.0
0,3,1405,45.40769879658316,-131.65734721749652,50.0,0.0,0.0,1.0
0,3,1406,45.880083751029325,-131.493475511505,50.0,0.0,0.0,1.0
0,3,1407,46.351876488222594,-131.32790919624549,50.0,0.0,0.0,1.0
0,3,1408,46.82307097477492,-131.16065039887718,50.0,0.0,0.0,1.0
0,3,1409,47.29366118582406,-130.99170126735729,50.0,0.0,0.0,1.0
0,3,1410,47.76364110503571,-130.82106397042077,50.0,0.0,0.0,1.0
0,3,1411,48.23300472460582,-130.64874069756092,50.0,0.0,0.0,1.0
0,3,1412,48.70174604526402,-130.47473365901126,50.0,0.0,0.0,1.0
0,3,1413,49.16985907627678,-130.29904508572844,50.0,0.0,0.0,1.0
0,3,1414,49.637337835451405,-130.12167722937625,50.0,0.0,0.0,1.0
0,3,1415,50.10417634914028,-129.94263236231095,50.0,0.0,0.0,1.0
0,3,1416,50.570368652245755,-129.76191277756732,50.0,0.0,0.0,1.0
0,3,1417,51.03590878822531,-129.57952078884608,50.0,0.0,0.0,1.0
0,3,1418,51.5007908090973,-129.39545873050236,50.0,0.0,0.0,1.0
0,3,1419,51.96500877544674,-129.20972895753522,50.0,0.0,0.0,1.0
0,3,1420,52.428556756432364,-129.0223338455782,50.0,0.0,0.0,1.0
0,3,1421,52.89142882979327,-128.833275790891,50.0,0.0,0.0,1.0
0,3,1422,53.35361908185647,-128.64255721035238,50.0,0.0,0.0,1.0
0,3,1423,53.81512160754479,-128.4501805414539,50.0,0.0,0.0,1.0
0,3,1424,54.27593051038515,-128.25614824229484,50.0,0.0,0.0,1.0
0,3,1425,54.736039902517504,-128.0604627915783,50.0,0.0,0.0,1.0
0,3,1426,55.195443904703694,-127.86312668860832,50.0,0.0,0.0,1.0
0,3,1427,55.65413664633768,-127.6641424532879,50.0,0.0,0.0,1.0
0,3,1428,56.112112265455345,-127.4635126261183,50.0,0.0,0.0,1.0
0,3,1429,56.569364908745115,-127.26123976819946,50.0,0.0,0.0,1.0
0,3,1430,57.02588873155911,-127.05732646123124,50.0,0.0,0.0,1.0
0,3,1431,57.481677897924634,-126.85177530751605,50.0,0.0,0.0,1.0
0,3,1432,57.93672658055618,-126.64458892996221,50.0,0.0,0.0,1.0
0,3,1433,58.391028960867594,-126.43576997208893,50.0,0.0,0.0,1.0
0,3,1434,58.84457922898548,-126.22532109803161,50.0,0.0,0.0,1.0
0,3,1435,59.29737158376223,-126.01324499254895,50.0,0.0,0.0,1.0
0,3,1436,59.74940023278993,-125.79954436103073,50.0,0.0,0.0,1.0
0,3,1437,60.20065939241474,-125.58422192950678,50.0,0.0,0.0,1.0
0,3,1438,60.651143287751644,-125.36728044465718,50.0,0.0,0.0,1.0
0,3,1439,61.10084615269985,-125.14872267382319,50.0,0.0,0.0,1.0
0,3,1440,61.54976222995817,-124.9285514050199,50.0,0.0,0.0,1.0
0,3,1441,61.997885771041815,-124.70676944694924,50.0,0.0,0.0,1.0
0,3,1442,62.44521103629878,-124.48337962901468,50.0,0.0,0.0,1.0
0,3,1443,62.89173229492714,-124.25838480133676,50.0,0.0,0.0,1.0
0,3,1444,63.337443824992846,-124.03178783476986,50.0,0.0,0.0,1.0
0,3,1445,63.78233991344784,-123.80359162092002,50.0,0.0,0.0,1.0
0,3,1446,64.22641485614899,-123.57379907216387,50.0,0.0,0.0,1.0
0,3,1447,64.66966295787698,-123.3424131216689,50.0,0.0,0.0,1.0
0,3,1448,65.11207853235645,-123.10943672341448,50.0,0.0,0.0,1.0
0,3,1449,65.55365590227609,-122.87487285221444,50.0,0.0,0.0,1.0
0,3,1450,65.99438939930943,-122.63872450374055,50.0,0.0,0.0,1.0
0,3,1451,66.43427336413616,-122.40099469454725,50.0,0.0,0.0,1.0
0,3,1452,66.8733021464641,-122.16168646209752,50.0,0.0,0.0,1.0
0,3,1453,67.31147010505137,-121.92080286478999,50.0,0.0,0.0,1.0
0,3,1454,67.74877160772964,-121.67834698198706,50.0,0.0,0.0,1.0
0,3,1455,68.18520103142711,-121.4343219140446,50.0,0.0,0.0,1.0
0,3,1456,68.62075276219312,-121.18873078234228,50.0,0.0,0.0,1.0
0,3,1457,69.05542119522235,-120.94157672931557,50.0,0.0,0.0,1.0
0,3,1458,69.4892007348801,-120.69286291848884,50.0,0.0,0.0,1.0
0,3,1459,69.92208579472793,-120.44259253450963,50.0,0.0,0.0,1.0
0,3,1460,70.3540707975501,-120.19076878318413,50.0,0.0,0.0,1.0
0,3,1461,70.7851501753803,-119.937394891514,50.0,0.0,0.0,1.0
0,3,1462,71.21531836952896,-119.6824741077346,50.0,0.0,0.0,1.0
0,3,1463,71.6445698306117,-119.42600970135399,50.0,0.0,0.0,1.0
0,3,1464,72.0728990185777,-119.1680049631937,50.0,0.0,0.0,1.0
0,3,1465,72.50030040273896,-118.90846320543064,50.0,0.0,0.0,1.0
0,3,1466,72.92676846180015,-118.64738776164029,50.0,0.0,0.0,1.0
0,3,1467,73.35229768388923,-118.38478198684115,50.0,0.0,0.0,1.0
0,3,1468,73.77688256658844,-118.1206492575406,50.0,0.0,0.0,1.0
0,3,1469,74.20051761696581,-117.85499297178231,50.0,0.0,0.0,1.0
0,3,1470,74.62319735160801,-117.58781654919439,50.0,0.0,0.0,1.0
0,3,1471,75.04491629665307,-117.31912343103951,50.0,0.0,0.0,1.0
0,3,1472,75.46566898782399,-117.04891708026628,50.0,0.0,0.0,1.0
0,3,1473,75.88544997046323,-116.77720098156176,50.0,0.0,0.0,1.0
0,3,1474,76.3042537995676,-116.50397864140568,50.0,0.0,0.0,1.0
0,3,1475,76.72207503982409,-116.22925358812583,50.0,0.0,0.0,1.0
0,3,1476,77.13890826564581,-115.95302937195528,50.0,0.0,0.0,1.0
0,3,1477,77.55474806120958,-115.67530956509049,50.0,0.0,0.0,1.0
0,3,1478,77.96958902049333,-115.39609776175132,50.0,0.0,0.0,1.0
0,3,1479,78.38342574731469,-115.11539757824245,50.0,0.0,0.0,1.0
0,3,1480,78.79625285536999,-114.8332126530162,50.0,0.0,0.0,1.0
0,3,1481,79.20806496827437,-114.54954664673691,50.0,0.0,0.0,1.0
0,3,1482,79.6188567196023,-114.26440324234684,50.0,0.0,0.0,1.0
0,3,1483,80.02862275292874,-113.97778614513386,50.0,0.0,0.0,1.0
0,3,1484,80.43735772187168,-113.68969908280013,50.0,0.0,0.0,1.0
0,3,1485,80.84505629013469,-113.40014580553299,50.0,0.0,0.0,1.0
0,3,1486,81.2517131315507,-113.10913008607712,50.0,0.0,0.0,1.0
0,3,1487,81.65732293012637,-112.8166557198084,50.0,0.0,0.0,1.0
0,3,1488,82.06188038008727,-112.5227265248094,50.0,0.0,0.0,1.0
0,3,1489,82.46538018592396,-112.2273463419466,50.0,0.0,0.0,1.0
0,3,1490,82.86781706243883,-111.93051903494904,50.0,0.0,0.0,1.0
0,3,1491,83.26918573479341,-111.63224849048925,50.0,0.0,0.0,1.0
0,3,1492,83.66948093855734,-111.332538618265,50.0,0.0,0.0,1.0
0,3,1493,84.06869741975726,-111.03139335108364,50.0,0.0,0.0,1.0
0,3,1494,84.4668299349271,-110.72881664494773,50.0,0.0,0.0,1.0
0,3,1495,84.86387325115905,-110.4248124791426,50.0,0.0,0.0,1.0
0,3,1496,85.25982214615537,-110.11938485632568,50.0,0.0,0.0,1.0
0,3,1497,85.65467140828129,-109.81253780261757,50.0,0.0,0.0,1.0
0,3,1498,86.04841583661822,-109.5042753676953,50.0,0.0,0.0,1.0
0,3,1499,86.44105024101881,-109.19460162488681,50.0,0.0,0.0,1.0
0,3,1500,86.83256944216203,-108.88352067126799,50.0,0.0,0.0,1.0
0,3,1501,87.22296827160964,-108.5710366277612,50.0,0.0,0.0,1.0
0,3,1502,87.61224157186342,-108.25715363923594,50.0,0.0,0.0,1.0
0,3,1503,88.00038419642344,-107.94187587461133,50.0,0.0,0.0,1.0
0,3,1504,88.38739100984726,-107.62520752696062,50.0,0.0,0.0,1.0
0,3,1505,88.77325688780986,-107.30715281361798,50.0,0.0,0.0,1.0
0,3,1506,89.15797671716513,-106.98771597628665,50.0,0.0,0.0,1.0
0,3,1507,89.54154539600773,-106.66690128114982,50.0,0.0,0.0,1.0
0,3,1508,89.92395783373627,-106.34471301898324,50.0,0.0,0.0,1.0
0,3,1509,90.30520895111741,-106.02115550527003,50.0,0.0,0.0,1.0
0,3,1510,90.68529368035108,-105.6962330803176,50.0,0.0,0.0,1.0
0,3,1511,91.06420696513673,-105.36995010937663,50.0,0.0,0.0,1.0
0,3,1512,91.44194376074019,-105.04231098276259,50.0,0.0,0.0,1.0
0,3,1513,91.81849903406253,-104.71332011597877,50.0,0.0,0.0,1.0
0,3,1514,92.1938677637091,-104.38298194984236,50.0,0.0,0.0,1.0
0,3,1515,92.56804494006008,-104.05130095061207,50.0,0.0,0.0,1.0
0,3,1516,92.94102556534203,-103.71828161011868,50.0,0.0,0.0,1.0
0,3,1517,93.31280465370067,-103.38392844589728,50.0,0.0,0.0,1.0
0,3,1518,93.68337723127462,-103.04824600132233,50.0,0.0,0.0,1.0
0,3,1519,94.05273833627021,-102.71123884574493,50.0,0.0,0.0,1.0
0,3,1520,94.42088301903797,-102.37291157463233,50.0,0.0,0.0,1.0
0,3,1521,94.7878063421496,-102.03326880971011,50.0,0.0,0.0,1.0
0,3,1522,95.15350338047652,-101.69231519910666,50.0,0.0,0.0,1.0
0,3,1523,95.51796922126962,-101.35005541750024,50.0,0.0,0.0,1.0
0,3,1524,95.88119896423996,-101.00649416626848,50.0,0.0,0.0,1.0
0,3,1525,96.24318772164104,-100.66163617364045,50.0,0.0,0.0,1.0
0,3,1526,96.60393061835207,-100.31548619485126,50.0,0.0,0.0,1.0
0,3,1527,96.9634227919624,-99.96804901229956,50.0,0.0,0.0,1.0
0,3,1528,97.32165939285768,-99.61932943570703,50.0,0.0,0.0,1.0
0,3,1529,97.67863558430683,-99.26933230228121,50.0,0.0,0.0,1.0
0,3,1530,98.03434654255045,-98.91806247688075,50.0,0.0,0.0,1.0
0,3,1531,98.38878745689064,-98.56552485218324,50.0,0.0,0.0,1.0
0,3,1532,98.74195761575012,-98.21172024089752,50.0,0.0,0.0,1.0
0,3,1533,99.09386214492899,-97.85664346876102,50.0,0.0,0.0,1.0
0,3,1534,99.4444965864131,-97.50029888856066,50.0,0.0,0.0,1.0
0,3,1535,99.79385605462622,-97.14269132099245,50.0,0.0,0.0,1.0
0,3,1536,100.14193569187583,-96.78382559975915,50.0,0.0,0.0,1.0
0,3,1537,100.48873066818443,-96.42370657148054,50.0,0.0,0.0,1.0
0,3,1538,100.83423618112361,-96.062339095605,50.0,0.0,0.0,1.0
0,3,1539,101.17844745565078,-95.69972804432246,50.0,0.0,0.0,1.0
0,3,1540,101.52135974394865,-95.33587830247853,50.0,0.0,0.0,1.0
0,3,1541,101.86296832526702,-94.97079476749022,50.0,0.0,0.0,1.0
0,3,1542,102.20326850576791,-94.6044823492622,50.0,0.0,0.0,1.0
0,3,1543,102.54225561837245,-94.2369459701051,50.0,0.0,0.0,1.0
0,3,1544,102.87992502261088,-93.86819056465453,50.0,0.0,0.0,1.0
0,3,1545,103.21627210447474,-93.49822107979145,50.0,0.0,0.0,1.0
0,3,1546,103.55129227627181,-93.12704247456384,50.0,0.0,0.0,1.0
0,3,1547,103.88498097648342,-92.7546597201092,50.0,0.0,0.0,1.0
0,3,1548,104.21733366962387,-92.38107779957889,50.0,0.0,0.0,1.0
0,3,1549,104.548345846103,-92.0063017080627,50.0,0.0,0.0,1.0
0,3,1550,104.8780130220904,-91.63033645251528,50.0,0.0,0.0,1.0
0,3,1551,105.20633073938232,-91.2531870516835,50.0,0.0,0.0,1.0
0,3,1552,105.53329456527086,-90.87485853603482,50.0,0.0,0.0,1.0
0,3,1553,105.85890009241538,-90.4953559476868,50.0,0.0,0.0,1.0
0,3,1554,106.18314293871629,-90.11468434033776,50.0,0.0,0.0,1.0
0,3,1555,106.50601874719099,-89.7328487791984,50.0,0.0,0.0,1.0
0,3,1556,106.8275231858519,-89.34985434092478,50.0,0.0,0.0,1.0
0,3,1557,107.1476519475871,-88.96570611355176,50.0,0.0,0.0,1.0
0,3,1558,107.46640075004261,-88.58040919642805,50.0,0.0,0.0,1.0
0,3,1559,107.78376533550717,-88.19396870015206,50.0,0.0,0.0,1.0
0,3,1560,108.09974147079893,-87.80638974650871,50.0,0.0,0.0,1.0
0,3,1561,108.41432494715431,-87.41767746840733,50.0,0.0,0.0,1.0
0,3,1562,108.72751158011896,-87.02783700982042,50.0,0.0,0.0,1.0
0,3,1563,109.03929720944046,-86.63687352572376,50.0,0.0,0.0,1.0
0,3,1564,109.34967769896362,-86.24479218203676,50.0,0.0,0.0,1.0
0,3,1565,109.65864893652713,-85.85159815556455,50.0,0.0,0.0,1.0
0,3,1566,109.96620683386257,-85.45729663394047,50.0,0.0,0.0,1.0
0,3,1567,110.27234732649517,-85.06189281556983,50.0,0.0,0.0,1.0
0,3,1568,110.57706637364662,-84.66539190957428,50.0,0.0,0.0,1.0
0,3,1569,110.8803599581397,-84.26779913573728,50.0,0.0,0.0,1.0
0,3,1570,111.1822240863046,-83.8691197244507,50.0,0.0,0.0,1.0
0,3,1571,111.4826547878876,-83.46935891666155,50.0,0.0,0.0,1.0
0,3,1572,111.78164811596099,-83.06852196382042,50.0,0.0,0.0,1.0
0,3,1573,112.0792001468352,-82.6666141278303,50.0,0.0,0.0,1.0
0,3,1574,112.37530697997246,-82.26364068099647,50.0,0.0,0.0,1.0
0,3,1575,112.66996473790245,-81.85960690597705,50.0,0.0,0.0,1.0
0,3,1576,112.96316956613948,-81.4545180957345,50.0,0.0,0.0,1.0
0,3,1577,113.25491763310143,-81.04837955348813,50.0,0.0,0.0,1.0
0,3,1578,113.5452051300307,-80.64119659266686,50.0,0.0,0.0,1.0
0,3,1579,113.83402827091635,-80.23297453686341,50.0,0.0,0.0,1.0
0,3,1580,114.12138329241827,-79.8237187197889,50.0,0.0,0.0,1.0
0,3,1581,114.40726645379283,-79.4134344852284,50.0,0.0,0.0,1.0
0,3,1582,114.69167403682023,-79.0021271869972,50.0,0.0,0.0,1.0
0,3,1583,114.97460234573347,-78.58980218889775,50.0,0.0,0.0,1.0
0,3,1584,115.25604770714861,-78.1764648646778,50.0,0.0,0.0,1.0
0,3,1585,115.53600646999729,-77.76212059798844,50.0,0.0,0.0,1.0
0,3,1586,115.81447500546005,-77.34677478234377,50.0,0.0,0.0,1.0
0,3,1587,116.09144970690164,-76.93043282108073,50.0,0.0,0.0,1.0
0,3,1588,116.36692698980772,-76.51310012731993,50.0,0.0,0.0,1.0
0,3,1589,116.64090329172302,-76.09478212392703,50.0,0.0,0.0,1.0
0,3,1590,116.91337507219113,-75.67548424347498,50.0,0.0,0.0,1.0
0,3,1591,117.1843388126956,-75.25521192820669,50.0,0.0,0.0,1.0
0,3,1592,117.4537910166025,-74.83397062999896,50.0,0.0,0.0,1.0
0,3,1593,117.7217282091047,-74.41176581032622,50.0,0.0,0.0,1.0
0,3,1594,117.98814693716722,-73.98860294022569,50.0,0.0,0.0,1.0
0,3,1595,118.25304376947417,-73.56448750026291,50.0,0.0,0.0,1.0
0,3,1596,118.51641529637706,-73.13942498049792,50.0,0.0,0.0,1.0
0,3,1597,118.77825812984452,-72.71342088045219,50.0,0.0,0.0,1.0
0,3,1598,119.03856890341333,-72.2864807090759,50.0,0.0,0.0,1.0
0,3,1599,119.29734427214078,-71.85860998471662,50.0,0.0,0.0,1.0
0,3,1600,119.55458091255863,-71.42981423508743,50.0,0.0,0.0,1.0
0,3,1601,119.81027552262805,-71.0000989972367,50.0,0.0,0.0,1.0
0,3,1602,120.06442482169604,-70.56946981751798,50.0,0.0,0.0,1.0
0,3,1603,120.31702555045324,-70.13793225156071,50.0,0.0,0.0,1.0
0,3,1604,120.56807447089288,-69.7054918642413,50.0,0.0,0.0,1.0
0,3,1605,120.81756836627115,-69.27215422965499,50.0,0.0,0.0,1.0
0,3,1606,121.06550404106855,-68.8379249310885,50.0,0.0,0.0,1.0
0,3,1607,121.3118783209531,-68.40280956099255,50.0,0.0,0.0,1.0
0,3,1608,121.55668805274414,-67.96681372095578,50.0,0.0,0.0,1.0
0,3,1609,121.79993010437775,-67.52994302167872,50.0,0.0,0.0,1.0
0,3,1610,122.0416013648733,-67.09220308294857,50.0,0.0,0.0,1.0
0,3,1611,122.28169874430124,-66.65359953361441,50.0,0.0,0.0,1.0
0,3,1612,122.52021917375211,-66.21413801156294,50.0,0.0,0.0,1.0
0,3,1613,122.75715960530655,-65.77382416369517,50.0,0.0,0.0,1.0
0,3,1614,122.99251701200704,-65.33266364590281,50.0,0.0,0.0,1.0
0,3,1615,123.22628838783014,-64.89066212304613,50.0,0.0,0.0,1.0
0,3,1616,123.45847074766041,-64.44782526893165,50.0,0.0,0.0,1.0
0,3,1617,123.68906112726526,-64.00415876629089,50.0,0.0,0.0,1.0
0,3,1618,123.9180565832711,-63.55966830675919,50.0,0.0,0.0,1.0
0,3,1619,124.1454541931405,-63.114359590855315,50.0,0.0,0.0,1.0
0,3,1620,124.37125105515051,-62.66823832796173,50.0,0.0,0.0,1.0
0,3,1621,124.59544428837243,-62.22131023630475,50.0,0.0,0.0,1.0
0,3,1622,124.81803103265223,-61.77358104293593,50.0,0.0,0.0,1.0
0,3,1623,125.03900844859241,-61.32505648371351,50.0,0.0,0.0,1.0
0,3,1624,125.25837371753497,-60.875742303284554,50.0,0.0,0.0,1.0
0,3,1625,125.47612404154532,-60.42564425506747,50.0,0.0,0.0,1.0
0,3,1626,125.69225664339754,-59.97476810123507,50.0,0.0,0.0,1.0
0,3,1627,125.90676876656063,-59.52311961269807,50.0,0.0,0.0,1.0
0,3,1628,126.11965767518566,-59.07070456908939,50.0,0.0,0.0,1.0
0,3,1629,126.33092065409451,-58.617528758748215,50.0,0.0,0.0,1.0
0,3,1630,126.54055500876926,-58.163597978705255,50.0,0.0,0.0,1.0
0,3,1631,126.74855806534286,-57.708918034668166,50.0,0.0,0.0,1.0
0,3,1632,126.95492717059086,-57.25349474100744,50.0,0.0,0.0,1.0
0,3,1633,127.15965969192425,-56.79733392074283,50.0,0.0,0.0,1.0
0,3,1634,127.36275301738334,-56.340441405530086,50.0,0.0,0.0,1.0
0,3,1635,127.56420455563267,-55.882823035648656,50.0,0.0,0.0,1.0
0,3,1636,127.7640117359573,-55.4244846599889,50.0,0.0,0.0,1.0
0,3,1637,127.9621720082597,-54.96543213604073,50.0,0.0,0.0,1.0
0,3,1638,128.15868284305813,-54.50567132988218,50.0,0.0,0.0,1.0
0,3,1639,128.35354173148585,-54.04520811616856,50.0,0.0,0.0,1.0
0,3,1640,128.54674618529154,-53.58404837812205,50.0,0.0,0.0,1.0
0,3,1641,128.73829373684077,-53.12219800752165,50.0,0.0,0.0,1.0
0,3,1642,128.92818193911836,-52.65966290469409,50.0,0.0,0.0,1.0
0,3,1643,129.11640836573218,-52.19644897850411,50.0,0.0,0.0,1.0
0,3,1644,129.30297061091773,-51.732562146346346,50.0,0.0,0.0,1.0
0,3,1645,129.4878662895439,-51.26800833413697,50.0,0.0,0.0,1.0
0,3,1646,129.6710930371197,-50.80279347630601,50.0,0.0,0.0,1.0
0,3,1647,129.85264850980235,-50.336923515790055,50.0,0.0,0.0,1.0
0,3,1648,130.0325303844062,-49.8704044040253,50.0,0.0,0.0,1.0
0,3,1649,130.21073635841253,-49.4032421009415,50.0,0.0,0.0,1.0
0,3,1650,130.38726414998118,-48.93544257495549,50.0,0.0,0.0,1.0
0,3,1651,130.5621114979624,-48.467011802966006,50.0,0.0,0.0,1.0
0,3,1652,130.7352761619104,-47.99795577034849,50.0,0.0,0.0,1.0
0,3,1653,130.9067559220977,-47.52828047095044,50.0,0.0,0.0,1.0
0,3,1654,131.0765485795305,-47.05799190708721,50.0,0.0,0.0,1.0
0,3,1655,131.24465195596574,-46.58709608953811,50.0,0.0,0.0,1.0
0,3,1656,131.4110638939282,-46.11559903754346,50.0,0.0,0.0,1.0
0,3,1657,131.57578225673,-45.64350677880115,50.0,0.0,0.0,1.0
0,3,1658,131.73880492849008,-45.1708253494645,50.0,0.0,0.0,1.0
0,3,1659,131.90012981415552,-44.69756079414018,50.0,0.0,0.0,1.0
0,3,1660,132.0597548395236,-44.22371916588661,50.0,0.0,0.0,1.0
0,3,1661,132.21767795126527,-43.74930652621282,50.0,0.0,0.0,1.0
0,3,1662,132.37389711694956,-43.27432894507773,50.0,0.0,0.0,1.0
0,3,1663,132.5284103250692,-42.79879250088982,50.0,0.0,0.0,1.0
0,3,1664,132.68121558506732,-42.322703280507696,50.0,0.0,0.0,1.0
0,3,1665,132.83231092736557,-41.846067379240104,50.0,0.0,0.0,1.0
0,3,1666,132.98169440339302,-41.36889090084743,50.0,0.0,0.0,1.0
0,3,1667,133.12936408561654,-40.89117995754313,50.0,0.0,0.0,1.0
0,3,1668,133.27531806757221,-40.412940669995606,50.0,0.0,0.0,1.0
0,3,1669,133.41955446389795,-39.93417916733076,50.0,0.0,0.0,1.0
0,3,1670,133.56207141036745,-39.45490158713469,50.0,0.0,0.0,1.0
0,3,1671,133.70286706392494,-38.97511407545742,50.0,0.0,0.0,1.0
0,3,1672,133.84193960272188,-38.49482278681612,50.0,0.0,0.0,1.0
0,3,1673,133.97928722615407,-38.014033884199726,50.0,0.0,0.0,1.0
0,3,1674,134.11490815490058,-37.53275353907354,50.0,0.0,0.0,1.0
0,3,1675,134.2488006309636,-37.05098793138443,50.0,0.0,0.0,1.0
0,3,1676,134.38096291770972,-36.568743249566424,50.0,0.0,0.0,1.0
0,3,1677,134.51139329991253,-36.086025690546805,50.0,0.0,0.0,1.0
0,3,1678,134.64009008379608,-35.602841459752966,50.0,0.0,0.0,1.0
0,3,1679,134.7670515970803,-35.119196771119,50.0,0.0,0.0,1.0
0,3,1680,134.8922761890271,-34.63509784709351,50.0,0.0,0.0,1.0
0,3,1681,135.01576223048812,-34.15055091864765,50.0,0.0,0.0,1.0
0,3,1682,135.13750811395386,-33.66556222528351,50.0,0.0,0.0,1.0
0,3,1683,135.25751225360375,-33.18013801504323,50.0,0.0,0.0,1.0
0,3,1684,135.3757730853581,-32.69428454451828,50.0,0.0,0.0,1.0
0,3,1685,135.49228906693094,-32.20800807885993,50.0,0.0,0.0,1.0
0,3,1686,135.6070586778845,-31.72131489178905,50.0,0.0,0.0,1.0
0,3,1687,135.72008041968522,-31.234211265607556,50.0,0.0,0.0,1.0
0,3,1688,135.8313528157607,-30.746703491209857,50.0,0.0,0.0,1.0
0,3,1689,135.9408744115585,-30.258797868094717,50.0,0.0,0.0,1.0
0,3,1690,136.04864377460615,-29.77050070437798,50.0,0.0,0.0,1.0
0,3,1691,136.15465949457274,-29.281818316805413,50.0,0.0,0.0,1.0
0,3,1692,136.25892018333187,-28.792757030766396,50.0,0.0,0.0,1.0
0,3,1693,136.36142447502613,-28.30332318030824,50.0,0.0,0.0,1.0
0,3,1694,136.4621710261331,-27.813523108150434,50.0,0.0,0.0,1.0
0,3,1695,136.56115851553272,-27.32336316570003,50.0,0.0,0.0,1.0
0,3,1696,136.65838564457658,-26.83284971306749,50.0,0.0,0.0,1.0
0,3,1697,136.7538511371581,-26.341989119082797,50.0,0.0,0.0,1.0
0,3,1698,136.84755373978498,-25.850787761312432,50.0,0.0,0.0,1.0
0,3,1699,136.93949222165276,-25.359252026076604,50.0,0.0,0.0,1.0
0,3,1700,137.02966537472003,-24.86738830846774,50.0,0.0,0.0,1.0
0,3,1701,137.1180720137856,-24.37520301236829,50.0,0.0,0.0,1.0
0,3,1702,137.20471097656687,-23.882702550470455,50.0,0.0,0.0,1.0
0,3,1703,137.2895811237801,-23.389893344295672,50.0,0.0,0.0,1.0
0,3,1704,137.3726813392223,-22.896781824214997,50.0,0.0,0.0,1.0
0,3,1705,137.45401052985486,-22.403374429470006,50.0,0.0,0.0,1.0
0,3,1706,137.5335676258887,-21.909677608194286,50.0,0.0,0.0,1.0
0,3,1707,137.6113515808714,-21.4156978174359,50.0,0.0,0.0,1.0
0,3,1708,137.68736137177606,-20.921441523179595,50.0,0.0,0.0,1.0
0,3,1709,137.76159599909167,-20.426915200370644,50.0,0.0,0.0,1.0
0,3,1710,137.8340544869156,-19.93212533293864,50.0,0.0,0.0,1.0
0,3,1711,137.90473588304772,-19.43707841382229,50.0,0.0,0.0,1.0
0,3,1712,137.97363925908638,-18.94178094499472,50.0,0.0,0.0,1.0
0,3,1713,138.04076371052633,-18.446239437489254,50.0,0.0,0.0,1.0
0,3,1714,138.10610835685839,-17.950460411426548,50.0,0.0,0.0,1.0
0,3,1715,138.16967234167117,-17.45445039604128,50.0,0.0,0.0,1.0
0,3,1716,138.23145483275465,-16.958215929710548,50.0,0.0,0.0,1.0
0,3,1717,138.29145502220558,-16.46176355998236,50.0,0.0,0.0,1.0
0,3,1718,138.34967212653513,-15.965099843605103,50.0,0.0,0.0,1.0
0,3,1719,138.4061053867784,-15.468231346557616,50.0,0.0,0.0,1.0
0,3,1720,138.46075406860572,-14.971164644079806,50.0,0.0,0.0,1.0
0,3,1721,138.5136174624365,-14.473906320704629,50.0,0.0,0.0,1.0
0,3,1722,138.5646948835547,-13.976462970289646,50.0,0.0,0.0,1.0
0,3,1723,138.6139856722265,-13.478841196050482,50.0,0.0,0.0,1.0
0,3,1724,138.6614891938204,-12.981047610594402,50.0,0.0,0.0,1.0
0,3,1725,138.70720483892896,-12.48308883595476,50.0,0.0,0.0,1.0
0,3,1726,138.7511320234931,-11.984971503626298,50.0,0.0,0.0,1.0
0,3,1727,138.79327018892846,-11.486702254601084,50.0,0.0,0.0,1.0
0,3,1728,138.8336188022539,-10.988287739405308,50.0,0.0,0.0,1.0
0,3,1729,138.87217735622255,-10.489734618137163,50.0,0.0,0.0,1.0
0,3,1730,138.90894536945467,-9.991049560504692,50.0,0.0,0.0,1.0
0,3,1731,138.9439223865733,-9.492239245865377,50.0,0.0,0.0,1.0
0,3,1732,138.9771079783419,-8.993310363266076,50.0,0.0,0.0,1.0
0,3,1733,139.00850174180457,-8.494269611483858,50.0,0.0,0.0,1.0
0,3,1734,139.03810330042847,-7.995123699067719,50.0,0.0,0.0,1.0
0,3,1735,139.06591230424877,-7.495879344380995,50.0,0.0,0.0,1.0
0,3,1736,139.0919284300161,-6.996543275645166,50.0,0.0,0.0,1.0
0,3,1737,139.11615138134644,-6.497122230983621,50.0,0.0,0.0,1.0
0,3,1738,139.13858088887326,-5.997622958467147,50.0,0.0,0.0,1.0
0,3,1739,139.15921671040277,-5.498052216159891,50.0,0.0,0.0,1.0
0,3,1740,139.1780586310711,-4.998416772166351,50.0,0.0,0.0,1.0
0,3,1741,139.19510646350454,-4.498723404679282,50.0,0.0,0.0,1.0
0,3,1742,139.21036004798216,-3.9989789020282984,50.0,0.0,0.0,1.0
0,3,1743,139.22381925260117,-3.499190062730122,50.0,0.0,0.0,1.0
0,3,1744,139.23548397344507,-2.999363695538676,50.0,0.0,0.0,1.0
0,3,1745,139.24535413475422,-2.4995066194970974,50.0,0.0,0.0,1.0
0,3,1746,139.25342968909968,-1.9996256639902583,50.0,0.0,0.0,1.0
0,3,1747,139.2597106175591,-1.4997276687984282,50.0,0.0,0.0,1.0
0,3,1748,139.26419692989637,-0.9998194841518426,50.0,0.0,0.0,1.0
0,3,1749,139.26688866474313,-0.4999079707862393,50.0,0.0,0.0,1.0
0,3,1750,139.2677858897839,0.0,50.0,0.0,0.0,1.0
