plane_id,contour_id,point_id,x,y,z,nx,ny,nz
0,0,0,0.0,270.0,50.0,0.0,0.0,1.0
0,0,1,0.025739645137223623,269.5006629688595,50.0,0.0,0.0,1.0
0,0,2,0.05147929027444725,269.001325937719,50.0,0.0,0.0,1.0
0,0,3,0.07721893541167087,268.5019889065785,50.0,0.0,0.0,1.0
0,0,4,0.1029585805488945,268.002651875438,50.0,0.0,0.0,1.0
0,0,5,0.1286982256861181,267.5033148442975,50.0,0.0,0.0,1.0
0,0,6,0.15443787082334173,267.003977813157,50.0,0.0,0.0,1.0
0,0,7,0.18017751596056536,266.5046407820165,50.0,0.0,0.0,1.0
0,0,8,0.205917161097789,266.005303750876,50.0,0.0,0.0,1.0
0,0,9,0.23165680623501259,265.5059667197355,50.0,0.0,0.0,1.0
0,0,10,0.2573964513722362,265.006629688595,50.0,0.0,0.0,1.0
0,0,11,0.28313609650945987,264.5072926574545,50.0,0.0,0.0,1.0
0,0,12,0.30887574164668347,264.007955626314,50.0,0.0,0.0,1.0
0,0,13,0.3346153867839071,263.50861859517346,50.0,0.0,0.0,1.0
0,0,14,0.3603550319211307,263.00928156403296,50.0,0.0,0.0,1.0
0,0,15,0.3860946770583543,262.50994453289246,50.0,0.0,0.0,1.0
0,0,16,0.411834322195578,262.01060750175196,50.0,0.0,0.0,1.0
0,0,17,0.43757396733280157,261.51127047061146,50.0,0.0,0.0,1.0
0,0,18,0.46331361247002517,261.01193343947097,50.0,0.0,0.0,1.0
0,0,19,0.4890532576072488,260.51259640833047,50.0,0.0,0.0,1.0
0,0,20,0.5147929027444724,260.01325937718997,50.0,0.0,0.0,1.0
0,0,21,0.540532547881696,259.51392234604947,50.0,0.0,0.0,1.0
0,0,22,0.5662721930189197,259.01458531490897,50.0,0.0,0.0,1.0
0,0,23,0.5920118381561433,258.51524828376847,50.0,0.0,0.0,1.0
0,0,24,0.6177514832933669,258.015911252628,50.0,0.0,0.0,1.0
0,0,25,0.6434911284305905,257.5165742214875,50.0,0.0,0.0,1.0
0,0,26,0.6692307735678142,257.017237190347,50.0,0.0,0.0,1.0
0,0,27,0.6949704187050377,256.5179001592065,50.0,0.0,0.0,1.0
0,0,28,0.7207100638422614,256.018563128066,50.0,0.0,0.0,1.0
0,0,29,0.7464497089794851,255.51922609692548,50.0,0.0,0.0,1.0
0,0,30,0.7721893541167086,255.01988906578498,50.0,0.0,0.0,1.0
0,0,31,0.7979289992539323,254.52055203464445,50.0,0.0,0.0,1.0
0,0,32,0.823668644391156,254.02121500350395,50.0,0.0,0.0,1.0
0,0,33,0.8494082895283795,253.52187797236346,50.0,0.0,0.0,1.0
0,0,34,0.8751479346656031,253.02254094122296,50.0,0.0,0.0,1.0
0,0,35,0.9008875798028269,252.52320391008246,50.0,0.0,0.0,1.0
0,0,36,0.9266272249400503,252.02386687894196,50.0,0.0,0.0,1.0
0,0,37,0.952366870077274,251.52452984780146,50.0,0.0,0.0,1.0
0,0,38,0.9781065152144977,251.02519281666096,50.0,0.0,0.0,1.0
0,0,39,1.0038461603517213,250.52585578552046,50.0,0.0,0.0,1.0
0,0,40,1.0295858054889448,250.02651875437996,50.0,0.0,0.0,1.0
0,0,41,1.0553254506261684,249.52718172323947,50.0,0.0,0.0,1.0
0,0,42,1.081065095763392,249.02784469209897,50.0,0.0,0.0,1.0
0,0,43,1.1068047409006159,248.52850766095844,50.0,0.0,0.0,1.0
0,0,44,1.1325443860378395,248.02917062981794,50.0,0.0,0.0,1.0
0,0,45,1.158284031175063,247.52983359867744,50.0,0.0,0.0,1.0
0,0,46,1.1840236763122867,247.03049656753694,50.0,0.0,0.0,1.0
0,0,47,1.2097633214495103,246.53115953639644,50.0,0.0,0.0,1.0
0,0,48,1.2355029665867339,246.03182250525595,50.0,0.0,0.0,1.0
0,0,49,1.2612426117239575,245.53248547411545,50.0,0.0,0.0,1.0
0,0,50,1.286982256861181,245.03314844297495,50.0,0.0,0.0,1.0
0,0,51,1.3127219019984047,244.53381141183445,50.0,0.0,0.0,1.0
0,0,52,1.3384615471356285,244.03447438069395,50.0,0.0,0.0,1.0
0,0,53,1.364201192272852,243.53513734955345,50.0,0.0,0.0,1.0
0,0,54,1.3899408374100757,243.03580031841295,50.0,0.0,0.0,1.0
0,0,55,1.4156804825472993,242.53646328727243,50.0,0.0,0.0,1.0
0,0,56,1.4620541562816305,242.0392591713767,50.0,0.0,0.0,1.0
0,0,57,1.5389991384395092,241.5452151756428,50.0,0.0,0.0,1.0
0,0,58,1.615944120597388,241.0511711799089,50.0,0.0,0.0,1.0
0,0,59,1.6928891027552666,240.557127184175,50.0,0.0,0.0,1.0
0,0,60,1.7698340849131453,240.06308318844108,50.0,0.0,0.0,1.0
0,0,61,1.846779067071024,239.56903919270718,50.0,0.0,0.0,1.0
0,0,62,1.9237240492289027,239.07499519697328,50.0,0.0,0.0,1.0
0,0,63,2.0006690313867814,238.58095120123937,50.0,0.0,0.0,1.0
0,0,64,2.07761401354466,238.08690720550547,50.0,0.0,0.0,1.0
0,0,65,2.154558995702539,237.59286320977156,50.0,0.0,0.0,1.0
0,0,66,2.2315039778604175,237.09881921403766,50.0,0.0,0.0,1.0
0,0,67,2.3084489600182962,236.60477521830376,50.0,0.0,0.0,1.0
0,0,68,2.385393942176175,236.11073122256983,50.0,0.0,0.0,1.0
0,0,69,2.4623389243340537,235.61668722683592,50.0,0.0,0.0,1.0
0,0,70,2.5392839064919324,235.12264323110202,50.0,0.0,0.0,1.0
0,0,71,2.616228888649811,234.6285992353681,50.0,0.0,0.0,1.0
0,0,72,2.6931738708076898,234.1345552396342,50.0,0.0,0.0,1.0
0,0,73,2.7701188529655685,233.6405112439003,50.0,0.0,0.0,1.0
0,0,74,2.847063835123447,233.1464672481664,50.0,0.0,0.0,1.0
0,0,75,2.924008817281326,232.6524232524325,50.0,0.0,0.0,1.0
0,0,76,3.0009537994392046,232.1583792566986,50.0,0.0,0.0,1.0
0,0,77,3.0778987815970833,231.6643352609647,50.0,0.0,0.0,1.0
0,0,78,3.1548437637549624,231.1702912652308,50.0,0.0,0.0,1.0
0,0,79,3.2317887459128407,230.67624726949688,50.0,0.0,0.0,1.0
0,0,80,3.30873372807072,230.18220327376298,50.0,0.0,0.0,1.0
0,0,81,3.3856787102285986,229.68815927802905,50.0,0.0,0.0,1.0
0,0,82,3.4626236923864773,229.19411528229514,50.0,0.0,0.0,1.0
0,0,83,3.539568674544356,228.70007128656124,50.0,0.0,0.0,1.0
0,0,84,3.6165136567022347,228.20602729082734,50.0,0.0,0.0,1.0
0,0,85,3.6934586388601134,227.71198329509343,50.0,0.0,0.0,1.0
0,0,86,3.770403621017992,227.21793929935953,50.0,0.0,0.0,1.0
0,0,87,3.847348603175871,226.72389530362562,50.0,0.0,0.0,1.0
0,0,88,3.9242935853337495,226.22985130789172,50.0,0.0,0.0,1.0
0,0,89,4.001238567491628,225.73580731215782,50.0,0.0,0.0,1.0
0,0,90,4.078183549649507,225.2417633164239,50.0,0.0,0.0,1.0
0,0,91,4.155128531807385,224.74771932069,50.0,0.0,0.0,1.0
0,0,92,4.232073513965265,224.2536753249561,50.0,0.0,0.0,1.0
0,0,93,4.3090184961231435,223.7596313292222,50.0,0.0,0.0,1.0
0,0,94,4.385963478281022,223.26558733348827,50.0,0.0,0.0,1.0
0,0,95,4.4629084604389,222.77154333775437,50.0,0.0,0.0,1.0
0,0,96,4.53985344259678,222.27749934202046,50.0,0.0,0.0,1.0
0,0,97,4.616798424754657,221.78345534628656,50.0,0.0,0.0,1.0
0,0,98,4.693743406912537,221.28941135055265,50.0,0.0,0.0,1.0
0,0,99,4.770688389070416,220.79536735481875,50.0,0.0,0.0,1.0
0,0,100,4.847633371228294,220.30132335908485,50.0,0.0,0.0,1.0
0,0,101,4.924578353386173,219.80727936335094,50.0,0.0,0.0,1.0
0,0,102,5.001523335544052,219.31323536761704,50.0,0.0,0.0,1.0
0,0,103,5.0784683177019305,218.81919137188314,50.0,0.0,0.0,1.0
0,0,104,5.155413299859809,218.32514737614923,50.0,0.0,0.0,1.0
0,0,105,5.232358282017688,217.83110338041533,50.0,0.0,0.0,1.0
0,0,106,5.309303264175567,217.33705938468142,50.0,0.0,0.0,1.0
0,0,107,5.386248246333445,216.8430153889475,50.0,0.0,0.0,1.0
0,0,108,5.463193228491324,216.3489713932136,50.0,0.0,0.0,1.0
0,0,109,5.540138210649203,215.85492739747968,50.0,0.0,0.0,1.0
0,0,110,5.6170831928070815,215.36088340174578,50.0,0.0,0.0,1.0
0,0,111,5.69402817496496,214.86683940601188,50.0,0.0,0.0,1.0
0,0,112,5.81158343231912,214.38128175172085,50.0,0.0,0.0,1.0
0,0,113,5.938919009363078,213.89776789378203,50.0,0.0,0.0,1.0
0,0,114,6.066254586407036,213.41425403584321,50.0,0.0,0.0,1.0
0,0,115,6.193590163450994,212.9307401779044,50.0,0.0,0.0,1.0
0,0,116,6.3209257404949515,212.44722631996558,50.0,0.0,0.0,1.0
0,0,117,6.448261317538909,211.96371246202676,50.0,0.0,0.0,1.0
0,0,118,6.575596894582867,211.48019860408792,50.0,0.0,0.0,1.0
0,0,119,6.702932471626825,210.9966847461491,50.0,0.0,0.0,1.0
0,0,120,6.830268048670783,210.51317088821028,50.0,0.0,0.0,1.0
0,0,121,6.957603625714741,210.02965703027147,50.0,0.0,0.0,1.0
0,0,122,7.084939202758699,209.54614317233265,50.0,0.0,0.0,1.0
0,0,123,7.212274779802657,209.06262931439383,50.0,0.0,0.0,1.0
0,0,124,7.339610356846615,208.579115456455,50.0,0.0,0.0,1.0
0,0,125,7.466945933890573,208.0956015985162,50.0,0.0,0.0,1.0
0,0,126,7.594281510934531,207.61208774057735,50.0,0.0,0.0,1.0
0,0,127,7.721617087978489,207.12857388263853,50.0,0.0,0.0,1.0
0,0,128,7.848952665022447,206.64506002469972,50.0,0.0,0.0,1.0
0,0,129,7.9762882420664045,206.1615461667609,50.0,0.0,0.0,1.0
0,0,130,8.103623819110362,205.67803230882208,50.0,0.0,0.0,1.0
0,0,131,8.23095939615432,205.19451845088327,50.0,0.0,0.0,1.0
0,0,132,8.358294973198278,204.71100459294445,50.0,0.0,0.0,1.0
0,0,133,8.485630550242236,204.22749073500563,50.0,0.0,0.0,1.0
0,0,134,8.612966127286192,203.74397687706679,50.0,0.0,0.0,1.0
0,0,135,8.74030170433015,203.26046301912797,50.0,0.0,0.0,1.0
0,0,136,8.867637281374108,202.77694916118915,50.0,0.0,0.0,1.0
0,0,137,8.994972858418068,202.29343530325033,50.0,0.0,0.0,1.0
0,0,138,9.122308435462026,201.80992144531152,50.0,0.0,0.0,1.0
0,0,139,9.249644012505982,201.3264075873727,50.0,0.0,0.0,1.0
0,0,140,9.37697958954994,200.84289372943388,50.0,0.0,0.0,1.0
0,0,141,9.504315166593898,200.35937987149504,50.0,0.0,0.0,1.0
0,0,142,9.631650743637856,199.87586601355622,50.0,0.0,0.0,1.0
0,0,143,9.758986320681814,199.3923521556174,50.0,0.0,0.0,1.0
0,0,144,9.886321897725772,198.90883829767859,50.0,0.0,0.0,1.0
0,0,145,10.01365747476973,198.42532443973977,50.0,0.0,0.0,1.0
0,0,146,10.140993051813687,197.94181058180095,50.0,0.0,0.0,1.0
0,0,147,10.268328628857645,197.45829672386213,50.0,0.0,0.0,1.0
0,0,148,10.395664205901603,196.97478286592332,50.0,0.0,0.0,1.0
0,0,149,10.522999782945561,196.4912690079845,50.0,0.0,0.0,1.0
0,0,150,10.65033535998952,196.00775515004565,50.0,0.0,0.0,1.0
0,0,151,10.777670937033477,195.52424129210684,50.0,0.0,0.0,1.0
0,0,152,10.905006514077435,195.04072743416802,50.0,0.0,0.0,1.0
0,0,153,11.032342091121393,194.5572135762292,50.0,0.0,0.0,1.0
0,0,154,11.159677668165351,194.07369971829038,50.0,0.0,0.0,1.0
0,0,155,11.287013245209309,193.59018586035157,50.0,0.0,0.0,1.0
0,0,156,11.414348822253267,193.10667200241275,50.0,0.0,0.0,1.0
0,0,157,11.541684399297225,192.6231581444739,50.0,0.0,0.0,1.0
0,0,158,11.669019976341183,192.1396442865351,50.0,0.0,0.0,1.0
0,0,159,11.79635555338514,191.65613042859627,50.0,0.0,0.0,1.0
0,0,160,11.923691130429098,191.17261657065745,50.0,0.0,0.0,1.0
0,0,161,12.051026707473056,190.68910271271864,50.0,0.0,0.0,1.0
0,0,162,12.178362284517014,190.20558885477982,50.0,0.0,0.0,1.0
0,0,163,12.305697861560972,189.722074996841,50.0,0.0,0.0,1.0
0,0,164,12.43303343860493,189.23856113890218,50.0,0.0,0.0,1.0
0,0,165,12.560369015648888,188.75504728096334,50.0,0.0,0.0,1.0
0,0,166,12.687704592692846,188.27153342302452,50.0,0.0,0.0,1.0
0,0,167,12.825282953655677,187.79128942686907,50.0,0.0,0.0,1.0
0,0,168,13.001659286117151,187.32343112636835,50.0,0.0,0.0,1.0
0,0,169,13.178035618578626,186.8555728258676,50.0,0.0,0.0,1.0
0,0,170,13.354411951040099,186.38771452536687,50.0,0.0,0.0,1.0
0,0,171,13.530788283501574,185.91985622486612,50.0,0.0,0.0,1.0
0,0,172,13.707164615963048,185.4519979243654,50.0,0.0,0.0,1.0
0,0,173,13.883540948424523,184.98413962386465,50.0,0.0,0.0,1.0
0,0,174,14.059917280885998,184.5162813233639,50.0,0.0,0.0,1.0
0,0,175,14.23629361334747,184.04842302286318,50.0,0.0,0.0,1.0
0,0,176,14.412669945808945,183.58056472236242,50.0,0.0,0.0,1.0
0,0,177,14.58904627827042,183.1127064218617,50.0,0.0,0.0,1.0
0,0,178,14.765422610731894,182.64484812136095,50.0,0.0,0.0,1.0
0,0,179,14.941798943193369,182.17698982086023,50.0,0.0,0.0,1.0
0,0,180,15.118175275654842,181.70913152035948,50.0,0.0,0.0,1.0
0,0,181,15.294551608116317,181.24127321985873,50.0,0.0,0.0,1.0
0,0,182,15.470927940577791,180.773414919358,50.0,0.0,0.0,1.0
0,0,183,15.647304273039264,180.30555661885725,50.0,0.0,0.0,1.0
0,0,184,15.82368060550074,179.83769831835653,50.0,0.0,0.0,1.0
0,0,185,16.000056937962214,179.36984001785578,50.0,0.0,0.0,1.0
0,0,186,16.176433270423686,178.90198171735506,50.0,0.0,0.0,1.0
0,0,187,16.352809602885163,178.4341234168543,50.0,0.0,0.0,1.0
0,0,188,16.529185935346636,177.96626511635355,50.0,0.0,0.0,1.0
0,0,189,16.705562267808112,177.49840681585283,50.0,0.0,0.0,1.0
0,0,190,16.881938600269585,177.03054851535208,50.0,0.0,0.0,1.0
0,0,191,17.058314932731058,176.56269021485136,50.0,0.0,0.0,1.0
0,0,192,17.234691265192534,176.0948319143506,50.0,0.0,0.0,1.0
0,0,193,17.411067597654007,175.62697361384988,50.0,0.0,0.0,1.0
0,0,194,17.587443930115484,175.15911531334913,50.0,0.0,0.0,1.0
0,0,195,17.763820262576957,174.6912570128484,50.0,0.0,0.0,1.0
0,0,196,17.94019659503843,174.22339871234766,50.0,0.0,0.0,1.0
0,0,197,18.116572927499906,173.75554041184694,50.0,0.0,0.0,1.0
0,0,198,18.29294925996138,173.2876821113462,50.0,0.0,0.0,1.0
0,0,199,18.469325592422855,172.81982381084543,50.0,0.0,0.0,1.0
0,0,200,18.645701924884328,172.3519655103447,50.0,0.0,0.0,1.0
0,0,201,18.8220782573458,171.88410720984396,50.0,0.0,0.0,1.0
0,0,202,18.998454589807277,171.41624890934324,50.0,0.0,0.0,1.0
0,0,203,19.17483092226875,170.9483906088425,50.0,0.0,0.0,1.0
0,0,204,19.351207254730227,170.48053230834176,50.0,0.0,0.0,1.0
0,0,205,19.5275835871917,170.012674007841,50.0,0.0,0.0,1.0
0,0,206,19.703959919653173,169.54481570734026,50.0,0.0,0.0,1.0
0,0,207,19.88033625211465,169.07695740683954,50.0,0.0,0.0,1.0
0,0,208,20.056712584576122,168.6090991063388,50.0,0.0,0.0,1.0
0,0,209,20.2330889170376,168.14124080583807,50.0,0.0,0.0,1.0
0,0,210,20.40946524949907,167.67338250533732,50.0,0.0,0.0,1.0
0,0,211,20.585841581960544,167.2055242048366,50.0,0.0,0.0,1.0
0,0,212,20.76221791442202,166.73766590433584,50.0,0.0,0.0,1.0
0,0,213,20.938594246883493,166.2698076038351,50.0,0.0,0.0,1.0
0,0,214,21.114970579344966,165.80194930333437,50.0,0.0,0.0,1.0
0,0,215,21.291346911806443,165.33409100283362,50.0,0.0,0.0,1.0
0,0,216,21.467723244267916,164.8662327023329,50.0,0.0,0.0,1.0
0,0,217,21.644099576729392,164.39837440183214,50.0,0.0,0.0,1.0
0,0,218,21.820475909190865,163.93051610133142,50.0,0.0,0.0,1.0
0,0,219,21.996852241652338,163.46265780083067,50.0,0.0,0.0,1.0
0,0,220,22.173228574113814,162.99479950032992,50.0,0.0,0.0,1.0
0,0,221,22.349604906575287,162.5269411998292,50.0,0.0,0.0,1.0
0,0,222,22.525981239036764,162.05908289932844,50.0,0.0,0.0,1.0
0,0,223,22.731216062906782,161.6038365019269,50.0,0.0,0.0,1.0
0,0,224,22.954762808257797,161.1565928852671,50.0,0.0,0.0,1.0
0,0,225,23.178309553608813,160.70934926860724,50.0,0.0,0.0,1.0
0,0,226,23.40185629895983,160.26210565194742,50.0,0.0,0.0,1.0
0,0,227,23.625403044310847,159.81486203528758,50.0,0.0,0.0,1.0
0,0,228,23.848949789661862,159.36761841862776,50.0,0.0,0.0,1.0
0,0,229,24.072496535012878,158.9203748019679,50.0,0.0,0.0,1.0
0,0,230,24.296043280363897,158.4731311853081,50.0,0.0,0.0,1.0
0,0,231,24.519590025714912,158.02588756864824,50.0,0.0,0.0,1.0
0,0,232,24.743136771065927,157.57864395198843,50.0,0.0,0.0,1.0
0,0,233,24.966683516416943,157.13140033532858,50.0,0.0,0.0,1.0
0,0,234,25.190230261767958,156.68415671866876,50.0,0.0,0.0,1.0
0,0,235,25.413777007118977,156.2369131020089,50.0,0.0,0.0,1.0
0,0,236,25.637323752469992,155.7896694853491,50.0,0.0,0.0,1.0
0,0,237,25.860870497821008,155.34242586868925,50.0,0.0,0.0,1.0
0,0,238,26.084417243172027,154.89518225202943,50.0,0.0,0.0,1.0
0,0,239,26.307963988523042,154.44793863536958,50.0,0.0,0.0,1.0
0,0,240,26.531510733874057,154.00069501870976,50.0,0.0,0.0,1.0
0,0,241,26.755057479225073,153.55345140204992,50.0,0.0,0.0,1.0
0,0,242,26.978604224576088,153.1062077853901,50.0,0.0,0.0,1.0
0,0,243,27.202150969927107,152.65896416873025,50.0,0.0,0.0,1.0
0,0,244,27.425697715278123,152.21172055207043,50.0,0.0,0.0,1.0
0,0,245,27.64924446062914,151.76447693541058,50.0,0.0,0.0,1.0
0,0,246,27.872791205980157,151.31723331875077,50.0,0.0,0.0,1.0
0,0,247,28.096337951331172,150.86998970209092,50.0,0.0,0.0,1.0
0,0,248,28.319884696682188,150.4227460854311,50.0,0.0,0.0,1.0
0,0,249,28.543431442033203,149.97550246877125,50.0,0.0,0.0,1.0
0,0,250,28.76697818738422,149.52825885211143,50.0,0.0,0.0,1.0
0,0,251,28.990524932735237,149.0810152354516,50.0,0.0,0.0,1.0
0,0,252,29.214071678086253,148.63377161879174,50.0,0.0,0.0,1.0
0,0,253,29.437618423437268,148.18652800213192,50.0,0.0,0.0,1.0
0,0,254,29.661165168788287,147.7392843854721,50.0,0.0,0.0,1.0
0,0,255,29.884711914139302,147.29204076881226,50.0,0.0,0.0,1.0
0,0,256,30.108258659490318,146.8447971521524,50.0,0.0,0.0,1.0
0,0,257,30.331805404841333,146.3975535354926,50.0,0.0,0.0,1.0
0,0,258,30.55535215019235,145.95030991883274,50.0,0.0,0.0,1.0
0,0,259,30.778898895543367,145.50306630217293,50.0,0.0,0.0,1.0
0,0,260,31.002445640894383,145.05582268551308,50.0,0.0,0.0,1.0
0,0,261,31.225992386245398,144.60857906885326,50.0,0.0,0.0,1.0
0,0,262,31.449539131596417,144.1613354521934,50.0,0.0,0.0,1.0
0,0,263,31.673085876947432,143.7140918355336,50.0,0.0,0.0,1.0
0,0,264,31.896632622298448,143.26684821887375,50.0,0.0,0.0,1.0
0,0,265,32.12017936764946,142.81960460221393,50.0,0.0,0.0,1.0
0,0,266,32.34372611300048,142.37236098555408,50.0,0.0,0.0,1.0
0,0,267,32.5672728583515,141.92511736889426,50.0,0.0,0.0,1.0
0,0,268,32.790819603702516,141.47787375223442,50.0,0.0,0.0,1.0
0,0,269,33.01436634905353,141.0306301355746,50.0,0.0,0.0,1.0
0,0,270,33.23791309440455,140.58338651891475,50.0,0.0,0.0,1.0
0,0,271,33.46145983975556,140.13614290225493,50.0,0.0,0.0,1.0
0,0,272,33.68500658510658,139.68889928559508,50.0,0.0,0.0,1.0
0,0,273,33.90855333045759,139.24165566893527,50.0,0.0,0.0,1.0
0,0,274,34.13210007580861,138.79441205227542,50.0,0.0,0.0,1.0
0,0,275,34.35564682115963,138.3471684356156,50.0,0.0,0.0,1.0
0,0,276,34.57919356651065,137.89992481895575,50.0,0.0,0.0,1.0
0,0,277,34.80274031186166,137.45268120229593,50.0,0.0,0.0,1.0
0,0,278,35.02694835413776,137.00581185422791,50.0,0.0,0.0,1.0
0,0,279,35.29529649251532,136.58392410063783,50.0,0.0,0.0,1.0
0,0,280,35.56364463089289,136.16203634704775,50.0,0.0,0.0,1.0
0,0,281,35.83199276927046,135.74014859345763,50.0,0.0,0.0,1.0
0,0,282,36.100340907648025,135.31826083986755,50.0,0.0,0.0,1.0
0,0,283,36.36868904602559,134.89637308627746,50.0,0.0,0.0,1.0
0,0,284,36.637037184403155,134.47448533268738,50.0,0.0,0.0,1.0
0,0,285,36.905385322780724,134.05259757909727,50.0,0.0,0.0,1.0
0,0,286,37.173733461158285,133.63070982550718,50.0,0.0,0.0,1.0
0,0,287,37.442081599535854,133.2088220719171,50.0,0.0,0.0,1.0
0,0,288,37.71042973791342,132.78693431832698,50.0,0.0,0.0,1.0
0,0,289,37.97877787629099,132.3650465647369,50.0,0.0,0.0,1.0
0,0,290,38.24712601466855,131.94315881114682,50.0,0.0,0.0,1.0
0,0,291,38.51547415304612,131.52127105755673,50.0,0.0,0.0,1.0
0,0,292,38.78382229142369,131.09938330396662,50.0,0.0,0.0,1.0
0,0,293,39.05217042980125,130.67749555037653,50.0,0.0,0.0,1.0
0,0,294,39.32051856817882,130.25560779678645,50.0,0.0,0.0,1.0
0,0,295,39.58886670655639,129.83372004319637,50.0,0.0,0.0,1.0
0,0,296,39.85721484493396,129.41183228960625,50.0,0.0,0.0,1.0
0,0,297,40.12556298331152,128.98994453601617,50.0,0.0,0.0,1.0
0,0,298,40.39391112168909,128.56805678242608,50.0,0.0,0.0,1.0
0,0,299,40.662259260066655,128.14616902883597,50.0,0.0,0.0,1.0
0,0,300,40.930607398444224,127.72428127524589,50.0,0.0,0.0,1.0
0,0,301,41.198955536821785,127.3023935216558,50.0,0.0,0.0,1.0
0,0,302,41.467303675199354,126.8805057680657,50.0,0.0,0.0,1.0
0,0,303,41.73565181357692,126.45861801447562,50.0,0.0,0.0,1.0
0,0,304,42.00399995195448,126.03673026088552,50.0,0.0,0.0,1.0
0,0,305,42.27234809033205,125.61484250729544,50.0,0.0,0.0,1.0
0,0,306,42.54069622870962,125.19295475370534,50.0,0.0,0.0,1.0
0,0,307,42.80904436708718,124.77106700011525,50.0,0.0,0.0,1.0
0,0,308,43.07739250546475,124.34917924652515,50.0,0.0,0.0,1.0
0,0,309,43.34574064384232,123.92729149293507,50.0,0.0,0.0,1.0
0,0,310,43.61408878221989,123.50540373934497,50.0,0.0,0.0,1.0
0,0,311,43.88243692059745,123.08351598575487,50.0,0.0,0.0,1.0
0,0,312,44.15078505897502,122.66162823216479,50.0,0.0,0.0,1.0
0,0,313,44.419133197352586,122.23974047857469,50.0,0.0,0.0,1.0
0,0,314,44.687481335730155,121.8178527249846,50.0,0.0,0.0,1.0
0,0,315,44.955829474107716,121.3959649713945,50.0,0.0,0.0,1.0
0,0,316,45.224177612485285,120.97407721780442,50.0,0.0,0.0,1.0
0,0,317,45.49252575086285,120.55218946421432,50.0,0.0,0.0,1.0
0,0,318,45.760873889240415,120.13030171062422,50.0,0.0,0.0,1.0
0,0,319,46.02922202761798,119.70841395703414,50.0,0.0,0.0,1.0
0,0,320,46.29757016599555,119.28652620344404,50.0,0.0,0.0,1.0
0,0,321,46.56591830437312,118.86463844985396,50.0,0.0,0.0,1.0
0,0,322,46.83426644275069,118.44275069626386,50.0,0.0,0.0,1.0
0,0,323,47.10261458112825,118.02086294267377,50.0,0.0,0.0,1.0
0,0,324,47.37096271950582,117.59897518908367,50.0,0.0,0.0,1.0
0,0,325,47.63931085788339,117.17708743549359,50.0,0.0,0.0,1.0
0,0,326,47.90765899626095,116.75519968190349,50.0,0.0,0.0,1.0
0,0,327,48.17600713463852,116.3333119283134,50.0,0.0,0.0,1.0
0,0,328,48.444355273016086,115.91142417472331,50.0,0.0,0.0,1.0
0,0,329,48.712703411393655,115.48953642113321,50.0,0.0,0.0,1.0
0,0,330,48.981051549771216,115.06764866754312,50.0,0.0,0.0,1.0
0,0,331,49.249399688148785,114.64576091395303,50.0,0.0,0.0,1.0
0,0,332,49.51774782652635,114.22387316036294,50.0,0.0,0.0,1.0
0,0,333,49.786095964903915,113.80198540677284,50.0,0.0,0.0,1.0
0,0,334,50.07196860888522,113.39255619991276,50.0,0.0,0.0,1.0
0,0,335,50.38227332399085,113.000496276198,50.0,0.0,0.0,1.0
0,0,336,50.692578039096475,112.60843635248327,50.0,0.0,0.0,1.0
0,0,337,51.002882754202105,112.21637642876851,50.0,0.0,0.0,1.0
0,0,338,51.31318746930773,111.82431650505376,50.0,0.0,0.0,1.0
0,0,339,51.62349218441336,111.432256581339,50.0,0.0,0.0,1.0
0,0,340,51.93379689951898,111.04019665762426,50.0,0.0,0.0,1.0
0,0,341,52.24410161462461,110.64813673390951,50.0,0.0,0.0,1.0
0,0,342,52.554406329730234,110.25607681019476,50.0,0.0,0.0,1.0
0,0,343,52.864711044835865,109.86401688648002,50.0,0.0,0.0,1.0
0,0,344,53.17501575994149,109.47195696276526,50.0,0.0,0.0,1.0
0,0,345,53.48532047504712,109.07989703905051,50.0,0.0,0.0,1.0
0,0,346,53.79562519015274,108.68783711533575,50.0,0.0,0.0,1.0
0,0,347,54.10592990525837,108.29577719162101,50.0,0.0,0.0,1.0
0,0,348,54.416234620363994,107.90371726790626,50.0,0.0,0.0,1.0
0,0,349,54.726539335469624,107.5116573441915,50.0,0.0,0.0,1.0
0,0,350,55.036844050575255,107.11959742047677,50.0,0.0,0.0,1.0
0,0,351,55.34714876568088,106.72753749676201,50.0,0.0,0.0,1.0
0,0,352,55.6574534807865,106.33547757304726,50.0,0.0,0.0,1.0
0,0,353,55.96775819589213,105.9434176493325,50.0,0.0,0.0,1.0
0,0,354,56.27806291099776,105.55135772561776,50.0,0.0,0.0,1.0
0,0,355,56.588367626103384,105.15929780190301,50.0,0.0,0.0,1.0
0,0,356,56.898672341209014,104.76723787818825,50.0,0.0,0.0,1.0
0,0,357,57.20897705631464,104.37517795447351,50.0,0.0,0.0,1.0
0,0,358,57.51928177142027,103.98311803075876,50.0,0.0,0.0,1.0
0,0,359,57.82958648652589,103.591058107044,50.0,0.0,0.0,1.0
0,0,360,58.13989120163152,103.19899818332925,50.0,0.0,0.0,1.0
0,0,361,58.450195916737144,102.8069382596145,50.0,0.0,0.0,1.0
0,0,362,58.760500631842774,102.41487833589976,50.0,0.0,0.0,1.0
0,0,363,59.070805346948404,102.022818412185,50.0,0.0,0.0,1.0
0,0,364,59.38111006205403,101.63075848847025,50.0,0.0,0.0,1.0
0,0,365,59.69141477715965,101.23869856475551,50.0,0.0,0.0,1.0
0,0,366,60.00171949226528,100.84663864104076,50.0,0.0,0.0,1.0
0,0,367,60.31202420737091,100.454578717326,50.0,0.0,0.0,1.0
0,0,368,60.622328922476534,100.06251879361126,50.0,0.0,0.0,1.0
0,0,369,60.93263363758216,99.6704588698965,50.0,0.0,0.0,1.0
0,0,370,61.24293835268779,99.27839894618175,50.0,0.0,0.0,1.0
0,0,371,61.55324306779342,98.886339022467,50.0,0.0,0.0,1.0
0,0,372,61.86354778289904,98.49427909875226,50.0,0.0,0.0,1.0
0,0,373,62.17385249800467,98.1022191750375,50.0,0.0,0.0,1.0
0,0,374,62.484157213110294,97.71015925132275,50.0,0.0,0.0,1.0
0,0,375,62.794461928215924,97.318099327608,50.0,0.0,0.0,1.0
0,0,376,63.104766643321554,96.92603940389324,50.0,0.0,0.0,1.0
0,0,377,63.41507135842718,96.5339794801785,50.0,0.0,0.0,1.0
0,0,378,63.72537607353281,96.14191955646375,50.0,0.0,0.0,1.0
0,0,379,64.03568078863843,95.749859632749,50.0,0.0,0.0,1.0
0,0,380,64.34598550374406,95.35779970903424,50.0,0.0,0.0,1.0
0,0,381,64.65629021884969,94.9657397853195,50.0,0.0,0.0,1.0
0,0,382,64.96659493395532,94.57367986160475,50.0,0.0,0.0,1.0
0,0,383,65.27689964906094,94.18161993788999,50.0,0.0,0.0,1.0
0,0,384,65.58720436416657,93.78956001417525,50.0,0.0,0.0,1.0
0,0,385,65.8975090792722,93.3975000904605,50.0,0.0,0.0,1.0
0,0,386,66.20781379437783,93.00544016674574,50.0,0.0,0.0,1.0
0,0,387,66.51811850948344,92.61338024303099,50.0,0.0,0.0,1.0
0,0,388,66.82842322458907,92.22132031931625,50.0,0.0,0.0,1.0
0,0,389,67.1387279396947,91.8292603956015,50.0,0.0,0.0,1.0
0,0,390,67.48076393753844,91.46508833958032,50.0,0.0,0.0,1.0
0,0,391,67.82973594215773,91.10701217450925,50.0,0.0,0.0,1.0
0,0,392,68.17870794677701,90.7489360094382,50.0,0.0,0.0,1.0
0,0,393,68.5276799513963,90.39085984436714,50.0,0.0,0.0,1.0
0,0,394,68.87665195601559,90.03278367929609,50.0,0.0,0.0,1.0
0,0,395,69.22562396063488,89.67470751422502,50.0,0.0,0.0,1.0
0,0,396,69.57459596525416,89.31663134915397,50.0,0.0,0.0,1.0
0,0,397,69.92356796987346,88.95855518408291,50.0,0.0,0.0,1.0
0,0,398,70.27253997449274,88.60047901901186,50.0,0.0,0.0,1.0
0,0,399,70.62151197911203,88.2424028539408,50.0,0.0,0.0,1.0
0,0,400,70.97048398373133,87.88432668886975,50.0,0.0,0.0,1.0
0,0,401,71.31945598835061,87.52625052379868,50.0,0.0,0.0,1.0
0,0,402,71.6684279929699,87.16817435872763,50.0,0.0,0.0,1.0
0,0,403,72.0173999975892,86.81009819365657,50.0,0.0,0.0,1.0
0,0,404,72.36637200220848,86.45202202858552,50.0,0.0,0.0,1.0
0,0,405,72.71534400682776,86.09394586351445,50.0,0.0,0.0,1.0
0,0,406,73.06431601144706,85.7358696984434,50.0,0.0,0.0,1.0
0,0,407,73.41328801606635,85.37779353337234,50.0,0.0,0.0,1.0
0,0,408,73.76226002068563,85.01971736830129,50.0,0.0,0.0,1.0
0,0,409,74.11123202530493,84.66164120323023,50.0,0.0,0.0,1.0
0,0,410,74.46020402992421,84.30356503815916,50.0,0.0,0.0,1.0
0,0,411,74.8091760345435,83.94548887308811,50.0,0.0,0.0,1.0
0,0,412,75.1581480391628,83.58741270801706,50.0,0.0,0.0,1.0
0,0,413,75.50712004378208,83.229336542946,50.0,0.0,0.0,1.0
0,0,414,75.85609204840136,82.87126037787495,50.0,0.0,0.0,1.0
0,0,415,76.20506405302066,82.51318421280388,50.0,0.0,0.0,1.0
0,0,416,76.55403605763995,82.15510804773282,50.0,0.0,0.0,1.0
0,0,417,76.90300806225923,81.79703188266177,50.0,0.0,0.0,1.0
0,0,418,77.25198006687853,81.43895571759072,50.0,0.0,0.0,1.0
0,0,419,77.60095207149782,81.08087955251966,50.0,0.0,0.0,1.0
0,0,420,77.9499240761171,80.7228033874486,50.0,0.0,0.0,1.0
0,0,421,78.2988960807364,80.36472722237754,50.0,0.0,0.0,1.0
0,0,422,78.64786808535568,80.00665105730648,50.0,0.0,0.0,1.0
0,0,423,78.99684008997497,79.64857489223543,50.0,0.0,0.0,1.0
0,0,424,79.34581209459427,79.29049872716438,50.0,0.0,0.0,1.0
0,0,425,79.69478409921355,78.93242256209331,50.0,0.0,0.0,1.0
0,0,426,80.04375610383283,78.57434639702225,50.0,0.0,0.0,1.0
0,0,427,80.39272810845213,78.2162702319512,50.0,0.0,0.0,1.0
0,0,428,80.74170011307142,77.85819406688015,50.0,0.0,0.0,1.0
0,0,429,81.0906721176907,77.50011790180909,50.0,0.0,0.0,1.0
0,0,430,81.43964412231,77.14204173673804,50.0,0.0,0.0,1.0
0,0,431,81.78861612692928,76.78396557166697,50.0,0.0,0.0,1.0
0,0,432,82.13758813154857,76.42588940659591,50.0,0.0,0.0,1.0
0,0,433,82.48656013616787,76.06781324152486,50.0,0.0,0.0,1.0
0,0,434,82.83553214078715,75.70973707645379,50.0,0.0,0.0,1.0
0,0,435,83.18450414540644,75.35166091138274,50.0,0.0,0.0,1.0
0,0,436,83.53347615002573,74.99358474631168,50.0,0.0,0.0,1.0
0,0,437,83.88244815464502,74.63550858124063,50.0,0.0,0.0,1.0
0,0,438,84.2314201592643,74.27743241616957,50.0,0.0,0.0,1.0
0,0,439,84.5803921638836,73.9193562510985,50.0,0.0,0.0,1.0
0,0,440,84.92936416850289,73.56128008602745,50.0,0.0,0.0,1.0
0,0,441,85.27833617312217,73.2032039209564,50.0,0.0,0.0,1.0
0,0,442,85.62730817774147,72.84512775588534,50.0,0.0,0.0,1.0
0,0,443,85.97628018236075,72.48705159081429,50.0,0.0,0.0,1.0
0,0,444,86.32525218698004,72.12897542574322,50.0,0.0,0.0,1.0
0,0,445,86.6820418235652,71.77934541096859,50.0,0.0,0.0,1.0
0,0,446,87.06598205671963,71.4590488337697,50.0,0.0,0.0,1.0
0,0,447,87.44992228987407,71.13875225657083,50.0,0.0,0.0,1.0
0,0,448,87.8338625230285,70.81845567937194,50.0,0.0,0.0,1.0
0,0,449,88.21780275618293,70.49815910217306,50.0,0.0,0.0,1.0
0,0,450,88.60174298933737,70.17786252497419,50.0,0.0,0.0,1.0
0,0,451,88.98568322249182,69.8575659477753,50.0,0.0,0.0,1.0
0,0,452,89.36962345564625,69.53726937057642,50.0,0.0,0.0,1.0
0,0,453,89.75356368880068,69.21697279337755,50.0,0.0,0.0,1.0
0,0,454,90.13750392195512,68.89667621617866,50.0,0.0,0.0,1.0
0,0,455,90.52144415510955,68.57637963897979,50.0,0.0,0.0,1.0
0,0,456,90.90538438826398,68.2560830617809,50.0,0.0,0.0,1.0
0,0,457,91.28932462141842,67.93578648458202,50.0,0.0,0.0,1.0
0,0,458,91.67326485457285,67.61548990738315,50.0,0.0,0.0,1.0
0,0,459,92.05720508772728,67.29519333018426,50.0,0.0,0.0,1.0
0,0,460,92.44114532088173,66.97489675298539,50.0,0.0,0.0,1.0
0,0,461,92.82508555403616,66.6546001757865,50.0,0.0,0.0,1.0
0,0,462,93.2090257871906,66.33430359858762,50.0,0.0,0.0,1.0
0,0,463,93.59296602034503,66.01400702138875,50.0,0.0,0.0,1.0
0,0,464,93.97690625349946,65.69371044418986,50.0,0.0,0.0,1.0
0,0,465,94.3608464866539,65.37341386699099,50.0,0.0,0.0,1.0
0,0,466,94.74478671980833,65.0531172897921,50.0,0.0,0.0,1.0
0,0,467,95.12872695296277,64.73282071259322,50.0,0.0,0.0,1.0
0,0,468,95.5126671861172,64.41252413539435,50.0,0.0,0.0,1.0
0,0,469,95.89660741927165,64.09222755819546,50.0,0.0,0.0,1.0
0,0,470,96.28054765242608,63.771930980996586,50.0,0.0,0.0,1.0
0,0,471,96.66448788558051,63.451634403797705,50.0,0.0,0.0,1.0
0,0,472,97.04842811873495,63.13133782659882,50.0,0.0,0.0,1.0
0,0,473,97.43236835188938,62.81104124939994,50.0,0.0,0.0,1.0
0,0,474,97.81630858504381,62.49074467220106,50.0,0.0,0.0,1.0
0,0,475,98.20024881819825,62.170448095002186,50.0,0.0,0.0,1.0
0,0,476,98.58418905135268,61.850151517803305,50.0,0.0,0.0,1.0
0,0,477,98.96812928450711,61.52985494060442,50.0,0.0,0.0,1.0
0,0,478,99.35206951766156,61.20955836340555,50.0,0.0,0.0,1.0
0,0,479,99.736009750816,60.88926178620667,50.0,0.0,0.0,1.0
0,0,480,100.11994998397043,60.568965209007786,50.0,0.0,0.0,1.0
0,0,481,100.50389021712486,60.248668631808904,50.0,0.0,0.0,1.0
0,0,482,100.8878304502793,59.92837205461002,50.0,0.0,0.0,1.0
0,0,483,101.27177068343373,59.60807547741115,50.0,0.0,0.0,1.0
0,0,484,101.65571091658816,59.28777890021227,50.0,0.0,0.0,1.0
0,0,485,102.0396511497426,58.967482323013385,50.0,0.0,0.0,1.0
0,0,486,102.42359138289703,58.647185745814504,50.0,0.0,0.0,1.0
0,0,487,102.80753161605146,58.32688916861563,50.0,0.0,0.0,1.0
0,0,488,103.1914718492059,58.00659259141675,50.0,0.0,0.0,1.0
0,0,489,103.57541208236034,57.68629601421787,50.0,0.0,0.0,1.0
0,0,490,103.95935231551478,57.365999437018985,50.0,0.0,0.0,1.0
0,0,491,104.34329254866921,57.04570285982011,50.0,0.0,0.0,1.0
0,0,492,104.72723278182364,56.72540628262123,50.0,0.0,0.0,1.0
0,0,493,105.11117301497808,56.40510970542235,50.0,0.0,0.0,1.0
0,0,494,105.49511324813251,56.084813128223466,50.0,0.0,0.0,1.0
0,0,495,105.87905348128695,55.76451655102459,50.0,0.0,0.0,1.0
0,0,496,106.26299371444138,55.44421997382571,50.0,0.0,0.0,1.0
0,0,497,106.64693394759581,55.12392339662683,50.0,0.0,0.0,1.0
0,0,498,107.03087418075026,54.80362681942795,50.0,0.0,0.0,1.0
0,0,499,107.4148144139047,54.48333024222907,50.0,0.0,0.0,1.0
0,0,500,107.79875464705913,54.16303366503019,50.0,0.0,0.0,1.0
0,0,501,108.2020534789894,53.868534157687414,50.0,0.0,0.0,1.0
0,0,502,108.61689202366233,53.58941235299698,50.0,0.0,0.0,1.0
0,0,503,109.03173056833528,53.310290548306554,50.0,0.0,0.0,1.0
0,0,504,109.44656911300821,53.03116874361612,50.0,0.0,0.0,1.0
0,0,505,109.86140765768114,52.752046938925695,50.0,0.0,0.0,1.0
0,0,506,110.27624620235407,52.47292513423526,50.0,0.0,0.0,1.0
0,0,507,110.691084747027,52.193803329544835,50.0,0.0,0.0,1.0
0,0,508,111.10592329169994,51.9146815248544,50.0,0.0,0.0,1.0
0,0,509,111.52076183637287,51.635559720163975,50.0,0.0,0.0,1.0
0,0,510,111.9356003810458,51.35643791547355,50.0,0.0,0.0,1.0
0,0,511,112.35043892571875,51.077316110783116,50.0,0.0,0.0,1.0
0,0,512,112.76527747039168,50.79819430609269,50.0,0.0,0.0,1.0
0,0,513,113.18011601506461,50.519072501402256,50.0,0.0,0.0,1.0
0,0,514,113.59495455973754,50.23995069671183,50.0,0.0,0.0,1.0
0,0,515,114.00979310441048,49.9608288920214,50.0,0.0,0.0,1.0
0,0,516,114.42463164908341,49.68170708733097,50.0,0.0,0.0,1.0
0,0,517,114.83947019375634,49.40258528264054,50.0,0.0,0.0,1.0
0,0,518,115.25430873842927,49.12346347795011,50.0,0.0,0.0,1.0
0,0,519,115.6691472831022,48.84434167325968,50.0,0.0,0.0,1.0
0,0,520,116.08398582777514,48.56521986856925,50.0,0.0,0.0,1.0
0,0,521,116.49882437244808,48.28609806387882,50.0,0.0,0.0,1.0
0,0,522,116.91366291712102,48.00697625918839,50.0,0.0,0.0,1.0
0,0,523,117.32850146179395,47.72785445449796,50.0,0.0,0.0,1.0
0,0,524,117.74334000646688,47.44873264980753,50.0,0.0,0.0,1.0
0,0,525,118.15817855113981,47.169610845117106,50.0,0.0,0.0,1.0
0,0,526,118.57301709581274,46.89048904042667,50.0,0.0,0.0,1.0
0,0,527,118.98785564048568,46.61136723573624,50.0,0.0,0.0,1.0
0,0,528,119.40269418515862,46.33224543104581,50.0,0.0,0.0,1.0
0,0,529,119.81753272983156,46.05312362635539,50.0,0.0,0.0,1.0
0,0,530,120.23237127450449,45.77400182166495,50.0,0.0,0.0,1.0
0,0,531,120.64720981917742,45.49488001697453,50.0,0.0,0.0,1.0
0,0,532,121.06204836385035,45.21575821228409,50.0,0.0,0.0,1.0
0,0,533,121.47688690852328,44.93663640759367,50.0,0.0,0.0,1.0
0,0,534,121.89172545319622,44.657514602903234,50.0,0.0,0.0,1.0
0,0,535,122.30656399786915,44.37839279821281,50.0,0.0,0.0,1.0
0,0,536,122.72140254254208,44.099270993522374,50.0,0.0,0.0,1.0
0,0,537,123.13624108721501,43.82014918883195,50.0,0.0,0.0,1.0
0,0,538,123.55107963188796,43.541027384141515,50.0,0.0,0.0,1.0
0,0,539,123.96591817656089,43.26190557945109,50.0,0.0,0.0,1.0
0,0,540,124.38075672123382,42.98278377476066,50.0,0.0,0.0,1.0
0,0,541,124.79559526590675,42.70366197007023,50.0,0.0,0.0,1.0
0,0,542,125.21043381057969,42.424540165379796,50.0,0.0,0.0,1.0
0,0,543,125.62527235525265,42.145418360689355,50.0,0.0,0.0,1.0
0,0,544,126.04011089992558,41.86629655599892,50.0,0.0,0.0,1.0
0,0,545,126.45494944459851,41.587174751308496,50.0,0.0,0.0,1.0
0,0,546,126.86978798927144,41.30805294661806,50.0,0.0,0.0,1.0
0,0,547,127.28462653394438,41.028931141927636,50.0,0.0,0.0,1.0
0,0,548,127.69946507861731,40.74980933723721,50.0,0.0,0.0,1.0
0,0,549,128.11430362329025,40.470687532546776,50.0,0.0,0.0,1.0
0,0,550,128.5291421679632,40.19156572785635,50.0,0.0,0.0,1.0
0,0,551,128.94398071263612,39.91244392316592,50.0,0.0,0.0,1.0
0,0,552,129.35881925730905,39.63332211847549,50.0,0.0,0.0,1.0
0,0,553,129.77365780198198,39.35420031378506,50.0,0.0,0.0,1.0
0,0,554,130.18849634665492,39.07507850909463,50.0,0.0,0.0,1.0
0,0,555,130.60333489132785,38.7959567044042,50.0,0.0,0.0,1.0
0,0,556,131.01895424048763,38.51813521984777,50.0,0.0,0.0,1.0
0,0,557,131.46029371197142,38.28314698416261,50.0,0.0,0.0,1.0
0,0,558,131.90163318345517,38.048158748477455,50.0,0.0,0.0,1.0
0,0,559,132.34297265493896,37.81317051279229,50.0,0.0,0.0,1.0
0,0,560,132.78431212642275,37.57818227710713,50.0,0.0,0.0,1.0
0,0,561,133.2256515979065,37.343194041421974,50.0,0.0,0.0,1.0
0,0,562,133.6669910693903,37.108205805736816,50.0,0.0,0.0,1.0
0,0,563,134.10833054087405,36.87321757005165,50.0,0.0,0.0,1.0
0,0,564,134.54967001235784,36.63822933436649,50.0,0.0,0.0,1.0
0,0,565,134.9910094838416,36.403241098681335,50.0,0.0,0.0,1.0
0,0,566,135.43234895532538,36.16825286299618,50.0,0.0,0.0,1.0
0,0,567,135.87368842680914,35.93326462731101,50.0,0.0,0.0,1.0
0,0,568,136.31502789829293,35.69827639162585,50.0,0.0,0.0,1.0
0,0,569,136.75636736977668,35.463288155940695,50.0,0.0,0.0,1.0
0,0,570,137.19770684126047,35.22829992025554,50.0,0.0,0.0,1.0
0,0,571,137.63904631274423,34.99331168457037,50.0,0.0,0.0,1.0
0,0,572,138.080385784228,34.758323448885214,50.0,0.0,0.0,1.0
0,0,573,138.52172525571177,34.523335213200056,50.0,0.0,0.0,1.0
0,0,574,138.96306472719556,34.2883469775149,50.0,0.0,0.0,1.0
0,0,575,139.40440419867932,34.05335874182973,50.0,0.0,0.0,1.0
0,0,576,139.8457436701631,33.818370506144575,50.0,0.0,0.0,1.0
0,0,577,140.28708314164686,33.58338227045942,50.0,0.0,0.0,1.0
0,0,578,140.72842261313065,33.34839403477426,50.0,0.0,0.0,1.0
0,0,579,141.1697620846144,33.113405799089094,50.0,0.0,0.0,1.0
0,0,580,141.6111015560982,32.878417563403936,50.0,0.0,0.0,1.0
0,0,581,142.05244102758195,32.64342932771878,50.0,0.0,0.0,1.0
0,0,582,142.49378049906574,32.40844109203362,50.0,0.0,0.0,1.0
0,0,583,142.9351199705495,32.17345285634846,50.0,0.0,0.0,1.0
0,0,584,143.37645944203328,31.938464620663297,50.0,0.0,0.0,1.0
0,0,585,143.81779891351704,31.70347638497814,50.0,0.0,0.0,1.0
0,0,586,144.25913838500082,31.468488149292977,50.0,0.0,0.0,1.0
0,0,587,144.7004778564846,31.23349991360782,50.0,0.0,0.0,1.0
0,0,588,145.14181732796837,30.998511677922657,50.0,0.0,0.0,1.0
0,0,589,145.58315679945213,30.7635234422375,50.0,0.0,0.0,1.0
0,0,590,146.0244962709359,30.528535206552338,50.0,0.0,0.0,1.0
0,0,591,146.4658357424197,30.29354697086718,50.0,0.0,0.0,1.0
0,0,592,146.90717521390346,30.058558735182018,50.0,0.0,0.0,1.0
0,0,593,147.34851468538722,29.82357049949686,50.0,0.0,0.0,1.0
0,0,594,147.789854156871,29.588582263811702,50.0,0.0,0.0,1.0
0,0,595,148.2311936283548,29.353594028126537,50.0,0.0,0.0,1.0
0,0,596,148.67253309983855,29.11860579244138,50.0,0.0,0.0,1.0
0,0,597,149.11387257132233,28.88361755675622,50.0,0.0,0.0,1.0
0,0,598,149.5552120428061,28.648629321071056,50.0,0.0,0.0,1.0
0,0,599,149.99655151428988,28.413641085385894,50.0,0.0,0.0,1.0
0,0,600,150.43789098577366,28.178652849700736,50.0,0.0,0.0,1.0
0,0,601,150.87923045725742,27.943664614015574,50.0,0.0,0.0,1.0
0,0,602,151.3205699287412,27.708676378330416,50.0,0.0,0.0,1.0
0,0,603,151.76190940022497,27.473688142645255,50.0,0.0,0.0,1.0
0,0,604,152.20324887170875,27.238699906960097,50.0,0.0,0.0,1.0
0,0,605,152.6445883431925,27.003711671274935,50.0,0.0,0.0,1.0
0,0,606,153.0859278146763,26.768723435589777,50.0,0.0,0.0,1.0
0,0,607,153.52726728616005,26.533735199904616,50.0,0.0,0.0,1.0
0,0,608,153.96860675764384,26.298746964219458,50.0,0.0,0.0,1.0
0,0,609,154.4099462291276,26.063758728534296,50.0,0.0,0.0,1.0
0,0,610,154.85128570061138,25.828770492849138,50.0,0.0,0.0,1.0
0,0,611,155.29262517209514,25.593782257163976,50.0,0.0,0.0,1.0
0,0,612,155.74340107103643,25.378955151727062,50.0,0.0,0.0,1.0
0,0,613,156.2065629894317,25.19059104328695,50.0,0.0,0.0,1.0
0,0,614,156.66972490782692,25.002226934846835,50.0,0.0,0.0,1.0
0,0,615,157.13288682622215,24.813862826406723,50.0,0.0,0.0,1.0
0,0,616,157.5960487446174,24.62549871796661,50.0,0.0,0.0,1.0
0,0,617,158.05921066301264,24.437134609526495,50.0,0.0,0.0,1.0
0,0,618,158.5223725814079,24.248770501086383,50.0,0.0,0.0,1.0
0,0,619,158.98553449980312,24.06040639264627,50.0,0.0,0.0,1.0
0,0,620,159.44869641819838,23.87204228420616,50.0,0.0,0.0,1.0
0,0,621,159.9118583365936,23.683678175766044,50.0,0.0,0.0,1.0
0,0,622,160.37502025498887,23.495314067325932,50.0,0.0,0.0,1.0
0,0,623,160.8381821733841,23.306949958885816,50.0,0.0,0.0,1.0
0,0,624,161.30134409177936,23.118585850445704,50.0,0.0,0.0,1.0
0,0,625,161.76450601017459,22.930221742005592,50.0,0.0,0.0,1.0
0,0,626,162.22766792856984,22.74185763356548,50.0,0.0,0.0,1.0
0,0,627,162.69082984696507,22.553493525125365,50.0,0.0,0.0,1.0
0,0,628,163.1539917653603,22.365129416685253,50.0,0.0,0.0,1.0
0,0,629,163.61715368375556,22.176765308245137,50.0,0.0,0.0,1.0
0,0,630,164.0803156021508,21.988401199805025,50.0,0.0,0.0,1.0
0,0,631,164.54347752054605,21.800037091364914,50.0,0.0,0.0,1.0
0,0,632,165.00663943894128,21.6116729829248,50.0,0.0,0.0,1.0
0,0,633,165.46980135733654,21.423308874484686,50.0,0.0,0.0,1.0
0,0,634,165.93296327573177,21.234944766044574,50.0,0.0,0.0,1.0
0,0,635,166.39612519412702,21.04658065760446,50.0,0.0,0.0,1.0
0,0,636,166.85928711252225,20.858216549164347,50.0,0.0,0.0,1.0
0,0,637,167.32244903091748,20.669852440724235,50.0,0.0,0.0,1.0
0,0,638,167.78561094931274,20.481488332284123,50.0,0.0,0.0,1.0
0,0,639,168.24877286770797,20.29312422384401,50.0,0.0,0.0,1.0
0,0,640,168.71193478610323,20.104760115403895,50.0,0.0,0.0,1.0
0,0,641,169.17509670449846,19.916396006963783,50.0,0.0,0.0,1.0
0,0,642,169.63825862289372,19.728031898523668,50.0,0.0,0.0,1.0
0,0,643,170.10142054128895,19.539667790083556,50.0,0.0,0.0,1.0
0,0,644,170.5645824596842,19.351303681643444,50.0,0.0,0.0,1.0
0,0,645,171.02774437807943,19.16293957320333,50.0,0.0,0.0,1.0
0,0,646,171.4909062964747,18.974575464763216,50.0,0.0,0.0,1.0
0,0,647,171.95406821486992,18.786211356323104,50.0,0.0,0.0,1.0
0,0,648,172.41723013326518,18.59784724788299,50.0,0.0,0.0,1.0
0,0,649,172.8803920516604,18.409483139442877,50.0,0.0,0.0,1.0
0,0,650,173.34355397005567,18.221119031002765,50.0,0.0,0.0,1.0
0,0,651,173.8067158884509,18.032754922562653,50.0,0.0,0.0,1.0
0,0,652,174.26987780684613,17.844390814122537,50.0,0.0,0.0,1.0
0,0,653,174.73303972524138,17.656026705682425,50.0,0.0,0.0,1.0
0,0,654,175.19620164363658,17.46766259724232,50.0,0.0,0.0,1.0
0,0,655,175.65936356203184,17.27929848880221,50.0,0.0,0.0,1.0
0,0,656,176.12252548042707,17.090934380362093,50.0,0.0,0.0,1.0
0,0,657,176.58568739882233,16.90257027192198,50.0,0.0,0.0,1.0
0,0,658,177.04884931721756,16.71420616348187,50.0,0.0,0.0,1.0
0,0,659,177.51201123561282,16.525842055041757,50.0,0.0,0.0,1.0
0,0,660,177.97517315400805,16.33747794660164,50.0,0.0,0.0,1.0
0,0,661,178.4383350724033,16.14911383816153,50.0,0.0,0.0,1.0
0,0,662,178.90149699079853,15.960749729721416,50.0,0.0,0.0,1.0
0,0,663,179.3646589091938,15.772385621281302,50.0,0.0,0.0,1.0
0,0,664,179.82782082758902,15.58402151284119,50.0,0.0,0.0,1.0
0,0,665,180.29098274598425,15.395657404401076,50.0,0.0,0.0,1.0
0,0,666,180.7541446643795,15.207293295960962,50.0,0.0,0.0,1.0
0,0,667,181.21730658277474,15.01892918752085,50.0,0.0,0.0,1.0
0,0,668,181.69459688199714,14.871181138608538,50.0,0.0,0.0,1.0
0,0,669,182.17467182489523,14.731438342009207,50.0,0.0,0.0,1.0
0,0,670,182.6547467677933,14.591695545409877,50.0,0.0,0.0,1.0
0,0,671,183.1348217106914,14.451952748810546,50.0,0.0,0.0,1.0
0,0,672,183.61489665358948,14.312209952211218,50.0,0.0,0.0,1.0
0,0,673,184.09497159648757,14.172467155611887,50.0,0.0,0.0,1.0
0,0,674,184.57504653938565,14.032724359012557,50.0,0.0,0.0,1.0
0,0,675,185.05512148228374,13.892981562413226,50.0,0.0,0.0,1.0
0,0,676,185.53519642518182,13.753238765813895,50.0,0.0,0.0,1.0
0,0,677,186.0152713680799,13.613495969214565,50.0,0.0,0.0,1.0
0,0,678,186.49534631097796,13.473753172615236,50.0,0.0,0.0,1.0
0,0,679,186.97542125387605,13.334010376015906,50.0,0.0,0.0,1.0
0,0,680,187.45549619677413,13.194267579416575,50.0,0.0,0.0,1.0
0,0,681,187.93557113967222,13.054524782817245,50.0,0.0,0.0,1.0
0,0,682,188.4156460825703,12.914781986217914,50.0,0.0,0.0,1.0
0,0,683,188.8957210254684,12.775039189618585,50.0,0.0,0.0,1.0
0,0,684,189.37579596836648,12.635296393019253,50.0,0.0,0.0,1.0
0,0,685,189.85587091126456,12.495553596419924,50.0,0.0,0.0,1.0
0,0,686,190.33594585416265,12.355810799820594,50.0,0.0,0.0,1.0
0,0,687,190.81602079706073,12.216068003221263,50.0,0.0,0.0,1.0
0,0,688,191.29609573995882,12.076325206621933,50.0,0.0,0.0,1.0
0,0,689,191.7761706828569,11.936582410022602,50.0,0.0,0.0,1.0
0,0,690,192.25624562575499,11.796839613423273,50.0,0.0,0.0,1.0
0,0,691,192.73632056865307,11.657096816823943,50.0,0.0,0.0,1.0
0,0,692,193.21639551155116,11.517354020224612,50.0,0.0,0.0,1.0
0,0,693,193.69647045444924,11.377611223625282,50.0,0.0,0.0,1.0
0,0,694,194.17654539734733,11.237868427025951,50.0,0.0,0.0,1.0
0,0,695,194.6566203402454,11.098125630426622,50.0,0.0,0.0,1.0
0,0,696,195.1366952831435,10.95838283382729,50.0,0.0,0.0,1.0
0,0,697,195.61677022604158,10.818640037227961,50.0,0.0,0.0,1.0
0,0,698,196.09684516893964,10.67889724062863,50.0,0.0,0.0,1.0
0,0,699,196.57692011183775,10.5391544440293,50.0,0.0,0.0,1.0
0,0,700,197.0569950547358,10.39941164742997,50.0,0.0,0.0,1.0
0,0,701,197.5370699976339,10.25966885083064,50.0,0.0,0.0,1.0
0,0,702,198.01714494053198,10.11992605423131,50.0,0.0,0.0,1.0
0,0,703,198.49721988343006,9.980183257631978,50.0,0.0,0.0,1.0
0,0,704,198.97729482632815,9.84044046103265,50.0,0.0,0.0,1.0
0,0,705,199.45736976922623,9.700697664433319,50.0,0.0,0.0,1.0
0,0,706,199.93744471212432,9.560954867833988,50.0,0.0,0.0,1.0
0,0,707,200.4175196550224,9.42121207123466,50.0,0.0,0.0,1.0
0,0,708,200.8975945979205,9.281469274635327,50.0,0.0,0.0,1.0
0,0,709,201.37766954081854,9.141726478036006,50.0,0.0,0.0,1.0
0,0,710,201.85774448371663,9.001983681436675,50.0,0.0,0.0,1.0
0,0,711,202.33781942661471,8.862240884837345,50.0,0.0,0.0,1.0
0,0,712,202.8178943695128,8.722498088238014,50.0,0.0,0.0,1.0
0,0,713,203.29796931241088,8.582755291638684,50.0,0.0,0.0,1.0
0,0,714,203.77804425530897,8.443012495039355,50.0,0.0,0.0,1.0
0,0,715,204.25811919820705,8.303269698440024,50.0,0.0,0.0,1.0
0,0,716,204.73819414110514,8.163526901840694,50.0,0.0,0.0,1.0
0,0,717,205.21826908400323,8.023784105241363,50.0,0.0,0.0,1.0
0,0,718,205.6983440269013,7.884041308642033,50.0,0.0,0.0,1.0
0,0,719,206.1784189697994,7.744298512042703,50.0,0.0,0.0,1.0
0,0,720,206.65849391269748,7.6045557154433725,50.0,0.0,0.0,1.0
0,0,721,207.13856885559554,7.464812918844043,50.0,0.0,0.0,1.0
0,0,722,207.61864379849362,7.325070122244712,50.0,0.0,0.0,1.0
0,0,723,208.10153647289644,7.197266995590399,50.0,0.0,0.0,1.0
0,0,724,208.59343541765938,7.107626445942887,50.0,0.0,0.0,1.0
0,0,725,209.08533436242234,7.017985896295374,50.0,0.0,0.0,1.0
0,0,726,209.57723330718528,6.928345346647862,50.0,0.0,0.0,1.0
0,0,727,210.06913225194822,6.838704797000348,50.0,0.0,0.0,1.0
0,0,728,210.56103119671116,6.749064247352836,50.0,0.0,0.0,1.0
0,0,729,211.0529301414741,6.659423697705323,50.0,0.0,0.0,1.0
0,0,730,211.54482908623703,6.569783148057811,50.0,0.0,0.0,1.0
0,0,731,212.03672803099997,6.480142598410298,50.0,0.0,0.0,1.0
0,0,732,212.5286269757629,6.3905020487627855,50.0,0.0,0.0,1.0
0,0,733,213.02052592052584,6.300861499115273,50.0,0.0,0.0,1.0
0,0,734,213.51242486528878,6.21122094946776,50.0,0.0,0.0,1.0
0,0,735,214.00432381005172,6.121580399820248,50.0,0.0,0.0,1.0
0,0,736,214.49622275481465,6.031939850172735,50.0,0.0,0.0,1.0
0,0,737,214.9881216995776,5.942299300525222,50.0,0.0,0.0,1.0
0,0,738,215.48002064434053,5.85265875087771,50.0,0.0,0.0,1.0
0,0,739,215.97191958910346,5.763018201230197,50.0,0.0,0.0,1.0
0,0,740,216.4638185338664,5.673377651582684,50.0,0.0,0.0,1.0
0,0,741,216.95571747862934,5.583737101935172,50.0,0.0,0.0,1.0
0,0,742,217.44761642339228,5.494096552287659,50.0,0.0,0.0,1.0
0,0,743,217.9395153681552,5.4044560026401465,50.0,0.0,0.0,1.0
0,0,744,218.43141431291815,5.314815452992634,50.0,0.0,0.0,1.0
0,0,745,218.9233132576811,5.2251749033451205,50.0,0.0,0.0,1.0
0,0,746,219.41521220244402,5.135534353697608,50.0,0.0,0.0,1.0
0,0,747,219.90711114720696,5.045893804050095,50.0,0.0,0.0,1.0
0,0,748,220.3990100919699,4.956253254402583,50.0,0.0,0.0,1.0
0,0,749,220.89090903673284,4.86661270475507,50.0,0.0,0.0,1.0
0,0,750,221.38280798149577,4.776972155107558,50.0,0.0,0.0,1.0
0,0,751,221.8747069262587,4.687331605460045,50.0,0.0,0.0,1.0
0,0,752,222.36660587102165,4.597691055812533,50.0,0.0,0.0,1.0
0,0,753,222.85850481578458,4.50805050616502,50.0,0.0,0.0,1.0
0,0,754,223.35040376054752,4.4184099565175075,50.0,0.0,0.0,1.0
0,0,755,223.84230270531046,4.328769406869995,50.0,0.0,0.0,1.0
0,0,756,224.3342016500734,4.239128857222482,50.0,0.0,0.0,1.0
0,0,757,224.82610059483633,4.14948830757497,50.0,0.0,0.0,1.0
0,0,758,225.31799953959927,4.059847757927456,50.0,0.0,0.0,1.0
0,0,759,225.80989848436224,3.9702072082799442,50.0,0.0,0.0,1.0
0,0,760,226.30179742912514,3.8805666586324317,50.0,0.0,0.0,1.0
0,0,761,226.7936963738881,3.7909261089849187,50.0,0.0,0.0,1.0
0,0,762,227.28559531865102,3.701285559337406,50.0,0.0,0.0,1.0
0,0,763,227.77749426341398,3.6116450096898935,50.0,0.0,0.0,1.0
0,0,764,228.26939320817692,3.5220044600423805,50.0,0.0,0.0,1.0
0,0,765,228.76129215293986,3.432363910394866,50.0,0.0,0.0,1.0
0,0,766,229.2531910977028,3.3427233607473537,50.0,0.0,0.0,1.0
0,0,767,229.74509004246573,3.253082811099841,50.0,0.0,0.0,1.0
0,0,768,230.23698898722867,3.163442261452328,50.0,0.0,0.0,1.0
0,0,769,230.7288879319916,3.0738017118048155,50.0,0.0,0.0,1.0
0,0,770,231.22078687675454,2.984161162157303,50.0,0.0,0.0,1.0
0,0,771,231.71268582151748,2.8945206125097904,50.0,0.0,0.0,1.0
0,0,772,232.20458476628042,2.804880062862278,50.0,0.0,0.0,1.0
0,0,773,232.69648371104336,2.7152395132147653,50.0,0.0,0.0,1.0
0,0,774,233.1883826558063,2.6255989635672528,50.0,0.0,0.0,1.0
0,0,775,233.68028160056923,2.5359584139197398,50.0,0.0,0.0,1.0
0,0,776,234.17218054533217,2.446317864272227,50.0,0.0,0.0,1.0
0,0,777,234.6640794900951,2.3566773146247146,50.0,0.0,0.0,1.0
0,0,778,235.15597843485804,2.267036764977202,50.0,0.0,0.0,1.0
0,0,779,235.65211578543952,2.2101328129852185,50.0,0.0,0.0,1.0
0,0,780,236.15062456702103,2.171545319076818,50.0,0.0,0.0,1.0
0,0,781,236.64913334860253,2.1329578251684174,50.0,0.0,0.0,1.0
0,0,782,237.14764213018404,2.094370331260017,50.0,0.0,0.0,1.0
0,0,783,237.64615091176552,2.055782837351616,50.0,0.0,0.0,1.0
0,0,784,238.14465969334702,2.0171953434432153,50.0,0.0,0.0,1.0
0,0,785,238.64316847492853,1.9786078495348147,50.0,0.0,0.0,1.0
0,0,786,239.14167725651,1.940020355626414,50.0,0.0,0.0,1.0
0,0,787,239.6401860380915,1.9014328617180134,50.0,0.0,0.0,1.0
0,0,788,240.13869481967302,1.8628453678096126,50.0,0.0,0.0,1.0
0,0,789,240.6372036012545,1.824257873901212,50.0,0.0,0.0,1.0
0,0,790,241.135712382836,1.7856703799928113,50.0,0.0,0.0,1.0
0,0,791,241.6342211644175,1.7470828860844105,50.0,0.0,0.0,1.0
0,0,792,242.132729945999,1.70849539217601,50.0,0.0,0.0,1.0
0,0,793,242.6312387275805,1.6699078982676094,50.0,0.0,0.0,1.0
0,0,794,243.129747509162,1.6313204043592087,50.0,0.0,0.0,1.0
0,0,795,243.62825629074348,1.592732910450808,50.0,0.0,0.0,1.0
0,0,796,244.126765072325,1.5541454165424073,50.0,0.0,0.0,1.0
0,0,797,244.6252738539065,1.5155579226340068,50.0,0.0,0.0,1.0
0,0,798,245.123782635488,1.476970428725606,50.0,0.0,0.0,1.0
0,0,799,245.62229141706948,1.4383829348172052,50.0,0.0,0.0,1.0
0,0,800,246.12080019865098,1.3997954409088047,50.0,0.0,0.0,1.0
0,0,801,246.6193089802325,1.3612079470004042,50.0,0.0,0.0,1.0
0,0,802,247.11781776181397,1.3226204530920034,50.0,0.0,0.0,1.0
0,0,803,247.61632654339547,1.2840329591836026,50.0,0.0,0.0,1.0
0,0,804,248.11483532497698,1.245445465275202,50.0,0.0,0.0,1.0
0,0,805,248.61334410655846,1.2068579713668013,50.0,0.0,0.0,1.0
0,0,806,249.11185288813996,1.1682704774584007,50.0,0.0,0.0,1.0
0,0,807,249.61036166972147,1.12968298355,50.0,0.0,0.0,1.0
0,0,808,250.10887045130295,1.0910954896415994,50.0,0.0,0.0,1.0
0,0,809,250.60737923288445,1.0525079957331986,50.0,0.0,0.0,1.0
0,0,810,251.10588801446596,1.013920501824798,50.0,0.0,0.0,1.0
0,0,811,251.60439679604747,0.9753330079163973,50.0,0.0,0.0,1.0
0,0,812,252.10290557762895,0.9367455140079968,50.0,0.0,0.0,1.0
0,0,813,252.60141435921045,0.898158020099596,50.0,0.0,0.0,1.0
0,0,814,253.09992314079196,0.8595705261911952,50.0,0.0,0.0,1.0
0,0,815,253.59843192237344,0.8209830322827947,50.0,0.0,0.0,1.0
0,0,816,254.09694070395494,0.7823955383743939,50.0,0.0,0.0,1.0
0,0,817,254.59544948553645,0.7438080444659934,50.0,0.0,0.0,1.0
0,0,818,255.09395826711793,0.7052205505575926,50.0,0.0,0.0,1.0
0,0,819,255.59246704869943,0.666633056649192,50.0,0.0,0.0,1.0
0,0,820,256.0909758302809,0.6280455627407913,50.0,0.0,0.0,1.0
0,0,821,256.5894846118624,0.5894580688323902,50.0,0.0,0.0,1.0
0,0,822,257.0879933934439,0.5508705749239895,50.0,0.0,0.0,1.0
0,0,823,257.58650217502543,0.5122830810155888,50.0,0.0,0.0,1.0
0,0,824,258.08501095660694,0.4736955871071882,50.0,0.0,0.0,1.0
0,0,825,258.58351973818844,0.4351080931987875,50.0,0.0,0.0,1.0
0,0,826,259.08202851976995,0.3965205992903868,50.0,0.0,0.0,1.0
0,0,827,259.5805373013514,0.35793310538198614,50.0,0.0,0.0,1.0
0,0,828,260.0790460829329,0.31934561147358553,50.0,0.0,0.0,1.0
0,0,829,260.5775548645144,0.2807581175651848,50.0,0.0,0.0,1.0
0,0,830,261.0760636460959,0.24217062365678416,50.0,0.0,0.0,1.0
0,0,831,261.5745724276774,0.2035831297483835,50.0,0.0,0.0,1.0
0,0,832,262.07308120925893,0.16499563583998283,50.0,0.0,0.0,1.0
0,0,833,262.5715899908404,0.12640814193158217,50.0,0.0,0.0,1.0
0,0,834,263.0701573559031,0.09009519908306869,50.0,0.0,0.0,1.0
0,0,835,263.56999158576525,0.10296930713446409,50.0,0.0,0.0,1.0
0,0,836,264.0698258156274,0.1158434151858595,50.0,0.0,0.0,1.0
0,0,837,264.56966004548957,0.1287175232372549,50.0,0.0,0.0,1.0
0,0,838,265.0694942753517,0.14159163128865032,50.0,0.0,0.0,1.0
0,0,839,265.56932850521383,0.1544657393400457,50.0,0.0,0.0,1.0
0,0,840,266.06916273507596,0.16733984739144114,50.0,0.0,0.0,1.0
0,0,841,266.5689969649381,0.18021395544283653,50.0,0.0,0.0,1.0
0,0,842,267.0688311948003,0.19308806349423194,50.0,0.0,0.0,1.0
0,0,843,267.5686654246624,0.20596217154562735,50.0,0.0,0.0,1.0
0,0,844,268.06849965452454,0.21883627959702276,50.0,0.0,0.0,1.0
0,0,845,268.5683338843867,0.23171038764841817,50.0,0.0,0.0,1.0
0,0,846,269.0681681142488,0.24458449569981355,50.0,0.0,0.0,1.0
0,0,847,269.568002344111,0.257458603751209,50.0,0.0,0.0,1.0
0,0,848,270.0678365739731,0.2703327118026044,50.0,0.0,0.0,1.0
0,0,849,270.56767080383526,0.28320681985399976,50.0,0.0,0.0,1.0
0,0,850,271.0675050336974,0.2960809279053952,50.0,0.0,0.0,1.0
0,0,851,271.5673392635595,0.30895503595679064,50.0,0.0,0.0,1.0
0,0,852,272.0671734934217,0.321829144008186,50.0,0.0,0.0,1.0
0,0,853,272.56700772328384,0.3347032520595814,50.0,0.0,0.0,1.0
0,0,854,273.06684195314597,0.3475773601109768,50.0,0.0,0.0,1.0
0,0,855,273.5666761830081,0.3604514681623722,50.0,0.0,0.0,1.0
0,0,856,274.06651041287023,0.3733255762137676,50.0,0.0,0.0,1.0
0,0,857,274.5663446427324,0.38619968426516305,50.0,0.0,0.0,1.0
0,0,858,275.06617887259455,0.39907379231655843,50.0,0.0,0.0,1.0
0,0,859,275.5660131024567,0.4119479003679538,50.0,0.0,0.0,1.0
0,0,860,276.0658473323188,0.42482200841934925,50.0,0.0,0.0,1.0
0,0,861,276.56568156218094,0.43769611647074463,50.0,0.0,0.0,1.0
0,0,862,277.06551579204313,0.45057022452214013,50.0,0.0,0.0,1.0
0,0,863,277.56535002190526,0.4634443325735355,50.0,0.0,0.0,1.0
0,0,864,278.0651842517674,0.4763184406249309,50.0,0.0,0.0,1.0
0,0,865,278.5650184816295,0.48919254867632633,50.0,0.0,0.0,1.0
0,0,866,279.06485271149165,0.5020666567277217,50.0,0.0,0.0,1.0
0,0,867,279.5646869413538,0.5149407647791171,50.0,0.0,0.0,1.0
0,0,868,280.064521171216,0.5278148728305125,50.0,0.0,0.0,1.0
0,0,869,280.5643554010781,0.540688980881908,50.0,0.0,0.0,1.0
0,0,870,281.06418963094023,0.5535630889333033,50.0,0.0,0.0,1.0
0,0,871,281.56402386080237,0.5664371969846987,50.0,0.0,0.0,1.0
0,0,872,282.06385809066455,0.5793113050360941,50.0,0.0,0.0,1.0
0,0,873,282.5636923205267,0.5921854130874896,50.0,0.0,0.0,1.0
0,0,874,283.0635265503888,0.605059521138885,50.0,0.0,0.0,1.0
0,0,875,283.56336078025095,0.6179336291902804,50.0,0.0,0.0,1.0
0,0,876,284.06319501011313,0.630807737241676,50.0,0.0,0.0,1.0
0,0,877,284.56302923997526,0.6436818452930715,50.0,0.0,0.0,1.0
0,0,878,285.0628634698374,0.6565559533444668,50.0,0.0,0.0,1.0
0,0,879,285.5626976996995,0.6694300613958623,50.0,0.0,0.0,1.0
0,0,880,286.06253192956166,0.6823041694472577,50.0,0.0,0.0,1.0
0,0,881,286.56236615942385,0.695178277498653,50.0,0.0,0.0,1.0
0,0,882,287.062200389286,0.7080523855500485,50.0,0.0,0.0,1.0
0,0,883,287.5620346191481,0.7209264936014439,50.0,0.0,0.0,1.0
0,0,884,288.06186884901024,0.7338006016528393,50.0,0.0,0.0,1.0
0,0,885,288.56170307887237,0.7466747097042347,50.0,0.0,0.0,1.0
0,0,886,289.06153730873456,0.7595488177556301,50.0,0.0,0.0,1.0
0,0,887,289.5613715385967,0.7724229258070255,50.0,0.0,0.0,1.0
0,0,888,290.0612057684588,0.7852970338584209,50.0,0.0,0.0,1.0
0,0,889,290.56103999832095,0.7981711419098163,50.0,0.0,0.0,1.0
0,0,890,291.0590977501195,0.8339953104831195,50.0,0.0,0.0,1.0
0,0,891,291.5549591164383,0.8981942621291701,50.0,0.0,0.0,1.0
0,0,892,292.0508204827571,0.9623932137752207,50.0,0.0,0.0,1.0
0,0,893,292.5466818490759,1.0265921654212713,50.0,0.0,0.0,1.0
0,0,894,293.0425432153947,1.090791117067322,50.0,0.0,0.0,1.0
0,0,895,293.5384045817135,1.1549900687133725,50.0,0.0,0.0,1.0
0,0,896,294.0342659480323,1.2191890203594231,50.0,0.0,0.0,1.0
0,0,897,294.5301273143511,1.283387972005474,50.0,0.0,0.0,1.0
0,0,898,295.0259886806699,1.3475869236515245,50.0,0.0,0.0,1.0
0,0,899,295.52185004698873,1.4117858752975752,50.0,0.0,0.0,1.0
0,0,900,296.0177114133075,1.4759848269436258,50.0,0.0,0.0,1.0
0,0,901,296.5135727796263,1.5401837785896766,50.0,0.0,0.0,1.0
0,0,902,297.0094341459451,1.604382730235727,50.0,0.0,0.0,1.0
0,0,903,297.5052955122639,1.6685816818817778,50.0,0.0,0.0,1.0
0,0,904,298.0011568785827,1.7327806335278284,50.0,0.0,0.0,1.0
0,0,905,298.4970182449015,1.796979585173879,50.0,0.0,0.0,1.0
0,0,906,298.9928796112203,1.8611785368199296,50.0,0.0,0.0,1.0
0,0,907,299.4887409775391,1.9253774884659802,50.0,0.0,0.0,1.0
0,0,908,299.9846023438579,1.9895764401120308,50.0,0.0,0.0,1.0
0,0,909,300.4804637101767,2.0537753917580814,50.0,0.0,0.0,1.0
0,0,910,300.9763250764955,2.117974343404132,50.0,0.0,0.0,1.0
0,0,911,301.4721864428143,2.1821732950501826,50.0,0.0,0.0,1.0
0,0,912,301.9680478091331,2.2463722466962333,50.0,0.0,0.0,1.0
0,0,913,302.46390917545193,2.3105711983422843,50.0,0.0,0.0,1.0
0,0,914,302.9597705417707,2.3747701499883345,50.0,0.0,0.0,1.0
0,0,915,303.4556319080895,2.438969101634385,50.0,0.0,0.0,1.0
0,0,916,303.95149327440834,2.5031680532804357,50.0,0.0,0.0,1.0
0,0,917,304.4473546407271,2.5673670049264867,50.0,0.0,0.0,1.0
0,0,918,304.9432160070459,2.631565956572537,50.0,0.0,0.0,1.0
0,0,919,305.43907737336474,2.695764908218588,50.0,0.0,0.0,1.0
0,0,920,305.9349387396835,2.759963859864638,50.0,0.0,0.0,1.0
0,0,921,306.4308001060023,2.8241628115106887,50.0,0.0,0.0,1.0
0,0,922,306.92666147232114,2.8883617631567398,50.0,0.0,0.0,1.0
0,0,923,307.4225228386399,2.9525607148027904,50.0,0.0,0.0,1.0
0,0,924,307.9183842049587,3.016759666448841,50.0,0.0,0.0,1.0
0,0,925,308.41424557127755,3.0809586180948916,50.0,0.0,0.0,1.0
0,0,926,308.9101069375963,3.145157569740942,50.0,0.0,0.0,1.0
0,0,927,309.40596830391513,3.209356521386993,50.0,0.0,0.0,1.0
0,0,928,309.90182967023395,3.2735554730330434,50.0,0.0,0.0,1.0
0,0,929,310.3976910365527,3.337754424679094,50.0,0.0,0.0,1.0
0,0,930,310.89355240287153,3.4019533763251446,50.0,0.0,0.0,1.0
0,0,931,311.38941376919036,3.466152327971195,50.0,0.0,0.0,1.0
0,0,932,311.8852751355091,3.5303512796172436,50.0,0.0,0.0,1.0
0,0,933,312.38113650182794,3.594550231263294,50.0,0.0,0.0,1.0
0,0,934,312.8769978681467,3.658749182909345,50.0,0.0,0.0,1.0
0,0,935,313.3728592344655,3.7229481345553954,50.0,0.0,0.0,1.0
0,0,936,313.86872060078434,3.787147086201446,50.0,0.0,0.0,1.0
0,0,937,314.3645819671031,3.851346037847497,50.0,0.0,0.0,1.0
0,0,938,314.8604433334219,3.9155449894935477,50.0,0.0,0.0,1.0
0,0,939,315.35630469974075,3.9797439411395983,50.0,0.0,0.0,1.0
0,0,940,315.8521660660595,4.0439428927856484,50.0,0.0,0.0,1.0
0,0,941,316.34802743237833,4.1081418444316995,50.0,0.0,0.0,1.0
0,0,942,316.84388879869715,4.17234079607775,50.0,0.0,0.0,1.0
0,0,943,317.3397501650159,4.236539747723801,50.0,0.0,0.0,1.0
0,0,944,317.83561153133473,4.300738699369852,50.0,0.0,0.0,1.0
0,0,945,318.3314728976535,4.364937651015902,50.0,0.0,0.0,1.0
0,0,946,318.819488940435,4.47218767466445,50.0,0.0,0.0,1.0
0,0,947,319.3061211570022,4.587031419809264,50.0,0.0,0.0,1.0
0,0,948,319.79275337356944,4.701875164954079,50.0,0.0,0.0,1.0
0,0,949,320.27938559013666,4.816718910098893,50.0,0.0,0.0,1.0
0,0,950,320.76601780670387,4.931562655243707,50.0,0.0,0.0,1.0
0,0,951,321.25265002327103,5.046406400388521,50.0,0.0,0.0,1.0
0,0,952,321.73928223983825,5.1612501455333355,50.0,0.0,0.0,1.0
0,0,953,322.22591445640546,5.276093890678149,50.0,0.0,0.0,1.0
0,0,954,322.7125466729727,5.390937635822963,50.0,0.0,0.0,1.0
0,0,955,323.1991788895399,5.505781380967777,50.0,0.0,0.0,1.0
0,0,956,323.6858111061071,5.620625126112592,50.0,0.0,0.0,1.0
0,0,957,324.17244332267427,5.735468871257406,50.0,0.0,0.0,1.0
0,0,958,324.6590755392415,5.85031261640222,50.0,0.0,0.0,1.0
0,0,959,325.1457077558087,5.965156361547034,50.0,0.0,0.0,1.0
0,0,960,325.6323399723759,6.080000106691848,50.0,0.0,0.0,1.0
0,0,961,326.11897218894313,6.194843851836662,50.0,0.0,0.0,1.0
0,0,962,326.60560440551035,6.309687596981476,50.0,0.0,0.0,1.0
0,0,963,327.0922366220775,6.42453134212629,50.0,0.0,0.0,1.0
0,0,964,327.5788688386447,6.539375087271105,50.0,0.0,0.0,1.0
0,0,965,328.06550105521194,6.654218832415919,50.0,0.0,0.0,1.0
0,0,966,328.55213327177916,6.769062577560733,50.0,0.0,0.0,1.0
0,0,967,329.03876548834637,6.883906322705547,50.0,0.0,0.0,1.0
0,0,968,329.5253977049136,6.998750067850361,50.0,0.0,0.0,1.0
0,0,969,330.0120299214808,7.113593812995175,50.0,0.0,0.0,1.0
0,0,970,330.49866213804796,7.228437558139989,50.0,0.0,0.0,1.0
0,0,971,330.9852943546152,7.343281303284803,50.0,0.0,0.0,1.0
0,0,972,331.4719265711824,7.4581250484296175,50.0,0.0,0.0,1.0
0,0,973,331.9585587877496,7.572968793574431,50.0,0.0,0.0,1.0
0,0,974,332.4451910043168,7.687812538719246,50.0,0.0,0.0,1.0
0,0,975,332.93182322088404,7.80265628386406,50.0,0.0,0.0,1.0
0,0,976,333.4184554374512,7.917500029008874,50.0,0.0,0.0,1.0
0,0,977,333.9050876540184,8.032343774153688,50.0,0.0,0.0,1.0
0,0,978,334.39171987058563,8.147187519298502,50.0,0.0,0.0,1.0
0,0,979,334.87835208715285,8.262031264443316,50.0,0.0,0.0,1.0
0,0,980,335.36498430372006,8.37687500958813,50.0,0.0,0.0,1.0
0,0,981,335.8516165202873,8.491718754732943,50.0,0.0,0.0,1.0
0,0,982,336.33824873685444,8.606562499877759,50.0,0.0,0.0,1.0
0,0,983,336.82488095342165,8.721406245022573,50.0,0.0,0.0,1.0
0,0,984,337.31151316998887,8.836249990167389,50.0,0.0,0.0,1.0
0,0,985,337.7981453865561,8.951093735312202,50.0,0.0,0.0,1.0
0,0,986,338.2847776031233,9.065937480457016,50.0,0.0,0.0,1.0
0,0,987,338.7714098196905,9.18078122560183,50.0,0.0,0.0,1.0
0,0,988,339.25804203625773,9.295624970746646,50.0,0.0,0.0,1.0
0,0,989,339.7446742528249,9.41046871589146,50.0,0.0,0.0,1.0
0,0,990,340.2313064693921,9.525312461036274,50.0,0.0,0.0,1.0
0,0,991,340.7179386859593,9.640156206181087,50.0,0.0,0.0,1.0
0,0,992,341.20457090252654,9.754999951325901,50.0,0.0,0.0,1.0
0,0,993,341.69120311909376,9.869843696470715,50.0,0.0,0.0,1.0
0,0,994,342.177835335661,9.98468744161553,50.0,0.0,0.0,1.0
0,0,995,342.6644675522282,10.099531186760345,50.0,0.0,0.0,1.0
0,0,996,343.15109976879535,10.214374931905159,50.0,0.0,0.0,1.0
0,0,997,343.63773198536256,10.329218677049973,50.0,0.0,0.0,1.0
0,0,998,344.1243642019298,10.444062422194786,50.0,0.0,0.0,1.0
0,0,999,344.610996418497,10.5589061673396,50.0,0.0,0.0,1.0
0,0,1000,345.0976286350642,10.673749912484414,50.0,0.0,0.0,1.0
0,0,1001,345.58062011687497,10.801101101124857,50.0,0.0,0.0,1.0
0,0,1002,346.0528646829406,10.965372431007701,50.0,0.0,0.0,1.0
0,0,1003,346.5251092490062,11.129643760890545,50.0,0.0,0.0,1.0
0,0,1004,346.99735381507185,11.293915090773389,50.0,0.0,0.0,1.0
0,0,1005,347.46959838113753,11.458186420656233,50.0,0.0,0.0,1.0
0,0,1006,347.94184294720316,11.622457750539077,50.0,0.0,0.0,1.0
0,0,1007,348.4140875132688,11.786729080421921,50.0,0.0,0.0,1.0
0,0,1008,348.8863320793344,11.951000410304765,50.0,0.0,0.0,1.0
0,0,1009,349.35857664540003,12.115271740187609,50.0,0.0,0.0,1.0
0,0,1010,349.83082121146566,12.279543070070453,50.0,0.0,0.0,1.0
0,0,1011,350.30306577753134,12.443814399953297,50.0,0.0,0.0,1.0
0,0,1012,350.77531034359697,12.60808572983614,50.0,0.0,0.0,1.0
0,0,1013,351.2475549096626,12.772357059718985,50.0,0.0,0.0,1.0
0,0,1014,351.7197994757282,12.936628389601829,50.0,0.0,0.0,1.0
0,0,1015,352.19204404179385,13.100899719484673,50.0,0.0,0.0,1.0
0,0,1016,352.66428860785953,13.265171049367517,50.0,0.0,0.0,1.0
0,0,1017,353.13653317392516,13.42944237925036,50.0,0.0,0.0,1.0
0,0,1018,353.6087777399908,13.593713709133205,50.0,0.0,0.0,1.0
0,0,1019,354.0810223060564,13.757985039016049,50.0,0.0,0.0,1.0
0,0,1020,354.55326687212204,13.922256368898893,50.0,0.0,0.0,1.0
0,0,1021,355.0255114381877,14.086527698781737,50.0,0.0,0.0,1.0
0,0,1022,355.49775600425335,14.25079902866458,50.0,0.0,0.0,1.0
0,0,1023,355.970000570319,14.415070358547425,50.0,0.0,0.0,1.0
0,0,1024,356.4422451363846,14.579341688430269,50.0,0.0,0.0,1.0
0,0,1025,356.9144897024502,14.743613018313113,50.0,0.0,0.0,1.0
0,0,1026,357.38673426851585,14.907884348195957,50.0,0.0,0.0,1.0
0,0,1027,357.85897883458154,15.0721556780788,50.0,0.0,0.0,1.0
0,0,1028,358.33122340064716,15.236427007961645,50.0,0.0,0.0,1.0
0,0,1029,358.8034679667128,15.400698337844489,50.0,0.0,0.0,1.0
0,0,1030,359.2757125327784,15.564969667727333,50.0,0.0,0.0,1.0
0,0,1031,359.74795709884404,15.729240997610177,50.0,0.0,0.0,1.0
0,0,1032,360.2202016649097,15.89351232749302,50.0,0.0,0.0,1.0
0,0,1033,360.69244623097535,16.057783657375865,50.0,0.0,0.0,1.0
0,0,1034,361.164690797041,16.22205498725871,50.0,0.0,0.0,1.0
0,0,1035,361.6369353631066,16.386326317141553,50.0,0.0,0.0,1.0
0,0,1036,362.1091799291722,16.550597647024397,50.0,0.0,0.0,1.0
0,0,1037,362.5814244952379,16.71486897690724,50.0,0.0,0.0,1.0
0,0,1038,363.05366906130354,16.879140306790084,50.0,0.0,0.0,1.0
0,0,1039,363.52591362736916,17.04341163667293,50.0,0.0,0.0,1.0
0,0,1040,363.9981581934348,17.207682966555772,50.0,0.0,0.0,1.0
0,0,1041,364.4704027595004,17.371954296438616,50.0,0.0,0.0,1.0
0,0,1042,364.9426473255661,17.53622562632146,50.0,0.0,0.0,1.0
0,0,1043,365.4148918916318,17.70049695620432,50.0,0.0,0.0,1.0
0,0,1044,365.8871364576974,17.864768286087163,50.0,0.0,0.0,1.0
0,0,1045,366.35938102376304,18.029039615970007,50.0,0.0,0.0,1.0
0,0,1046,366.83162558982866,18.19331094585285,50.0,0.0,0.0,1.0
0,0,1047,367.3038701558943,18.357582275735695,50.0,0.0,0.0,1.0
0,0,1048,367.7761147219599,18.52185360561854,50.0,0.0,0.0,1.0
0,0,1049,368.2483592880256,18.686124935501383,50.0,0.0,0.0,1.0
0,0,1050,368.7206038540912,18.850396265384227,50.0,0.0,0.0,1.0
0,0,1051,369.19284842015685,19.01466759526707,50.0,0.0,0.0,1.0
0,0,1052,369.6650929862225,19.178938925149914,50.0,0.0,0.0,1.0
0,0,1053,370.1373375522881,19.34321025503276,50.0,0.0,0.0,1.0
0,0,1054,370.6095821183538,19.507481584915602,50.0,0.0,0.0,1.0
0,0,1055,371.0818266844194,19.671752914798446,50.0,0.0,0.0,1.0
0,0,1056,371.55407125048504,19.83602424468129,50.0,0.0,0.0,1.0
0,0,1057,372.01359492409495,20.03157454865645,50.0,0.0,0.0,1.0
0,0,1058,372.466446048258,20.243531759772942,50.0,0.0,0.0,1.0
0,0,1059,372.919297172421,20.455488970889434,50.0,0.0,0.0,1.0
0,0,1060,373.372148296584,20.66744618200592,50.0,0.0,0.0,1.0
0,0,1061,373.824999420747,20.879403393122413,50.0,0.0,0.0,1.0
0,0,1062,374.27785054491005,21.091360604238904,50.0,0.0,0.0,1.0
0,0,1063,374.7307016690731,21.303317815355392,50.0,0.0,0.0,1.0
0,0,1064,375.1835527932361,21.515275026471883,50.0,0.0,0.0,1.0
0,0,1065,375.63640391739915,21.72723223758837,50.0,0.0,0.0,1.0
0,0,1066,376.0892550415622,21.939189448704862,50.0,0.0,0.0,1.0
0,0,1067,376.5421061657252,22.151146659821354,50.0,0.0,0.0,1.0
0,0,1068,376.99495728988825,22.36310387093784,50.0,0.0,0.0,1.0
0,0,1069,377.4478084140513,22.575061082054333,50.0,0.0,0.0,1.0
0,0,1070,377.9006595382143,22.787018293170824,50.0,0.0,0.0,1.0
0,0,1071,378.35351066237735,22.998975504287312,50.0,0.0,0.0,1.0
0,0,1072,378.8063617865404,23.210932715403803,50.0,0.0,0.0,1.0
0,0,1073,379.2592129107034,23.422889926520295,50.0,0.0,0.0,1.0
0,0,1074,379.71206403486644,23.634847137636783,50.0,0.0,0.0,1.0
0,0,1075,380.1649151590295,23.846804348753274,50.0,0.0,0.0,1.0
0,0,1076,380.6177662831925,24.058761559869765,50.0,0.0,0.0,1.0
0,0,1077,381.07061740735554,24.270718770986253,50.0,0.0,0.0,1.0
0,0,1078,381.5234685315186,24.482675982102744,50.0,0.0,0.0,1.0
0,0,1079,381.97631965568155,24.694633193219232,50.0,0.0,0.0,1.0
0,0,1080,382.4291707798446,24.906590404335724,50.0,0.0,0.0,1.0
0,0,1081,382.8820219040076,25.118547615452215,50.0,0.0,0.0,1.0
0,0,1082,383.33487302817065,25.330504826568703,50.0,0.0,0.0,1.0
0,0,1083,383.7877241523337,25.542462037685194,50.0,0.0,0.0,1.0
0,0,1084,384.2405752764967,25.754419248801685,50.0,0.0,0.0,1.0
0,0,1085,384.69342640065975,25.966376459918173,50.0,0.0,0.0,1.0
0,0,1086,385.1462775248228,26.178333671034665,50.0,0.0,0.0,1.0
0,0,1087,385.5991286489858,26.390290882151152,50.0,0.0,0.0,1.0
0,0,1088,386.05197977314884,26.602248093267644,50.0,0.0,0.0,1.0
0,0,1089,386.5048308973119,26.814205304384135,50.0,0.0,0.0,1.0
0,0,1090,386.9576820214749,27.026162515500623,50.0,0.0,0.0,1.0
0,0,1091,387.41053314563794,27.238119726617114,50.0,0.0,0.0,1.0
0,0,1092,387.863384269801,27.450076937733606,50.0,0.0,0.0,1.0
0,0,1093,388.316235393964,27.662034148850093,50.0,0.0,0.0,1.0
0,0,1094,388.76908651812704,27.873991359966585,50.0,0.0,0.0,1.0
0,0,1095,389.2219376422901,28.085948571083073,50.0,0.0,0.0,1.0
0,0,1096,389.6747887664531,28.297905782199564,50.0,0.0,0.0,1.0
0,0,1097,390.12763989061614,28.509862993316055,50.0,0.0,0.0,1.0
0,0,1098,390.5804910147791,28.721820204432547,50.0,0.0,0.0,1.0
0,0,1099,391.0333421389422,28.933777415549056,50.0,0.0,0.0,1.0
0,0,1100,391.48619326310524,29.145734626665543,50.0,0.0,0.0,1.0
0,0,1101,391.93904438726827,29.357691837782035,50.0,0.0,0.0,1.0
0,0,1102,392.3918955114313,29.569649048898523,50.0,0.0,0.0,1.0
0,0,1103,392.84474663559433,29.781606260015014,50.0,0.0,0.0,1.0
0,0,1104,393.29759775975737,29.993563471131505,50.0,0.0,0.0,1.0
0,0,1105,393.7504488839204,30.205520682247993,50.0,0.0,0.0,1.0
0,0,1106,394.20330000808343,30.417477893364484,50.0,0.0,0.0,1.0
0,0,1107,394.65615113224646,30.629435104480976,50.0,0.0,0.0,1.0
0,0,1108,395.1090022564095,30.841392315597464,50.0,0.0,0.0,1.0
0,0,1109,395.56185338057253,31.053349526713955,50.0,0.0,0.0,1.0
0,0,1110,396.01470450473556,31.265306737830446,50.0,0.0,0.0,1.0
0,0,1111,396.4675556288986,31.477263948946934,50.0,0.0,0.0,1.0
0,0,1112,396.91898195375717,31.69189712328734,50.0,0.0,0.0,1.0
0,0,1113,397.3476393349139,31.949293412265792,50.0,0.0,0.0,1.0
0,0,1114,397.7762967160706,32.206689701244244,50.0,0.0,0.0,1.0
0,0,1115,398.2049540972273,32.46408599022269,50.0,0.0,0.0,1.0
0,0,1116,398.633611478384,32.72148227920115,50.0,0.0,0.0,1.0
0,0,1117,399.06226885954067,32.978878568179596,50.0,0.0,0.0,1.0
0,0,1118,399.4909262406974,33.23627485715805,50.0,0.0,0.0,1.0
0,0,1119,399.9195836218541,33.4936711461365,50.0,0.0,0.0,1.0
0,0,1120,400.3482410030108,33.75106743511495,50.0,0.0,0.0,1.0
0,0,1121,400.7768983841675,34.0084637240934,50.0,0.0,0.0,1.0
0,0,1122,401.2055557653242,34.26586001307185,50.0,0.0,0.0,1.0
0,0,1123,401.6342131464809,34.52325630205031,50.0,0.0,0.0,1.0
0,0,1124,402.0628705276376,34.780652591028755,50.0,0.0,0.0,1.0
0,0,1125,402.4915279087943,35.03804888000721,50.0,0.0,0.0,1.0
0,0,1126,402.920185289951,35.29544516898566,50.0,0.0,0.0,1.0
0,0,1127,403.3488426711077,35.552841457964114,50.0,0.0,0.0,1.0
0,0,1128,403.77750005226443,35.81023774694256,50.0,0.0,0.0,1.0
0,0,1129,404.2061574334211,36.06763403592102,50.0,0.0,0.0,1.0
0,0,1130,404.6348148145778,36.325030324899465,50.0,0.0,0.0,1.0
0,0,1131,405.0634721957345,36.582426613877914,50.0,0.0,0.0,1.0
0,0,1132,405.4921295768912,36.83982290285637,50.0,0.0,0.0,1.0
0,0,1133,405.9207869580479,37.09721919183482,50.0,0.0,0.0,1.0
0,0,1134,406.34944433920464,37.35461548081327,50.0,0.0,0.0,1.0
0,0,1135,406.7781017203613,37.61201176979172,50.0,0.0,0.0,1.0
0,0,1136,407.206759101518,37.869408058770176,50.0,0.0,0.0,1.0
0,0,1137,407.6354164826747,38.126804347748624,50.0,0.0,0.0,1.0
0,0,1138,408.0640738638314,38.38420063672707,50.0,0.0,0.0,1.0
0,0,1139,408.49273124498814,38.64159692570553,50.0,0.0,0.0,1.0
0,0,1140,408.92138862614485,38.898993214683976,50.0,0.0,0.0,1.0
0,0,1141,409.3500460073015,39.15638950366243,50.0,0.0,0.0,1.0
0,0,1142,409.7787033884582,39.41378579264088,50.0,0.0,0.0,1.0
0,0,1143,410.2073607696149,39.671182081619335,50.0,0.0,0.0,1.0
0,0,1144,410.63601815077163,39.92857837059778,50.0,0.0,0.0,1.0
0,0,1145,411.06467553192834,40.18597465957624,50.0,0.0,0.0,1.0
0,0,1146,411.49333291308506,40.44337094855469,50.0,0.0,0.0,1.0
0,0,1147,411.9219902942417,40.70076723753314,50.0,0.0,0.0,1.0
0,0,1148,412.3506476753984,40.95816352651159,50.0,0.0,0.0,1.0
0,0,1149,412.77930505655513,41.21555981549004,50.0,0.0,0.0,1.0
0,0,1150,413.20796243771184,41.472956104468494,50.0,0.0,0.0,1.0
0,0,1151,413.63661981886855,41.73035239344694,50.0,0.0,0.0,1.0
0,0,1152,414.0652772000252,41.9877486824254,50.0,0.0,0.0,1.0
0,0,1153,414.4939345811819,42.245144971403846,50.0,0.0,0.0,1.0
0,0,1154,414.92259196233863,42.50254126038228,50.0,0.0,0.0,1.0
0,0,1155,415.3512493434953,42.75993754936073,50.0,0.0,0.0,1.0
0,0,1156,415.779906724652,43.01733383833918,50.0,0.0,0.0,1.0
0,0,1157,416.2085641058087,43.27473012731763,50.0,0.0,0.0,1.0
0,0,1158,416.6372214869654,43.53212641629608,50.0,0.0,0.0,1.0
0,0,1159,417.0658788681221,43.789522705274535,50.0,0.0,0.0,1.0
0,0,1160,417.4945362492788,44.046918994252984,50.0,0.0,0.0,1.0
0,0,1161,417.9231936304355,44.30431528323144,50.0,0.0,0.0,1.0
0,0,1162,418.3518510115922,44.56171157220989,50.0,0.0,0.0,1.0
0,0,1163,418.7805083927489,44.819107861188336,50.0,0.0,0.0,1.0
0,0,1164,419.2091657739056,45.07650415016679,50.0,0.0,0.0,1.0
0,0,1165,419.63782315506234,45.33390043914524,50.0,0.0,0.0,1.0
0,0,1166,420.066480536219,45.591296728123694,50.0,0.0,0.0,1.0
0,0,1167,420.4951379173757,45.84869301710214,50.0,0.0,0.0,1.0
0,0,1168,420.9105234341966,46.125814315533894,50.0,0.0,0.0,1.0
0,0,1169,421.3104430269804,46.42592149523413,50.0,0.0,0.0,1.0
0,0,1170,421.7103626197642,46.72602867493436,50.0,0.0,0.0,1.0
0,0,1171,422.11028221254804,47.026135854634596,50.0,0.0,0.0,1.0
0,0,1172,422.51020180533186,47.32624303433483,50.0,0.0,0.0,1.0
0,0,1173,422.9101213981157,47.626350214035064,50.0,0.0,0.0,1.0
0,0,1174,423.3100409908995,47.9264573937353,50.0,0.0,0.0,1.0
0,0,1175,423.7099605836833,48.22656457343553,50.0,0.0,0.0,1.0
0,0,1176,424.10988017646713,48.526671753135766,50.0,0.0,0.0,1.0
0,0,1177,424.50979976925095,48.826778932836,50.0,0.0,0.0,1.0
0,0,1178,424.90971936203476,49.12688611253624,50.0,0.0,0.0,1.0
0,0,1179,425.3096389548186,49.426993292236475,50.0,0.0,0.0,1.0
0,0,1180,425.7095585476024,49.72710047193671,50.0,0.0,0.0,1.0
0,0,1181,426.1094781403862,50.02720765163694,50.0,0.0,0.0,1.0
0,0,1182,426.50939773317003,50.327314831337176,50.0,0.0,0.0,1.0
0,0,1183,426.9093173259538,50.62742201103741,50.0,0.0,0.0,1.0
0,0,1184,427.3092369187376,50.927529190737644,50.0,0.0,0.0,1.0
0,0,1185,427.7091565115214,51.22763637043788,50.0,0.0,0.0,1.0
0,0,1186,428.10907610430525,51.52774355013811,50.0,0.0,0.0,1.0
0,0,1187,428.50899569708906,51.827850729838346,50.0,0.0,0.0,1.0
0,0,1188,428.9089152898729,52.12795790953858,50.0,0.0,0.0,1.0
0,0,1189,429.3088348826567,52.428065089238814,50.0,0.0,0.0,1.0
0,0,1190,429.7087544754405,52.72817226893905,50.0,0.0,0.0,1.0
0,0,1191,430.10867406822433,53.02827944863928,50.0,0.0,0.0,1.0
0,0,1192,430.50859366100815,53.328386628339516,50.0,0.0,0.0,1.0
0,0,1193,430.90851325379197,53.62849380803975,50.0,0.0,0.0,1.0
0,0,1194,431.3084328465758,53.92860098773999,50.0,0.0,0.0,1.0
0,0,1195,431.7083524393596,54.22870816744022,50.0,0.0,0.0,1.0
0,0,1196,432.1082720321434,54.52881534714046,50.0,0.0,0.0,1.0
0,0,1197,432.50819162492724,54.82892252684069,50.0,0.0,0.0,1.0
0,0,1198,432.908111217711,55.129029706540926,50.0,0.0,0.0,1.0
0,0,1199,433.3080308104948,55.42913688624116,50.0,0.0,0.0,1.0
0,0,1200,433.70795040327863,55.729244065941394,50.0,0.0,0.0,1.0
0,0,1201,434.10786999606245,56.02935124564163,50.0,0.0,0.0,1.0
0,0,1202,434.50778958884626,56.32945842534186,50.0,0.0,0.0,1.0
0,0,1203,434.9077091816301,56.629565605042096,50.0,0.0,0.0,1.0
0,0,1204,435.3076287744139,56.92967278474234,50.0,0.0,0.0,1.0
0,0,1205,435.7075483671977,57.22977996444257,50.0,0.0,0.0,1.0
0,0,1206,436.10746795998153,57.529887144142805,50.0,0.0,0.0,1.0
0,0,1207,436.50738755276535,57.82999432384304,50.0,0.0,0.0,1.0
0,0,1208,436.90730714554917,58.13010150354327,50.0,0.0,0.0,1.0
0,0,1209,437.307226738333,58.43020868324351,50.0,0.0,0.0,1.0
0,0,1210,437.7071463311168,58.730315862943755,50.0,0.0,0.0,1.0
0,0,1211,438.1070659239006,59.03042304264399,50.0,0.0,0.0,1.0
0,0,1212,438.50698551668444,59.33053022234422,50.0,0.0,0.0,1.0
0,0,1213,438.90690510946825,59.63063740204446,50.0,0.0,0.0,1.0
0,0,1214,439.3068247022521,59.93074458174469,50.0,0.0,0.0,1.0
0,0,1215,439.7067442950359,60.23085176144493,50.0,0.0,0.0,1.0
0,0,1216,440.1066638878197,60.530958941145165,50.0,0.0,0.0,1.0
0,0,1217,440.5065834806035,60.8310661208454,50.0,0.0,0.0,1.0
0,0,1218,440.9065030733873,61.13117330054563,50.0,0.0,0.0,1.0
0,0,1219,441.3064226661711,61.43128048024587,50.0,0.0,0.0,1.0
0,0,1220,441.7063422589549,61.7313876599461,50.0,0.0,0.0,1.0
0,0,1221,442.10626185173874,62.031494839646335,50.0,0.0,0.0,1.0
0,0,1222,442.50618144452255,62.33160201934657,50.0,0.0,0.0,1.0
0,0,1223,442.90610103730637,62.6317091990468,50.0,0.0,0.0,1.0
0,0,1224,443.27750262462985,62.96600097843619,50.0,0.0,0.0,1.0
0,0,1225,443.64444538137275,63.305637568446635,50.0,0.0,0.0,1.0
0,0,1226,444.01138813811565,63.645274158457084,50.0,0.0,0.0,1.0
0,0,1227,444.37833089485855,63.98491074846753,50.0,0.0,0.0,1.0
0,0,1228,444.74527365160145,64.32454733847797,50.0,0.0,0.0,1.0
0,0,1229,445.1122164083443,64.66418392848841,50.0,0.0,0.0,1.0
0,0,1230,445.4791591650872,65.00382051849887,50.0,0.0,0.0,1.0
0,0,1231,445.8461019218301,65.34345710850931,50.0,0.0,0.0,1.0
0,0,1232,446.213044678573,65.68309369851976,50.0,0.0,0.0,1.0
0,0,1233,446.5799874353159,66.0227302885302,50.0,0.0,0.0,1.0
0,0,1234,446.9469301920588,66.36236687854064,50.0,0.0,0.0,1.0
0,0,1235,447.3138729488017,66.70200346855108,50.0,0.0,0.0,1.0
0,0,1236,447.6808157055446,67.04164005856154,50.0,0.0,0.0,1.0
0,0,1237,448.0477584622875,67.38127664857198,50.0,0.0,0.0,1.0
0,0,1238,448.4147012190304,67.72091323858243,50.0,0.0,0.0,1.0
0,0,1239,448.7816439757733,68.06054982859287,50.0,0.0,0.0,1.0
0,0,1240,449.1485867325162,68.40018641860331,50.0,0.0,0.0,1.0
0,0,1241,449.5155294892591,68.73982300861375,50.0,0.0,0.0,1.0
0,0,1242,449.88247224600195,69.07945959862421,50.0,0.0,0.0,1.0
0,0,1243,450.24941500274485,69.41909618863465,50.0,0.0,0.0,1.0
0,0,1244,450.61635775948776,69.7587327786451,50.0,0.0,0.0,1.0
0,0,1245,450.98330051623066,70.09836936865554,50.0,0.0,0.0,1.0
0,0,1246,451.35024327297356,70.43800595866598,50.0,0.0,0.0,1.0
0,0,1247,451.71718602971646,70.77764254867643,50.0,0.0,0.0,1.0
0,0,1248,452.08412878645936,71.11727913868688,50.0,0.0,0.0,1.0
0,0,1249,452.45107154320226,71.45691572869733,50.0,0.0,0.0,1.0
0,0,1250,452.81801429994516,71.79655231870777,50.0,0.0,0.0,1.0
0,0,1251,453.18495705668806,72.13618890871821,50.0,0.0,0.0,1.0
0,0,1252,453.55189981343096,72.47582549872865,50.0,0.0,0.0,1.0
0,0,1253,453.91884257017387,72.8154620887391,50.0,0.0,0.0,1.0
0,0,1254,454.28578532691677,73.15509867874955,50.0,0.0,0.0,1.0
0,0,1255,454.65272808365967,73.49473526876,50.0,0.0,0.0,1.0
0,0,1256,455.0196708404025,73.83437185877044,50.0,0.0,0.0,1.0
0,0,1257,455.3866135971454,74.17400844878088,50.0,0.0,0.0,1.0
0,0,1258,455.7535563538883,74.51364503879132,50.0,0.0,0.0,1.0
0,0,1259,456.1204991106312,74.85328162880177,50.0,0.0,0.0,1.0
0,0,1260,456.4874418673741,75.19291821881222,50.0,0.0,0.0,1.0
0,0,1261,456.854384624117,75.53255480882267,50.0,0.0,0.0,1.0
0,0,1262,457.2213273808599,75.87219139883311,50.0,0.0,0.0,1.0
0,0,1263,457.5882701376028,76.21182798884355,50.0,0.0,0.0,1.0
0,0,1264,457.9552128943457,76.551464578854,50.0,0.0,0.0,1.0
0,0,1265,458.3221556510886,76.89110116886444,50.0,0.0,0.0,1.0
0,0,1266,458.68909840783147,77.23073775887488,50.0,0.0,0.0,1.0
0,0,1267,459.05604116457437,77.57037434888532,50.0,0.0,0.0,1.0
0,0,1268,459.42298392131727,77.91001093889577,50.0,0.0,0.0,1.0
0,0,1269,459.78992667806017,78.24964752890621,50.0,0.0,0.0,1.0
0,0,1270,460.15686943480307,78.58928411891665,50.0,0.0,0.0,1.0
0,0,1271,460.52381219154597,78.92892070892711,50.0,0.0,0.0,1.0
0,0,1272,460.8907549482889,79.26855729893755,50.0,0.0,0.0,1.0
0,0,1273,461.2576977050318,79.608193888948,50.0,0.0,0.0,1.0
0,0,1274,461.6246404617747,79.94783047895844,50.0,0.0,0.0,1.0
0,0,1275,461.9915832185176,80.28746706896888,50.0,0.0,0.0,1.0
0,0,1276,462.3585259752605,80.62710365897932,50.0,0.0,0.0,1.0
0,0,1277,462.7254687320034,80.96674024898978,50.0,0.0,0.0,1.0
0,0,1278,463.0924114887463,81.30637683900022,50.0,0.0,0.0,1.0
0,0,1279,463.44948400550805,81.65563271211506,50.0,0.0,0.0,1.0
0,0,1280,463.7795596763037,82.03119901990748,50.0,0.0,0.0,1.0
0,0,1281,464.1096353470993,82.40676532769987,50.0,0.0,0.0,1.0
0,0,1282,464.4397110178949,82.78233163549228,50.0,0.0,0.0,1.0
0,0,1283,464.76978668869054,83.1578979432847,50.0,0.0,0.0,1.0
0,0,1284,465.09986235948617,83.53346425107709,50.0,0.0,0.0,1.0
0,0,1285,465.4299380302818,83.9090305588695,50.0,0.0,0.0,1.0
0,0,1286,465.7600137010774,84.28459686666191,50.0,0.0,0.0,1.0
0,0,1287,466.09008937187303,84.66016317445431,50.0,0.0,0.0,1.0
0,0,1288,466.42016504266866,85.03572948224672,50.0,0.0,0.0,1.0
0,0,1289,466.7502407134643,85.41129579003913,50.0,0.0,0.0,1.0
0,0,1290,467.0803163842599,85.78686209783153,50.0,0.0,0.0,1.0
0,0,1291,467.4103920550555,86.16242840562394,50.0,0.0,0.0,1.0
0,0,1292,467.74046772585115,86.53799471341634,50.0,0.0,0.0,1.0
0,0,1293,468.07054339664677,86.91356102120875,50.0,0.0,0.0,1.0
0,0,1294,468.4006190674424,87.28912732900116,50.0,0.0,0.0,1.0
0,0,1295,468.730694738238,87.66469363679356,50.0,0.0,0.0,1.0
0,0,1296,469.06077040903364,88.04025994458597,50.0,0.0,0.0,1.0
0,0,1297,469.39084607982926,88.41582625237838,50.0,0.0,0.0,1.0
0,0,1298,469.7209217506249,88.79139256017078,50.0,0.0,0.0,1.0
0,0,1299,470.0509974214205,89.16695886796319,50.0,0.0,0.0,1.0
0,0,1300,470.3810730922161,89.5425251757556,50.0,0.0,0.0,1.0
0,0,1301,470.71114876301175,89.918091483548,50.0,0.0,0.0,1.0
0,0,1302,471.0412244338074,90.29365779134041,50.0,0.0,0.0,1.0
0,0,1303,471.371300104603,90.6692240991328,50.0,0.0,0.0,1.0
0,0,1304,471.7013757753986,91.04479040692522,50.0,0.0,0.0,1.0
0,0,1305,472.0314514461942,91.42035671471763,50.0,0.0,0.0,1.0
0,0,1306,472.36152711698986,91.79592302251002,50.0,0.0,0.0,1.0
0,0,1307,472.6916027877854,92.17148933030244,50.0,0.0,0.0,1.0
0,0,1308,473.02167845858105,92.54705563809485,50.0,0.0,0.0,1.0
0,0,1309,473.3517541293767,92.92262194588724,50.0,0.0,0.0,1.0
0,0,1310,473.6818298001723,93.29818825367965,50.0,0.0,0.0,1.0
0,0,1311,474.0119054709679,93.67375456147207,50.0,0.0,0.0,1.0
0,0,1312,474.34198114176354,94.04932086926446,50.0,0.0,0.0,1.0
0,0,1313,474.67205681255916,94.42488717705687,50.0,0.0,0.0,1.0
0,0,1314,475.0021324833548,94.80045348484927,50.0,0.0,0.0,1.0
0,0,1315,475.3322081541504,95.17601979264168,50.0,0.0,0.0,1.0
0,0,1316,475.66228382494603,95.5515861004341,50.0,0.0,0.0,1.0
0,0,1317,475.99235949574165,95.92715240822649,50.0,0.0,0.0,1.0
0,0,1318,476.3224351665373,96.3027187160189,50.0,0.0,0.0,1.0
0,0,1319,476.6525108373329,96.6782850238113,50.0,0.0,0.0,1.0
0,0,1320,476.9825865081285,97.05385133160371,50.0,0.0,0.0,1.0
0,0,1321,477.31266217892414,97.42941763939612,50.0,0.0,0.0,1.0
0,0,1322,477.64273784971977,97.80498394718853,50.0,0.0,0.0,1.0
0,0,1323,477.9728135205154,98.18055025498094,50.0,0.0,0.0,1.0
0,0,1324,478.302889191311,98.55611656277334,50.0,0.0,0.0,1.0
0,0,1325,478.63296486210663,98.93168287056575,50.0,0.0,0.0,1.0
0,0,1326,478.96304053290226,99.30724917835816,50.0,0.0,0.0,1.0
0,0,1327,479.2931162036979,99.68281548615056,50.0,0.0,0.0,1.0
0,0,1328,479.6231918744935,100.05838179394297,50.0,0.0,0.0,1.0
0,0,1329,479.9532675452891,100.43394810173538,50.0,0.0,0.0,1.0
0,0,1330,480.28334321608475,100.80951440952778,50.0,0.0,0.0,1.0
0,0,1331,480.61341888688037,101.18508071732019,50.0,0.0,0.0,1.0
0,0,1332,480.943494557676,101.56064702511259,50.0,0.0,0.0,1.0
0,0,1333,481.2735702284716,101.936213332905,50.0,0.0,0.0,1.0
0,0,1334,481.60364589926724,102.31177964069741,50.0,0.0,0.0,1.0
0,0,1335,481.906648895122,102.70877321331066,50.0,0.0,0.0,1.0
0,0,1336,482.19635948873304,103.11628735042683,50.0,0.0,0.0,1.0
0,0,1337,482.48607008234404,103.523801487543,50.0,0.0,0.0,1.0
0,0,1338,482.7757806759551,103.93131562465918,50.0,0.0,0.0,1.0
0,0,1339,483.06549126956617,104.33882976177534,50.0,0.0,0.0,1.0
0,0,1340,483.3552018631772,104.74634389889152,50.0,0.0,0.0,1.0
0,0,1341,483.64491245678823,105.15385803600769,50.0,0.0,0.0,1.0
0,0,1342,483.93462305039924,105.56137217312386,50.0,0.0,0.0,1.0
0,0,1343,484.2243336440103,105.96888631024004,50.0,0.0,0.0,1.0
0,0,1344,484.51404423762136,106.3764004473562,50.0,0.0,0.0,1.0
0,0,1345,484.80375483123237,106.78391458447237,50.0,0.0,0.0,1.0
0,0,1346,485.09346542484343,107.19142872158855,50.0,0.0,0.0,1.0
0,0,1347,485.3831760184545,107.59894285870472,50.0,0.0,0.0,1.0
0,0,1348,485.6728866120655,108.00645699582088,50.0,0.0,0.0,1.0
0,0,1349,485.96259720567656,108.41397113293706,50.0,0.0,0.0,1.0
0,0,1350,486.2523077992876,108.82148527005323,50.0,0.0,0.0,1.0
0,0,1351,486.5420183928986,109.22899940716941,50.0,0.0,0.0,1.0
0,0,1352,486.8317289865097,109.63651354428558,50.0,0.0,0.0,1.0
0,0,1353,487.1214395801207,110.04402768140174,50.0,0.0,0.0,1.0
0,0,1354,487.41115017373176,110.45154181851792,50.0,0.0,0.0,1.0
0,0,1355,487.7008607673428,110.85905595563409,50.0,0.0,0.0,1.0
0,0,1356,487.9905713609538,111.26657009275027,50.0,0.0,0.0,1.0
0,0,1357,488.2802819545649,111.67408422986644,50.0,0.0,0.0,1.0
0,0,1358,488.56999254817595,112.0815983669826,50.0,0.0,0.0,1.0
0,0,1359,488.85970314178695,112.48911250409878,50.0,0.0,0.0,1.0
0,0,1360,489.149413735398,112.89662664121495,50.0,0.0,0.0,1.0
0,0,1361,489.4391243290091,113.30414077833112,50.0,0.0,0.0,1.0
0,0,1362,489.7288349226201,113.7116549154473,50.0,0.0,0.0,1.0
0,0,1363,490.01854551623114,114.11916905256346,50.0,0.0,0.0,1.0
0,0,1364,490.3082561098422,114.52668318967963,50.0,0.0,0.0,1.0
0,0,1365,490.5979667034532,114.93419732679581,50.0,0.0,0.0,1.0
0,0,1366,490.8876772970643,115.34171146391198,50.0,0.0,0.0,1.0
0,0,1367,491.1773878906753,115.74922560102816,50.0,0.0,0.0,1.0
0,0,1368,491.46709848428634,116.15673973814432,50.0,0.0,0.0,1.0
0,0,1369,491.7568090778974,116.5642538752605,50.0,0.0,0.0,1.0
0,0,1370,492.0465196715084,116.97176801237667,50.0,0.0,0.0,1.0
0,0,1371,492.33623026511947,117.37928214949284,50.0,0.0,0.0,1.0
0,0,1372,492.62594085873053,117.78679628660902,50.0,0.0,0.0,1.0
0,0,1373,492.91565145234154,118.19431042372518,50.0,0.0,0.0,1.0
0,0,1374,493.2053620459526,118.60182456084135,50.0,0.0,0.0,1.0
0,0,1375,493.49507263956366,119.00933869795753,50.0,0.0,0.0,1.0
0,0,1376,493.78478323317466,119.4168528350737,50.0,0.0,0.0,1.0
0,0,1377,494.0744938267857,119.82436697218988,50.0,0.0,0.0,1.0
0,0,1378,494.3642044203968,120.23188110930604,50.0,0.0,0.0,1.0
0,0,1379,494.6539150140078,120.63939524642223,50.0,0.0,0.0,1.0
0,0,1380,494.94362560761886,121.04690938353839,50.0,0.0,0.0,1.0
0,0,1381,495.2333362012299,121.45442352065456,50.0,0.0,0.0,1.0
0,0,1382,495.5230467948409,121.86193765777074,50.0,0.0,0.0,1.0
0,0,1383,495.812757388452,122.2694517948869,50.0,0.0,0.0,1.0
0,0,1384,496.102467982063,122.67696593200309,50.0,0.0,0.0,1.0
0,0,1385,496.39217857567405,123.08448006911925,50.0,0.0,0.0,1.0
0,0,1386,496.6818891692851,123.49199420623542,50.0,0.0,0.0,1.0
0,0,1387,496.9715997628961,123.8995083433516,50.0,0.0,0.0,1.0
0,0,1388,497.2613103565072,124.30702248046777,50.0,0.0,0.0,1.0
0,0,1389,497.55102095011824,124.71453661758395,50.0,0.0,0.0,1.0
0,0,1390,497.8375328335896,125.12408534289884,50.0,0.0,0.0,1.0
0,0,1391,498.08380687484686,125.55922795929352,50.0,0.0,0.0,1.0
0,0,1392,498.3300809161041,125.9943705756882,50.0,0.0,0.0,1.0
0,0,1393,498.57635495736145,126.42951319208287,50.0,0.0,0.0,1.0
0,0,1394,498.8226289986187,126.86465580847755,50.0,0.0,0.0,1.0
0,0,1395,499.068903039876,127.29979842487222,50.0,0.0,0.0,1.0
0,0,1396,499.3151770811333,127.73494104126691,50.0,0.0,0.0,1.0
0,0,1397,499.56145112239057,128.1700836576616,50.0,0.0,0.0,1.0
0,0,1398,499.80772516364783,128.60522627405626,50.0,0.0,0.0,1.0
0,0,1399,500.05399920490515,129.04036889045094,50.0,0.0,0.0,1.0
0,0,1400,500.3002732461624,129.4755115068456,50.0,0.0,0.0,1.0
0,0,1401,500.5465472874197,129.91065412324028,50.0,0.0,0.0,1.0
0,0,1402,500.792821328677,130.34579673963498,50.0,0.0,0.0,1.0
0,0,1403,501.0390953699343,130.78093935602965,50.0,0.0,0.0,1.0
0,0,1404,501.28536941119154,131.21608197242432,50.0,0.0,0.0,1.0
0,0,1405,501.53164345244886,131.651224588819,50.0,0.0,0.0,1.0
0,0,1406,501.7779174937061,132.0863672052137,50.0,0.0,0.0,1.0
0,0,1407,502.0241915349634,132.52150982160836,50.0,0.0,0.0,1.0
0,0,1408,502.2704655762207,132.95665243800303,50.0,0.0,0.0,1.0
0,0,1409,502.516739617478,133.3917950543977,50.0,0.0,0.0,1.0
0,0,1410,502.76301365873525,133.8269376707924,50.0,0.0,0.0,1.0
0,0,1411,503.00928769999257,134.26208028718708,50.0,0.0,0.0,1.0
0,0,1412,503.25556174124983,134.69722290358175,50.0,0.0,0.0,1.0
0,0,1413,503.5018357825071,135.13236551997642,50.0,0.0,0.0,1.0
0,0,1414,503.7481098237644,135.5675081363711,50.0,0.0,0.0,1.0
0,0,1415,503.9943838650217,136.0026507527658,50.0,0.0,0.0,1.0
0,0,1416,504.24065790627895,136.43779336916046,50.0,0.0,0.0,1.0
0,0,1417,504.4869319475363,136.87293598555513,50.0,0.0,0.0,1.0
0,0,1418,504.73320598879354,137.3080786019498,50.0,0.0,0.0,1.0
0,0,1419,504.9794800300508,137.74322121834447,50.0,0.0,0.0,1.0
0,0,1420,505.22575407130813,138.17836383473917,50.0,0.0,0.0,1.0
0,0,1421,505.4720281125654,138.61350645113384,50.0,0.0,0.0,1.0
0,0,1422,505.71830215382266,139.04864906752852,50.0,0.0,0.0,1.0
0,0,1423,505.96457619508,139.4837916839232,50.0,0.0,0.0,1.0
0,0,1424,506.21085023633725,139.9189343003179,50.0,0.0,0.0,1.0
0,0,1425,506.4571242775945,140.35407691671256,50.0,0.0,0.0,1.0
0,0,1426,506.70339831885184,140.78921953310723,50.0,0.0,0.0,1.0
0,0,1427,506.9496723601091,141.2243621495019,50.0,0.0,0.0,1.0
0,0,1428,507.19594640136637,141.65950476589657,50.0,0.0,0.0,1.0
0,0,1429,507.4422204426237,142.09464738229127,50.0,0.0,0.0,1.0
0,0,1430,507.68849448388096,142.52978999868594,50.0,0.0,0.0,1.0
0,0,1431,507.9347685251382,142.9649326150806,50.0,0.0,0.0,1.0
0,0,1432,508.1810425663955,143.40007523147528,50.0,0.0,0.0,1.0
0,0,1433,508.4273166076528,143.83521784786996,50.0,0.0,0.0,1.0
0,0,1434,508.6735906489101,144.27036046426463,50.0,0.0,0.0,1.0
0,0,1435,508.91986469016734,144.7055030806593,50.0,0.0,0.0,1.0
0,0,1436,509.16613873142467,145.140645697054,50.0,0.0,0.0,1.0
0,0,1437,509.41241277268193,145.57578831344867,50.0,0.0,0.0,1.0
0,0,1438,509.6586868139392,146.01093092984334,50.0,0.0,0.0,1.0
0,0,1439,509.9049608551965,146.446073546238,50.0,0.0,0.0,1.0
0,0,1440,510.1512348964538,146.88121616263268,50.0,0.0,0.0,1.0
0,0,1441,510.39750893771105,147.31635877902738,50.0,0.0,0.0,1.0
0,0,1442,510.6437829789684,147.75150139542205,50.0,0.0,0.0,1.0
0,0,1443,510.89005702022564,148.18664401181672,50.0,0.0,0.0,1.0
0,0,1444,511.1363310614829,148.6217866282114,50.0,0.0,0.0,1.0
0,0,1445,511.38260510274023,149.0569292446061,50.0,0.0,0.0,1.0
0,0,1446,511.6069332896187,149.50304112397637,50.0,0.0,0.0,1.0
0,0,1447,511.80716056189937,149.96119943660975,50.0,0.0,0.0,1.0
0,0,1448,512.00738783418,150.4193577492431,50.0,0.0,0.0,1.0
0,0,1449,512.2076151064606,150.87751606187646,50.0,0.0,0.0,1.0
0,0,1450,512.4078423787413,151.33567437450984,50.0,0.0,0.0,1.0
0,0,1451,512.6080696510219,151.7938326871432,50.0,0.0,0.0,1.0
0,0,1452,512.8082969233026,152.25199099977658,50.0,0.0,0.0,1.0
0,0,1453,513.0085241955832,152.71014931240995,50.0,0.0,0.0,1.0
0,0,1454,513.2087514678637,153.16830762504333,50.0,0.0,0.0,1.0
0,0,1455,513.4089787401444,153.6264659376767,50.0,0.0,0.0,1.0
0,0,1456,513.609206012425,154.08462425031007,50.0,0.0,0.0,1.0
0,0,1457,513.8094332847057,154.54278256294344,50.0,0.0,0.0,1.0
0,0,1458,514.0096605569863,155.00094087557682,50.0,0.0,0.0,1.0
0,0,1459,514.209887829267,155.4590991882102,50.0,0.0,0.0,1.0
0,0,1460,514.4101151015476,155.91725750084353,50.0,0.0,0.0,1.0
0,0,1461,514.6103423738282,156.3754158134769,50.0,0.0,0.0,1.0
0,0,1462,514.8105696461089,156.83357412611028,50.0,0.0,0.0,1.0
0,0,1463,515.0107969183895,157.29173243874365,50.0,0.0,0.0,1.0
0,0,1464,515.2110241906702,157.74989075137702,50.0,0.0,0.0,1.0
0,0,1465,515.4112514629508,158.2080490640104,50.0,0.0,0.0,1.0
0,0,1466,515.6114787352313,158.66620737664377,50.0,0.0,0.0,1.0
0,0,1467,515.811706007512,159.12436568927714,50.0,0.0,0.0,1.0
0,0,1468,516.0119332797926,159.5825240019105,50.0,0.0,0.0,1.0
0,0,1469,516.2121605520733,160.0406823145439,50.0,0.0,0.0,1.0
0,0,1470,516.4123878243539,160.49884062717726,50.0,0.0,0.0,1.0
0,0,1471,516.6126150966346,160.95699893981063,50.0,0.0,0.0,1.0
0,0,1472,516.8128423689152,161.415157252444,50.0,0.0,0.0,1.0
0,0,1473,517.0130696411958,161.87331556507735,50.0,0.0,0.0,1.0
0,0,1474,517.2132969134765,162.33147387771072,50.0,0.0,0.0,1.0
0,0,1475,517.4135241857571,162.7896321903441,50.0,0.0,0.0,1.0
0,0,1476,517.6137514580378,163.24779050297747,50.0,0.0,0.0,1.0
0,0,1477,517.8139787303184,163.70594881561084,50.0,0.0,0.0,1.0
0,0,1478,518.014206002599,164.1641071282442,50.0,0.0,0.0,1.0
0,0,1479,518.2144332748796,164.62226544087758,50.0,0.0,0.0,1.0
0,0,1480,518.4146605471602,165.08042375351096,50.0,0.0,0.0,1.0
0,0,1481,518.6148878194409,165.53858206614433,50.0,0.0,0.0,1.0
0,0,1482,518.8151150917215,165.9967403787777,50.0,0.0,0.0,1.0
0,0,1483,519.0153423640022,166.45489869141107,50.0,0.0,0.0,1.0
0,0,1484,519.2155696362828,166.91305700404445,50.0,0.0,0.0,1.0
0,0,1485,519.4157969085634,167.37121531667782,50.0,0.0,0.0,1.0
0,0,1486,519.6160241808441,167.8293736293112,50.0,0.0,0.0,1.0
0,0,1487,519.8162514531247,168.28753194194454,50.0,0.0,0.0,1.0
0,0,1488,520.0164787254054,168.74569025457788,50.0,0.0,0.0,1.0
0,0,1489,520.216705997686,169.20384856721125,50.0,0.0,0.0,1.0
0,0,1490,520.4169332699665,169.66200687984463,50.0,0.0,0.0,1.0
0,0,1491,520.6171605422472,170.120165192478,50.0,0.0,0.0,1.0
0,0,1492,520.8173878145278,170.57832350511137,50.0,0.0,0.0,1.0
0,0,1493,521.0176150868085,171.03648181774474,50.0,0.0,0.0,1.0
0,0,1494,521.2178423590891,171.49464013037812,50.0,0.0,0.0,1.0
0,0,1495,521.4180696313698,171.95279844301146,50.0,0.0,0.0,1.0
0,0,1496,521.6182969036504,172.41095675564483,50.0,0.0,0.0,1.0
0,0,1497,521.818524175931,172.8691150682782,50.0,0.0,0.0,1.0
0,0,1498,522.0187514482117,173.32727338091158,50.0,0.0,0.0,1.0
0,0,1499,522.2189787204923,173.78543169354495,50.0,0.0,0.0,1.0
0,0,1500,522.419205992773,174.24359000617832,50.0,0.0,0.0,1.0
0,0,1501,522.6194332650535,174.7017483188117,50.0,0.0,0.0,1.0
0,0,1502,522.777293286053,175.17587848173093,50.0,0.0,0.0,1.0
0,0,1503,522.9293502155197,175.65219632750322,50.0,0.0,0.0,1.0
0,0,1504,523.0814071449864,176.12851417327553,50.0,0.0,0.0,1.0
0,0,1505,523.2334640744531,176.60483201904782,50.0,0.0,0.0,1.0
0,0,1506,523.3855210039197,177.08114986482013,50.0,0.0,0.0,1.0
0,0,1507,523.5375779333864,177.55746771059242,50.0,0.0,0.0,1.0
0,0,1508,523.6896348628532,178.03378555636473,50.0,0.0,0.0,1.0
0,0,1509,523.8416917923198,178.51010340213702,50.0,0.0,0.0,1.0
0,0,1510,523.9937487217865,178.98642124790933,50.0,0.0,0.0,1.0
0,0,1511,524.1458056512531,179.46273909368162,50.0,0.0,0.0,1.0
0,0,1512,524.2978625807199,179.93905693945393,50.0,0.0,0.0,1.0
0,0,1513,524.4499195101865,180.41537478522622,50.0,0.0,0.0,1.0
0,0,1514,524.6019764396532,180.89169263099853,50.0,0.0,0.0,1.0
0,0,1515,524.75403336912,181.36801047677082,50.0,0.0,0.0,1.0
0,0,1516,524.9060902985866,181.8443283225431,50.0,0.0,0.0,1.0
0,0,1517,525.0581472280533,182.32064616831542,50.0,0.0,0.0,1.0
0,0,1518,525.2102041575199,182.7969640140877,50.0,0.0,0.0,1.0
0,0,1519,525.3622610869867,183.27328185986002,50.0,0.0,0.0,1.0
0,0,1520,525.5143180164533,183.7495997056323,50.0,0.0,0.0,1.0
0,0,1521,525.66637494592,184.22591755140462,50.0,0.0,0.0,1.0
0,0,1522,525.8184318753866,184.7022353971769,50.0,0.0,0.0,1.0
0,0,1523,525.9704888048534,185.17855324294922,50.0,0.0,0.0,1.0
0,0,1524,526.12254573432,185.6548710887215,50.0,0.0,0.0,1.0
0,0,1525,526.2746026637867,186.13118893449382,50.0,0.0,0.0,1.0
0,0,1526,526.4266595932535,186.6075067802661,50.0,0.0,0.0,1.0
0,0,1527,526.5787165227201,187.08382462603842,50.0,0.0,0.0,1.0
0,0,1528,526.7307734521868,187.5601424718107,50.0,0.0,0.0,1.0
0,0,1529,526.8828303816534,188.03646031758302,50.0,0.0,0.0,1.0
0,0,1530,527.0348873111202,188.5127781633553,50.0,0.0,0.0,1.0
0,0,1531,527.1869442405869,188.98909600912762,50.0,0.0,0.0,1.0
0,0,1532,527.3390011700535,189.4654138548999,50.0,0.0,0.0,1.0
0,0,1533,527.4910580995202,189.94173170067222,50.0,0.0,0.0,1.0
0,0,1534,527.6431150289869,190.4180495464445,50.0,0.0,0.0,1.0
0,0,1535,527.7951719584536,190.8943673922168,50.0,0.0,0.0,1.0
0,0,1536,527.9472288879202,191.3706852379891,50.0,0.0,0.0,1.0
0,0,1537,528.099285817387,191.8470030837614,50.0,0.0,0.0,1.0
0,0,1538,528.2513427468537,192.3233209295337,50.0,0.0,0.0,1.0
0,0,1539,528.4033996763203,192.799638775306,50.0,0.0,0.0,1.0
0,0,1540,528.555456605787,193.2759566210783,50.0,0.0,0.0,1.0
0,0,1541,528.7075135352537,193.7522744668506,50.0,0.0,0.0,1.0
0,0,1542,528.8595704647204,194.2285923126229,50.0,0.0,0.0,1.0
0,0,1543,529.011627394187,194.70491015839525,50.0,0.0,0.0,1.0
0,0,1544,529.1636843236538,195.18122800416754,50.0,0.0,0.0,1.0
0,0,1545,529.3157412531204,195.65754584993985,50.0,0.0,0.0,1.0
0,0,1546,529.4677981825871,196.13386369571214,50.0,0.0,0.0,1.0
0,0,1547,529.6198551120538,196.61018154148445,50.0,0.0,0.0,1.0
0,0,1548,529.7719120415205,197.08649938725674,50.0,0.0,0.0,1.0
0,0,1549,529.9239689709872,197.56281723302905,50.0,0.0,0.0,1.0
0,0,1550,530.0760259004538,198.03913507880134,50.0,0.0,0.0,1.0
0,0,1551,530.2280828299206,198.51545292457365,50.0,0.0,0.0,1.0
0,0,1552,530.3801397593872,198.99177077034594,50.0,0.0,0.0,1.0
0,0,1553,530.5321966888539,199.46808861611822,50.0,0.0,0.0,1.0
0,0,1554,530.6842536183206,199.94440646189054,50.0,0.0,0.0,1.0
0,0,1555,530.8363105477873,200.42072430766282,50.0,0.0,0.0,1.0
0,0,1556,530.988367477254,200.89704215343514,50.0,0.0,0.0,1.0
0,0,1557,531.1263630502203,201.37706312245723,50.0,0.0,0.0,1.0
0,0,1558,531.2286396802365,201.86649084025888,50.0,0.0,0.0,1.0
0,0,1559,531.3309163102526,202.35591855806052,50.0,0.0,0.0,1.0
0,0,1560,531.4331929402688,202.8453462758622,50.0,0.0,0.0,1.0
0,0,1561,531.535469570285,203.33477399366384,50.0,0.0,0.0,1.0
0,0,1562,531.6377462003012,203.82420171146552,50.0,0.0,0.0,1.0
0,0,1563,531.7400228303173,204.31362942926717,50.0,0.0,0.0,1.0
0,0,1564,531.8422994603335,204.8030571470688,50.0,0.0,0.0,1.0
0,0,1565,531.9445760903496,205.2924848648705,50.0,0.0,0.0,1.0
0,0,1566,532.0468527203658,205.78191258267213,50.0,0.0,0.0,1.0
0,0,1567,532.1491293503819,206.2713403004738,50.0,0.0,0.0,1.0
0,0,1568,532.2514059803981,206.76076801827546,50.0,0.0,0.0,1.0
0,0,1569,532.3536826104142,207.2501957360771,50.0,0.0,0.0,1.0
0,0,1570,532.4559592404304,207.73962345387878,50.0,0.0,0.0,1.0
0,0,1571,532.5582358704465,208.22905117168042,50.0,0.0,0.0,1.0
0,0,1572,532.6605125004627,208.71847888948207,50.0,0.0,0.0,1.0
0,0,1573,532.7627891304788,209.20790660728375,50.0,0.0,0.0,1.0
0,0,1574,532.865065760495,209.6973343250854,50.0,0.0,0.0,1.0
0,0,1575,532.9673423905111,210.18676204288707,50.0,0.0,0.0,1.0
0,0,1576,533.0696190205273,210.67618976068871,50.0,0.0,0.0,1.0
0,0,1577,533.1718956505434,211.16561747849036,50.0,0.0,0.0,1.0
0,0,1578,533.2741722805596,211.65504519629204,50.0,0.0,0.0,1.0
0,0,1579,533.3764489105757,212.14447291409368,50.0,0.0,0.0,1.0
0,0,1580,533.4787255405919,212.63390063189536,50.0,0.0,0.0,1.0
0,0,1581,533.581002170608,213.123328349697,50.0,0.0,0.0,1.0
0,0,1582,533.6832788006242,213.61275606749865,50.0,0.0,0.0,1.0
0,0,1583,533.7855554306403,214.10218378530033,50.0,0.0,0.0,1.0
0,0,1584,533.8878320606565,214.59161150310197,50.0,0.0,0.0,1.0
0,0,1585,533.9901086906726,215.08103922090362,50.0,0.0,0.0,1.0
0,0,1586,534.0923853206888,215.5704669387053,50.0,0.0,0.0,1.0
0,0,1587,534.1946619507049,216.05989465650694,50.0,0.0,0.0,1.0
0,0,1588,534.2969385807211,216.54932237430862,50.0,0.0,0.0,1.0
0,0,1589,534.3992152107372,217.03875009211026,50.0,0.0,0.0,1.0
0,0,1590,534.5014918407534,217.5281778099119,50.0,0.0,0.0,1.0
0,0,1591,534.6037684707695,218.01760552771358,50.0,0.0,0.0,1.0
0,0,1592,534.7060451007857,218.50703324551523,50.0,0.0,0.0,1.0
0,0,1593,534.8083217308018,218.9964609633169,50.0,0.0,0.0,1.0
0,0,1594,534.910598360818,219.48588868111855,50.0,0.0,0.0,1.0
0,0,1595,535.0128749908341,219.9753163989202,50.0,0.0,0.0,1.0
0,0,1596,535.1151516208504,220.46474411672187,50.0,0.0,0.0,1.0
0,0,1597,535.2174282508665,220.95417183452352,50.0,0.0,0.0,1.0
0,0,1598,535.3197048808827,221.44359955232517,50.0,0.0,0.0,1.0
0,0,1599,535.4219815108988,221.93302727012687,50.0,0.0,0.0,1.0
0,0,1600,535.524258140915,222.42245498792852,50.0,0.0,0.0,1.0
0,0,1601,535.6265347709311,222.9118827057302,50.0,0.0,0.0,1.0
0,0,1602,535.7288114009473,223.40131042353184,50.0,0.0,0.0,1.0
0,0,1603,535.8310880309634,223.8907381413335,50.0,0.0,0.0,1.0
0,0,1604,535.9333646609796,224.38016585913516,50.0,0.0,0.0,1.0
0,0,1605,536.0356412909957,224.8695935769368,50.0,0.0,0.0,1.0
0,0,1606,536.1379179210119,225.35902129473845,50.0,0.0,0.0,1.0
0,0,1607,536.240194551028,225.84844901254013,50.0,0.0,0.0,1.0
0,0,1608,536.3424711810442,226.33787673034178,50.0,0.0,0.0,1.0
0,0,1609,536.4447478110603,226.82730444814345,50.0,0.0,0.0,1.0
0,0,1610,536.5470244410765,227.3167321659451,50.0,0.0,0.0,1.0
0,0,1611,536.6493010710926,227.80615988374674,50.0,0.0,0.0,1.0
0,0,1612,536.7515777011088,228.29558760154842,50.0,0.0,0.0,1.0
0,0,1613,536.8189900040368,228.79044531804283,50.0,0.0,0.0,1.0
0,0,1614,536.8704005889766,229.287795246922,50.0,0.0,0.0,1.0
0,0,1615,536.9218111739165,229.7851451758012,50.0,0.0,0.0,1.0
0,0,1616,536.9732217588564,230.2824951046804,50.0,0.0,0.0,1.0
0,0,1617,537.0246323437963,230.77984503355958,50.0,0.0,0.0,1.0
0,0,1618,537.0760429287362,231.27719496243878,50.0,0.0,0.0,1.0
0,0,1619,537.1274535136761,231.774544891318,50.0,0.0,0.0,1.0
0,0,1620,537.1788640986159,232.27189482019716,50.0,0.0,0.0,1.0
0,0,1621,537.2302746835559,232.76924474907636,50.0,0.0,0.0,1.0
0,0,1622,537.2816852684957,233.26659467795557,50.0,0.0,0.0,1.0
0,0,1623,537.3330958534357,233.76394460683474,50.0,0.0,0.0,1.0
0,0,1624,537.3845064383755,234.26129453571394,50.0,0.0,0.0,1.0
0,0,1625,537.4359170233154,234.75864446459315,50.0,0.0,0.0,1.0
0,0,1626,537.4873276082553,235.25599439347232,50.0,0.0,0.0,1.0
0,0,1627,537.5387381931952,235.75334432235152,50.0,0.0,0.0,1.0
0,0,1628,537.590148778135,236.25069425123073,50.0,0.0,0.0,1.0
0,0,1629,537.641559363075,236.7480441801099,50.0,0.0,0.0,1.0
0,0,1630,537.6929699480148,237.2453941089891,50.0,0.0,0.0,1.0
0,0,1631,537.7443805329548,237.7427440378683,50.0,0.0,0.0,1.0
0,0,1632,537.7957911178946,238.24009396674748,50.0,0.0,0.0,1.0
0,0,1633,537.8472017028345,238.73744389562668,50.0,0.0,0.0,1.0
0,0,1634,537.8986122877744,239.23479382450589,50.0,0.0,0.0,1.0
0,0,1635,537.9500228727143,239.73214375338506,50.0,0.0,0.0,1.0
0,0,1636,538.0014334576542,240.22949368226426,50.0,0.0,0.0,1.0
0,0,1637,538.0528440425941,240.72684361114347,50.0,0.0,0.0,1.0
0,0,1638,538.1042546275339,241.22419354002264,50.0,0.0,0.0,1.0
0,0,1639,538.1556652124739,241.72154346890184,50.0,0.0,0.0,1.0
0,0,1640,538.2070757974137,242.21889339778102,50.0,0.0,0.0,1.0
0,0,1641,538.2584863823537,242.71624332666022,50.0,0.0,0.0,1.0
0,0,1642,538.3098969672935,243.21359325553942,50.0,0.0,0.0,1.0
0,0,1643,538.3613075522334,243.71094318441862,50.0,0.0,0.0,1.0
0,0,1644,538.4127181371733,244.2082931132978,50.0,0.0,0.0,1.0
0,0,1645,538.4641287221132,244.705643042177,50.0,0.0,0.0,1.0
0,0,1646,538.5155393070531,245.20299297105618,50.0,0.0,0.0,1.0
0,0,1647,538.566949891993,245.70034289993538,50.0,0.0,0.0,1.0
0,0,1648,538.6183604769328,246.19769282881458,50.0,0.0,0.0,1.0
0,0,1649,538.6697710618728,246.69504275769378,50.0,0.0,0.0,1.0
0,0,1650,538.7211816468126,247.19239268657296,50.0,0.0,0.0,1.0
0,0,1651,538.7725922317525,247.68974261545216,50.0,0.0,0.0,1.0
0,0,1652,538.8240028166924,248.18709254433134,50.0,0.0,0.0,1.0
0,0,1653,538.8754134016323,248.68444247321054,50.0,0.0,0.0,1.0
0,0,1654,538.9268239865722,249.18179240208974,50.0,0.0,0.0,1.0
0,0,1655,538.9782345715121,249.67914233096894,50.0,0.0,0.0,1.0
0,0,1656,539.0296451564519,250.17649225984815,50.0,0.0,0.0,1.0
0,0,1657,539.0810557413919,250.67384218872735,50.0,0.0,0.0,1.0
0,0,1658,539.1324663263317,251.17119211760652,50.0,0.0,0.0,1.0
0,0,1659,539.1838769112717,251.66854204648573,50.0,0.0,0.0,1.0
0,0,1660,539.2352874962115,252.16589197536493,50.0,0.0,0.0,1.0
0,0,1661,539.2866980811514,252.6632419042441,50.0,0.0,0.0,1.0
0,0,1662,539.3381086660913,253.1605918331233,50.0,0.0,0.0,1.0
0,0,1663,539.3895192510312,253.6579417620025,50.0,0.0,0.0,1.0
0,0,1664,539.4409298359711,254.15529169088168,50.0,0.0,0.0,1.0
0,0,1665,539.492340420911,254.65264161976089,50.0,0.0,0.0,1.0
0,0,1666,539.5437510058508,255.1499915486401,50.0,0.0,0.0,1.0
0,0,1667,539.5951615907908,255.64734147751926,50.0,0.0,0.0,1.0
0,0,1668,539.6420288085938,256.1449256042014,50.0,0.0,0.0,1.0
0,0,1669,539.6420288085938,256.6449256042014,50.0,0.0,0.0,1.0
0,0,1670,539.6420288085938,257.1449256042014,50.0,0.0,0.0,1.0
0,0,1671,539.6420288085938,257.6449256042014,50.0,0.0,0.0,1.0
0,0,1672,539.6420288085938,258.1449256042014,50.0,0.0,0.0,1.0
0,0,1673,539.6420288085938,258.6449256042014,50.0,0.0,0.0,1.0
0,0,1674,539.6420288085938,259.1449256042014,50.0,0.0,0.0,1.0
0,0,1675,539.6420288085938,259.6449256042014,50.0,0.0,0.0,1.0
0,0,1676,539.6420288085938,260.1449256042014,50.0,0.0,0.0,1.0
0,0,1677,539.6420288085938,260.6449256042014,50.0,0.0,0.0,1.0
0,0,1678,539.6420288085938,261.1449256042014,50.0,0.0,0.0,1.0
0,0,1679,539.6420288085938,261.6449256042014,50.0,0.0,0.0,1.0
0,0,1680,539.6420288085938,262.1449256042014,50.0,0.0,0.0,1.0
0,0,1681,539.6420288085938,262.6449256042014,50.0,0.0,0.0,1.0
0,0,1682,539.6420288085938,263.1449256042014,50.0,0.0,0.0,1.0
0,0,1683,539.6420288085938,263.6449256042014,50.0,0.0,0.0,1.0
0,0,1684,539.6420288085938,264.1449256042014,50.0,0.0,0.0,1.0
0,0,1685,539.6420288085938,264.6449256042014,50.0,0.0,0.0,1.0
0,0,1686,539.6420288085938,265.1449256042014,50.0,0.0,0.0,1.0
0,0,1687,539.6420288085938,265.6449256042014,50.0,0.0,0.0,1.0
0,0,1688,539.6420288085938,266.1449256042014,50.0,0.0,0.0,1.0
0,0,1689,539.6420288085938,266.6449256042014,50.0,0.0,0.0,1.0
0,0,1690,539.6420288085938,267.1449256042014,50.0,0.0,0.0,1.0
0,0,1691,539.6420288085938,267.6449256042014,50.0,0.0,0.0,1.0
0,0,1692,539.6420288085938,268.1449256042014,50.0,0.0,0.0,1.0
0,0,1693,539.6420288085938,268.6449256042014,50.0,0.0,0.0,1.0
0,0,1694,539.6420288085938,269.1449256042014,50.0,0.0,0.0,1.0
0,0,1695,539.6420288085938,269.6449256042014,50.0,0.0,0.0,1.0
0,0,1696,539.6420288085938,270.1449256042014,50.0,0.0,0.0,1.0
0,0,1697,539.6420288085938,270.6449256042014,50.0,0.0,0.0,1.0
0,0,1698,539.6420288085938,271.1449256042014,50.0,0.0,0.0,1.0
0,0,1699,539.6420288085938,271.6449256042014,50.0,0.0,0.0,1.0
0,0,1700,539.6420288085938,272.1449256042014,50.0,0.0,0.0,1.0
0,0,1701,539.6420288085938,272.6449256042014,50.0,0.0,0.0,1.0
0,0,1702,539.6420288085938,273.1449256042014,50.0,0.0,0.0,1.0
0,0,1703,539.6420288085938,273.6449256042014,50.0,0.0,0.0,1.0
0,0,1704,539.6420288085938,274.1449256042014,50.0,0.0,0.0,1.0
0,0,1705,539.6420288085938,274.6449256042014,50.0,0.0,0.0,1.0
0,0,1706,539.6420288085938,275.1449256042014,50.0,0.0,0.0,1.0
0,0,1707,539.6420288085938,275.6449256042014,50.0,0.0,0.0,1.0
0,0,1708,539.6420288085938,276.1449256042014,50.0,0.0,0.0,1.0
0,0,1709,539.6420288085938,276.6449256042014,50.0,0.0,0.0,1.0
0,0,1710,539.6420288085938,277.1449256042014,50.0,0.0,0.0,1.0
0,0,1711,539.6420288085938,277.6449256042014,50.0,0.0,0.0,1.0
0,0,1712,539.6420288085938,278.1449256042014,50.0,0.0,0.0,1.0
0,0,1713,539.6420288085938,278.6449256042014,50.0,0.0,0.0,1.0
0,0,1714,539.6420288085938,279.1449256042014,50.0,0.0,0.0,1.0
0,0,1715,539.6420288085938,279.6449256042014,50.0,0.0,0.0,1.0
0,0,1716,539.6420288085938,280.1449256042014,50.0,0.0,0.0,1.0
0,0,1717,539.6420288085938,280.6449256042014,50.0,0.0,0.0,1.0
0,0,1718,539.6420288085938,281.1449256042014,50.0,0.0,0.0,1.0
0,0,1719,539.6420288085938,281.6449256042014,50.0,0.0,0.0,1.0
0,0,1720,539.6420288085938,282.1449256042014,50.0,0.0,0.0,1.0
0,0,1721,539.6420288085938,282.6449256042014,50.0,0.0,0.0,1.0
0,0,1722,539.6420288085938,283.1449256042014,50.0,0.0,0.0,1.0
0,0,1723,539.6420288085938,283.6449256042014,50.0,0.0,0.0,1.0
0,0,1724,539.6167693629748,284.1436235522221,50.0,0.0,0.0,1.0
0,0,1725,539.565358834175,284.64097348690444,50.0,0.0,0.0,1.0
0,0,1726,539.513948305375,285.1383234215868,50.0,0.0,0.0,1.0
0,0,1727,539.4625377765751,285.6356733562691,50.0,0.0,0.0,1.0
0,0,1728,539.4111272477753,286.1330232909514,50.0,0.0,0.0,1.0
0,0,1729,539.3597167189754,286.6303732256338,50.0,0.0,0.0,1.0
0,0,1730,539.3083061901755,287.1277231603161,50.0,0.0,0.0,1.0
0,0,1731,539.2568956613757,287.6250730949984,50.0,0.0,0.0,1.0
0,0,1732,539.2054851325757,288.12242302968076,50.0,0.0,0.0,1.0
0,0,1733,539.1540746037759,288.6197729643631,50.0,0.0,0.0,1.0
0,0,1734,539.102664074976,289.1171228990454,50.0,0.0,0.0,1.0
0,0,1735,539.0512535461761,289.61447283372775,50.0,0.0,0.0,1.0
0,0,1736,538.9998430173763,290.1118227684101,50.0,0.0,0.0,1.0
0,0,1737,538.9484324885764,290.6091727030924,50.0,0.0,0.0,1.0
0,0,1738,538.8970219597766,291.10652263777473,50.0,0.0,0.0,1.0
0,0,1739,538.8456114309766,291.6038725724571,50.0,0.0,0.0,1.0
0,0,1740,538.7942009021767,292.10122250713937,50.0,0.0,0.0,1.0
0,0,1741,538.7427903733769,292.5985724418217,50.0,0.0,0.0,1.0
0,0,1742,538.691379844577,293.09592237650406,50.0,0.0,0.0,1.0
0,0,1743,538.6399693157772,293.59327231118635,50.0,0.0,0.0,1.0
0,0,1744,538.5885587869773,294.0906222458687,50.0,0.0,0.0,1.0
0,0,1745,538.5371482581774,294.58797218055105,50.0,0.0,0.0,1.0
0,0,1746,538.4857377293775,295.08532211523334,50.0,0.0,0.0,1.0
0,0,1747,538.4343272005776,295.5826720499157,50.0,0.0,0.0,1.0
0,0,1748,538.3829166717778,296.08002198459803,50.0,0.0,0.0,1.0
0,0,1749,538.3315061429779,296.5773719192804,50.0,0.0,0.0,1.0
0,0,1750,538.280095614178,297.07472185396267,50.0,0.0,0.0,1.0
0,0,1751,538.2286850853782,297.572071788645,50.0,0.0,0.0,1.0
0,0,1752,538.1772745565783,298.06942172332737,50.0,0.0,0.0,1.0
0,0,1753,538.1258640277784,298.56677165800966,50.0,0.0,0.0,1.0
0,0,1754,538.0744534989785,299.064121592692,50.0,0.0,0.0,1.0
0,0,1755,538.0230429701786,299.56147152737435,50.0,0.0,0.0,1.0
0,0,1756,537.9716324413788,300.05882146205664,50.0,0.0,0.0,1.0
0,0,1757,537.9202219125789,300.556171396739,50.0,0.0,0.0,1.0
0,0,1758,537.8688113837791,301.05352133142134,50.0,0.0,0.0,1.0
0,0,1759,537.8174008549792,301.5508712661036,50.0,0.0,0.0,1.0
0,0,1760,537.7659903261792,302.048221200786,50.0,0.0,0.0,1.0
0,0,1761,537.7145797973794,302.5455711354683,50.0,0.0,0.0,1.0
0,0,1762,537.6631692685795,303.0429210701506,50.0,0.0,0.0,1.0
0,0,1763,537.6117587397796,303.54027100483296,50.0,0.0,0.0,1.0
0,0,1764,537.5603482109798,304.0376209395153,50.0,0.0,0.0,1.0
0,0,1765,537.5089376821799,304.5349708741976,50.0,0.0,0.0,1.0
0,0,1766,537.45752715338,305.03232080887994,50.0,0.0,0.0,1.0
0,0,1767,537.4061166245801,305.52967074356224,50.0,0.0,0.0,1.0
0,0,1768,537.3547060957802,306.0270206782446,50.0,0.0,0.0,1.0
0,0,1769,537.3032955669804,306.52437061292693,50.0,0.0,0.0,1.0
0,0,1770,537.2518850381805,307.0217205476093,50.0,0.0,0.0,1.0
0,0,1771,537.2004745093807,307.51907048229157,50.0,0.0,0.0,1.0
0,0,1772,537.1490639805808,308.0164204169739,50.0,0.0,0.0,1.0
0,0,1773,537.0976534517808,308.51377035165626,50.0,0.0,0.0,1.0
0,0,1774,537.046242922981,309.01112028633855,50.0,0.0,0.0,1.0
0,0,1775,536.9948323941811,309.5084702210209,50.0,0.0,0.0,1.0
0,0,1776,536.9434218653813,310.00582015570325,50.0,0.0,0.0,1.0
0,0,1777,536.8920113365814,310.50317009038554,50.0,0.0,0.0,1.0
0,0,1778,536.8406008077815,311.0005200250679,50.0,0.0,0.0,1.0
0,0,1779,536.7891902789817,311.49786995975023,50.0,0.0,0.0,1.0
0,0,1780,536.6922938517491,311.98813562265184,50.0,0.0,0.0,1.0
0,0,1781,536.5900171667797,312.47756332896984,50.0,0.0,0.0,1.0
0,0,1782,536.4877404818103,312.9669910352878,50.0,0.0,0.0,1.0
0,0,1783,536.3854637968409,313.4564187416058,50.0,0.0,0.0,1.0
0,0,1784,536.2831871118715,313.9458464479237,50.0,0.0,0.0,1.0
0,0,1785,536.1809104269021,314.4352741542417,50.0,0.0,0.0,1.0
0,0,1786,536.0786337419327,314.92470186055965,50.0,0.0,0.0,1.0
0,0,1787,535.9763570569633,315.41412956687765,50.0,0.0,0.0,1.0
0,0,1788,535.8740803719938,315.9035572731956,50.0,0.0,0.0,1.0
0,0,1789,535.7718036870244,316.3929849795136,50.0,0.0,0.0,1.0
0,0,1790,535.669527002055,316.8824126858315,50.0,0.0,0.0,1.0
0,0,1791,535.5672503170856,317.3718403921495,50.0,0.0,0.0,1.0
0,0,1792,535.4649736321162,317.86126809846746,50.0,0.0,0.0,1.0
0,0,1793,535.3626969471468,318.35069580478546,50.0,0.0,0.0,1.0
0,0,1794,535.2604202621774,318.8401235111034,50.0,0.0,0.0,1.0
0,0,1795,535.158143577208,319.3295512174214,50.0,0.0,0.0,1.0
0,0,1796,535.0558668922386,319.81897892373934,50.0,0.0,0.0,1.0
0,0,1797,534.9535902072691,320.30840663005733,50.0,0.0,0.0,1.0
0,0,1798,534.8513135222997,320.7978343363753,50.0,0.0,0.0,1.0
0,0,1799,534.7490368373302,321.28726204269327,50.0,0.0,0.0,1.0
0,0,1800,534.6467601523608,321.7766897490112,50.0,0.0,0.0,1.0
0,0,1801,534.5444834673914,322.2661174553292,50.0,0.0,0.0,1.0
0,0,1802,534.442206782422,322.75554516164715,50.0,0.0,0.0,1.0
0,0,1803,534.3399300974526,323.24497286796515,50.0,0.0,0.0,1.0
0,0,1804,534.2376534124832,323.7344005742831,50.0,0.0,0.0,1.0
0,0,1805,534.1353767275137,324.2238282806011,50.0,0.0,0.0,1.0
0,0,1806,534.0331000425443,324.713255986919,50.0,0.0,0.0,1.0
0,0,1807,533.9308233575749,325.202683693237,50.0,0.0,0.0,1.0
0,0,1808,533.8285466726055,325.69211139955496,50.0,0.0,0.0,1.0
0,0,1809,533.7262699876361,326.18153910587296,50.0,0.0,0.0,1.0
0,0,1810,533.6239933026667,326.6709668121909,50.0,0.0,0.0,1.0
0,0,1811,533.5217166176973,327.16039451850884,50.0,0.0,0.0,1.0
0,0,1812,533.4194399327279,327.64982222482683,50.0,0.0,0.0,1.0
0,0,1813,533.3171632477585,328.1392499311448,50.0,0.0,0.0,1.0
0,0,1814,533.214886562789,328.6286776374628,50.0,0.0,0.0,1.0
0,0,1815,533.1126098778196,329.1181053437807,50.0,0.0,0.0,1.0
0,0,1816,533.0103331928502,329.6075330500987,50.0,0.0,0.0,1.0
0,0,1817,532.9080565078808,330.09696075641665,50.0,0.0,0.0,1.0
0,0,1818,532.8057798229114,330.58638846273465,50.0,0.0,0.0,1.0
0,0,1819,532.703503137942,331.0758161690526,50.0,0.0,0.0,1.0
0,0,1820,532.6012264529726,331.5652438753706,50.0,0.0,0.0,1.0
0,0,1821,532.4989497680032,332.0546715816885,50.0,0.0,0.0,1.0
0,0,1822,532.3966730830338,332.5440992880065,50.0,0.0,0.0,1.0
0,0,1823,532.2943963980644,333.03352699432446,50.0,0.0,0.0,1.0
0,0,1824,532.1921197130949,333.52295470064246,50.0,0.0,0.0,1.0
0,0,1825,532.0898430281254,334.0123824069604,50.0,0.0,0.0,1.0
0,0,1826,531.987566343156,334.5018101132784,50.0,0.0,0.0,1.0
0,0,1827,531.8852896581866,334.99123781959634,50.0,0.0,0.0,1.0
0,0,1828,531.7830129732172,335.48066552591433,50.0,0.0,0.0,1.0
0,0,1829,531.6807362882478,335.9700932322323,50.0,0.0,0.0,1.0
0,0,1830,531.5784596032784,336.45952093855027,50.0,0.0,0.0,1.0
0,0,1831,531.476182918309,336.9489486448682,50.0,0.0,0.0,1.0
0,0,1832,531.3739062333395,337.4383763511862,50.0,0.0,0.0,1.0
0,0,1833,531.2716295483701,337.92780405750415,50.0,0.0,0.0,1.0
0,0,1834,531.1693528634007,338.4172317638221,50.0,0.0,0.0,1.0
0,0,1835,531.0522813265559,338.9027631766036,50.0,0.0,0.0,1.0
0,0,1836,530.9002243970892,339.3790810223759,50.0,0.0,0.0,1.0
0,0,1837,530.7481674676226,339.8553988681482,50.0,0.0,0.0,1.0
0,0,1838,530.5961105381558,340.3317167139205,50.0,0.0,0.0,1.0
0,0,1839,530.4440536086892,340.8080345596928,50.0,0.0,0.0,1.0
0,0,1840,530.2919966792225,341.2843524054651,50.0,0.0,0.0,1.0
0,0,1841,530.1399397497559,341.7606702512374,50.0,0.0,0.0,1.0
0,0,1842,529.9878828202891,342.2369880970097,50.0,0.0,0.0,1.0
0,0,1843,529.8358258908224,342.71330594278203,50.0,0.0,0.0,1.0
0,0,1844,529.6837689613558,343.1896237885543,50.0,0.0,0.0,1.0
0,0,1845,529.531712031889,343.6659416343266,50.0,0.0,0.0,1.0
0,0,1846,529.3796551024224,344.1422594800989,50.0,0.0,0.0,1.0
0,0,1847,529.2275981729557,344.61857732587123,50.0,0.0,0.0,1.0
0,0,1848,529.075541243489,345.0948951716435,50.0,0.0,0.0,1.0
0,0,1849,528.9234843140223,345.5712130174158,50.0,0.0,0.0,1.0
0,0,1850,528.7714273845556,346.0475308631881,50.0,0.0,0.0,1.0
0,0,1851,528.619370455089,346.5238487089604,50.0,0.0,0.0,1.0
0,0,1852,528.4673135256223,347.0001665547327,50.0,0.0,0.0,1.0
0,0,1853,528.3152565961556,347.476484400505,50.0,0.0,0.0,1.0
0,0,1854,528.1631996666889,347.9528022462773,50.0,0.0,0.0,1.0
0,0,1855,528.0111427372223,348.4291200920496,50.0,0.0,0.0,1.0
0,0,1856,527.8590858077555,348.9054379378219,50.0,0.0,0.0,1.0
0,0,1857,527.7070288782888,349.3817557835942,50.0,0.0,0.0,1.0
0,0,1858,527.5549719488222,349.8580736293665,50.0,0.0,0.0,1.0
0,0,1859,527.4029150193555,350.3343914751388,50.0,0.0,0.0,1.0
0,0,1860,527.2508580898888,350.8107093209111,50.0,0.0,0.0,1.0
0,0,1861,527.0988011604221,351.2870271666834,50.0,0.0,0.0,1.0
0,0,1862,526.9467442309555,351.7633450124557,50.0,0.0,0.0,1.0
0,0,1863,526.7946873014888,352.239662858228,50.0,0.0,0.0,1.0
0,0,1864,526.642630372022,352.7159807040003,50.0,0.0,0.0,1.0
0,0,1865,526.4905734425554,353.1922985497726,50.0,0.0,0.0,1.0
0,0,1866,526.3385165130887,353.6686163955449,50.0,0.0,0.0,1.0
0,0,1867,526.186459583622,354.1449342413172,50.0,0.0,0.0,1.0
0,0,1868,526.0344026541553,354.6212520870895,50.0,0.0,0.0,1.0
0,0,1869,525.8823457246887,355.0975699328618,50.0,0.0,0.0,1.0
0,0,1870,525.730288795222,355.57388777863406,50.0,0.0,0.0,1.0
0,0,1871,525.5782318657552,356.0502056244064,50.0,0.0,0.0,1.0
0,0,1872,525.4261749362886,356.5265234701787,50.0,0.0,0.0,1.0
0,0,1873,525.2741180068219,357.002841315951,50.0,0.0,0.0,1.0
0,0,1874,525.1220610773553,357.47915916172326,50.0,0.0,0.0,1.0
0,0,1875,524.9700041478885,357.9554770074956,50.0,0.0,0.0,1.0
0,0,1876,524.8179472184219,358.4317948532679,50.0,0.0,0.0,1.0
0,0,1877,524.6658902889552,358.9081126990402,50.0,0.0,0.0,1.0
0,0,1878,524.5138333594884,359.3844305448125,50.0,0.0,0.0,1.0
0,0,1879,524.3617764300218,359.86074839058483,50.0,0.0,0.0,1.0
0,0,1880,524.2097195005551,360.33706623635715,50.0,0.0,0.0,1.0
0,0,1881,524.0576625710884,360.8133840821294,50.0,0.0,0.0,1.0
0,0,1882,523.9056056416217,361.2897019279017,50.0,0.0,0.0,1.0
0,0,1883,523.7535487121551,361.76601977367403,50.0,0.0,0.0,1.0
0,0,1884,523.6014917826884,362.24233761944635,50.0,0.0,0.0,1.0
0,0,1885,523.4494348532216,362.7186554652186,50.0,0.0,0.0,1.0
0,0,1886,523.297377923755,363.1949733109909,50.0,0.0,0.0,1.0
0,0,1887,523.1453209942883,363.67129115676323,50.0,0.0,0.0,1.0
0,0,1888,522.9932640648217,364.1476090025355,50.0,0.0,0.0,1.0
0,0,1889,522.8412071353549,364.6239268483078,50.0,0.0,0.0,1.0
0,0,1890,522.6891502058883,365.1002446940801,50.0,0.0,0.0,1.0
0,0,1891,522.503367206284,365.56384829177915,50.0,0.0,0.0,1.0
0,0,1892,522.3031399340033,366.0220066044125,50.0,0.0,0.0,1.0
0,0,1893,522.1029126617227,366.4801649170459,50.0,0.0,0.0,1.0
0,0,1894,521.9026853894421,366.93832322967927,50.0,0.0,0.0,1.0
0,0,1895,521.7024581171614,367.39648154231264,50.0,0.0,0.0,1.0
0,0,1896,521.5022308448808,367.854639854946,50.0,0.0,0.0,1.0
0,0,1897,521.3020035726001,368.3127981675794,50.0,0.0,0.0,1.0
0,0,1898,521.1017763003196,368.77095648021276,50.0,0.0,0.0,1.0
0,0,1899,520.9015490280389,369.22911479284613,50.0,0.0,0.0,1.0
0,0,1900,520.7013217557583,369.6872731054795,50.0,0.0,0.0,1.0
0,0,1901,520.5010944834777,370.1454314181128,50.0,0.0,0.0,1.0
0,0,1902,520.300867211197,370.6035897307462,50.0,0.0,0.0,1.0
0,0,1903,520.1006399389164,371.06174804337957,50.0,0.0,0.0,1.0
0,0,1904,519.9004126666357,371.51990635601294,50.0,0.0,0.0,1.0
0,0,1905,519.7001853943551,371.9780646686463,50.0,0.0,0.0,1.0
0,0,1906,519.4999581220745,372.4362229812797,50.0,0.0,0.0,1.0
0,0,1907,519.2997308497938,372.89438129391306,50.0,0.0,0.0,1.0
0,0,1908,519.0995035775132,373.35253960654643,50.0,0.0,0.0,1.0
0,0,1909,518.8992763052325,373.8106979191798,50.0,0.0,0.0,1.0
0,0,1910,518.699049032952,374.2688562318132,50.0,0.0,0.0,1.0
0,0,1911,518.4988217606713,374.72701454444655,50.0,0.0,0.0,1.0
0,0,1912,518.2985944883907,375.1851728570799,50.0,0.0,0.0,1.0
0,0,1913,518.0983672161101,375.6433311697133,50.0,0.0,0.0,1.0
0,0,1914,517.8981399438294,376.10148948234666,50.0,0.0,0.0,1.0
0,0,1915,517.6979126715488,376.55964779498004,50.0,0.0,0.0,1.0
0,0,1916,517.4976853992681,377.0178061076134,50.0,0.0,0.0,1.0
0,0,1917,517.2974581269875,377.4759644202468,50.0,0.0,0.0,1.0
0,0,1918,517.0972308547068,377.93412273288016,50.0,0.0,0.0,1.0
0,0,1919,516.8970035824262,378.3922810455135,50.0,0.0,0.0,1.0
0,0,1920,516.6967763101457,378.8504393581469,50.0,0.0,0.0,1.0
0,0,1921,516.496549037865,379.3085976707803,50.0,0.0,0.0,1.0
0,0,1922,516.2963217655844,379.76675598341365,50.0,0.0,0.0,1.0
0,0,1923,516.0960944933037,380.224914296047,50.0,0.0,0.0,1.0
0,0,1924,515.8958672210231,380.6830726086804,50.0,0.0,0.0,1.0
0,0,1925,515.6956399487425,381.14123092131376,50.0,0.0,0.0,1.0
0,0,1926,515.4954126764618,381.59938923394714,50.0,0.0,0.0,1.0
0,0,1927,515.2951854041812,382.05754754658045,50.0,0.0,0.0,1.0
0,0,1928,515.0949581319005,382.5157058592138,50.0,0.0,0.0,1.0
0,0,1929,514.8947308596199,382.9738641718472,50.0,0.0,0.0,1.0
0,0,1930,514.6945035873392,383.43202248448057,50.0,0.0,0.0,1.0
0,0,1931,514.4942763150586,383.89018079711394,50.0,0.0,0.0,1.0
0,0,1932,514.294049042778,384.3483391097473,50.0,0.0,0.0,1.0
0,0,1933,514.0938217704974,384.8064974223807,50.0,0.0,0.0,1.0
0,0,1934,513.8935944982168,385.26465573501406,50.0,0.0,0.0,1.0
0,0,1935,513.6933672259361,385.72281404764743,50.0,0.0,0.0,1.0
0,0,1936,513.4931399536555,386.18097236028075,50.0,0.0,0.0,1.0
0,0,1937,513.2929126813749,386.6391306729141,50.0,0.0,0.0,1.0
0,0,1938,513.0926854090942,387.0972889855475,50.0,0.0,0.0,1.0
0,0,1939,512.8924581368136,387.55544729818087,50.0,0.0,0.0,1.0
0,0,1940,512.6922308645329,388.01360561081424,50.0,0.0,0.0,1.0
0,0,1941,512.4920035922523,388.4717639234476,50.0,0.0,0.0,1.0
0,0,1942,512.2917763199717,388.929922236081,50.0,0.0,0.0,1.0
0,0,1943,512.091549047691,389.38808054871436,50.0,0.0,0.0,1.0
0,0,1944,511.8913217754104,389.84623886134773,50.0,0.0,0.0,1.0
0,0,1945,511.6910945031298,390.3043971739811,50.0,0.0,0.0,1.0
0,0,1946,511.4861210941453,390.7601832115083,50.0,0.0,0.0,1.0
0,0,1947,511.23984717053435,391.1953258944863,50.0,0.0,0.0,1.0
0,0,1948,510.9935732469234,391.6304685774643,50.0,0.0,0.0,1.0
0,0,1949,510.7472993233125,392.06561126044227,50.0,0.0,0.0,1.0
0,0,1950,510.5010253997016,392.50075394342025,50.0,0.0,0.0,1.0
0,0,1951,510.25475147609063,392.93589662639823,50.0,0.0,0.0,1.0
0,0,1952,510.0084775524797,393.3710393093762,50.0,0.0,0.0,1.0
0,0,1953,509.76220362886875,393.8061819923542,50.0,0.0,0.0,1.0
0,0,1954,509.5159297052578,394.2413246753322,50.0,0.0,0.0,1.0
0,0,1955,509.2696557816469,394.67646735831016,50.0,0.0,0.0,1.0
0,0,1956,509.023381858036,395.11161004128815,50.0,0.0,0.0,1.0
0,0,1957,508.77710793442503,395.5467527242661,50.0,0.0,0.0,1.0
0,0,1958,508.5308340108141,395.9818954072441,50.0,0.0,0.0,1.0
0,0,1959,508.28456008720315,396.4170380902221,50.0,0.0,0.0,1.0
0,0,1960,508.0382861635922,396.8521807732001,50.0,0.0,0.0,1.0
0,0,1961,507.79201223998126,397.28732345617806,50.0,0.0,0.0,1.0
0,0,1962,507.5457383163704,397.72246613915604,50.0,0.0,0.0,1.0
0,0,1963,507.29946439275943,398.157608822134,50.0,0.0,0.0,1.0
0,0,1964,507.0531904691485,398.592751505112,50.0,0.0,0.0,1.0
0,0,1965,506.80691654553755,399.02789418809,50.0,0.0,0.0,1.0
0,0,1966,506.5606426219266,399.46303687106797,50.0,0.0,0.0,1.0
0,0,1967,506.31436869831566,399.89817955404595,50.0,0.0,0.0,1.0
0,0,1968,506.0680947747047,400.33332223702394,50.0,0.0,0.0,1.0
0,0,1969,505.82182085109383,400.7684649200019,50.0,0.0,0.0,1.0
0,0,1970,505.5755469274829,401.2036076029799,50.0,0.0,0.0,1.0
0,0,1971,505.32927300387195,401.6387502859578,50.0,0.0,0.0,1.0
0,0,1972,505.082999080261,402.0738929689358,50.0,0.0,0.0,1.0
0,0,1973,504.83672515665006,402.5090356519138,50.0,0.0,0.0,1.0
0,0,1974,504.5904512330391,402.9441783348918,50.0,0.0,0.0,1.0
0,0,1975,504.34417730942823,403.37932101786976,50.0,0.0,0.0,1.0
0,0,1976,504.0979033858173,403.81446370084774,50.0,0.0,0.0,1.0
0,0,1977,503.85162946220635,404.2496063838257,50.0,0.0,0.0,1.0
0,0,1978,503.6053555385954,404.6847490668037,50.0,0.0,0.0,1.0
0,0,1979,503.35908161498446,405.1198917497817,50.0,0.0,0.0,1.0
0,0,1980,503.1128076913735,405.55503443275967,50.0,0.0,0.0,1.0
0,0,1981,502.8665337677626,405.99017711573765,50.0,0.0,0.0,1.0
0,0,1982,502.6202598441517,406.42531979871563,50.0,0.0,0.0,1.0
0,0,1983,502.37398592054075,406.8604624816936,50.0,0.0,0.0,1.0
0,0,1984,502.1277119969298,407.2956051646716,50.0,0.0,0.0,1.0
0,0,1985,501.88143807331886,407.7307478476496,50.0,0.0,0.0,1.0
0,0,1986,501.6351641497079,408.16589053062756,50.0,0.0,0.0,1.0
0,0,1987,501.388890226097,408.60103321360555,50.0,0.0,0.0,1.0
0,0,1988,501.1426163024861,409.0361758965835,50.0,0.0,0.0,1.0
0,0,1989,500.89634237887515,409.47131857956145,50.0,0.0,0.0,1.0
0,0,1990,500.6500684552642,409.90646126253944,50.0,0.0,0.0,1.0
0,0,1991,500.40379453165326,410.3416039455174,50.0,0.0,0.0,1.0
0,0,1992,500.1575206080424,410.7767466284954,50.0,0.0,0.0,1.0
0,0,1993,499.91124668443143,411.2118893114734,50.0,0.0,0.0,1.0
0,0,1994,499.6649727608205,411.64703199445137,50.0,0.0,0.0,1.0
0,0,1995,499.41869883720955,412.08217467742935,50.0,0.0,0.0,1.0
0,0,1996,499.1724249135986,412.51731736040733,50.0,0.0,0.0,1.0
0,0,1997,498.92615098998766,412.9524600433853,50.0,0.0,0.0,1.0
0,0,1998,498.6798770663768,413.3876027263633,50.0,0.0,0.0,1.0
0,0,1999,498.43360314276583,413.8227454093413,50.0,0.0,0.0,1.0
0,0,2000,498.1873292191549,414.25788809231926,50.0,0.0,0.0,1.0
0,0,2001,497.94105529554395,414.69303077529725,50.0,0.0,0.0,1.0
0,0,2002,497.67280224135305,415.11419330240165,50.0,0.0,0.0,1.0
0,0,2003,497.383091647742,415.52170743951785,50.0,0.0,0.0,1.0
0,0,2004,497.093381054131,415.929221576634,50.0,0.0,0.0,1.0
0,0,2005,496.8036704605199,416.33673571375016,50.0,0.0,0.0,1.0
0,0,2006,496.51395986690886,416.74424985086637,50.0,0.0,0.0,1.0
0,0,2007,496.22424927329786,417.1517639879825,50.0,0.0,0.0,1.0
0,0,2008,495.9345386796868,417.5592781250987,50.0,0.0,0.0,1.0
0,0,2009,495.6448280860758,417.9667922622149,50.0,0.0,0.0,1.0
0,0,2010,495.35511749246473,418.37430639933103,50.0,0.0,0.0,1.0
0,0,2011,495.06540689885367,418.7818205364472,50.0,0.0,0.0,1.0
0,0,2012,494.77569630524266,419.1893346735634,50.0,0.0,0.0,1.0
0,0,2013,494.4859857116316,419.59684881067955,50.0,0.0,0.0,1.0
0,0,2014,494.19627511802054,420.0043629477957,50.0,0.0,0.0,1.0
0,0,2015,493.90656452440953,420.4118770849119,50.0,0.0,0.0,1.0
0,0,2016,493.61685393079847,420.81939122202806,50.0,0.0,0.0,1.0
0,0,2017,493.3271433371874,421.2269053591442,50.0,0.0,0.0,1.0
0,0,2018,493.0374327435764,421.6344194962604,50.0,0.0,0.0,1.0
0,0,2019,492.74772214996534,422.0419336333766,50.0,0.0,0.0,1.0
0,0,2020,492.45801155635434,422.4494477704927,50.0,0.0,0.0,1.0
0,0,2021,492.1683009627433,422.85696190760893,50.0,0.0,0.0,1.0
0,0,2022,491.8785903691322,423.2644760447251,50.0,0.0,0.0,1.0
0,0,2023,491.5888797755212,423.67199018184124,50.0,0.0,0.0,1.0
0,0,2024,491.29916918191014,424.07950431895745,50.0,0.0,0.0,1.0
0,0,2025,491.0094585882991,424.4870184560736,50.0,0.0,0.0,1.0
0,0,2026,490.7197479946881,424.89453259318975,50.0,0.0,0.0,1.0
0,0,2027,490.430037401077,425.30204673030596,50.0,0.0,0.0,1.0
0,0,2028,490.14032680746595,425.7095608674221,50.0,0.0,0.0,1.0
0,0,2029,489.85061621385495,426.1170750045383,50.0,0.0,0.0,1.0
0,0,2030,489.5609056202439,426.5245891416545,50.0,0.0,0.0,1.0
0,0,2031,489.2711950266329,426.9321032787706,50.0,0.0,0.0,1.0
0,0,2032,488.9814844330218,427.33961741588683,50.0,0.0,0.0,1.0
0,0,2033,488.69177383941076,427.747131553003,50.0,0.0,0.0,1.0
0,0,2034,488.40206324579975,428.15464569011914,50.0,0.0,0.0,1.0
0,0,2035,488.1123526521887,428.56215982723535,50.0,0.0,0.0,1.0
0,0,2036,487.8226420585776,428.9696739643515,50.0,0.0,0.0,1.0
0,0,2037,487.5329314649666,429.37718810146765,50.0,0.0,0.0,1.0
0,0,2038,487.24322087135556,429.78470223858386,50.0,0.0,0.0,1.0
0,0,2039,486.9535102777445,430.1922163757,50.0,0.0,0.0,1.0
0,0,2040,486.6637996841335,430.59973051281617,50.0,0.0,0.0,1.0
0,0,2041,486.37408909052243,431.0072446499324,50.0,0.0,0.0,1.0
0,0,2042,486.08437849691137,431.4147587870485,50.0,0.0,0.0,1.0
0,0,2043,485.79466790330036,431.8222729241647,50.0,0.0,0.0,1.0
0,0,2044,485.5049573096893,432.2297870612809,50.0,0.0,0.0,1.0
0,0,2045,485.21524671607824,432.63730119839704,50.0,0.0,0.0,1.0
0,0,2046,484.92553612246724,433.04481533551325,50.0,0.0,0.0,1.0
0,0,2047,484.6358255288562,433.4523294726294,50.0,0.0,0.0,1.0
0,0,2048,484.34611493524517,433.85984360974555,50.0,0.0,0.0,1.0
0,0,2049,484.0564043416341,434.26735774686176,50.0,0.0,0.0,1.0
0,0,2050,483.76669374802304,434.6748718839779,50.0,0.0,0.0,1.0
0,0,2051,483.47698315441204,435.08238602109407,50.0,0.0,0.0,1.0
0,0,2052,483.187272560801,435.4899001582103,50.0,0.0,0.0,1.0
0,0,2053,482.8975619671899,435.8974142953264,50.0,0.0,0.0,1.0
0,0,2054,482.6078513735789,436.3049284324426,50.0,0.0,0.0,1.0
0,0,2055,482.31814077996785,436.7124425695588,50.0,0.0,0.0,1.0
0,0,2056,482.0284301863568,437.11995670667494,50.0,0.0,0.0,1.0
0,0,2057,481.7387195927458,437.5274708437911,50.0,0.0,0.0,1.0
0,0,2058,481.412319180982,437.90594601628686,50.0,0.0,0.0,1.0
0,0,2059,481.0822435101864,438.2815123240793,50.0,0.0,0.0,1.0
0,0,2060,480.7521678393908,438.6570786318717,50.0,0.0,0.0,1.0
0,0,2061,480.42209216859516,439.03264493966407,50.0,0.0,0.0,1.0
0,0,2062,480.09201649779953,439.4082112474565,50.0,0.0,0.0,1.0
0,0,2063,479.7619408270039,439.7837775552489,50.0,0.0,0.0,1.0
0,0,2064,479.4318651562083,440.15934386304133,50.0,0.0,0.0,1.0
0,0,2065,479.10178948541267,440.5349101708337,50.0,0.0,0.0,1.0
0,0,2066,478.77171381461704,440.9104764786261,50.0,0.0,0.0,1.0
0,0,2067,478.4416381438214,441.28604278641853,50.0,0.0,0.0,1.0
0,0,2068,478.1115624730258,441.6616090942109,50.0,0.0,0.0,1.0
0,0,2069,477.7814868022302,442.03717540200336,50.0,0.0,0.0,1.0
0,0,2070,477.45141113143455,442.41274170979574,50.0,0.0,0.0,1.0
0,0,2071,477.12133546063893,442.7883080175881,50.0,0.0,0.0,1.0
0,0,2072,476.7912597898433,443.16387432538056,50.0,0.0,0.0,1.0
0,0,2073,476.4611841190477,443.53944063317294,50.0,0.0,0.0,1.0
0,0,2074,476.13110844825206,443.9150069409654,50.0,0.0,0.0,1.0
0,0,2075,475.80103277745644,444.29057324875777,50.0,0.0,0.0,1.0
0,0,2076,475.4709571066608,444.6661395565502,50.0,0.0,0.0,1.0
0,0,2077,475.1408814358652,445.0417058643426,50.0,0.0,0.0,1.0
0,0,2078,474.8108057650696,445.417272172135,50.0,0.0,0.0,1.0
0,0,2079,474.48073009427395,445.7928384799274,50.0,0.0,0.0,1.0
0,0,2080,474.15065442347833,446.1684047877198,50.0,0.0,0.0,1.0
0,0,2081,473.8205787526827,446.54397109551223,50.0,0.0,0.0,1.0
0,0,2082,473.4905030818871,446.9195374033046,50.0,0.0,0.0,1.0
0,0,2083,473.16042741109146,447.295103711097,50.0,0.0,0.0,1.0
0,0,2084,472.83035174029584,447.67067001888944,50.0,0.0,0.0,1.0
0,0,2085,472.5002760695002,448.0462363266818,50.0,0.0,0.0,1.0
0,0,2086,472.1702003987046,448.42180263447426,50.0,0.0,0.0,1.0
0,0,2087,471.840124727909,448.79736894226664,50.0,0.0,0.0,1.0
0,0,2088,471.51004905711335,449.172935250059,50.0,0.0,0.0,1.0
0,0,2089,471.1799733863177,449.54850155785147,50.0,0.0,0.0,1.0
0,0,2090,470.8498977155221,449.92406786564385,50.0,0.0,0.0,1.0
0,0,2091,470.5198220447265,450.2996341734363,50.0,0.0,0.0,1.0
0,0,2092,470.18974637393086,450.67520048122867,50.0,0.0,0.0,1.0
0,0,2093,469.85967070313524,451.05076678902105,50.0,0.0,0.0,1.0
0,0,2094,469.5295950323396,451.4263330968135,50.0,0.0,0.0,1.0
0,0,2095,469.199519361544,451.8018994046059,50.0,0.0,0.0,1.0
0,0,2096,468.86944369074837,452.1774657123983,50.0,0.0,0.0,1.0
0,0,2097,468.53936801995275,452.5530320201907,50.0,0.0,0.0,1.0
0,0,2098,468.2092923491571,452.92859832798314,50.0,0.0,0.0,1.0
0,0,2099,467.8792166783615,453.3041646357755,50.0,0.0,0.0,1.0
0,0,2100,467.5491410075659,453.6797309435679,50.0,0.0,0.0,1.0
0,0,2101,467.21906533677026,454.05529725136034,50.0,0.0,0.0,1.0
0,0,2102,466.88898966597463,454.4308635591527,50.0,0.0,0.0,1.0
0,0,2103,466.558913995179,454.80642986694517,50.0,0.0,0.0,1.0
0,0,2104,466.2288383243834,455.18199617473755,50.0,0.0,0.0,1.0
0,0,2105,465.89876265358777,455.55756248253,50.0,0.0,0.0,1.0
0,0,2106,465.56868698279214,455.93312879032237,50.0,0.0,0.0,1.0
0,0,2107,465.2386113119965,456.30869509811475,50.0,0.0,0.0,1.0
0,0,2108,464.9085356412009,456.6842614059072,50.0,0.0,0.0,1.0
0,0,2109,464.5784599704053,457.0598277136996,50.0,0.0,0.0,1.0
0,0,2110,464.24838429960965,457.435394021492,50.0,0.0,0.0,1.0
0,0,2111,463.91830862881403,457.8109603292844,50.0,0.0,0.0,1.0
0,0,2112,463.5882329580184,458.1865266370768,50.0,0.0,0.0,1.0
0,0,2113,463.24665766181397,458.5508856999402,50.0,0.0,0.0,1.0
0,0,2114,462.8797147682538,458.8905221421334,50.0,0.0,0.0,1.0
0,0,2115,462.51277187469356,459.2301585843266,50.0,0.0,0.0,1.0
0,0,2116,462.1458289811334,459.56979502651984,50.0,0.0,0.0,1.0
0,0,2117,461.77888608757314,459.909431468713,50.0,0.0,0.0,1.0
0,0,2118,461.41194319401296,460.24906791090626,50.0,0.0,0.0,1.0
0,0,2119,461.0450003004527,460.58870435309944,50.0,0.0,0.0,1.0
0,0,2120,460.6780574068925,460.9283407952926,50.0,0.0,0.0,1.0
0,0,2121,460.3111145133323,461.26797723748587,50.0,0.0,0.0,1.0
0,0,2122,459.9441716197721,461.60761367967905,50.0,0.0,0.0,1.0
0,0,2123,459.5772287262119,461.9472501218723,50.0,0.0,0.0,1.0
0,0,2124,459.21028583265166,462.28688656406547,50.0,0.0,0.0,1.0
0,0,2125,458.8433429390915,462.6265230062587,50.0,0.0,0.0,1.0
0,0,2126,458.47640004553125,462.9661594484519,50.0,0.0,0.0,1.0
0,0,2127,458.109457151971,463.30579589064513,50.0,0.0,0.0,1.0
0,0,2128,457.74251425841084,463.6454323328383,50.0,0.0,0.0,1.0
0,0,2129,457.3755713648506,463.9850687750315,50.0,0.0,0.0,1.0
0,0,2130,457.0086284712904,464.32470521722473,50.0,0.0,0.0,1.0
0,0,2131,456.6416855777302,464.6643416594179,50.0,0.0,0.0,1.0
0,0,2132,456.27474268417,465.00397810161115,50.0,0.0,0.0,1.0
0,0,2133,455.9077997906098,465.34361454380434,50.0,0.0,0.0,1.0
0,0,2134,455.54085689704954,465.6832509859976,50.0,0.0,0.0,1.0
0,0,2135,455.17391400348936,466.02288742819076,50.0,0.0,0.0,1.0
0,0,2136,454.8069711099291,466.36252387038394,50.0,0.0,0.0,1.0
0,0,2137,454.44002821636894,466.7021603125772,50.0,0.0,0.0,1.0
0,0,2138,454.0730853228087,467.04179675477036,50.0,0.0,0.0,1.0
0,0,2139,453.70614242924853,467.3814331969636,50.0,0.0,0.0,1.0
0,0,2140,453.3391995356883,467.7210696391568,50.0,0.0,0.0,1.0
0,0,2141,452.97225664212806,468.06070608135,50.0,0.0,0.0,1.0
0,0,2142,452.6053137485679,468.4003425235432,50.0,0.0,0.0,1.0
0,0,2143,452.23837085500764,468.7399789657364,50.0,0.0,0.0,1.0
0,0,2144,451.87142796144747,469.0796154079296,50.0,0.0,0.0,1.0
0,0,2145,451.50448506788723,469.4192518501228,50.0,0.0,0.0,1.0
0,0,2146,451.137542174327,469.75888829231604,50.0,0.0,0.0,1.0
0,0,2147,450.7705992807668,470.0985247345092,50.0,0.0,0.0,1.0
0,0,2148,450.4036563872066,470.43816117670247,50.0,0.0,0.0,1.0
0,0,2149,450.0367134936464,470.77779761889565,50.0,0.0,0.0,1.0
0,0,2150,449.66977060008617,471.11743406108883,50.0,0.0,0.0,1.0
0,0,2151,449.302827706526,471.45707050328207,50.0,0.0,0.0,1.0
0,0,2152,448.93588481296575,471.79670694547525,50.0,0.0,0.0,1.0
0,0,2153,448.5689419194055,472.1363433876685,50.0,0.0,0.0,1.0
0,0,2154,448.20199902584534,472.47597982986167,50.0,0.0,0.0,1.0
0,0,2155,447.83505613228516,472.81561627205485,50.0,0.0,0.0,1.0
0,0,2156,447.4681132387249,473.15525271424804,50.0,0.0,0.0,1.0
0,0,2157,447.10117034516475,473.4948891564413,50.0,0.0,0.0,1.0
0,0,2158,446.7342274516045,473.83452559863446,50.0,0.0,0.0,1.0
0,0,2159,446.36728455804433,474.1741620408277,50.0,0.0,0.0,1.0
0,0,2160,446.0003416644841,474.5137984830209,50.0,0.0,0.0,1.0
0,0,2161,445.6333987709239,474.8534349252141,50.0,0.0,0.0,1.0
0,0,2162,445.2664558773637,475.1930713674073,50.0,0.0,0.0,1.0
0,0,2163,444.89951298380345,475.5327078096005,50.0,0.0,0.0,1.0
0,0,2164,444.53257009024327,475.8723442517937,50.0,0.0,0.0,1.0
0,0,2165,444.16562719668303,476.2119806939869,50.0,0.0,0.0,1.0
0,0,2166,443.79868430312285,476.55161713618014,50.0,0.0,0.0,1.0
0,0,2167,443.4317414095626,476.8912535783733,50.0,0.0,0.0,1.0
0,0,2168,443.06479851600244,477.23089002056656,50.0,0.0,0.0,1.0
0,0,2169,442.6742814650706,477.542268069503,50.0,0.0,0.0,1.0
0,0,2170,442.2743620369844,477.84237546867746,50.0,0.0,0.0,1.0
0,0,2171,441.87444260889833,478.1424828678519,50.0,0.0,0.0,1.0
0,0,2172,441.4745231808122,478.4425902670264,50.0,0.0,0.0,1.0
0,0,2173,441.07460375272603,478.74269766620085,50.0,0.0,0.0,1.0
0,0,2174,440.6746843246399,479.04280506537526,50.0,0.0,0.0,1.0
0,0,2175,440.27476489655373,479.3429124645497,50.0,0.0,0.0,1.0
0,0,2176,439.87484546846764,479.6430198637242,50.0,0.0,0.0,1.0
0,0,2177,439.4749260403815,479.94312726289866,50.0,0.0,0.0,1.0
0,0,2178,439.07500661229534,480.2432346620731,50.0,0.0,0.0,1.0
0,0,2179,438.6750871842092,480.5433420612476,50.0,0.0,0.0,1.0
0,0,2180,438.2751677561231,480.84344946042205,50.0,0.0,0.0,1.0
0,0,2181,437.87524832803695,481.1435568595965,50.0,0.0,0.0,1.0
0,0,2182,437.4753288999508,481.4436642587709,50.0,0.0,0.0,1.0
0,0,2183,437.07540947186465,481.7437716579454,50.0,0.0,0.0,1.0
0,0,2184,436.67549004377855,482.04387905711985,50.0,0.0,0.0,1.0
0,0,2185,436.2755706156924,482.3439864562943,50.0,0.0,0.0,1.0
0,0,2186,435.87565118760625,482.6440938554688,50.0,0.0,0.0,1.0
0,0,2187,435.4757317595201,482.94420125464325,50.0,0.0,0.0,1.0
0,0,2188,435.075812331434,483.2443086538177,50.0,0.0,0.0,1.0
0,0,2189,434.67589290334786,483.5444160529922,50.0,0.0,0.0,1.0
0,0,2190,434.2759734752617,483.8445234521666,50.0,0.0,0.0,1.0
0,0,2191,433.87605404717556,484.14463085134105,50.0,0.0,0.0,1.0
0,0,2192,433.4761346190894,484.4447382505155,50.0,0.0,0.0,1.0
0,0,2193,433.0762151910033,484.74484564969,50.0,0.0,0.0,1.0
0,0,2194,432.67629576291716,485.04495304886444,50.0,0.0,0.0,1.0
0,0,2195,432.276376334831,485.3450604480389,50.0,0.0,0.0,1.0
0,0,2196,431.87645690674486,485.6451678472134,50.0,0.0,0.0,1.0
0,0,2197,431.47653747865877,485.94527524638784,50.0,0.0,0.0,1.0
0,0,2198,431.0766180505726,486.24538264556224,50.0,0.0,0.0,1.0
0,0,2199,430.67669862248647,486.5454900447367,50.0,0.0,0.0,1.0
0,0,2200,430.2767791944003,486.8455974439112,50.0,0.0,0.0,1.0
0,0,2201,429.8768597663142,487.14570484308564,50.0,0.0,0.0,1.0
0,0,2202,429.4769403382281,487.4458122422601,50.0,0.0,0.0,1.0
0,0,2203,429.0770209101419,487.74591964143457,50.0,0.0,0.0,1.0
0,0,2204,428.6771014820558,488.04602704060903,50.0,0.0,0.0,1.0
0,0,2205,428.2771820539696,488.34613443978344,50.0,0.0,0.0,1.0
0,0,2206,427.87726262588353,488.6462418389579,50.0,0.0,0.0,1.0
0,0,2207,427.4773431977974,488.94634923813237,50.0,0.0,0.0,1.0
0,0,2208,427.07742376971123,489.24645663730684,50.0,0.0,0.0,1.0
0,0,2209,426.6775043416251,489.5465640364813,50.0,0.0,0.0,1.0
0,0,2210,426.277584913539,489.8466714356557,50.0,0.0,0.0,1.0
0,0,2211,425.8776654854529,490.1467788348302,50.0,0.0,0.0,1.0
0,0,2212,425.47774605736674,490.44688623400464,50.0,0.0,0.0,1.0
0,0,2213,425.0778266292806,490.7469936331791,50.0,0.0,0.0,1.0
0,0,2214,424.67790720119444,491.04710103235357,50.0,0.0,0.0,1.0
0,0,2215,424.27798777310835,491.34720843152803,50.0,0.0,0.0,1.0
0,0,2216,423.8780683450222,491.64731583070244,50.0,0.0,0.0,1.0
0,0,2217,423.47814891693605,491.9474232298769,50.0,0.0,0.0,1.0
0,0,2218,423.0782294888499,492.24753062905137,50.0,0.0,0.0,1.0
0,0,2219,422.6783100607638,492.54763802822583,50.0,0.0,0.0,1.0
0,0,2220,422.27839063267766,492.8477454274003,50.0,0.0,0.0,1.0
0,0,2221,421.8784712045915,493.14785282657476,50.0,0.0,0.0,1.0
0,0,2222,421.47855177650536,493.4479602257492,50.0,0.0,0.0,1.0
0,0,2223,421.0786323484192,493.7480676249237,50.0,0.0,0.0,1.0
0,0,2224,420.67532709025056,494.0431429095422,50.0,0.0,0.0,1.0
0,0,2225,420.24666952740347,494.3005388959406,50.0,0.0,0.0,1.0
0,0,2226,419.8180119645564,494.55793488233894,50.0,0.0,0.0,1.0
0,0,2227,419.3893544017093,494.8153308687373,50.0,0.0,0.0,1.0
0,0,2228,418.9606968388622,495.07272685513567,50.0,0.0,0.0,1.0
0,0,2229,418.5320392760151,495.33012284153403,50.0,0.0,0.0,1.0
0,0,2230,418.103381713168,495.5875188279324,50.0,0.0,0.0,1.0
0,0,2231,417.6747241503209,495.84491481433076,50.0,0.0,0.0,1.0
0,0,2232,417.2460665874738,496.10231080072913,50.0,0.0,0.0,1.0
0,0,2233,416.8174090246267,496.3597067871275,50.0,0.0,0.0,1.0
0,0,2234,416.38875146177963,496.61710277352586,50.0,0.0,0.0,1.0
0,0,2235,415.9600938989325,496.8744987599242,50.0,0.0,0.0,1.0
0,0,2236,415.5314363360854,497.1318947463226,50.0,0.0,0.0,1.0
0,0,2237,415.1027787732383,497.38929073272095,50.0,0.0,0.0,1.0
0,0,2238,414.6741212103912,497.6466867191193,50.0,0.0,0.0,1.0
0,0,2239,414.2454636475441,497.9040827055177,50.0,0.0,0.0,1.0
0,0,2240,413.816806084697,498.16147869191605,50.0,0.0,0.0,1.0
0,0,2241,413.3881485218499,498.4188746783144,50.0,0.0,0.0,1.0
0,0,2242,412.95949095900284,498.6762706647128,50.0,0.0,0.0,1.0
0,0,2243,412.53083339615574,498.93366665111114,50.0,0.0,0.0,1.0
0,0,2244,412.10217583330865,499.1910626375095,50.0,0.0,0.0,1.0
0,0,2245,411.67351827046156,499.44845862390787,50.0,0.0,0.0,1.0
0,0,2246,411.24486070761446,499.70585461030623,50.0,0.0,0.0,1.0
0,0,2247,410.81620314476737,499.9632505967046,50.0,0.0,0.0,1.0
0,0,2248,410.3875455819203,500.22064658310296,50.0,0.0,0.0,1.0
0,0,2249,409.95888801907313,500.4780425695013,50.0,0.0,0.0,1.0
0,0,2250,409.53023045622604,500.7354385558997,50.0,0.0,0.0,1.0
0,0,2251,409.10157289337894,500.99283454229806,50.0,0.0,0.0,1.0
0,0,2252,408.67291533053185,501.2502305286964,50.0,0.0,0.0,1.0
0,0,2253,408.24425776768476,501.5076265150948,50.0,0.0,0.0,1.0
0,0,2254,407.81560020483766,501.76502250149315,50.0,0.0,0.0,1.0
0,0,2255,407.3869426419906,502.0224184878915,50.0,0.0,0.0,1.0
0,0,2256,406.9582850791435,502.2798144742899,50.0,0.0,0.0,1.0
0,0,2257,406.5296275162964,502.53721046068824,50.0,0.0,0.0,1.0
0,0,2258,406.1009699534493,502.7946064470866,50.0,0.0,0.0,1.0
0,0,2259,405.6723123906022,503.052002433485,50.0,0.0,0.0,1.0
0,0,2260,405.2436548277551,503.30939841988334,50.0,0.0,0.0,1.0
0,0,2261,404.814997264908,503.5667944062817,50.0,0.0,0.0,1.0
0,0,2262,404.3863397020609,503.82419039268007,50.0,0.0,0.0,1.0
0,0,2263,403.9576821392138,504.08158637907843,50.0,0.0,0.0,1.0
0,0,2264,403.5290245763667,504.3389823654768,50.0,0.0,0.0,1.0
0,0,2265,403.1003670135196,504.59637835187516,50.0,0.0,0.0,1.0
0,0,2266,402.6717094506725,504.85377433827347,50.0,0.0,0.0,1.0
0,0,2267,402.2430518878254,505.11117032467183,50.0,0.0,0.0,1.0
0,0,2268,401.8143943249783,505.3685663110702,50.0,0.0,0.0,1.0
0,0,2269,401.3857367621312,505.62596229746856,50.0,0.0,0.0,1.0
0,0,2270,400.9570791992841,505.8833582838669,50.0,0.0,0.0,1.0
0,0,2271,400.52842163643703,506.1407542702653,50.0,0.0,0.0,1.0
0,0,2272,400.09976407358994,506.39815025666366,50.0,0.0,0.0,1.0
0,0,2273,399.67110651074285,506.655546243062,50.0,0.0,0.0,1.0
0,0,2274,399.24244894789575,506.9129422294604,50.0,0.0,0.0,1.0
0,0,2275,398.81379138504866,507.17033821585875,50.0,0.0,0.0,1.0
0,0,2276,398.38513382220157,507.4277342022571,50.0,0.0,0.0,1.0
0,0,2277,397.9564762593545,507.6851301886555,50.0,0.0,0.0,1.0
0,0,2278,397.5278186965074,507.94252617505384,50.0,0.0,0.0,1.0
0,0,2279,397.0991611336603,508.1999221614522,50.0,0.0,0.0,1.0
0,0,2280,396.6579042192873,508.43365487843107,50.0,0.0,0.0,1.0
0,0,2281,396.2050532004979,508.64561231468053,50.0,0.0,0.0,1.0
0,0,2282,395.7522021817085,508.85756975093,50.0,0.0,0.0,1.0
0,0,2283,395.29935116291915,509.06952718717946,50.0,0.0,0.0,1.0
0,0,2284,394.84650014412983,509.2814846234289,50.0,0.0,0.0,1.0
0,0,2285,394.39364912534046,509.4934420596784,50.0,0.0,0.0,1.0
0,0,2286,393.9407981065511,509.7053994959278,50.0,0.0,0.0,1.0
0,0,2287,393.48794708776177,509.91735693217726,50.0,0.0,0.0,1.0
0,0,2288,393.0350960689724,510.1293143684267,50.0,0.0,0.0,1.0
0,0,2289,392.582245050183,510.3412718046762,50.0,0.0,0.0,1.0
0,0,2290,392.1293940313937,510.55322924092565,50.0,0.0,0.0,1.0
0,0,2291,391.6765430126043,510.7651866771751,50.0,0.0,0.0,1.0
0,0,2292,391.22369199381495,510.9771441134245,50.0,0.0,0.0,1.0
0,0,2293,390.7708409750256,511.189101549674,50.0,0.0,0.0,1.0
0,0,2294,390.31798995623626,511.40105898592344,50.0,0.0,0.0,1.0
0,0,2295,389.8651389374469,511.6130164221729,50.0,0.0,0.0,1.0
0,0,2296,389.4122879186575,511.82497385842237,50.0,0.0,0.0,1.0
0,0,2297,388.9594368998682,512.0369312946718,50.0,0.0,0.0,1.0
0,0,2298,388.5065858810788,512.2488887309213,50.0,0.0,0.0,1.0
0,0,2299,388.05373486228945,512.4608461671708,50.0,0.0,0.0,1.0
0,0,2300,387.6008838435001,512.6728036034201,50.0,0.0,0.0,1.0
0,0,2301,387.14803282471075,512.8847610396696,50.0,0.0,0.0,1.0
0,0,2302,386.6951818059214,513.096718475919,50.0,0.0,0.0,1.0
0,0,2303,386.242330787132,513.3086759121685,50.0,0.0,0.0,1.0
0,0,2304,385.7894797683427,513.520633348418,50.0,0.0,0.0,1.0
0,0,2305,385.3366287495533,513.7325907846674,50.0,0.0,0.0,1.0
0,0,2306,384.88377773076394,513.9445482209169,50.0,0.0,0.0,1.0
0,0,2307,384.4309267119746,514.1565056571663,50.0,0.0,0.0,1.0
0,0,2308,383.97807569318525,514.3684630934158,50.0,0.0,0.0,1.0
0,0,2309,383.5252246743959,514.5804205296653,50.0,0.0,0.0,1.0
0,0,2310,383.0723736556065,514.7923779659147,50.0,0.0,0.0,1.0
0,0,2311,382.6195226368172,515.0043354021642,50.0,0.0,0.0,1.0
0,0,2312,382.1666716180278,515.2162928384136,50.0,0.0,0.0,1.0
0,0,2313,381.71382059923843,515.428250274663,50.0,0.0,0.0,1.0
0,0,2314,381.2609695804491,515.6402077109125,50.0,0.0,0.0,1.0
0,0,2315,380.80811856165974,515.8521651471619,50.0,0.0,0.0,1.0
0,0,2316,380.35526754287037,516.0641225834114,50.0,0.0,0.0,1.0
0,0,2317,379.90241652408105,516.2760800196609,50.0,0.0,0.0,1.0
0,0,2318,379.4495655052917,516.4880374559103,50.0,0.0,0.0,1.0
0,0,2319,378.9967144865023,516.6999948921598,50.0,0.0,0.0,1.0
0,0,2320,378.5438634677129,516.9119523284093,50.0,0.0,0.0,1.0
0,0,2321,378.0910124489236,517.1239097646587,50.0,0.0,0.0,1.0
0,0,2322,377.63816143013435,517.3358672009081,50.0,0.0,0.0,1.0
0,0,2323,377.185310411345,517.5478246371575,50.0,0.0,0.0,1.0
0,0,2324,376.7324593925556,517.759782073407,50.0,0.0,0.0,1.0
0,0,2325,376.2796083737663,517.9717395096565,50.0,0.0,0.0,1.0
0,0,2326,375.8267573549769,518.1836969459059,50.0,0.0,0.0,1.0
0,0,2327,375.37390633618753,518.3956543821554,50.0,0.0,0.0,1.0
0,0,2328,374.9210553173982,518.6076118184048,50.0,0.0,0.0,1.0
0,0,2329,374.46820429860884,518.8195692546543,50.0,0.0,0.0,1.0
0,0,2330,374.01535327981946,519.0315266909037,50.0,0.0,0.0,1.0
0,0,2331,373.56250226103015,519.2434841271531,50.0,0.0,0.0,1.0
0,0,2332,373.1096512422408,519.4554415634026,50.0,0.0,0.0,1.0
0,0,2333,372.6568002234514,519.667398999652,50.0,0.0,0.0,1.0
0,0,2334,372.203949204662,519.8793564359015,50.0,0.0,0.0,1.0
0,0,2335,371.7510981858727,520.091313872151,50.0,0.0,0.0,1.0
0,0,2336,371.2803329655398,520.2592226801296,50.0,0.0,0.0,1.0
0,0,2337,370.8080883143101,520.4234937651839,50.0,0.0,0.0,1.0
0,0,2338,370.3358436630804,520.5877648502383,50.0,0.0,0.0,1.0
0,0,2339,369.8635990118507,520.7520359352927,50.0,0.0,0.0,1.0
0,0,2340,369.391354360621,520.9163070203471,50.0,0.0,0.0,1.0
0,0,2341,368.9191097093913,521.0805781054014,50.0,0.0,0.0,1.0
0,0,2342,368.4468650581616,521.2448491904559,50.0,0.0,0.0,1.0
0,0,2343,367.97462040693193,521.4091202755102,50.0,0.0,0.0,1.0
0,0,2344,367.50237575570225,521.5733913605645,50.0,0.0,0.0,1.0
0,0,2345,367.0301311044725,521.737662445619,50.0,0.0,0.0,1.0
0,0,2346,366.5578864532428,521.9019335306733,50.0,0.0,0.0,1.0
0,0,2347,366.08564180201313,522.0662046157277,50.0,0.0,0.0,1.0
0,0,2348,365.61339715078344,522.2304757007821,50.0,0.0,0.0,1.0
0,0,2349,365.14115249955375,522.3947467858364,50.0,0.0,0.0,1.0
0,0,2350,364.66890784832407,522.5590178708908,50.0,0.0,0.0,1.0
0,0,2351,364.1966631970943,522.7232889559452,50.0,0.0,0.0,1.0
0,0,2352,363.72441854586464,522.8875600409996,50.0,0.0,0.0,1.0
0,0,2353,363.25217389463495,523.0518311260539,50.0,0.0,0.0,1.0
0,0,2354,362.77992924340526,523.2161022111084,50.0,0.0,0.0,1.0
0,0,2355,362.3076845921756,523.3803732961627,50.0,0.0,0.0,1.0
0,0,2356,361.83543994094583,523.544644381217,50.0,0.0,0.0,1.0
0,0,2357,361.36319528971615,523.7089154662715,50.0,0.0,0.0,1.0
0,0,2358,360.89095063848646,523.8731865513258,50.0,0.0,0.0,1.0
0,0,2359,360.41870598725677,524.0374576363802,50.0,0.0,0.0,1.0
0,0,2360,359.9464613360271,524.2017287214346,50.0,0.0,0.0,1.0
0,0,2361,359.4742166847974,524.365999806489,50.0,0.0,0.0,1.0
0,0,2362,359.00197203356765,524.5302708915433,50.0,0.0,0.0,1.0
0,0,2363,358.52972738233797,524.6945419765977,50.0,0.0,0.0,1.0
0,0,2364,358.0574827311083,524.8588130616521,50.0,0.0,0.0,1.0
0,0,2365,357.5852380798786,525.0230841467064,50.0,0.0,0.0,1.0
0,0,2366,357.1129934286489,525.1873552317609,50.0,0.0,0.0,1.0
0,0,2367,356.6407487774192,525.3516263168152,50.0,0.0,0.0,1.0
0,0,2368,356.1685041261895,525.5158974018696,50.0,0.0,0.0,1.0
0,0,2369,355.6962594749598,525.680168486924,50.0,0.0,0.0,1.0
0,0,2370,355.2240148237301,525.8444395719783,50.0,0.0,0.0,1.0
0,0,2371,354.7517701725004,526.0087106570327,50.0,0.0,0.0,1.0
0,0,2372,354.2795255212707,526.1729817420871,50.0,0.0,0.0,1.0
0,0,2373,353.80728087004104,526.3372528271415,50.0,0.0,0.0,1.0
0,0,2374,353.3350362188113,526.5015239121958,50.0,0.0,0.0,1.0
0,0,2375,352.8627915675816,526.6657949972503,50.0,0.0,0.0,1.0
0,0,2376,352.3905469163519,526.8300660823046,50.0,0.0,0.0,1.0
0,0,2377,351.9183022651223,526.9943371673589,50.0,0.0,0.0,1.0
0,0,2378,351.44605761389255,527.1586082524134,50.0,0.0,0.0,1.0
0,0,2379,350.97381296266286,527.3228793374677,50.0,0.0,0.0,1.0
0,0,2380,350.5015683114332,527.4871504225221,50.0,0.0,0.0,1.0
0,0,2381,350.0293236602035,527.6514215075765,50.0,0.0,0.0,1.0
0,0,2382,349.5570790089738,527.8156925926309,50.0,0.0,0.0,1.0
0,0,2383,349.0848343577441,527.9799636776852,50.0,0.0,0.0,1.0
0,0,2384,348.61258970651437,528.1442347627396,50.0,0.0,0.0,1.0
0,0,2385,348.1403450552847,528.308505847794,50.0,0.0,0.0,1.0
0,0,2386,347.668100404055,528.4727769328483,50.0,0.0,0.0,1.0
0,0,2387,347.1958557528253,528.6370480179028,50.0,0.0,0.0,1.0
0,0,2388,346.7236111015956,528.8013191029571,50.0,0.0,0.0,1.0
0,0,2389,346.25136645036594,528.9655901880114,50.0,0.0,0.0,1.0
0,0,2390,345.7791217991362,529.1298612730658,50.0,0.0,0.0,1.0
0,0,2391,345.30217796776606,529.2779887400355,50.0,0.0,0.0,1.0
0,0,2392,344.8155459141685,529.3928331757365,50.0,0.0,0.0,1.0
0,0,2393,344.32891386057105,529.5076776114377,50.0,0.0,0.0,1.0
0,0,2394,343.8422818069736,529.6225220471387,50.0,0.0,0.0,1.0
0,0,2395,343.3556497533761,529.7373664828397,50.0,0.0,0.0,1.0
0,0,2396,342.86901769977857,529.8522109185407,50.0,0.0,0.0,1.0
0,0,2397,342.3823856461811,529.9670553542418,50.0,0.0,0.0,1.0
0,0,2398,341.8957535925836,530.0818997899428,50.0,0.0,0.0,1.0
0,0,2399,341.40912153898614,530.1967442256438,50.0,0.0,0.0,1.0
0,0,2400,340.9224894853886,530.3115886613449,50.0,0.0,0.0,1.0
0,0,2401,340.43585743179113,530.4264330970459,50.0,0.0,0.0,1.0
0,0,2402,339.94922537819366,530.5412775327469,50.0,0.0,0.0,1.0
0,0,2403,339.4625933245961,530.6561219684479,50.0,0.0,0.0,1.0
0,0,2404,338.97596127099865,530.770966404149,50.0,0.0,0.0,1.0
0,0,2405,338.4893292174012,530.88581083985,50.0,0.0,0.0,1.0
0,0,2406,338.0026971638037,531.000655275551,50.0,0.0,0.0,1.0
0,0,2407,337.51606511020617,531.1154997112521,50.0,0.0,0.0,1.0
0,0,2408,337.0294330566087,531.2303441469531,50.0,0.0,0.0,1.0
0,0,2409,336.5428010030112,531.3451885826541,50.0,0.0,0.0,1.0
0,0,2410,336.05616894941375,531.4600330183551,50.0,0.0,0.0,1.0
0,0,2411,335.5695368958162,531.5748774540563,50.0,0.0,0.0,1.0
0,0,2412,335.08290484221874,531.6897218897573,50.0,0.0,0.0,1.0
0,0,2413,334.59627278862126,531.8045663254583,50.0,0.0,0.0,1.0
0,0,2414,334.10964073502373,531.9194107611594,50.0,0.0,0.0,1.0
0,0,2415,333.62300868142626,532.0342551968604,50.0,0.0,0.0,1.0
0,0,2416,333.1363766278288,532.1490996325614,50.0,0.0,0.0,1.0
0,0,2417,332.6497445742313,532.2639440682625,50.0,0.0,0.0,1.0
0,0,2418,332.1631125206338,532.3787885039635,50.0,0.0,0.0,1.0
0,0,2419,331.6764804670363,532.4936329396645,50.0,0.0,0.0,1.0
0,0,2420,331.1898484134388,532.6084773753655,50.0,0.0,0.0,1.0
0,0,2421,330.70321635984135,532.7233218110666,50.0,0.0,0.0,1.0
0,0,2422,330.2165843062438,532.8381662467676,50.0,0.0,0.0,1.0
0,0,2423,329.72995225264634,532.9530106824686,50.0,0.0,0.0,1.0
0,0,2424,329.24332019904887,533.0678551181697,50.0,0.0,0.0,1.0
0,0,2425,328.75668814545134,533.1826995538707,50.0,0.0,0.0,1.0
0,0,2426,328.27005609185386,533.2975439895717,50.0,0.0,0.0,1.0
0,0,2427,327.7834240382564,533.4123884252728,50.0,0.0,0.0,1.0
0,0,2428,327.2967919846589,533.5272328609739,50.0,0.0,0.0,1.0
0,0,2429,326.8101599310614,533.6420772966749,50.0,0.0,0.0,1.0
0,0,2430,326.3235278774639,533.7569217323759,50.0,0.0,0.0,1.0
0,0,2431,325.8368958238664,533.871766168077,50.0,0.0,0.0,1.0
0,0,2432,325.35026377026895,533.986610603778,50.0,0.0,0.0,1.0
0,0,2433,324.8636317166715,534.101455039479,50.0,0.0,0.0,1.0
0,0,2434,324.376999663074,534.21629947518,50.0,0.0,0.0,1.0
0,0,2435,323.8903676094765,534.3311439108811,50.0,0.0,0.0,1.0
0,0,2436,323.403735555879,534.4459883465821,50.0,0.0,0.0,1.0
0,0,2437,322.9171035022815,534.5608327822831,50.0,0.0,0.0,1.0
0,0,2438,322.43047144868405,534.6756772179842,50.0,0.0,0.0,1.0
0,0,2439,321.94383939508657,534.7905216536852,50.0,0.0,0.0,1.0
0,0,2440,321.45720734148904,534.9053660893862,50.0,0.0,0.0,1.0
0,0,2441,320.97057528789156,535.0202105250872,50.0,0.0,0.0,1.0
0,0,2442,320.4839432342941,535.1350549607884,50.0,0.0,0.0,1.0
0,0,2443,319.99731118069656,535.2498993964894,50.0,0.0,0.0,1.0
0,0,2444,319.5106791270991,535.3647438321904,50.0,0.0,0.0,1.0
0,0,2445,319.0240470735016,535.4795882678915,50.0,0.0,0.0,1.0
0,0,2446,318.53741501990413,535.5944327035925,50.0,0.0,0.0,1.0
0,0,2447,318.0440493913235,535.6723269152664,50.0,0.0,0.0,1.0
0,0,2448,317.5481880244586,535.7365258626949,50.0,0.0,0.0,1.0
0,0,2449,317.05232665759377,535.8007248101233,50.0,0.0,0.0,1.0
0,0,2450,316.5564652907289,535.8649237575517,50.0,0.0,0.0,1.0
0,0,2451,316.06060392386405,535.92912270498,50.0,0.0,0.0,1.0
0,0,2452,315.5647425569992,535.9933216524084,50.0,0.0,0.0,1.0
0,0,2453,315.06888119013433,536.057520599837,50.0,0.0,0.0,1.0
0,0,2454,314.5730198232695,536.1217195472653,50.0,0.0,0.0,1.0
0,0,2455,314.0771584564047,536.1859184946937,50.0,0.0,0.0,1.0
0,0,2456,313.5812970895398,536.2501174421221,50.0,0.0,0.0,1.0
0,0,2457,313.08543572267496,536.3143163895506,50.0,0.0,0.0,1.0
0,0,2458,312.5895743558101,536.378515336979,50.0,0.0,0.0,1.0
0,0,2459,312.09371298894524,536.4427142844074,50.0,0.0,0.0,1.0
0,0,2460,311.5978516220804,536.5069132318358,50.0,0.0,0.0,1.0
0,0,2461,311.1019902552155,536.5711121792643,50.0,0.0,0.0,1.0
0,0,2462,310.60612888835067,536.6353111266927,50.0,0.0,0.0,1.0
0,0,2463,310.1102675214858,536.6995100741211,50.0,0.0,0.0,1.0
0,0,2464,309.61440615462095,536.7637090215495,50.0,0.0,0.0,1.0
0,0,2465,309.1185447877561,536.8279079689779,50.0,0.0,0.0,1.0
0,0,2466,308.62268342089124,536.8921069164064,50.0,0.0,0.0,1.0
0,0,2467,308.1268220540264,536.9563058638348,50.0,0.0,0.0,1.0
0,0,2468,307.6309606871615,537.0205048112632,50.0,0.0,0.0,1.0
0,0,2469,307.13509932029666,537.0847037586916,50.0,0.0,0.0,1.0
0,0,2470,306.6392379534318,537.1489027061201,50.0,0.0,0.0,1.0
0,0,2471,306.14337658656694,537.2131016535485,50.0,0.0,0.0,1.0
0,0,2472,305.6475152197021,537.2773006009769,50.0,0.0,0.0,1.0
0,0,2473,305.1516538528372,537.3414995484053,50.0,0.0,0.0,1.0
0,0,2474,304.65579248597237,537.4056984958337,50.0,0.0,0.0,1.0
0,0,2475,304.1599311191075,537.4698974432622,50.0,0.0,0.0,1.0
0,0,2476,303.66406975224265,537.5340963906906,50.0,0.0,0.0,1.0
0,0,2477,303.16820838537785,537.598295338119,50.0,0.0,0.0,1.0
0,0,2478,302.672347018513,537.6624942855474,50.0,0.0,0.0,1.0
0,0,2479,302.17648565164814,537.7266932329759,50.0,0.0,0.0,1.0
0,0,2480,301.6806242847833,537.7908921804043,50.0,0.0,0.0,1.0
0,0,2481,301.1847629179184,537.8550911278327,50.0,0.0,0.0,1.0
0,0,2482,300.68890155105356,537.9192900752611,50.0,0.0,0.0,1.0
0,0,2483,300.1930401841887,537.9834890226895,50.0,0.0,0.0,1.0
0,0,2484,299.69717881732385,538.047687970118,50.0,0.0,0.0,1.0
0,0,2485,299.201317450459,538.1118869175464,50.0,0.0,0.0,1.0
0,0,2486,298.70545608359413,538.1760858649748,50.0,0.0,0.0,1.0
0,0,2487,298.20959471672927,538.2402848124032,50.0,0.0,0.0,1.0
0,0,2488,297.7137333498644,538.3044837598317,50.0,0.0,0.0,1.0
0,0,2489,297.21787198299955,538.3686827072601,50.0,0.0,0.0,1.0
0,0,2490,296.7220106161347,538.4328816546885,50.0,0.0,0.0,1.0
0,0,2491,296.22614924926984,538.4970806021169,50.0,0.0,0.0,1.0
0,0,2492,295.730287882405,538.5612795495452,50.0,0.0,0.0,1.0
0,0,2493,295.2344265155401,538.6254784969738,50.0,0.0,0.0,1.0
0,0,2494,294.73856514867526,538.6896774444022,50.0,0.0,0.0,1.0
0,0,2495,294.2427037818104,538.7538763918305,50.0,0.0,0.0,1.0
0,0,2496,293.7468424149456,538.8180753392589,50.0,0.0,0.0,1.0
0,0,2497,293.25098104808075,538.8822742866874,50.0,0.0,0.0,1.0
0,0,2498,292.7551196812159,538.9464732341158,50.0,0.0,0.0,1.0
0,0,2499,292.25925831435103,539.0106721815442,50.0,0.0,0.0,1.0
0,0,2500,291.76339694748617,539.0748711289726,50.0,0.0,0.0,1.0
0,0,2501,291.2675355806213,539.139070076401,50.0,0.0,0.0,1.0
0,0,2502,290.77114784141713,539.1964688911914,50.0,0.0,0.0,1.0
0,0,2503,290.27131361012005,539.2093429435315,50.0,0.0,0.0,1.0
0,0,2504,289.77147937882296,539.2222169958715,50.0,0.0,0.0,1.0
0,0,2505,289.2716451475259,539.2350910482115,50.0,0.0,0.0,1.0
0,0,2506,288.7718109162288,539.2479651005516,50.0,0.0,0.0,1.0
0,0,2507,288.2719766849317,539.2608391528917,50.0,0.0,0.0,1.0
0,0,2508,287.7721424536347,539.2737132052316,50.0,0.0,0.0,1.0
0,0,2509,287.2723082223376,539.2865872575717,50.0,0.0,0.0,1.0
0,0,2510,286.7724739910405,539.2994613099117,50.0,0.0,0.0,1.0
0,0,2511,286.2726397597434,539.3123353622518,50.0,0.0,0.0,1.0
0,0,2512,285.7728055284463,539.3252094145919,50.0,0.0,0.0,1.0
0,0,2513,285.27297129714924,539.3380834669318,50.0,0.0,0.0,1.0
0,0,2514,284.77313706585215,539.3509575192719,50.0,0.0,0.0,1.0
0,0,2515,284.27330283455507,539.363831571612,50.0,0.0,0.0,1.0
0,0,2516,283.773468603258,539.376705623952,50.0,0.0,0.0,1.0
0,0,2517,283.2736343719609,539.389579676292,50.0,0.0,0.0,1.0
0,0,2518,282.7738001406638,539.402453728632,50.0,0.0,0.0,1.0
0,0,2519,282.2739659093667,539.4153277809721,50.0,0.0,0.0,1.0
0,0,2520,281.77413167806964,539.4282018333122,50.0,0.0,0.0,1.0
0,0,2521,281.27429744677255,539.4410758856523,50.0,0.0,0.0,1.0
0,0,2522,280.77446321547546,539.4539499379922,50.0,0.0,0.0,1.0
0,0,2523,280.2746289841784,539.4668239903323,50.0,0.0,0.0,1.0
0,0,2524,279.7747947528813,539.4796980426723,50.0,0.0,0.0,1.0
0,0,2525,279.2749605215842,539.4925720950124,50.0,0.0,0.0,1.0
0,0,2526,278.7751262902872,539.5054461473524,50.0,0.0,0.0,1.0
0,0,2527,278.2752920589901,539.5183201996924,50.0,0.0,0.0,1.0
0,0,2528,277.775457827693,539.5311942520325,50.0,0.0,0.0,1.0
0,0,2529,277.2756235963959,539.5440683043726,50.0,0.0,0.0,1.0
0,0,2530,276.77578936509883,539.5569423567126,50.0,0.0,0.0,1.0
0,0,2531,276.27595513380174,539.5698164090526,50.0,0.0,0.0,1.0
0,0,2532,275.77612090250466,539.5826904613926,50.0,0.0,0.0,1.0
0,0,2533,275.2762866712076,539.5955645137327,50.0,0.0,0.0,1.0
0,0,2534,274.7764524399105,539.6084385660728,50.0,0.0,0.0,1.0
0,0,2535,274.2766182086134,539.6213126184128,50.0,0.0,0.0,1.0
0,0,2536,273.7767839773163,539.6341866707528,50.0,0.0,0.0,1.0
0,0,2537,273.2769497460192,539.6470607230929,50.0,0.0,0.0,1.0
0,0,2538,272.77711551472214,539.6599347754329,50.0,0.0,0.0,1.0
0,0,2539,272.27728128342505,539.672808827773,50.0,0.0,0.0,1.0
0,0,2540,271.77744705212797,539.685682880113,50.0,0.0,0.0,1.0
0,0,2541,271.2776128208309,539.698556932453,50.0,0.0,0.0,1.0
0,0,2542,270.7777785895338,539.7114309847931,50.0,0.0,0.0,1.0
0,0,2543,270.27794435823677,539.7243050371331,50.0,0.0,0.0,1.0
0,0,2544,269.77811012693957,539.7371790894732,50.0,0.0,0.0,1.0
0,0,2545,269.2782758956425,539.7500531418132,50.0,0.0,0.0,1.0
0,0,2546,268.7784416643454,539.7629271941532,50.0,0.0,0.0,1.0
0,0,2547,268.2786074330483,539.7758012464933,50.0,0.0,0.0,1.0
0,0,2548,267.7787732017512,539.7886752988334,50.0,0.0,0.0,1.0
0,0,2549,267.27893897045413,539.8015493511733,50.0,0.0,0.0,1.0
0,0,2550,266.77910473915705,539.8144234035134,50.0,0.0,0.0,1.0
0,0,2551,266.27927050785996,539.8272974558535,50.0,0.0,0.0,1.0
0,0,2552,265.7794362765629,539.8401715081935,50.0,0.0,0.0,1.0
0,0,2553,265.2796020452658,539.8530455605336,50.0,0.0,0.0,1.0
0,0,2554,264.7797678139687,539.8659196128735,50.0,0.0,0.0,1.0
0,0,2555,264.2799335826716,539.8787936652136,50.0,0.0,0.0,1.0
0,0,2556,263.78009935137453,539.8916677175537,50.0,0.0,0.0,1.0
0,0,2557,263.28026512007744,539.9045417698937,50.0,0.0,0.0,1.0
0,0,2558,262.7811406221818,539.889860594903,50.0,0.0,0.0,1.0
0,0,2559,262.28263189009544,539.8512724615758,50.0,0.0,0.0,1.0
0,0,2560,261.7841231580091,539.8126843282488,50.0,0.0,0.0,1.0
0,0,2561,261.28561442592274,539.7740961949216,50.0,0.0,0.0,1.0
0,0,2562,260.7871056938364,539.7355080615946,50.0,0.0,0.0,1.0
0,0,2563,260.2885969617501,539.6969199282674,50.0,0.0,0.0,1.0
0,0,2564,259.79008822966375,539.6583317949404,50.0,0.0,0.0,1.0
0,0,2565,259.2915794975774,539.6197436616133,50.0,0.0,0.0,1.0
0,0,2566,258.79307076549105,539.5811555282862,50.0,0.0,0.0,1.0
0,0,2567,258.2945620334047,539.5425673949591,50.0,0.0,0.0,1.0
0,0,2568,257.7960533013184,539.503979261632,50.0,0.0,0.0,1.0
0,0,2569,257.29754456923206,539.4653911283049,50.0,0.0,0.0,1.0
0,0,2570,256.7990358371457,539.4268029949778,50.0,0.0,0.0,1.0
0,0,2571,256.30052710505936,539.3882148616507,50.0,0.0,0.0,1.0
0,0,2572,255.802018372973,539.3496267283236,50.0,0.0,0.0,1.0
0,0,2573,255.3035096408867,539.3110385949965,50.0,0.0,0.0,1.0
0,0,2574,254.80500090880034,539.2724504616695,50.0,0.0,0.0,1.0
0,0,2575,254.30649217671402,539.2338623283423,50.0,0.0,0.0,1.0
0,0,2576,253.80798344462767,539.1952741950153,50.0,0.0,0.0,1.0
0,0,2577,253.30947471254132,539.1566860616881,50.0,0.0,0.0,1.0
0,0,2578,252.810965980455,539.1180979283611,50.0,0.0,0.0,1.0
0,0,2579,252.31245724836864,539.0795097950339,50.0,0.0,0.0,1.0
0,0,2580,251.8139485162823,539.0409216617069,50.0,0.0,0.0,1.0
0,0,2581,251.31543978419597,539.0023335283797,50.0,0.0,0.0,1.0
0,0,2582,250.81693105210962,538.9637453950527,50.0,0.0,0.0,1.0
0,0,2583,250.31842232002327,538.9251572617255,50.0,0.0,0.0,1.0
0,0,2584,249.81991358793695,538.8865691283985,50.0,0.0,0.0,1.0
0,0,2585,249.3214048558506,538.8479809950713,50.0,0.0,0.0,1.0
0,0,2586,248.82289612376425,538.8093928617443,50.0,0.0,0.0,1.0
0,0,2587,248.32438739167793,538.7708047284171,50.0,0.0,0.0,1.0
0,0,2588,247.82587865959158,538.7322165950901,50.0,0.0,0.0,1.0
0,0,2589,247.32736992750526,538.693628461763,50.0,0.0,0.0,1.0
0,0,2590,246.8288611954189,538.6550403284359,50.0,0.0,0.0,1.0
0,0,2591,246.33035246333256,538.6164521951088,50.0,0.0,0.0,1.0
0,0,2592,245.83184373124624,538.5778640617817,50.0,0.0,0.0,1.0
0,0,2593,245.3333349991599,538.5392759284546,50.0,0.0,0.0,1.0
0,0,2594,244.83482626707354,538.5006877951275,50.0,0.0,0.0,1.0
0,0,2595,244.33631753498722,538.4620996618004,50.0,0.0,0.0,1.0
0,0,2596,243.83780880290087,538.4235115284732,50.0,0.0,0.0,1.0
0,0,2597,243.33930007081452,538.3849233951462,50.0,0.0,0.0,1.0
0,0,2598,242.8407913387282,538.346335261819,50.0,0.0,0.0,1.0
0,0,2599,242.34228260664185,538.307747128492,50.0,0.0,0.0,1.0
0,0,2600,241.84377387455547,538.2691589951648,50.0,0.0,0.0,1.0
0,0,2601,241.34526514246912,538.2305708618378,50.0,0.0,0.0,1.0
0,0,2602,240.84675641038277,538.1919827285107,50.0,0.0,0.0,1.0
0,0,2603,240.34824767829645,538.1533945951836,50.0,0.0,0.0,1.0
0,0,2604,239.8497389462101,538.1148064618565,50.0,0.0,0.0,1.0
0,0,2605,239.35123021412375,538.0762183285294,50.0,0.0,0.0,1.0
0,0,2606,238.85272148203742,538.0376301952023,50.0,0.0,0.0,1.0
0,0,2607,238.35421274995107,537.9990420618752,50.0,0.0,0.0,1.0
0,0,2608,237.85570401786475,537.9604539285481,50.0,0.0,0.0,1.0
0,0,2609,237.3571952857784,537.921865795221,50.0,0.0,0.0,1.0
0,0,2610,236.85868655369205,537.8832776618939,50.0,0.0,0.0,1.0
0,0,2611,236.36017782160573,537.8446895285668,50.0,0.0,0.0,1.0
0,0,2612,235.86166908951938,537.8061013952397,50.0,0.0,0.0,1.0
0,0,2613,235.36316035743303,537.7675132619127,50.0,0.0,0.0,1.0
0,0,2614,234.87085436848145,537.6810167035827,50.0,0.0,0.0,1.0
0,0,2615,234.37895546153655,537.5913759464104,50.0,0.0,0.0,1.0
0,0,2616,233.88705655459165,537.5017351892382,50.0,0.0,0.0,1.0
0,0,2617,233.39515764764673,537.4120944320659,50.0,0.0,0.0,1.0
0,0,2618,232.90325874070183,537.3224536748937,50.0,0.0,0.0,1.0
0,0,2619,232.41135983375693,537.2328129177215,50.0,0.0,0.0,1.0
0,0,2620,231.91946092681204,537.1431721605493,50.0,0.0,0.0,1.0
0,0,2621,231.42756201986714,537.053531403377,50.0,0.0,0.0,1.0
0,0,2622,230.93566311292224,536.9638906462047,50.0,0.0,0.0,1.0
0,0,2623,230.44376420597735,536.8742498890325,50.0,0.0,0.0,1.0
0,0,2624,229.95186529903245,536.7846091318603,50.0,0.0,0.0,1.0
0,0,2625,229.45996639208752,536.6949683746881,50.0,0.0,0.0,1.0
0,0,2626,228.96806748514263,536.6053276175159,50.0,0.0,0.0,1.0
0,0,2627,228.47616857819773,536.5156868603436,50.0,0.0,0.0,1.0
0,0,2628,227.98426967125283,536.4260461031713,50.0,0.0,0.0,1.0
0,0,2629,227.49237076430794,536.3364053459991,50.0,0.0,0.0,1.0
0,0,2630,227.00047185736304,536.2467645888269,50.0,0.0,0.0,1.0
0,0,2631,226.50857295041814,536.1571238316546,50.0,0.0,0.0,1.0
0,0,2632,226.01667404347324,536.0674830744824,50.0,0.0,0.0,1.0
0,0,2633,225.52477513652832,535.9778423173102,50.0,0.0,0.0,1.0
0,0,2634,225.03287622958342,535.8882015601379,50.0,0.0,0.0,1.0
0,0,2635,224.54097732263853,535.7985608029657,50.0,0.0,0.0,1.0
0,0,2636,224.04907841569363,535.7089200457934,50.0,0.0,0.0,1.0
0,0,2637,223.55717950874873,535.6192792886212,50.0,0.0,0.0,1.0
0,0,2638,223.06528060180383,535.529638531449,50.0,0.0,0.0,1.0
0,0,2639,222.57338169485894,535.4399977742768,50.0,0.0,0.0,1.0
0,0,2640,222.081482787914,535.3503570171044,50.0,0.0,0.0,1.0
0,0,2641,221.58958388096912,535.2607162599322,50.0,0.0,0.0,1.0
0,0,2642,221.09768497402422,535.17107550276,50.0,0.0,0.0,1.0
0,0,2643,220.60578606707932,535.0814347455878,50.0,0.0,0.0,1.0
0,0,2644,220.11388716013442,534.9917939884156,50.0,0.0,0.0,1.0
0,0,2645,219.62198825318953,534.9021532312433,50.0,0.0,0.0,1.0
0,0,2646,219.13008934624463,534.812512474071,50.0,0.0,0.0,1.0
0,0,2647,218.63819043929973,534.7228717168988,50.0,0.0,0.0,1.0
0,0,2648,218.1462915323548,534.6332309597266,50.0,0.0,0.0,1.0
0,0,2649,217.6543926254099,534.5435902025544,50.0,0.0,0.0,1.0
0,0,2650,217.16249371846502,534.4539494453821,50.0,0.0,0.0,1.0
0,0,2651,216.67059481152012,534.3643086882099,50.0,0.0,0.0,1.0
0,0,2652,216.17869590457522,534.2746679310376,50.0,0.0,0.0,1.0
0,0,2653,215.68679699763032,534.1850271738654,50.0,0.0,0.0,1.0
0,0,2654,215.19489809068543,534.0953864166931,50.0,0.0,0.0,1.0
0,0,2655,214.70299918374047,534.0057456595209,50.0,0.0,0.0,1.0
0,0,2656,214.21110027679558,533.9161049023487,50.0,0.0,0.0,1.0
0,0,2657,213.71920136985068,533.8264641451765,50.0,0.0,0.0,1.0
0,0,2658,213.22730246290578,533.7368233880042,50.0,0.0,0.0,1.0
0,0,2659,212.7354035559609,533.6471826308319,50.0,0.0,0.0,1.0
0,0,2660,212.243504649016,533.5575418736597,50.0,0.0,0.0,1.0
0,0,2661,211.7516057420711,533.4679011164875,50.0,0.0,0.0,1.0
0,0,2662,211.2597068351262,533.3782603593153,50.0,0.0,0.0,1.0
0,0,2663,210.76780792818127,533.2886196021431,50.0,0.0,0.0,1.0
0,0,2664,210.27590902123637,533.1989788449707,50.0,0.0,0.0,1.0
0,0,2665,209.78401011429148,533.1093380877985,50.0,0.0,0.0,1.0
0,0,2666,209.29211120734658,533.0196973306263,50.0,0.0,0.0,1.0
0,0,2667,208.80021230040168,532.9300565734541,50.0,0.0,0.0,1.0
0,0,2668,208.30831339345679,532.8404158162818,50.0,0.0,0.0,1.0
0,0,2669,207.8204503511321,532.7336737682459,50.0,0.0,0.0,1.0
0,0,2670,207.34037540823402,532.5939309716466,50.0,0.0,0.0,1.0
0,0,2671,206.86030046533594,532.4541881750473,50.0,0.0,0.0,1.0
0,0,2672,206.38022552243785,532.314445378448,50.0,0.0,0.0,1.0
0,0,2673,205.90015057953977,532.1747025818486,50.0,0.0,0.0,1.0
0,0,2674,205.42007563664168,532.0349597852493,50.0,0.0,0.0,1.0
0,0,2675,204.9400006937436,531.89521698865,50.0,0.0,0.0,1.0
0,0,2676,204.4599257508455,531.7554741920507,50.0,0.0,0.0,1.0
0,0,2677,203.97985080794746,531.6157313954513,50.0,0.0,0.0,1.0
0,0,2678,203.49977586504937,531.4759885988519,50.0,0.0,0.0,1.0
0,0,2679,203.0197009221513,531.3362458022526,50.0,0.0,0.0,1.0
0,0,2680,202.5396259792532,531.1965030056533,50.0,0.0,0.0,1.0
0,0,2681,202.05955103635512,531.056760209054,50.0,0.0,0.0,1.0
0,0,2682,201.57947609345703,530.9170174124547,50.0,0.0,0.0,1.0
0,0,2683,201.09940115055895,530.7772746158553,50.0,0.0,0.0,1.0
0,0,2684,200.61932620766086,530.637531819256,50.0,0.0,0.0,1.0
0,0,2685,200.13925126476278,530.4977890226567,50.0,0.0,0.0,1.0
0,0,2686,199.6591763218647,530.3580462260574,50.0,0.0,0.0,1.0
0,0,2687,199.1791013789666,530.218303429458,50.0,0.0,0.0,1.0
0,0,2688,198.69902643606852,530.0785606328586,50.0,0.0,0.0,1.0
0,0,2689,198.21895149317044,529.9388178362593,50.0,0.0,0.0,1.0
0,0,2690,197.73887655027235,529.79907503966,50.0,0.0,0.0,1.0
0,0,2691,197.25880160737427,529.6593322430607,50.0,0.0,0.0,1.0
0,0,2692,196.77872666447618,529.5195894464614,50.0,0.0,0.0,1.0
0,0,2693,196.2986517215781,529.379846649862,50.0,0.0,0.0,1.0
0,0,2694,195.81857677868,529.2401038532627,50.0,0.0,0.0,1.0
0,0,2695,195.33850183578193,529.1003610566634,50.0,0.0,0.0,1.0
0,0,2696,194.85842689288387,528.960618260064,50.0,0.0,0.0,1.0
0,0,2697,194.37835194998578,528.8208754634647,50.0,0.0,0.0,1.0
0,0,2698,193.8982770070877,528.6811326668653,50.0,0.0,0.0,1.0
0,0,2699,193.41820206418961,528.541389870266,50.0,0.0,0.0,1.0
0,0,2700,192.93812712129153,528.4016470736667,50.0,0.0,0.0,1.0
0,0,2701,192.45805217839344,528.2619042770674,50.0,0.0,0.0,1.0
0,0,2702,191.97797723549536,528.1221614804681,50.0,0.0,0.0,1.0
0,0,2703,191.49790229259727,527.9824186838687,50.0,0.0,0.0,1.0
0,0,2704,191.0178273496992,527.8426758872694,50.0,0.0,0.0,1.0
0,0,2705,190.5377524068011,527.7029330906701,50.0,0.0,0.0,1.0
0,0,2706,190.05767746390302,527.5631902940708,50.0,0.0,0.0,1.0
0,0,2707,189.57760252100493,527.4234474974714,50.0,0.0,0.0,1.0
0,0,2708,189.09752757810685,527.283704700872,50.0,0.0,0.0,1.0
0,0,2709,188.61745263520876,527.1439619042727,50.0,0.0,0.0,1.0
0,0,2710,188.13737769231068,527.0042191076734,50.0,0.0,0.0,1.0
0,0,2711,187.65730274941262,526.8644763110741,50.0,0.0,0.0,1.0
0,0,2712,187.17722780651454,526.7247335144748,50.0,0.0,0.0,1.0
0,0,2713,186.69715286361645,526.5849907178754,50.0,0.0,0.0,1.0
0,0,2714,186.21707792071837,526.4452479212761,50.0,0.0,0.0,1.0
0,0,2715,185.73700297782028,526.3055051246768,50.0,0.0,0.0,1.0
0,0,2716,185.2569280349222,526.1657623280774,50.0,0.0,0.0,1.0
0,0,2717,184.7768530920241,526.0260195314781,50.0,0.0,0.0,1.0
0,0,2718,184.29677814912603,525.8862767348787,50.0,0.0,0.0,1.0
0,0,2719,183.81670320622794,525.7465339382794,50.0,0.0,0.0,1.0
0,0,2720,183.33662826332989,525.6067911416801,50.0,0.0,0.0,1.0
0,0,2721,182.8565533204318,525.4670483450808,50.0,0.0,0.0,1.0
0,0,2722,182.37647837753372,525.3273055484815,50.0,0.0,0.0,1.0
0,0,2723,181.89640343463563,525.1875627518821,50.0,0.0,0.0,1.0
0,0,2724,181.41632849173754,525.0478199552828,50.0,0.0,0.0,1.0
0,0,2725,180.9488414941328,524.8718894851598,50.0,0.0,0.0,1.0
0,0,2726,180.48567946200296,524.6835256563779,50.0,0.0,0.0,1.0
0,0,2727,180.02251742987312,524.4951618275961,50.0,0.0,0.0,1.0
0,0,2728,179.55935539774327,524.3067979988143,50.0,0.0,0.0,1.0
0,0,2729,179.09619336561343,524.1184341700324,50.0,0.0,0.0,1.0
0,0,2730,178.6330313334836,523.9300703412506,50.0,0.0,0.0,1.0
0,0,2731,178.16986930135374,523.7417065124688,50.0,0.0,0.0,1.0
0,0,2732,177.7067072692239,523.5533426836869,50.0,0.0,0.0,1.0
0,0,2733,177.24354523709405,523.3649788549051,50.0,0.0,0.0,1.0
0,0,2734,176.78038320496424,523.1766150261233,50.0,0.0,0.0,1.0
0,0,2735,176.3172211728344,522.9882511973414,50.0,0.0,0.0,1.0
0,0,2736,175.85405914070455,522.7998873685596,50.0,0.0,0.0,1.0
0,0,2737,175.3908971085747,522.6115235397777,50.0,0.0,0.0,1.0
0,0,2738,174.92773507644486,522.423159710996,50.0,0.0,0.0,1.0
0,0,2739,174.46457304431502,522.234795882214,50.0,0.0,0.0,1.0
0,0,2740,174.00141101218517,522.0464320534322,50.0,0.0,0.0,1.0
0,0,2741,173.53824898005533,521.8580682246504,50.0,0.0,0.0,1.0
0,0,2742,173.07508694792548,521.6697043958685,50.0,0.0,0.0,1.0
0,0,2743,172.61192491579564,521.4813405670867,50.0,0.0,0.0,1.0
0,0,2744,172.1487628836658,521.2929767383049,50.0,0.0,0.0,1.0
0,0,2745,171.68560085153595,521.104612909523,50.0,0.0,0.0,1.0
0,0,2746,171.2224388194061,520.9162490807412,50.0,0.0,0.0,1.0
0,0,2747,170.75927678727626,520.7278852519594,50.0,0.0,0.0,1.0
0,0,2748,170.29611475514642,520.5395214231775,50.0,0.0,0.0,1.0
0,0,2749,169.83295272301658,520.3511575943957,50.0,0.0,0.0,1.0
0,0,2750,169.36979069088673,520.1627937656139,50.0,0.0,0.0,1.0
0,0,2751,168.9066286587569,519.974429936832,50.0,0.0,0.0,1.0
0,0,2752,168.44346662662704,519.7860661080501,50.0,0.0,0.0,1.0
0,0,2753,167.9803045944972,519.5977022792683,50.0,0.0,0.0,1.0
0,0,2754,167.51714256236735,519.4093384504865,50.0,0.0,0.0,1.0
0,0,2755,167.0539805302375,519.2209746217046,50.0,0.0,0.0,1.0
0,0,2756,166.59081849810767,519.0326107929228,50.0,0.0,0.0,1.0
0,0,2757,166.12765646597782,518.844246964141,50.0,0.0,0.0,1.0
0,0,2758,165.66449443384798,518.6558831353591,50.0,0.0,0.0,1.0
0,0,2759,165.20133240171813,518.4675193065773,50.0,0.0,0.0,1.0
0,0,2760,164.7381703695883,518.2791554777955,50.0,0.0,0.0,1.0
0,0,2761,164.27500833745844,518.0907916490136,50.0,0.0,0.0,1.0
0,0,2762,163.8118463053286,517.9024278202318,50.0,0.0,0.0,1.0
0,0,2763,163.34868427319876,517.71406399145,50.0,0.0,0.0,1.0
0,0,2764,162.8855222410689,517.5257001626682,50.0,0.0,0.0,1.0
0,0,2765,162.42236020893907,517.3373363338862,50.0,0.0,0.0,1.0
0,0,2766,161.95919817680925,517.1489725051044,50.0,0.0,0.0,1.0
0,0,2767,161.4960361446794,516.9606086763226,50.0,0.0,0.0,1.0
0,0,2768,161.03287411254956,516.7722448475407,50.0,0.0,0.0,1.0
0,0,2769,160.56971208041972,516.5838810187589,50.0,0.0,0.0,1.0
0,0,2770,160.10655004828988,516.3955171899771,50.0,0.0,0.0,1.0
0,0,2771,159.64338801616003,516.2071533611953,50.0,0.0,0.0,1.0
0,0,2772,159.1802259840302,516.0187895324134,50.0,0.0,0.0,1.0
0,0,2773,158.71706395190034,515.8304257036316,50.0,0.0,0.0,1.0
0,0,2774,158.2539019197705,515.6420618748498,50.0,0.0,0.0,1.0
0,0,2775,157.79073988764065,515.4536980460679,50.0,0.0,0.0,1.0
0,0,2776,157.3275778555108,515.2653342172861,50.0,0.0,0.0,1.0
0,0,2777,156.86441582338097,515.0769703885043,50.0,0.0,0.0,1.0
0,0,2778,156.40125379125112,514.8886065597223,50.0,0.0,0.0,1.0
0,0,2779,155.93809175912128,514.7002427309405,50.0,0.0,0.0,1.0
0,0,2780,155.47814265831425,514.5050143955459,50.0,0.0,0.0,1.0
0,0,2781,155.0368030729768,514.2700263736934,50.0,0.0,0.0,1.0
0,0,2782,154.5954634876393,514.035038351841,50.0,0.0,0.0,1.0
0,0,2783,154.15412390230182,513.8000503299885,50.0,0.0,0.0,1.0
0,0,2784,153.71278431696436,513.565062308136,50.0,0.0,0.0,1.0
0,0,2785,153.27144473162687,513.3300742862835,50.0,0.0,0.0,1.0
0,0,2786,152.8301051462894,513.095086264431,50.0,0.0,0.0,1.0
0,0,2787,152.38876556095192,512.8600982425785,50.0,0.0,0.0,1.0
0,0,2788,151.94742597561446,512.625110220726,50.0,0.0,0.0,1.0
0,0,2789,151.50608639027698,512.3901221988735,50.0,0.0,0.0,1.0
0,0,2790,151.06474680493952,512.1551341770211,50.0,0.0,0.0,1.0
0,0,2791,150.62340721960203,511.92014615516854,50.0,0.0,0.0,1.0
0,0,2792,150.18206763426457,511.68515813331607,50.0,0.0,0.0,1.0
0,0,2793,149.74072804892708,511.4501701114636,50.0,0.0,0.0,1.0
0,0,2794,149.2993884635896,511.2151820896111,50.0,0.0,0.0,1.0
0,0,2795,148.85804887825213,510.9801940677586,50.0,0.0,0.0,1.0
0,0,2796,148.41670929291465,510.7452060459061,50.0,0.0,0.0,1.0
0,0,2797,147.9753697075772,510.51021802405364,50.0,0.0,0.0,1.0
0,0,2798,147.5340301222397,510.27523000220117,50.0,0.0,0.0,1.0
0,0,2799,147.09269053690224,510.04024198034864,50.0,0.0,0.0,1.0
0,0,2800,146.65135095156475,509.80525395849617,50.0,0.0,0.0,1.0
0,0,2801,146.2100113662273,509.5702659366437,50.0,0.0,0.0,1.0
0,0,2802,145.7686717808898,509.33527791479116,50.0,0.0,0.0,1.0
0,0,2803,145.32733219555234,509.1002898929387,50.0,0.0,0.0,1.0
0,0,2804,144.88599261021486,508.8653018710862,50.0,0.0,0.0,1.0
0,0,2805,144.44465302487737,508.63031384923374,50.0,0.0,0.0,1.0
0,0,2806,144.0033134395399,508.3953258273812,50.0,0.0,0.0,1.0
0,0,2807,143.56197385420242,508.16033780552874,50.0,0.0,0.0,1.0
0,0,2808,143.12063426886496,507.92534978367627,50.0,0.0,0.0,1.0
0,0,2809,142.67929468352747,507.6903617618238,50.0,0.0,0.0,1.0
0,0,2810,142.23795509819,507.45537373997126,50.0,0.0,0.0,1.0
0,0,2811,141.79661551285253,507.2203857181188,50.0,0.0,0.0,1.0
0,0,2812,141.35527592751507,506.9853976962663,50.0,0.0,0.0,1.0
0,0,2813,140.91393634217758,506.7504096744138,50.0,0.0,0.0,1.0
0,0,2814,140.47259675684012,506.5154216525613,50.0,0.0,0.0,1.0
0,0,2815,140.03125717150263,506.28043363070884,50.0,0.0,0.0,1.0
0,0,2816,139.58991758616514,506.04544560885637,50.0,0.0,0.0,1.0
0,0,2817,139.14857800082768,505.81045758700384,50.0,0.0,0.0,1.0
0,0,2818,138.7072384154902,505.57546956515137,50.0,0.0,0.0,1.0
0,0,2819,138.26589883015274,505.3404815432989,50.0,0.0,0.0,1.0
0,0,2820,137.82455924481525,505.1054935214464,50.0,0.0,0.0,1.0
0,0,2821,137.3832196594778,504.8705054995939,50.0,0.0,0.0,1.0
0,0,2822,136.9418800741403,504.6355174777414,50.0,0.0,0.0,1.0
0,0,2823,136.50054048880284,504.40052945588894,50.0,0.0,0.0,1.0
0,0,2824,136.05920090346535,504.16554143403647,50.0,0.0,0.0,1.0
0,0,2825,135.6178613181279,503.93055341218394,50.0,0.0,0.0,1.0
0,0,2826,135.1765217327904,503.69556539033147,50.0,0.0,0.0,1.0
0,0,2827,134.73518214745295,503.460577368479,50.0,0.0,0.0,1.0
0,0,2828,134.29384256211546,503.22558934662646,50.0,0.0,0.0,1.0
0,0,2829,133.852502976778,502.990601324774,50.0,0.0,0.0,1.0
0,0,2830,133.4111633914405,502.7556133029215,50.0,0.0,0.0,1.0
0,0,2831,132.96982380610302,502.52062528106904,50.0,0.0,0.0,1.0
0,0,2832,132.52848422076556,502.2856372592165,50.0,0.0,0.0,1.0
0,0,2833,132.08714463542807,502.05064923736404,50.0,0.0,0.0,1.0
0,0,2834,131.64580505009062,501.81566121551157,50.0,0.0,0.0,1.0
0,0,2835,131.20446546475313,501.5806731936591,50.0,0.0,0.0,1.0
0,0,2836,130.7777068399218,501.3214026337103,50.0,0.0,0.0,1.0
0,0,2837,130.36286845414418,501.0422805928654,50.0,0.0,0.0,1.0
0,0,2838,129.94803006836656,500.7631585520205,50.0,0.0,0.0,1.0
0,0,2839,129.53319168258895,500.4840365111756,50.0,0.0,0.0,1.0
0,0,2840,129.11835329681134,500.20491447033066,50.0,0.0,0.0,1.0
0,0,2841,128.70351491103372,499.9257924294858,50.0,0.0,0.0,1.0
0,0,2842,128.2886765252561,499.64667038864087,50.0,0.0,0.0,1.0
0,0,2843,127.87383813947851,499.367548347796,50.0,0.0,0.0,1.0
0,0,2844,127.4589997537009,499.0884263069511,50.0,0.0,0.0,1.0
0,0,2845,127.04416136792328,498.80930426610615,50.0,0.0,0.0,1.0
0,0,2846,126.62932298214567,498.5301822252613,50.0,0.0,0.0,1.0
0,0,2847,126.21448459636805,498.25106018441636,50.0,0.0,0.0,1.0
0,0,2848,125.79964621059044,497.97193814357144,50.0,0.0,0.0,1.0
0,0,2849,125.38480782481284,497.69281610272657,50.0,0.0,0.0,1.0
0,0,2850,124.96996943903522,497.41369406188164,50.0,0.0,0.0,1.0
0,0,2851,124.55513105325761,497.1345720210367,50.0,0.0,0.0,1.0
0,0,2852,124.14029266748,496.85544998019185,50.0,0.0,0.0,1.0
0,0,2853,123.72545428170238,496.5763279393469,50.0,0.0,0.0,1.0
0,0,2854,123.31061589592477,496.297205898502,50.0,0.0,0.0,1.0
0,0,2855,122.89577751014716,496.01808385765713,50.0,0.0,0.0,1.0
0,0,2856,122.48093912436954,495.7389618168122,50.0,0.0,0.0,1.0
0,0,2857,122.06610073859193,495.45983977596734,50.0,0.0,0.0,1.0
0,0,2858,121.65126235281431,495.1807177351224,50.0,0.0,0.0,1.0
0,0,2859,121.2364239670367,494.9015956942775,50.0,0.0,0.0,1.0
0,0,2860,120.82158558125909,494.6224736534326,50.0,0.0,0.0,1.0
0,0,2861,120.40674719548147,494.3433516125877,50.0,0.0,0.0,1.0
0,0,2862,119.99190880970387,494.06422957174277,50.0,0.0,0.0,1.0
0,0,2863,119.57707042392626,493.7851075308979,50.0,0.0,0.0,1.0
0,0,2864,119.16223203814864,493.505985490053,50.0,0.0,0.0,1.0
0,0,2865,118.74739365237103,493.22686344920805,50.0,0.0,0.0,1.0
0,0,2866,118.33255526659342,492.9477414083632,50.0,0.0,0.0,1.0
0,0,2867,117.9177168808158,492.66861936751826,50.0,0.0,0.0,1.0
0,0,2868,117.50287849503819,492.38949732667334,50.0,0.0,0.0,1.0
0,0,2869,117.08804010926058,492.11037528582847,50.0,0.0,0.0,1.0
0,0,2870,116.67320172348296,491.83125324498354,50.0,0.0,0.0,1.0
0,0,2871,116.25836333770535,491.5521312041386,50.0,0.0,0.0,1.0
0,0,2872,115.84352495192775,491.27300916329375,50.0,0.0,0.0,1.0
0,0,2873,115.42868656615013,490.9938871224488,50.0,0.0,0.0,1.0
0,0,2874,115.01384818037252,490.71476508160396,50.0,0.0,0.0,1.0
0,0,2875,114.5990097945949,490.43564304075903,50.0,0.0,0.0,1.0
0,0,2876,114.18417140881729,490.1565209999141,50.0,0.0,0.0,1.0
0,0,2877,113.76933302303968,489.87739895906924,50.0,0.0,0.0,1.0
0,0,2878,113.35449463726206,489.5982769182243,50.0,0.0,0.0,1.0
0,0,2879,112.93965625148445,489.3191548773794,50.0,0.0,0.0,1.0
0,0,2880,112.52481786570684,489.0400328365345,50.0,0.0,0.0,1.0
0,0,2881,112.10997947992922,488.7609107956896,50.0,0.0,0.0,1.0
0,0,2882,111.69514109415161,488.4817887548447,50.0,0.0,0.0,1.0
0,0,2883,111.280302708374,488.2026667139998,50.0,0.0,0.0,1.0
0,0,2884,110.86546432259638,487.9235446731549,50.0,0.0,0.0,1.0
0,0,2885,110.45062593681877,487.64442263230995,50.0,0.0,0.0,1.0
0,0,2886,110.03578755104115,487.3653005914651,50.0,0.0,0.0,1.0
0,0,2887,109.62094916526354,487.08617855062016,50.0,0.0,0.0,1.0
0,0,2888,109.20611077948593,486.80705650977524,50.0,0.0,0.0,1.0
0,0,2889,108.79127239370831,486.52793446893037,50.0,0.0,0.0,1.0
0,0,2890,108.37643400793071,486.24881242808544,50.0,0.0,0.0,1.0
0,0,2891,107.9615956221531,485.9696903872406,50.0,0.0,0.0,1.0
0,0,2892,107.57620662850654,485.6513243950178,50.0,0.0,0.0,1.0
0,0,2893,107.1922662603488,485.33102797964773,50.0,0.0,0.0,1.0
0,0,2894,106.80832589219108,485.0107315642777,50.0,0.0,0.0,1.0
0,0,2895,106.42438552403334,484.6904351489076,50.0,0.0,0.0,1.0
0,0,2896,106.04044515587562,484.3701387335376,50.0,0.0,0.0,1.0
0,0,2897,105.65650478771788,484.0498423181675,50.0,0.0,0.0,1.0
0,0,2898,105.27256441956015,483.7295459027975,50.0,0.0,0.0,1.0
0,0,2899,104.88862405140242,483.4092494874274,50.0,0.0,0.0,1.0
0,0,2900,104.50468368324468,483.0889530720574,50.0,0.0,0.0,1.0
0,0,2901,104.12074331508695,482.7686566566873,50.0,0.0,0.0,1.0
0,0,2902,103.73680294692922,482.4483602413173,50.0,0.0,0.0,1.0
0,0,2903,103.3528625787715,482.1280638259472,50.0,0.0,0.0,1.0
0,0,2904,102.96892221061375,481.8077674105772,50.0,0.0,0.0,1.0
0,0,2905,102.58498184245603,481.4874709952071,50.0,0.0,0.0,1.0
0,0,2906,102.2010414742983,481.1671745798371,50.0,0.0,0.0,1.0
0,0,2907,101.81710110614057,480.846878164467,50.0,0.0,0.0,1.0
0,0,2908,101.43316073798283,480.526581749097,50.0,0.0,0.0,1.0
0,0,2909,101.04922036982511,480.2062853337269,50.0,0.0,0.0,1.0
0,0,2910,100.66528000166737,479.8859889183569,50.0,0.0,0.0,1.0
0,0,2911,100.28133963350965,479.5656925029868,50.0,0.0,0.0,1.0
0,0,2912,99.89739926535191,479.24539608761677,50.0,0.0,0.0,1.0
0,0,2913,99.51345889719417,478.9250996722467,50.0,0.0,0.0,1.0
0,0,2914,99.12951852903645,478.60480325687666,50.0,0.0,0.0,1.0
0,0,2915,98.74557816087871,478.2845068415066,50.0,0.0,0.0,1.0
0,0,2916,98.36163779272098,477.9642104261365,50.0,0.0,0.0,1.0
0,0,2917,97.97769742456325,477.6439140107665,50.0,0.0,0.0,1.0
0,0,2918,97.59375705640552,477.3236175953964,50.0,0.0,0.0,1.0
0,0,2919,97.20981668824778,477.0033211800264,50.0,0.0,0.0,1.0
0,0,2920,96.82587632009006,476.6830247646563,50.0,0.0,0.0,1.0
0,0,2921,96.44193595193232,476.3627283492863,50.0,0.0,0.0,1.0
0,0,2922,96.0579955837746,476.0424319339162,50.0,0.0,0.0,1.0
0,0,2923,95.67405521561686,475.72213551854617,50.0,0.0,0.0,1.0
0,0,2924,95.29011484745914,475.4018391031761,50.0,0.0,0.0,1.0
0,0,2925,94.9061744793014,475.08154268780606,50.0,0.0,0.0,1.0
0,0,2926,94.52223411114366,474.761246272436,50.0,0.0,0.0,1.0
0,0,2927,94.13829374298594,474.44094985706596,50.0,0.0,0.0,1.0
0,0,2928,93.7543533748282,474.1206534416959,50.0,0.0,0.0,1.0
0,0,2929,93.37041300667047,473.80035702632586,50.0,0.0,0.0,1.0
0,0,2930,92.98647263851274,473.4800606109558,50.0,0.0,0.0,1.0
0,0,2931,92.60253227035501,473.15976419558575,50.0,0.0,0.0,1.0
0,0,2932,92.21859190219728,472.83946778021567,50.0,0.0,0.0,1.0
0,0,2933,91.83465153403951,472.5191713648456,50.0,0.0,0.0,1.0
0,0,2934,91.45071116588177,472.19887494947557,50.0,0.0,0.0,1.0
0,0,2935,91.06677079772405,471.8785785341055,50.0,0.0,0.0,1.0
0,0,2936,90.68283042956631,471.55828211873546,50.0,0.0,0.0,1.0
0,0,2937,90.29889006140858,471.2379857033654,50.0,0.0,0.0,1.0
0,0,2938,89.91494969325085,470.91768928799536,50.0,0.0,0.0,1.0
0,0,2939,89.53100932509312,470.5973928726253,50.0,0.0,0.0,1.0
0,0,2940,89.14706895693539,470.2770964572552,50.0,0.0,0.0,1.0
0,0,2941,88.76312858877766,469.9568000418852,50.0,0.0,0.0,1.0
0,0,2942,88.37918822061992,469.6365036265151,50.0,0.0,0.0,1.0
0,0,2943,87.9952478524622,469.31620721114507,50.0,0.0,0.0,1.0
0,0,2944,87.61130748430446,468.995910795775,50.0,0.0,0.0,1.0
0,0,2945,87.22736711614672,468.67561438040497,50.0,0.0,0.0,1.0
0,0,2946,86.843426747989,468.3553179650349,50.0,0.0,0.0,1.0
0,0,2947,86.47193855837368,468.02156824357394,50.0,0.0,0.0,1.0
0,0,2948,86.12296662234492,467.6634920116563,50.0,0.0,0.0,1.0
0,0,2949,85.77399468631617,467.3054157797386,50.0,0.0,0.0,1.0
0,0,2950,85.42502275028743,466.94733954782095,50.0,0.0,0.0,1.0
0,0,2951,85.07605081425866,466.58926331590334,50.0,0.0,0.0,1.0
0,0,2952,84.72707887822992,466.2311870839857,50.0,0.0,0.0,1.0
0,0,2953,84.37810694220116,465.873110852068,50.0,0.0,0.0,1.0
0,0,2954,84.02913500617241,465.51503462015035,50.0,0.0,0.0,1.0
0,0,2955,83.68016307014366,465.1569583882327,50.0,0.0,0.0,1.0
0,0,2956,83.3311911341149,464.7988821563151,50.0,0.0,0.0,1.0
0,0,2957,82.98221919808616,464.4408059243974,50.0,0.0,0.0,1.0
0,0,2958,82.6332472620574,464.08272969247975,50.0,0.0,0.0,1.0
0,0,2959,82.28427532602865,463.7246534605621,50.0,0.0,0.0,1.0
0,0,2960,81.93530338999989,463.3665772286444,50.0,0.0,0.0,1.0
0,0,2961,81.58633145397114,463.0085009967268,50.0,0.0,0.0,1.0
0,0,2962,81.2373595179424,462.65042476480915,50.0,0.0,0.0,1.0
0,0,2963,80.88838758191363,462.2923485328915,50.0,0.0,0.0,1.0
0,0,2964,80.53941564588489,461.9342723009738,50.0,0.0,0.0,1.0
0,0,2965,80.19044370985613,461.5761960690562,50.0,0.0,0.0,1.0
0,0,2966,79.84147177382738,461.21811983713854,50.0,0.0,0.0,1.0
0,0,2967,79.49249983779863,460.8600436052209,50.0,0.0,0.0,1.0
0,0,2968,79.14352790176987,460.5019673733032,50.0,0.0,0.0,1.0
0,0,2969,78.79455596574113,460.14389114138555,50.0,0.0,0.0,1.0
0,0,2970,78.44558402971236,459.78581490946794,50.0,0.0,0.0,1.0
0,0,2971,78.09661209368362,459.4277386775503,50.0,0.0,0.0,1.0
0,0,2972,77.74764015765486,459.0696624456326,50.0,0.0,0.0,1.0
0,0,2973,77.39866822162611,458.71158621371495,50.0,0.0,0.0,1.0
0,0,2974,77.04969628559736,458.3535099817973,50.0,0.0,0.0,1.0
0,0,2975,76.7007243495686,457.9954337498797,50.0,0.0,0.0,1.0
0,0,2976,76.35175241353986,457.637357517962,50.0,0.0,0.0,1.0
0,0,2977,76.0027804775111,457.27928128604435,50.0,0.0,0.0,1.0
0,0,2978,75.65380854148235,456.9212050541267,50.0,0.0,0.0,1.0
0,0,2979,75.3048366054536,456.5631288222091,50.0,0.0,0.0,1.0
0,0,2980,74.95586466942484,456.2050525902914,50.0,0.0,0.0,1.0
0,0,2981,74.6068927333961,455.84697635837375,50.0,0.0,0.0,1.0
0,0,2982,74.25792079736733,455.4889001264561,50.0,0.0,0.0,1.0
0,0,2983,73.90894886133859,455.1308238945384,50.0,0.0,0.0,1.0
0,0,2984,73.55997692530983,454.7727476626208,50.0,0.0,0.0,1.0
0,0,2985,73.21100498928108,454.41467143070315,50.0,0.0,0.0,1.0
0,0,2986,72.86203305325233,454.0565951987855,50.0,0.0,0.0,1.0
0,0,2987,72.51306111722357,453.6985189668678,50.0,0.0,0.0,1.0
0,0,2988,72.16408918119483,453.34044273495016,50.0,0.0,0.0,1.0
0,0,2989,71.81511724516609,452.98236650303255,50.0,0.0,0.0,1.0
0,0,2990,71.46614530913735,452.6242902711149,50.0,0.0,0.0,1.0
0,0,2991,71.11717337310859,452.2662140391973,50.0,0.0,0.0,1.0
0,0,2992,70.76820143707984,451.9081378072796,50.0,0.0,0.0,1.0
0,0,2993,70.41922950105109,451.55006157536195,50.0,0.0,0.0,1.0
0,0,2994,70.07025756502233,451.1919853434443,50.0,0.0,0.0,1.0
0,0,2995,69.72128562899358,450.8339091115266,50.0,0.0,0.0,1.0
0,0,2996,69.37231369296482,450.475832879609,50.0,0.0,0.0,1.0
0,0,2997,69.02334175693608,450.11775664769135,50.0,0.0,0.0,1.0
0,0,2998,68.67436982090732,449.7596804157737,50.0,0.0,0.0,1.0
0,0,2999,68.32539788487857,449.401604183856,50.0,0.0,0.0,1.0
0,0,3000,67.97642594884982,449.0435279519384,50.0,0.0,0.0,1.0
0,0,3001,67.62745401282106,448.68545172002075,50.0,0.0,0.0,1.0
0,0,3002,67.27848207679232,448.3273754881031,50.0,0.0,0.0,1.0
0,0,3003,66.95885951303922,447.9435047889171,50.0,0.0,0.0,1.0
0,0,3004,66.6485546643758,447.5514449709097,50.0,0.0,0.0,1.0
0,0,3005,66.33824981571239,447.1593851529023,50.0,0.0,0.0,1.0
0,0,3006,66.02794496704898,446.76732533489496,50.0,0.0,0.0,1.0
0,0,3007,65.71764011838557,446.37526551688757,50.0,0.0,0.0,1.0
0,0,3008,65.40733526972217,445.98320569888017,50.0,0.0,0.0,1.0
0,0,3009,65.09703042105875,445.5911458808728,50.0,0.0,0.0,1.0
0,0,3010,64.78672557239534,445.19908606286543,50.0,0.0,0.0,1.0
0,0,3011,64.47642072373193,444.80702624485804,50.0,0.0,0.0,1.0
0,0,3012,64.16611587506853,444.41496642685064,50.0,0.0,0.0,1.0
0,0,3013,63.855811026405114,444.0229066088433,50.0,0.0,0.0,1.0
0,0,3014,63.54550617774171,443.6308467908359,50.0,0.0,0.0,1.0
0,0,3015,63.23520132907829,443.2387869728285,50.0,0.0,0.0,1.0
0,0,3016,62.92489648041489,442.84672715482117,50.0,0.0,0.0,1.0
0,0,3017,62.61459163175148,442.45466733681377,50.0,0.0,0.0,1.0
0,0,3018,62.30428678308807,442.0626075188064,50.0,0.0,0.0,1.0
0,0,3019,61.99398193442466,441.67054770079903,50.0,0.0,0.0,1.0
0,0,3020,61.683677085761246,441.27848788279164,50.0,0.0,0.0,1.0
0,0,3021,61.37337223709784,440.88642806478424,50.0,0.0,0.0,1.0
0,0,3022,61.06306738843443,440.4943682467769,50.0,0.0,0.0,1.0
0,0,3023,60.75276253977102,440.1023084287695,50.0,0.0,0.0,1.0
0,0,3024,60.44245769110761,439.7102486107621,50.0,0.0,0.0,1.0
0,0,3025,60.1321528424442,439.31818879275477,50.0,0.0,0.0,1.0
0,0,3026,59.82184799378079,438.92612897474737,50.0,0.0,0.0,1.0
0,0,3027,59.511543145117386,438.53406915674,50.0,0.0,0.0,1.0
0,0,3028,59.20123829645398,438.14200933873263,50.0,0.0,0.0,1.0
0,0,3029,58.890933447790566,437.74994952072524,50.0,0.0,0.0,1.0
0,0,3030,58.58062859912716,437.35788970271784,50.0,0.0,0.0,1.0
0,0,3031,58.270323750463746,436.9658298847105,50.0,0.0,0.0,1.0
0,0,3032,57.96001890180034,436.5737700667031,50.0,0.0,0.0,1.0
0,0,3033,57.64971405313693,436.1817102486957,50.0,0.0,0.0,1.0
0,0,3034,57.33940920447352,435.7896504306883,50.0,0.0,0.0,1.0
0,0,3035,57.02910435581011,435.397590612681,50.0,0.0,0.0,1.0
0,0,3036,56.7187995071467,435.0055307946736,50.0,0.0,0.0,1.0
0,0,3037,56.40849465848329,434.61347097666624,50.0,0.0,0.0,1.0
0,0,3038,56.098189809819885,434.22141115865884,50.0,0.0,0.0,1.0
0,0,3039,55.78788496115647,433.82935134065144,50.0,0.0,0.0,1.0
0,0,3040,55.477580112493065,433.43729152264405,50.0,0.0,0.0,1.0
0,0,3041,55.16727526382965,433.0452317046367,50.0,0.0,0.0,1.0
0,0,3042,54.856970415166245,432.6531718866293,50.0,0.0,0.0,1.0
0,0,3043,54.54666556650284,432.2611120686219,50.0,0.0,0.0,1.0
0,0,3044,54.23636071783943,431.8690522506146,50.0,0.0,0.0,1.0
0,0,3045,53.926055869176025,431.4769924326072,50.0,0.0,0.0,1.0
0,0,3046,53.61575102051261,431.08493261459984,50.0,0.0,0.0,1.0
0,0,3047,53.305446171849205,430.69287279659244,50.0,0.0,0.0,1.0
0,0,3048,52.9951413231858,430.30081297858504,50.0,0.0,0.0,1.0
0,0,3049,52.684836474522385,429.90875316057765,50.0,0.0,0.0,1.0
0,0,3050,52.37453162585898,429.5166933425703,50.0,0.0,0.0,1.0
0,0,3051,52.06422677719557,429.1246335245629,50.0,0.0,0.0,1.0
0,0,3052,51.75392192853216,428.7325737065555,50.0,0.0,0.0,1.0
0,0,3053,51.44361707986875,428.3405138885482,50.0,0.0,0.0,1.0
0,0,3054,51.13331223120534,427.9484540705408,50.0,0.0,0.0,1.0
0,0,3055,50.82300738254193,427.5563942525334,50.0,0.0,0.0,1.0
0,0,3056,50.512702533878524,427.16433443452604,50.0,0.0,0.0,1.0
0,0,3057,50.20239768521511,426.77227461651864,50.0,0.0,0.0,1.0
0,0,3058,49.8988895431408,426.375382874605,50.0,0.0,0.0,1.0
0,0,3059,49.63054159119272,425.9534950024336,50.0,0.0,0.0,1.0
0,0,3060,49.362193639244644,425.5316071302623,50.0,0.0,0.0,1.0
0,0,3061,49.093845687296565,425.10971925809093,50.0,0.0,0.0,1.0
0,0,3062,48.82549773534849,424.6878313859196,50.0,0.0,0.0,1.0
0,0,3063,48.55714978340041,424.2659435137482,50.0,0.0,0.0,1.0
0,0,3064,48.28880183145234,423.84405564157686,50.0,0.0,0.0,1.0
0,0,3065,48.02045387950426,423.4221677694055,50.0,0.0,0.0,1.0
0,0,3066,47.75210592755619,423.0002798972342,50.0,0.0,0.0,1.0
0,0,3067,47.48375797560811,422.5783920250628,50.0,0.0,0.0,1.0
0,0,3068,47.215410023660034,422.15650415289144,50.0,0.0,0.0,1.0
0,0,3069,46.947062071711954,421.7346162807201,50.0,0.0,0.0,1.0
0,0,3070,46.67871411976388,421.31272840854876,50.0,0.0,0.0,1.0
0,0,3071,46.4103661678158,420.89084053637737,50.0,0.0,0.0,1.0
0,0,3072,46.14201821586773,420.46895266420603,50.0,0.0,0.0,1.0
0,0,3073,45.87367026391965,420.0470647920347,50.0,0.0,0.0,1.0
0,0,3074,45.60532231197158,419.62517691986335,50.0,0.0,0.0,1.0
0,0,3075,45.336974360023504,419.20328904769195,50.0,0.0,0.0,1.0
0,0,3076,45.068626408075424,418.7814011755206,50.0,0.0,0.0,1.0
0,0,3077,44.800278456127344,418.3595133033493,50.0,0.0,0.0,1.0
0,0,3078,44.53193050417927,417.9376254311779,50.0,0.0,0.0,1.0
0,0,3079,44.2635825522312,417.51573755900654,50.0,0.0,0.0,1.0
0,0,3080,43.99523460028312,417.0938496868352,50.0,0.0,0.0,1.0
0,0,3081,43.72688664833505,416.67196181466386,50.0,0.0,0.0,1.0
0,0,3082,43.45853869638697,416.25007394249246,50.0,0.0,0.0,1.0
0,0,3083,43.190190744438894,415.8281860703211,50.0,0.0,0.0,1.0
0,0,3084,42.921842792490814,415.4062981981498,50.0,0.0,0.0,1.0
0,0,3085,42.65349484054274,414.98441032597844,50.0,0.0,0.0,1.0
0,0,3086,42.38514688859466,414.56252245380705,50.0,0.0,0.0,1.0
0,0,3087,42.11679893664659,414.1406345816357,50.0,0.0,0.0,1.0
0,0,3088,41.84845098469851,413.71874670946437,50.0,0.0,0.0,1.0
0,0,3089,41.580103032750436,413.29685883729303,50.0,0.0,0.0,1.0
0,0,3090,41.31175508080236,412.87497096512163,50.0,0.0,0.0,1.0
0,0,3091,41.043407128854284,412.4530830929503,50.0,0.0,0.0,1.0
0,0,3092,40.775059176906204,412.03119522077895,50.0,0.0,0.0,1.0
0,0,3093,40.50671122495813,411.6093073486076,50.0,0.0,0.0,1.0
0,0,3094,40.23836327301005,411.1874194764362,50.0,0.0,0.0,1.0
0,0,3095,39.97001532106198,410.7655316042649,50.0,0.0,0.0,1.0
0,0,3096,39.701667369113906,410.34364373209354,50.0,0.0,0.0,1.0
0,0,3097,39.433319417165826,409.9217558599222,50.0,0.0,0.0,1.0
0,0,3098,39.16497146521775,409.4998679877508,50.0,0.0,0.0,1.0
0,0,3099,38.896623513269674,409.07798011557946,50.0,0.0,0.0,1.0
0,0,3100,38.62827556132164,408.6560922434082,50.0,0.0,0.0,1.0
0,0,3101,38.35992760937356,408.23420437123684,50.0,0.0,0.0,1.0
0,0,3102,38.091579657425484,407.81231649906545,50.0,0.0,0.0,1.0
0,0,3103,37.823231705477404,407.3904286268941,50.0,0.0,0.0,1.0
0,0,3104,37.55488375352933,406.96854075472277,50.0,0.0,0.0,1.0
0,0,3105,37.28653580158125,406.54665288255137,50.0,0.0,0.0,1.0
0,0,3106,37.01818784963318,406.12476501038003,50.0,0.0,0.0,1.0
0,0,3107,36.749839897685106,405.7028771382087,50.0,0.0,0.0,1.0
0,0,3108,36.48149194573703,405.28098926603735,50.0,0.0,0.0,1.0
0,0,3109,36.213143993788954,404.85910139386596,50.0,0.0,0.0,1.0
0,0,3110,35.944796041840874,404.4372135216946,50.0,0.0,0.0,1.0
0,0,3111,35.6764480898928,404.0153256495233,50.0,0.0,0.0,1.0
0,0,3112,35.40810013794472,403.59343777735194,50.0,0.0,0.0,1.0
0,0,3113,35.13975218599665,403.17154990518054,50.0,0.0,0.0,1.0
0,0,3114,34.896711329368145,402.7353391990633,50.0,0.0,0.0,1.0
0,0,3115,34.67316458401713,402.28809558240346,50.0,0.0,0.0,1.0
0,0,3116,34.449617838666114,401.8408519657436,50.0,0.0,0.0,1.0
0,0,3117,34.2260710933151,401.39360834908376,50.0,0.0,0.0,1.0
0,0,3118,34.00252434796408,400.94636473242394,50.0,0.0,0.0,1.0
0,0,3119,33.77897760261307,400.4991211157641,50.0,0.0,0.0,1.0
0,0,3120,33.555430857262046,400.05187749910425,50.0,0.0,0.0,1.0
0,0,3121,33.33188411191103,399.60463388244443,50.0,0.0,0.0,1.0
0,0,3122,33.108337366560015,399.1573902657846,50.0,0.0,0.0,1.0
0,0,3123,32.884790621209,398.71014664912474,50.0,0.0,0.0,1.0
0,0,3124,32.661243875857984,398.2629030324649,50.0,0.0,0.0,1.0
0,0,3125,32.43769713050697,397.8156594158051,50.0,0.0,0.0,1.0
0,0,3126,32.21415038515595,397.3684157991453,50.0,0.0,0.0,1.0
0,0,3127,31.990603639804934,396.9211721824854,50.0,0.0,0.0,1.0
0,0,3128,31.76705689445392,396.4739285658256,50.0,0.0,0.0,1.0
0,0,3129,31.543510149102904,396.02668494916577,50.0,0.0,0.0,1.0
0,0,3130,31.319963403751885,395.57944133250595,50.0,0.0,0.0,1.0
0,0,3131,31.09641665840087,395.1321977158461,50.0,0.0,0.0,1.0
0,0,3132,30.872869913049854,394.68495409918626,50.0,0.0,0.0,1.0
0,0,3133,30.64932316769884,394.23771048252644,50.0,0.0,0.0,1.0
0,0,3134,30.425776422347823,393.7904668658666,50.0,0.0,0.0,1.0
0,0,3135,30.202229676996804,393.34322324920674,50.0,0.0,0.0,1.0
0,0,3136,29.97868293164579,392.8959796325469,50.0,0.0,0.0,1.0
0,0,3137,29.75513618629477,392.4487360158871,50.0,0.0,0.0,1.0
0,0,3138,29.531589440943755,392.0014923992273,50.0,0.0,0.0,1.0
0,0,3139,29.30804269559274,391.5542487825674,50.0,0.0,0.0,1.0
0,0,3140,29.084495950241724,391.1070051659076,50.0,0.0,0.0,1.0
0,0,3141,28.86094920489071,390.6597615492478,50.0,0.0,0.0,1.0
0,0,3142,28.637402459539693,390.21251793258796,50.0,0.0,0.0,1.0
0,0,3143,28.413855714188674,389.7652743159281,50.0,0.0,0.0,1.0
0,0,3144,28.19030896883766,389.31803069926826,50.0,0.0,0.0,1.0
0,0,3145,27.96676222348664,388.87078708260844,50.0,0.0,0.0,1.0
0,0,3146,27.743215478135625,388.4235434659486,50.0,0.0,0.0,1.0
0,0,3147,27.51966873278461,387.97629984928875,50.0,0.0,0.0,1.0
0,0,3148,27.296121987433594,387.52905623262893,50.0,0.0,0.0,1.0
0,0,3149,27.07257524208258,387.0818126159691,50.0,0.0,0.0,1.0
0,0,3150,26.849028496731563,386.6345689993093,50.0,0.0,0.0,1.0
0,0,3151,26.625481751380544,386.1873253826494,50.0,0.0,0.0,1.0
0,0,3152,26.40193500602953,385.7400817659896,50.0,0.0,0.0,1.0
0,0,3153,26.178388260678513,385.2928381493298,50.0,0.0,0.0,1.0
0,0,3154,25.954841515327495,384.8455945326699,50.0,0.0,0.0,1.0
0,0,3155,25.73129476997648,384.3983509160101,50.0,0.0,0.0,1.0
0,0,3156,25.5077480246255,383.9511072993503,50.0,0.0,0.0,1.0
0,0,3157,25.284201279274484,383.5038636826905,50.0,0.0,0.0,1.0
0,0,3158,25.06065453392347,383.0566200660307,50.0,0.0,0.0,1.0
0,0,3159,24.83710778857245,382.6093764493708,50.0,0.0,0.0,1.0
0,0,3160,24.613561043221434,382.162132832711,50.0,0.0,0.0,1.0
0,0,3161,24.39001429787042,381.7148892160512,50.0,0.0,0.0,1.0
0,0,3162,24.166467552519403,381.26764559939136,50.0,0.0,0.0,1.0
0,0,3163,23.942920807168385,380.8204019827315,50.0,0.0,0.0,1.0
0,0,3164,23.71937406181737,380.37315836607166,50.0,0.0,0.0,1.0
0,0,3165,23.495827316466354,379.92591474941185,50.0,0.0,0.0,1.0
0,0,3166,23.27228057111534,379.478671132752,50.0,0.0,0.0,1.0
0,0,3167,23.048733825764323,379.03142751609215,50.0,0.0,0.0,1.0
0,0,3168,22.825187080413304,378.58418389943233,50.0,0.0,0.0,1.0
0,0,3169,22.60164033506229,378.1369402827725,50.0,0.0,0.0,1.0
0,0,3170,22.42374709012367,377.66974490678126,50.0,0.0,0.0,1.0
0,0,3171,22.24737066707162,377.20188664043195,50.0,0.0,0.0,1.0
0,0,3172,22.070994244019577,376.7340283740827,50.0,0.0,0.0,1.0
0,0,3173,21.89461782096753,376.2661701077334,50.0,0.0,0.0,1.0
0,0,3174,21.71824139791548,375.7983118413841,50.0,0.0,0.0,1.0
0,0,3175,21.541864974863433,375.3304535750348,50.0,0.0,0.0,1.0
0,0,3176,21.365488551811385,374.8625953086855,50.0,0.0,0.0,1.0
0,0,3177,21.18911212875934,374.3947370423362,50.0,0.0,0.0,1.0
0,0,3178,21.012735705707293,373.92687877598695,50.0,0.0,0.0,1.0
0,0,3179,20.836359282655245,373.45902050963764,50.0,0.0,0.0,1.0
0,0,3180,20.659982859603197,372.99116224328833,50.0,0.0,0.0,1.0
0,0,3181,20.48360643655115,372.5233039769391,50.0,0.0,0.0,1.0
0,0,3182,20.307230013499105,372.05544571058977,50.0,0.0,0.0,1.0
0,0,3183,20.130853590447057,371.58758744424046,50.0,0.0,0.0,1.0
0,0,3184,19.95447716739501,371.1197291778912,50.0,0.0,0.0,1.0
0,0,3185,19.77810074434296,370.6518709115419,50.0,0.0,0.0,1.0
0,0,3186,19.601724321290916,370.1840126451926,50.0,0.0,0.0,1.0
0,0,3187,19.42534789823887,369.7161543788433,50.0,0.0,0.0,1.0
0,0,3188,19.24897147518682,369.248296112494,50.0,0.0,0.0,1.0
0,0,3189,19.072595052134773,368.7804378461447,50.0,0.0,0.0,1.0
0,0,3190,18.896218629082725,368.3125795797954,50.0,0.0,0.0,1.0
0,0,3191,18.71984220603068,367.84472131344614,50.0,0.0,0.0,1.0
0,0,3192,18.543465782978632,367.37686304709683,50.0,0.0,0.0,1.0
0,0,3193,18.367089359926585,366.9090047807475,50.0,0.0,0.0,1.0
0,0,3194,18.190712936874537,366.44114651439827,50.0,0.0,0.0,1.0
0,0,3195,18.01433651382249,365.97328824804896,50.0,0.0,0.0,1.0
0,0,3196,17.837960090770444,365.50542998169965,50.0,0.0,0.0,1.0
0,0,3197,17.661583667718396,365.0375717153504,50.0,0.0,0.0,1.0
0,0,3198,17.48520724466635,364.5697134490011,50.0,0.0,0.0,1.0
0,0,3199,17.3088308216143,364.1018551826518,50.0,0.0,0.0,1.0
0,0,3200,17.132454398562253,363.6339969163025,50.0,0.0,0.0,1.0
0,0,3201,16.956077975510205,363.1661386499532,50.0,0.0,0.0,1.0
0,0,3202,16.779701552458157,362.6982803836039,50.0,0.0,0.0,1.0
0,0,3203,16.603325129406112,362.23042211725465,50.0,0.0,0.0,1.0
0,0,3204,16.426948706354064,361.76256385090534,50.0,0.0,0.0,1.0
0,0,3205,16.250572283302017,361.294705584556,50.0,0.0,0.0,1.0
0,0,3206,16.074195860249972,360.8268473182068,50.0,0.0,0.0,1.0
0,0,3207,15.897819437197924,360.35898905185746,50.0,0.0,0.0,1.0
0,0,3208,15.721443014145876,359.89113078550815,50.0,0.0,0.0,1.0
0,0,3209,15.545066591093828,359.4232725191589,50.0,0.0,0.0,1.0
0,0,3210,15.36869016804178,358.9554142528096,50.0,0.0,0.0,1.0
0,0,3211,15.192313744989699,358.4875559864602,50.0,0.0,0.0,1.0
0,0,3212,15.015937321937653,358.0196977201109,50.0,0.0,0.0,1.0
0,0,3213,14.839560898885605,357.5518394537616,50.0,0.0,0.0,1.0
0,0,3214,14.663184475833557,357.0839811874123,50.0,0.0,0.0,1.0
0,0,3215,14.48680805278151,356.61612292106304,50.0,0.0,0.0,1.0
0,0,3216,14.310431629729463,356.1482646547137,50.0,0.0,0.0,1.0
0,0,3217,14.134055206677417,355.6804063883644,50.0,0.0,0.0,1.0
0,0,3218,13.957678783625369,355.21254812201516,50.0,0.0,0.0,1.0
0,0,3219,13.781302360573322,354.74468985566585,50.0,0.0,0.0,1.0
0,0,3220,13.604925937521275,354.27683158931654,50.0,0.0,0.0,1.0
0,0,3221,13.428549514469228,353.8089733229673,50.0,0.0,0.0,1.0
0,0,3222,13.25217309141718,353.341115056618,50.0,0.0,0.0,1.0
0,0,3223,13.075796668365133,352.87325679026867,50.0,0.0,0.0,1.0
0,0,3224,12.899420245313086,352.4053985239194,50.0,0.0,0.0,1.0
0,0,3225,12.741228281752187,351.931735129283,50.0,0.0,0.0,1.0
0,0,3226,12.613892772298907,351.4482212535439,50.0,0.0,0.0,1.0
0,0,3227,12.486557262845626,350.96470737780476,50.0,0.0,0.0,1.0
0,0,3228,12.359221753392346,350.48119350206565,50.0,0.0,0.0,1.0
0,0,3229,12.231886243939066,349.9976796263265,50.0,0.0,0.0,1.0
0,0,3230,12.104550734485784,349.5141657505874,50.0,0.0,0.0,1.0
0,0,3231,11.977215225032504,349.0306518748483,50.0,0.0,0.0,1.0
0,0,3232,11.849879715579224,348.5471379991091,50.0,0.0,0.0,1.0
0,0,3233,11.722544206125944,348.06362412337,50.0,0.0,0.0,1.0
0,0,3234,11.595208696672662,347.58011024763084,50.0,0.0,0.0,1.0
0,0,3235,11.467873187219382,347.09659637189174,50.0,0.0,0.0,1.0
0,0,3236,11.340537677766102,346.61308249615263,50.0,0.0,0.0,1.0
0,0,3237,11.21320216831282,346.12956862041347,50.0,0.0,0.0,1.0
0,0,3238,11.08586665885954,345.64605474467436,50.0,0.0,0.0,1.0
0,0,3239,10.95853114940626,345.1625408689352,50.0,0.0,0.0,1.0
0,0,3240,10.83119563995298,344.6790269931961,50.0,0.0,0.0,1.0
0,0,3241,10.703860130499699,344.195513117457,50.0,0.0,0.0,1.0
0,0,3242,10.576524621046419,343.7119992417178,50.0,0.0,0.0,1.0
0,0,3243,10.449189111593139,343.2284853659787,50.0,0.0,0.0,1.0
0,0,3244,10.321853602139857,342.74497149023955,50.0,0.0,0.0,1.0
0,0,3245,10.194518092686577,342.26145761450044,50.0,0.0,0.0,1.0
0,0,3246,10.067182583233297,341.77794373876134,50.0,0.0,0.0,1.0
0,0,3247,9.939847073780015,341.2944298630222,50.0,0.0,0.0,1.0
0,0,3248,9.812511564326735,340.81091598728307,50.0,0.0,0.0,1.0
0,0,3249,9.685176054873455,340.32740211154396,50.0,0.0,0.0,1.0
0,0,3250,9.557840545420174,339.8438882358048,50.0,0.0,0.0,1.0
0,0,3251,9.430505035966894,339.3603743600657,50.0,0.0,0.0,1.0
0,0,3252,9.303169526513614,338.8768604843265,50.0,0.0,0.0,1.0
0,0,3253,9.175834017060334,338.3933466085874,50.0,0.0,0.0,1.0
0,0,3254,9.048498507607052,337.9098327328483,50.0,0.0,0.0,1.0
0,0,3255,8.921162998153772,337.42631885710915,50.0,0.0,0.0,1.0
0,0,3256,8.79382748870049,336.94280498137005,50.0,0.0,0.0,1.0
0,0,3257,8.66649197924721,336.4592911056309,50.0,0.0,0.0,1.0
0,0,3258,8.53915646979393,335.9757772298918,50.0,0.0,0.0,1.0
0,0,3259,8.411820960340648,335.49226335415267,50.0,0.0,0.0,1.0
0,0,3260,8.28448545088737,335.0087494784135,50.0,0.0,0.0,1.0
0,0,3261,8.157149941434088,334.5252356026744,50.0,0.0,0.0,1.0
0,0,3262,8.029814431980808,334.04172172693524,50.0,0.0,0.0,1.0
0,0,3263,7.902478922527528,333.55820785119613,50.0,0.0,0.0,1.0
0,0,3264,7.775143413074247,333.074693975457,50.0,0.0,0.0,1.0
0,0,3265,7.647807903620967,332.59118009971786,50.0,0.0,0.0,1.0
0,0,3266,7.520472394167686,332.10766622397875,50.0,0.0,0.0,1.0
0,0,3267,7.393136884714413,331.62415234823965,50.0,0.0,0.0,1.0
0,0,3268,7.265801375261132,331.14063847250054,50.0,0.0,0.0,1.0
0,0,3269,7.138465865807852,330.6571245967614,50.0,0.0,0.0,1.0
0,0,3270,7.011130356354571,330.17361072102227,50.0,0.0,0.0,1.0
0,0,3271,6.88379484690129,329.6900968452831,50.0,0.0,0.0,1.0
0,0,3272,6.75645933744801,329.206582969544,50.0,0.0,0.0,1.0
0,0,3273,6.6291238279947295,328.7230690938049,50.0,0.0,0.0,1.0
0,0,3274,6.501788318541449,328.23955521806573,50.0,0.0,0.0,1.0
0,0,3275,6.374452809088169,327.7560413423266,50.0,0.0,0.0,1.0
0,0,3276,6.247117299634888,327.27252746658746,50.0,0.0,0.0,1.0
0,0,3277,6.119781790181607,326.78901359084836,50.0,0.0,0.0,1.0
0,0,3278,5.992446280728327,326.30549971510925,50.0,0.0,0.0,1.0
0,0,3279,5.865110771275047,325.8219858393701,50.0,0.0,0.0,1.0
0,0,3280,5.737775261821766,325.338471963631,50.0,0.0,0.0,1.0
0,0,3281,5.649428139148882,324.8468106740855,50.0,0.0,0.0,1.0
0,0,3282,5.5724831152585015,324.3527666848512,50.0,0.0,0.0,1.0
0,0,3283,5.495538091368121,323.8587226956169,50.0,0.0,0.0,1.0
0,0,3284,5.41859306747774,323.3646787063827,50.0,0.0,0.0,1.0
0,0,3285,5.341648043587359,322.8706347171484,50.0,0.0,0.0,1.0
0,0,3286,5.264703019696978,322.3765907279141,50.0,0.0,0.0,1.0
0,0,3287,5.187757995806598,321.8825467386799,50.0,0.0,0.0,1.0
0,0,3288,5.110812971916217,321.3885027494456,50.0,0.0,0.0,1.0
0,0,3289,5.033867948025836,320.8944587602113,50.0,0.0,0.0,1.0
0,0,3290,4.956922924135456,320.4004147709771,50.0,0.0,0.0,1.0
0,0,3291,4.879977900245075,319.9063707817428,50.0,0.0,0.0,1.0
0,0,3292,4.803032876354695,319.4123267925085,50.0,0.0,0.0,1.0
0,0,3293,4.726087852464314,318.9182828032743,50.0,0.0,0.0,1.0
0,0,3294,4.6491428285739325,318.42423881404,50.0,0.0,0.0,1.0
0,0,3295,4.572197804683552,317.9301948248057,50.0,0.0,0.0,1.0
0,0,3296,4.495252780793171,317.4361508355715,50.0,0.0,0.0,1.0
0,0,3297,4.418307756902791,316.9421068463372,50.0,0.0,0.0,1.0
0,0,3298,4.34136273301241,316.4480628571029,50.0,0.0,0.0,1.0
0,0,3299,4.264417709122029,315.9540188678686,50.0,0.0,0.0,1.0
0,0,3300,4.187472685231649,315.4599748786344,50.0,0.0,0.0,1.0
0,0,3301,4.110527661341267,314.9659308894001,50.0,0.0,0.0,1.0
0,0,3302,4.033582637450888,314.4718869001658,50.0,0.0,0.0,1.0
0,0,3303,3.956637613560506,313.9778429109316,50.0,0.0,0.0,1.0
0,0,3304,3.8796925896701255,313.4837989216973,50.0,0.0,0.0,1.0
0,0,3305,3.802747565779745,312.98975493246303,50.0,0.0,0.0,1.0
0,0,3306,3.7258025418893643,312.4957109432288,50.0,0.0,0.0,1.0
0,0,3307,3.6488575179989837,312.0016669539945,50.0,0.0,0.0,1.0
0,0,3308,3.571912494108603,311.50762296476023,50.0,0.0,0.0,1.0
0,0,3309,3.494967470218222,311.013578975526,50.0,0.0,0.0,1.0
0,0,3310,3.4180224463278415,310.5195349862917,50.0,0.0,0.0,1.0
0,0,3311,3.341077422437461,310.02549099705743,50.0,0.0,0.0,1.0
0,0,3312,3.26413239854708,309.5314470078232,50.0,0.0,0.0,1.0
0,0,3313,3.187187374656699,309.0374030185889,50.0,0.0,0.0,1.0
0,0,3314,3.1102423507663186,308.54335902935463,50.0,0.0,0.0,1.0
0,0,3315,3.033297326875938,308.0493150401204,50.0,0.0,0.0,1.0
0,0,3316,2.9563523029855574,307.5552710508861,50.0,0.0,0.0,1.0
0,0,3317,2.8794072790951764,307.06122706165183,50.0,0.0,0.0,1.0
0,0,3318,2.8024622552047957,306.56718307241755,50.0,0.0,0.0,1.0
0,0,3319,2.725517231314415,306.0731390831833,50.0,0.0,0.0,1.0
0,0,3320,2.648572207424034,305.57909509394904,50.0,0.0,0.0,1.0
0,0,3321,2.571627183533654,305.08505110471475,50.0,0.0,0.0,1.0
0,0,3322,2.494682159643268,304.59100711548047,50.0,0.0,0.0,1.0
0,0,3323,2.4177371357528874,304.0969631262462,50.0,0.0,0.0,1.0
0,0,3324,2.340792111862507,303.60291913701195,50.0,0.0,0.0,1.0
0,0,3325,2.2638470879721257,303.10887514777767,50.0,0.0,0.0,1.0
0,0,3326,2.186902064081745,302.6148311585434,50.0,0.0,0.0,1.0
0,0,3327,2.1099570401913645,302.12078716930915,50.0,0.0,0.0,1.0
0,0,3328,2.033012016300984,301.62674318007487,50.0,0.0,0.0,1.0
0,0,3329,1.9560669924106031,301.1326991908406,50.0,0.0,0.0,1.0
0,0,3330,1.8791219685202223,300.63865520160635,50.0,0.0,0.0,1.0
0,0,3331,1.8021769446298417,300.14461121237207,50.0,0.0,0.0,1.0
0,0,3332,1.725231920739461,299.6505672231378,50.0,0.0,0.0,1.0
0,0,3333,1.6482868968490803,299.15652323390356,50.0,0.0,0.0,1.0
0,0,3334,1.5713418729586996,298.66247924466927,50.0,0.0,0.0,1.0
0,0,3335,1.4943968490683188,298.168435255435,50.0,0.0,0.0,1.0
0,0,3336,1.4264997577108007,297.6734559919385,50.0,0.0,0.0,1.0
0,0,3337,1.4007601407934005,297.1741189593434,50.0,0.0,0.0,1.0
0,0,3338,1.375020523876,296.6747819267482,50.0,0.0,0.0,1.0
0,0,3339,1.3492809069585998,296.17544489415303,50.0,0.0,0.0,1.0
0,0,3340,1.3235412900411996,295.67610786155785,50.0,0.0,0.0,1.0
0,0,3341,1.2978016731237991,295.1767708289627,50.0,0.0,0.0,1.0
0,0,3342,1.272062056206399,294.67743379636755,50.0,0.0,0.0,1.0
0,0,3343,1.2463224392889984,294.1780967637724,50.0,0.0,0.0,1.0
0,0,3344,1.2205828223715982,293.6787597311772,50.0,0.0,0.0,1.0
0,0,3345,1.194843205454198,293.179422698582,50.0,0.0,0.0,1.0
0,0,3346,1.1691035885367975,292.6800856659869,50.0,0.0,0.0,1.0
0,0,3347,1.1433639716193973,292.1807486333917,50.0,0.0,0.0,1.0
0,0,3348,1.1176243547019968,291.68141160079654,50.0,0.0,0.0,1.0
0,0,3349,1.0918847377845966,291.18207456820136,50.0,0.0,0.0,1.0
0,0,3350,1.0661451208671964,290.68273753560624,50.0,0.0,0.0,1.0
0,0,3351,1.040405503949796,290.18340050301106,50.0,0.0,0.0,1.0
0,0,3352,1.0146658870323957,289.6840634704159,50.0,0.0,0.0,1.0
0,0,3353,0.9889262701149955,289.1847264378207,50.0,0.0,0.0,1.0
0,0,3354,0.963186653197595,288.6853894052255,50.0,0.0,0.0,1.0
0,0,3355,0.9374470362801948,288.1860523726304,50.0,0.0,0.0,1.0
0,0,3356,0.9117074193627944,287.6867153400352,50.0,0.0,0.0,1.0
0,0,3357,0.8859678024453942,287.18737830744004,50.0,0.0,0.0,1.0
0,0,3358,0.8602281855279938,286.68804127484486,50.0,0.0,0.0,1.0
0,0,3359,0.8344885686105935,286.18870424224974,50.0,0.0,0.0,1.0
0,0,3360,0.8087489516931932,285.68936720965456,50.0,0.0,0.0,1.0
0,0,3361,0.7830093347757929,285.1900301770594,50.0,0.0,0.0,1.0
0,0,3362,0.7572697178583925,284.6906931444642,50.0,0.0,0.0,1.0
0,0,3363,0.7315301009409922,284.1913561118691,50.0,0.0,0.0,1.0
0,0,3364,0.7057904840235919,283.6920190792739,50.0,0.0,0.0,1.0
0,0,3365,0.6800508671061917,283.1926820466787,50.0,0.0,0.0,1.0
0,0,3366,0.6543112501887912,282.69334501408355,50.0,0.0,0.0,1.0
0,0,3367,0.628571633271391,282.19400798148837,50.0,0.0,0.0,1.0
0,0,3368,0.6028320163539906,281.69467094889325,50.0,0.0,0.0,1.0
0,0,3369,0.5770923994365904,281.19533391629807,50.0,0.0,0.0,1.0
0,0,3370,0.55135278251919,280.6959968837029,50.0,0.0,0.0,1.0
0,0,3371,0.5256131656017897,280.1966598511077,50.0,0.0,0.0,1.0
0,0,3372,0.4998735486843894,279.6973228185126,50.0,0.0,0.0,1.0
0,0,3373,0.47413393176698915,279.1979857859174,50.0,0.0,0.0,1.0
0,0,3374,0.4483943148495887,278.69864875332223,50.0,0.0,0.0,1.0
0,0,3375,0.42265469793218835,278.19931172072705,50.0,0.0,0.0,1.0
0,0,3376,0.3969150810147881,277.69997468813193,50.0,0.0,0.0,1.0
0,0,3377,0.3711754640973879,277.20063765553675,50.0,0.0,0.0,1.0
0,0,3378,0.3454358471799899,276.70130062294163,50.0,0.0,0.0,1.0
0,0,3379,0.3196962302625896,276.20196359034645,50.0,0.0,0.0,1.0
0,0,3380,0.2939566133451893,275.7026265577513,50.0,0.0,0.0,1.0
0,0,3381,0.26821699642778896,275.2032895251561,50.0,0.0,0.0,1.0
0,0,3382,0.24247737951038867,274.703952492561,50.0,0.0,0.0,1.0
0,0,3383,0.21673776259298838,274.2046154599658,50.0,0.0,0.0,1.0
0,0,3384,0.1909981456755881,273.7052784273706,50.0,0.0,0.0,1.0
0,0,3385,0.1652585287581878,273.20594139477544,50.0,0.0,0.0,1.0
0,0,3386,0.13951891184078752,272.7066043621803,50.0,0.0,0.0,1.0
0,0,3387,0.1137792949233872,272.20726732958514,50.0,0.0,0.0,1.0
0,0,3388,0.08803967800598694,271.70793029698996,50.0,0.0,0.0,1.0
0,0,3389,0.062300061088586656,271.2085932643948,50.0,0.0,0.0,1.0
0,0,3390,0.03656044417118631,270.70925623179966,50.0,0.0,0.0,1.0
0,0,3391,0.010820827253786025,270.2099191992045,50.0,0.0,0.0,1.0
0,1,0,329.01123235972943,72.88876916495207,50.0,0.0,0.0,1.0
0,1,1,329.4855726637492,73.04688708291974,50.0,0.0,0.0,1.0
0,1,2,329.95991296776896,73.20500500088741,50.0,0.0,0.0,1.0
0,1,3,330.43425327178875,73.36312291885508,50.0,0.0,0.0,1.0
0,1,4,330.90794182190626,73.52311055787138,50.0,0.0,0.0,1.0
0,1,5,331.3777881702192,73.69412052534985,50.0,0.0,0.0,1.0
0,1,6,331.8476345185322,73.86513049282831,50.0,0.0,0.0,1.0
0,1,7,332.31748086684513,74.03614046030678,50.0,0.0,0.0,1.0
0,1,8,332.7873272151581,74.20715042778524,50.0,0.0,0.0,1.0
0,1,9,333.25717356347104,74.3781603952637,50.0,0.0,0.0,1.0
0,1,10,333.727019911784,74.54917036274217,50.0,0.0,0.0,1.0
0,1,11,334.1968662600969,74.72018033022063,50.0,0.0,0.0,1.0
0,1,12,334.66671260840985,74.8911902976991,50.0,0.0,0.0,1.0
0,1,13,335.1365589567228,75.06220026517757,50.0,0.0,0.0,1.0
0,1,14,335.60640530503576,75.23321023265602,50.0,0.0,0.0,1.0
0,1,15,336.0762516533487,75.40422020013449,50.0,0.0,0.0,1.0
0,1,16,336.5460980016617,75.57523016761296,50.0,0.0,0.0,1.0
0,1,17,337.01594434997463,75.74624013509141,50.0,0.0,0.0,1.0
0,1,18,337.4857906982876,75.91725010256988,50.0,0.0,0.0,1.0
0,1,19,337.95563704660054,76.08826007004835,50.0,0.0,0.0,1.0
0,1,20,338.4254833949135,76.25927003752682,50.0,0.0,0.0,1.0
0,1,21,338.89532974322645,76.43028000500527,50.0,0.0,0.0,1.0
0,1,22,339.36517609153935,76.60128997248374,50.0,0.0,0.0,1.0
0,1,23,339.8350224398523,76.77229993996221,50.0,0.0,0.0,1.0
0,1,24,340.30486878816527,76.94330990744066,50.0,0.0,0.0,1.0
0,1,25,340.7747151364782,77.11431987491913,50.0,0.0,0.0,1.0
0,1,26,341.2445614847912,77.2853298423976,50.0,0.0,0.0,1.0
0,1,27,341.71440783310413,77.45633980987606,50.0,0.0,0.0,1.0
0,1,28,342.1842541814171,77.62734977735452,50.0,0.0,0.0,1.0
0,1,29,342.65410052973004,77.798359744833,50.0,0.0,0.0,1.0
0,1,30,343.123946878043,77.96936971231145,50.0,0.0,0.0,1.0
0,1,31,343.59379322635596,78.14037967978992,50.0,0.0,0.0,1.0
0,1,32,344.0636395746689,78.31138964726838,50.0,0.0,0.0,1.0
0,1,33,344.5334859229818,78.48239961474684,50.0,0.0,0.0,1.0
0,1,34,345.00333227129477,78.65340958222531,50.0,0.0,0.0,1.0
0,1,35,345.4731786196077,78.82441954970378,50.0,0.0,0.0,1.0
0,1,36,345.9430249679207,78.99542951718225,50.0,0.0,0.0,1.0
0,1,37,346.41287131623363,79.1664394846607,50.0,0.0,0.0,1.0
0,1,38,346.8827176645466,79.33744945213917,50.0,0.0,0.0,1.0
0,1,39,347.35256401285955,79.50845941961764,50.0,0.0,0.0,1.0
0,1,40,347.8224103611725,79.67946938709609,50.0,0.0,0.0,1.0
0,1,41,348.29225670948546,79.85047935457456,50.0,0.0,0.0,1.0
0,1,42,348.7621030577984,80.02148932205303,50.0,0.0,0.0,1.0
0,1,43,349.23194940611137,80.19249928953148,50.0,0.0,0.0,1.0
0,1,44,349.7017957544243,80.36350925700995,50.0,0.0,0.0,1.0
0,1,45,350.1686005590605,80.5424907866712,50.0,0.0,0.0,1.0
0,1,46,350.63294501372724,80.72792063168072,50.0,0.0,0.0,1.0
0,1,47,351.09728946839397,80.91335047669025,50.0,0.0,0.0,1.0
0,1,48,351.55980448005505,81.10296667555002,50.0,0.0,0.0,1.0
0,1,49,352.01131420788516,81.31776650253965,50.0,0.0,0.0,1.0
0,1,50,352.4628239357153,81.53256632952929,50.0,0.0,0.0,1.0
0,1,51,352.9143336635454,81.74736615651892,50.0,0.0,0.0,1.0
0,1,52,353.3658433913755,81.96216598350856,50.0,0.0,0.0,1.0
0,1,53,353.81478801176195,82.18221240634513,50.0,0.0,0.0,1.0
0,1,54,354.2616042554664,82.40661214868425,50.0,0.0,0.0,1.0
0,1,55,354.7084204991708,82.63101189102336,50.0,0.0,0.0,1.0
0,1,56,355.1552367428753,82.85541163336248,50.0,0.0,0.0,1.0
0,1,57,355.6020529865797,83.0798113757016,50.0,0.0,0.0,1.0
0,1,58,356.04886923028414,83.30421111804071,50.0,0.0,0.0,1.0
0,1,59,356.49568547398854,83.52861086037983,50.0,0.0,0.0,1.0
0,1,60,356.942501717693,83.75301060271894,50.0,0.0,0.0,1.0
0,1,61,357.3893179613974,83.97741034505808,50.0,0.0,0.0,1.0
0,1,62,357.83613420510187,84.20181008739719,50.0,0.0,0.0,1.0
0,1,63,358.2829504488063,84.42620982973631,50.0,0.0,0.0,1.0
0,1,64,358.72976669251074,84.65060957207542,50.0,0.0,0.0,1.0
0,1,65,359.17658293621514,84.87500931441454,50.0,0.0,0.0,1.0
0,1,66,359.6233991799196,85.09940905675366,50.0,0.0,0.0,1.0
0,1,67,360.070215423624,85.32380879909277,50.0,0.0,0.0,1.0
0,1,68,360.5170316673284,85.54820854143189,50.0,0.0,0.0,1.0
0,1,69,360.9638479110329,85.772608283771,50.0,0.0,0.0,1.0
0,1,70,361.4106641547373,85.99700802611012,50.0,0.0,0.0,1.0
0,1,71,361.85748039844174,86.22140776844924,50.0,0.0,0.0,1.0
0,1,72,362.30429664214614,86.44580751078836,50.0,0.0,0.0,1.0
0,1,73,362.7511128858506,86.67020725312747,50.0,0.0,0.0,1.0
0,1,74,363.197929129555,86.89460699546659,50.0,0.0,0.0,1.0
0,1,75,363.64474537325947,87.1190067378057,50.0,0.0,0.0,1.0
0,1,76,364.0915616169639,87.34340648014482,50.0,0.0,0.0,1.0
0,1,77,364.53837786066833,87.56780622248394,50.0,0.0,0.0,1.0
0,1,78,364.98519410437274,87.79220596482305,50.0,0.0,0.0,1.0
0,1,79,365.4320103480772,88.01660570716217,50.0,0.0,0.0,1.0
0,1,80,365.8788265917816,88.2410054495013,50.0,0.0,0.0,1.0
0,1,81,366.32564283548606,88.46540519184042,50.0,0.0,0.0,1.0
0,1,82,366.77245907919047,88.68980493417953,50.0,0.0,0.0,1.0
0,1,83,367.21927532289493,88.91420467651865,50.0,0.0,0.0,1.0
0,1,84,367.66609156659933,89.13860441885777,50.0,0.0,0.0,1.0
0,1,85,368.1129078103038,89.36300416119688,50.0,0.0,0.0,1.0
0,1,86,368.5597240540082,89.587403903536,50.0,0.0,0.0,1.0
0,1,87,369.00654029771266,89.81180364587512,50.0,0.0,0.0,1.0
0,1,88,369.45335654141707,90.03620338821423,50.0,0.0,0.0,1.0
0,1,89,369.9001727851215,90.26060313055335,50.0,0.0,0.0,1.0
0,1,90,370.34698902882593,90.48500287289247,50.0,0.0,0.0,1.0
0,1,91,370.79380527253034,90.70940261523158,50.0,0.0,0.0,1.0
0,1,92,371.2406215162348,90.9338023575707,50.0,0.0,0.0,1.0
0,1,93,371.6874377599392,91.15820209990981,50.0,0.0,0.0,1.0
0,1,94,372.1260845970881,91.3981483407355,50.0,0.0,0.0,1.0
0,1,95,372.5643406536142,91.63883824272195,50.0,0.0,0.0,1.0
0,1,96,372.9979401566228,91.88739810784502,50.0,0.0,0.0,1.0
0,1,97,373.419875170404,92.15567193091657,50.0,0.0,0.0,1.0
0,1,98,373.84181018418525,92.42394575398814,50.0,0.0,0.0,1.0
0,1,99,374.2637451979665,92.69221957705969,50.0,0.0,0.0,1.0
0,1,100,374.68568021174775,92.96049340013124,50.0,0.0,0.0,1.0
0,1,101,375.10761522552895,93.22876722320281,50.0,0.0,0.0,1.0
0,1,102,375.52557536864555,93.50318734892242,50.0,0.0,0.0,1.0
0,1,103,375.94331936803843,93.77794169551449,50.0,0.0,0.0,1.0
0,1,104,376.36106336743137,94.05269604210655,50.0,0.0,0.0,1.0
0,1,105,376.77880736682425,94.32745038869861,50.0,0.0,0.0,1.0
0,1,106,377.19655136621714,94.60220473529067,50.0,0.0,0.0,1.0
0,1,107,377.61429536561,94.87695908188275,50.0,0.0,0.0,1.0
0,1,108,378.0320393650029,95.1517134284748,50.0,0.0,0.0,1.0
0,1,109,378.4497833643958,95.42646777506687,50.0,0.0,0.0,1.0
0,1,110,378.8675273637887,95.70122212165893,50.0,0.0,0.0,1.0
0,1,111,379.2852713631816,95.97597646825099,50.0,0.0,0.0,1.0
0,1,112,379.7030153625745,96.25073081484305,50.0,0.0,0.0,1.0
0,1,113,380.1207593619674,96.52548516143513,50.0,0.0,0.0,1.0
0,1,114,380.53850336136026,96.80023950802719,50.0,0.0,0.0,1.0
0,1,115,380.95624736075314,97.07499385461925,50.0,0.0,0.0,1.0
0,1,116,381.373991360146,97.34974820121131,50.0,0.0,0.0,1.0
0,1,117,381.79173535953896,97.62450254780337,50.0,0.0,0.0,1.0
0,1,118,382.20947935893184,97.89925689439544,50.0,0.0,0.0,1.0
0,1,119,382.6272233583247,98.1740112409875,50.0,0.0,0.0,1.0
0,1,120,383.0449673577176,98.44876558757957,50.0,0.0,0.0,1.0
0,1,121,383.4627113571105,98.72351993417163,50.0,0.0,0.0,1.0
0,1,122,383.8804553565034,98.9982742807637,50.0,0.0,0.0,1.0
0,1,123,384.2981993558963,99.27302862735576,50.0,0.0,0.0,1.0
0,1,124,384.7159433552892,99.54778297394782,50.0,0.0,0.0,1.0
0,1,125,385.1336873546821,99.82253732053988,50.0,0.0,0.0,1.0
0,1,126,385.55143135407496,100.09729166713194,50.0,0.0,0.0,1.0
0,1,127,385.96917535346785,100.37204601372402,50.0,0.0,0.0,1.0
0,1,128,386.38691935286073,100.64680036031608,50.0,0.0,0.0,1.0
0,1,129,386.8046633522536,100.92155470690814,50.0,0.0,0.0,1.0
0,1,130,387.22240735164655,101.1963090535002,50.0,0.0,0.0,1.0
0,1,131,387.64015135103944,101.47106340009226,50.0,0.0,0.0,1.0
0,1,132,388.0578953504323,101.74581774668432,50.0,0.0,0.0,1.0
0,1,133,388.4756393498252,102.0205720932764,50.0,0.0,0.0,1.0
0,1,134,388.8933833492181,102.29532643986846,50.0,0.0,0.0,1.0
0,1,135,389.31112734861097,102.57008078646052,50.0,0.0,0.0,1.0
0,1,136,389.7288713480039,102.84483513305258,50.0,0.0,0.0,1.0
0,1,137,390.1466153473968,103.11958947964465,50.0,0.0,0.0,1.0
0,1,138,390.5643593467897,103.3943438262367,50.0,0.0,0.0,1.0
0,1,139,390.98210334618256,103.66909817282877,50.0,0.0,0.0,1.0
0,1,140,391.39984734557544,103.94385251942084,50.0,0.0,0.0,1.0
0,1,141,391.8175913449683,104.2186068660129,50.0,0.0,0.0,1.0
0,1,142,392.23101697602686,104.49963089822901,50.0,0.0,0.0,1.0
0,1,143,392.6366384119409,104.79198556422055,50.0,0.0,0.0,1.0
0,1,144,393.0338765842833,105.0952186184223,50.0,0.0,0.0,1.0
0,1,145,393.4199344930109,105.41295953663854,50.0,0.0,0.0,1.0
0,1,146,393.8059924017384,105.7307004548548,50.0,0.0,0.0,1.0
0,1,147,394.19205031046596,106.04844137307104,50.0,0.0,0.0,1.0
0,1,148,394.57810821919355,106.3661822912873,50.0,0.0,0.0,1.0
0,1,149,394.9641661279211,106.68392320950355,50.0,0.0,0.0,1.0
0,1,150,395.3491586304272,107.00294614643812,50.0,0.0,0.0,1.0
0,1,151,395.73218082225594,107.32433998671314,50.0,0.0,0.0,1.0
0,1,152,396.1152030140846,107.64573382698816,50.0,0.0,0.0,1.0
0,1,153,396.49822520591334,107.96712766726318,50.0,0.0,0.0,1.0
0,1,154,396.8812473977421,108.2885215075382,50.0,0.0,0.0,1.0
0,1,155,397.2642695895708,108.60991534781321,50.0,0.0,0.0,1.0
0,1,156,397.64729178139953,108.93130918808824,50.0,0.0,0.0,1.0
0,1,157,398.0303139732282,109.25270302836326,50.0,0.0,0.0,1.0
0,1,158,398.41333616505693,109.57409686863828,50.0,0.0,0.0,1.0
0,1,159,398.79635835688566,109.8954907089133,50.0,0.0,0.0,1.0
0,1,160,399.1793805487144,110.21688454918832,50.0,0.0,0.0,1.0
0,1,161,399.5624027405431,110.53827838946333,50.0,0.0,0.0,1.0
0,1,162,399.94542493237185,110.85967222973835,50.0,0.0,0.0,1.0
0,1,163,400.3284471242005,111.18106607001337,50.0,0.0,0.0,1.0
0,1,164,400.71146931602925,111.5024599102884,50.0,0.0,0.0,1.0
0,1,165,401.094491507858,111.82385375056342,50.0,0.0,0.0,1.0
0,1,166,401.4775136996867,112.14524759083844,50.0,0.0,0.0,1.0
0,1,167,401.86053589151544,112.46664143111344,50.0,0.0,0.0,1.0
0,1,168,402.2435580833441,112.78803527138847,50.0,0.0,0.0,1.0
0,1,169,402.62658027517284,113.10942911166349,50.0,0.0,0.0,1.0
0,1,170,403.00960246700157,113.43082295193851,50.0,0.0,0.0,1.0
0,1,171,403.3926246588303,113.75221679221353,50.0,0.0,0.0,1.0
0,1,172,403.77564685065903,114.07361063248854,50.0,0.0,0.0,1.0
0,1,173,404.1586690424877,114.39500447276356,50.0,0.0,0.0,1.0
0,1,174,404.54169123431643,114.71639831303858,50.0,0.0,0.0,1.0
0,1,175,404.92471342614516,115.0377921533136,50.0,0.0,0.0,1.0
0,1,176,405.3077356179739,115.35918599358862,50.0,0.0,0.0,1.0
0,1,177,405.6907578098026,115.68057983386365,50.0,0.0,0.0,1.0
0,1,178,406.0737800016313,116.00197367413865,50.0,0.0,0.0,1.0
0,1,179,406.45680219346,116.32336751441368,50.0,0.0,0.0,1.0
0,1,180,406.83982438528875,116.6447613546887,50.0,0.0,0.0,1.0
0,1,181,407.2228465771175,116.96615519496372,50.0,0.0,0.0,1.0
0,1,182,407.6058687689462,117.28754903523874,50.0,0.0,0.0,1.0
0,1,183,407.98889096077494,117.60894287551375,50.0,0.0,0.0,1.0
0,1,184,408.3719131526036,117.93033671578877,50.0,0.0,0.0,1.0
0,1,185,408.75493534443234,118.25173055606379,50.0,0.0,0.0,1.0
0,1,186,409.13795753626107,118.57312439633881,50.0,0.0,0.0,1.0
0,1,187,409.5209797280898,118.89451823661383,50.0,0.0,0.0,1.0
0,1,188,409.9040019199185,119.21591207688886,50.0,0.0,0.0,1.0
0,1,189,410.2870241117472,119.53730591716386,50.0,0.0,0.0,1.0
0,1,190,410.67004630357593,119.85869975743888,50.0,0.0,0.0,1.0
0,1,191,411.0408573711413,120.19394702129816,50.0,0.0,0.0,1.0
0,1,192,411.394897784872,120.54665648889055,50.0,0.0,0.0,1.0
0,1,193,411.7393119024822,120.9091187842963,50.0,0.0,0.0,1.0
0,1,194,412.0837260200924,121.27158107970205,50.0,0.0,0.0,1.0
0,1,195,412.42814013770254,121.6340433751078,50.0,0.0,0.0,1.0
0,1,196,412.77255425531274,121.99650567051354,50.0,0.0,0.0,1.0
0,1,197,413.11696837292294,122.35896796591929,50.0,0.0,0.0,1.0
0,1,198,413.4613824905331,122.72143026132504,50.0,0.0,0.0,1.0
0,1,199,413.80482081307645,123.08481646193083,50.0,0.0,0.0,1.0
0,1,200,414.1479414940399,123.44850341288615,50.0,0.0,0.0,1.0
0,1,201,414.4910621750033,123.81219036384147,50.0,0.0,0.0,1.0
0,1,202,414.8341828559668,124.1758773147968,50.0,0.0,0.0,1.0
0,1,203,415.17730353693025,124.53956426575212,50.0,0.0,0.0,1.0
0,1,204,415.52042421789366,124.90325121670745,50.0,0.0,0.0,1.0
0,1,205,415.8635448988571,125.26693816766276,50.0,0.0,0.0,1.0
0,1,206,416.2066655798206,125.63062511861808,50.0,0.0,0.0,1.0
0,1,207,416.54978626078406,125.99431206957341,50.0,0.0,0.0,1.0
0,1,208,416.89290694174747,126.35799902052872,50.0,0.0,0.0,1.0
0,1,209,417.23602762271094,126.72168597148405,50.0,0.0,0.0,1.0
0,1,210,417.5791483036744,127.08537292243938,50.0,0.0,0.0,1.0
0,1,211,417.9222689846378,127.44905987339469,50.0,0.0,0.0,1.0
0,1,212,418.2653896656013,127.81274682435001,50.0,0.0,0.0,1.0
0,1,213,418.60851034656474,128.17643377530533,50.0,0.0,0.0,1.0
0,1,214,418.95163102752815,128.54012072626065,50.0,0.0,0.0,1.0
0,1,215,419.2947517084916,128.90380767721598,50.0,0.0,0.0,1.0
0,1,216,419.6378723894551,129.2674946281713,50.0,0.0,0.0,1.0
0,1,217,419.98099307041855,129.63118157912663,50.0,0.0,0.0,1.0
0,1,218,420.32411375138196,129.99486853008196,50.0,0.0,0.0,1.0
0,1,219,420.6672344323454,130.35855548103726,50.0,0.0,0.0,1.0
0,1,220,421.0103551133089,130.72224243199258,50.0,0.0,0.0,1.0
0,1,221,421.3534757942723,131.0859293829479,50.0,0.0,0.0,1.0
0,1,222,421.69659647523576,131.44961633390324,50.0,0.0,0.0,1.0
0,1,223,422.03971715619923,131.81330328485856,50.0,0.0,0.0,1.0
0,1,224,422.3828378371627,132.1769902358139,50.0,0.0,0.0,1.0
0,1,225,422.7259585181261,132.5406771867692,50.0,0.0,0.0,1.0
0,1,226,423.0690791990896,132.9043641377245,50.0,0.0,0.0,1.0
0,1,227,423.41219988005304,133.26805108867984,50.0,0.0,0.0,1.0
0,1,228,423.75532056101645,133.63173803963517,50.0,0.0,0.0,1.0
0,1,229,424.0984412419799,133.9954249905905,50.0,0.0,0.0,1.0
0,1,230,424.4415619229434,134.35911194154582,50.0,0.0,0.0,1.0
0,1,231,424.78468260390684,134.72279889250115,50.0,0.0,0.0,1.0
0,1,232,425.12780328487025,135.08648584345644,50.0,0.0,0.0,1.0
0,1,233,425.4709239658337,135.45017279441177,50.0,0.0,0.0,1.0
0,1,234,425.8140446467972,135.8138597453671,50.0,0.0,0.0,1.0
0,1,235,426.1571653277606,136.17754669632242,50.0,0.0,0.0,1.0
0,1,236,426.50028600872406,136.54123364727775,50.0,0.0,0.0,1.0
0,1,237,426.8434066896875,136.90492059823308,50.0,0.0,0.0,1.0
0,1,238,427.18652737065094,137.26860754918837,50.0,0.0,0.0,1.0
0,1,239,427.5263434534222,137.63524588361616,50.0,0.0,0.0,1.0
0,1,240,427.83175484961873,138.03088558722095,50.0,0.0,0.0,1.0
0,1,241,428.1303340013215,138.43194729091312,50.0,0.0,0.0,1.0
0,1,242,428.4289131530242,138.8330089946053,50.0,0.0,0.0,1.0
0,1,243,428.727492304727,139.23407069829747,50.0,0.0,0.0,1.0
0,1,244,429.0260714564297,139.63513240198964,50.0,0.0,0.0,1.0
0,1,245,429.32465060813246,140.03619410568183,50.0,0.0,0.0,1.0
0,1,246,429.62322975983517,140.437255809374,50.0,0.0,0.0,1.0
0,1,247,429.9218090856753,140.83831738342568,50.0,0.0,0.0,1.0
0,1,248,430.2203886199416,141.23937880230974,50.0,0.0,0.0,1.0
0,1,249,430.518968154208,141.64044022119378,50.0,0.0,0.0,1.0
0,1,250,430.81754768847435,142.04150164007783,50.0,0.0,0.0,1.0
0,1,251,431.1161272227407,142.44256305896187,50.0,0.0,0.0,1.0
0,1,252,431.4147067570071,142.84362447784594,50.0,0.0,0.0,1.0
0,1,253,431.7132862912734,143.24468589672998,50.0,0.0,0.0,1.0
0,1,254,432.01186582553976,143.64574731561402,50.0,0.0,0.0,1.0
0,1,255,432.3104453598061,144.0468087344981,50.0,0.0,0.0,1.0
0,1,256,432.6090248940725,144.44787015338213,50.0,0.0,0.0,1.0
0,1,257,432.90760442833886,144.84893157226617,50.0,0.0,0.0,1.0
0,1,258,433.2061839626052,145.2499929911502,50.0,0.0,0.0,1.0
0,1,259,433.50476349687153,145.65105441003428,50.0,0.0,0.0,1.0
0,1,260,433.8033430311379,146.05211582891832,50.0,0.0,0.0,1.0
0,1,261,434.10192256540427,146.45317724780236,50.0,0.0,0.0,1.0
0,1,262,434.40050209967063,146.8542386666864,50.0,0.0,0.0,1.0
0,1,263,434.699081633937,147.25530008557047,50.0,0.0,0.0,1.0
0,1,264,434.9976611682033,147.6563615044545,50.0,0.0,0.0,1.0
0,1,265,435.2962407024697,148.05742292333855,50.0,0.0,0.0,1.0
0,1,266,435.59482023673604,148.4584843422226,50.0,0.0,0.0,1.0
0,1,267,435.8933997710024,148.85954576110666,50.0,0.0,0.0,1.0
0,1,268,436.1919793052688,149.2606071799907,50.0,0.0,0.0,1.0
0,1,269,436.49055883953514,149.66166859887474,50.0,0.0,0.0,1.0
0,1,270,436.78913837380145,150.0627300177588,50.0,0.0,0.0,1.0
0,1,271,437.0877179080678,150.46379143664285,50.0,0.0,0.0,1.0
0,1,272,437.3862974423342,150.8648528555269,50.0,0.0,0.0,1.0
0,1,273,437.68487697660055,151.26591427441093,50.0,0.0,0.0,1.0
0,1,274,437.9834565108669,151.666975693295,50.0,0.0,0.0,1.0
0,1,275,438.2820360451332,152.06803711217904,50.0,0.0,0.0,1.0
0,1,276,438.5806155793996,152.46909853106308,50.0,0.0,0.0,1.0
0,1,277,438.87919511366596,152.87015994994712,50.0,0.0,0.0,1.0
0,1,278,439.1777746479323,153.2712213688312,50.0,0.0,0.0,1.0
0,1,279,439.4763541821987,153.67228278771523,50.0,0.0,0.0,1.0
0,1,280,439.77493371646506,154.07334420659927,50.0,0.0,0.0,1.0
0,1,281,440.07351325073137,154.4744056254833,50.0,0.0,0.0,1.0
0,1,282,440.37209278499773,154.87546704436738,50.0,0.0,0.0,1.0
0,1,283,440.6706723192641,155.27652846325142,50.0,0.0,0.0,1.0
0,1,284,440.96925185353047,155.67758988213546,50.0,0.0,0.0,1.0
0,1,285,441.26783138779683,156.07865130101953,50.0,0.0,0.0,1.0
0,1,286,441.56641092206314,156.47971271990357,50.0,0.0,0.0,1.0
0,1,287,441.8649904563295,156.88077413878761,50.0,0.0,0.0,1.0
0,1,288,442.1281112527331,157.30540921096113,50.0,0.0,0.0,1.0
0,1,289,442.37708286979444,157.73901402400853,50.0,0.0,0.0,1.0
0,1,290,442.6260544868557,158.17261883705595,50.0,0.0,0.0,1.0
0,1,291,442.87502610391704,158.60622365010335,50.0,0.0,0.0,1.0
0,1,292,443.12399772097837,159.03982846315077,50.0,0.0,0.0,1.0
0,1,293,443.37296933803964,159.47343327619816,50.0,0.0,0.0,1.0
0,1,294,443.62194095510097,159.90703808924556,50.0,0.0,0.0,1.0
0,1,295,443.87152992458425,160.3402874497905,50.0,0.0,0.0,1.0
0,1,296,444.12152995873674,160.7733001319648,50.0,0.0,0.0,1.0
0,1,297,444.37152999288924,161.20631281413904,50.0,0.0,0.0,1.0
0,1,298,444.62153002704173,161.63932549631332,50.0,0.0,0.0,1.0
0,1,299,444.87153006119416,162.0723381784876,50.0,0.0,0.0,1.0
0,1,300,445.12153009534666,162.50535086066185,50.0,0.0,0.0,1.0
0,1,301,445.37153012949915,162.93836354283613,50.0,0.0,0.0,1.0
0,1,302,445.62153016365164,163.3713762250104,50.0,0.0,0.0,1.0
0,1,303,445.87153019780413,163.80438890718466,50.0,0.0,0.0,1.0
0,1,304,446.1215302319566,164.23740158935894,50.0,0.0,0.0,1.0
0,1,305,446.3715302661091,164.67041427153322,50.0,0.0,0.0,1.0
0,1,306,446.6215303002616,165.10342695370747,50.0,0.0,0.0,1.0
0,1,307,446.8715303344141,165.53643963588175,50.0,0.0,0.0,1.0
0,1,308,447.12153036856654,165.96945231805603,50.0,0.0,0.0,1.0
0,1,309,447.37153040271903,166.4024650002303,50.0,0.0,0.0,1.0
0,1,310,447.6215304368715,166.83547768240456,50.0,0.0,0.0,1.0
0,1,311,447.871530471024,167.26849036457884,50.0,0.0,0.0,1.0
0,1,312,448.1215305051765,167.70150304675312,50.0,0.0,0.0,1.0
0,1,313,448.371530539329,168.13451572892737,50.0,0.0,0.0,1.0
0,1,314,448.6215305734815,168.56752841110165,50.0,0.0,0.0,1.0
0,1,315,448.871530607634,169.00054109327593,50.0,0.0,0.0,1.0
0,1,316,449.1215306417865,169.43355377545018,50.0,0.0,0.0,1.0
0,1,317,449.3715306759389,169.86656645762446,50.0,0.0,0.0,1.0
0,1,318,449.6215307100914,170.29957913979874,50.0,0.0,0.0,1.0
0,1,319,449.8715307442439,170.732591821973,50.0,0.0,0.0,1.0
0,1,320,450.1215307783964,171.16560450414727,50.0,0.0,0.0,1.0
0,1,321,450.3715308125489,171.59861718632155,50.0,0.0,0.0,1.0
0,1,322,450.6215308467014,172.0316298684958,50.0,0.0,0.0,1.0
0,1,323,450.87153088085387,172.46464255067008,50.0,0.0,0.0,1.0
0,1,324,451.12153091500636,172.89765523284436,50.0,0.0,0.0,1.0
0,1,325,451.37153094915885,173.3306679150186,50.0,0.0,0.0,1.0
0,1,326,451.6215309833113,173.7636805971929,50.0,0.0,0.0,1.0
0,1,327,451.8715310174638,174.19669327936717,50.0,0.0,0.0,1.0
0,1,328,452.1215310516163,174.62970596154145,50.0,0.0,0.0,1.0
0,1,329,452.37153108576877,175.0627186437157,50.0,0.0,0.0,1.0
0,1,330,452.62153111992126,175.49573132588998,50.0,0.0,0.0,1.0
0,1,331,452.87153115407375,175.92874400806426,50.0,0.0,0.0,1.0
0,1,332,453.12153118822624,176.3617566902385,50.0,0.0,0.0,1.0
0,1,333,453.37153122237874,176.7947693724128,50.0,0.0,0.0,1.0
0,1,334,453.6215312565312,177.22778205458707,50.0,0.0,0.0,1.0
0,1,335,453.87129339173583,177.6609217376255,50.0,0.0,0.0,1.0
0,1,336,454.09197189521757,178.10958753540942,50.0,0.0,0.0,1.0
0,1,337,454.28698102576425,178.5699644326763,50.0,0.0,0.0,1.0
0,1,338,454.4811984879021,179.03070251163305,50.0,0.0,0.0,1.0
0,1,339,454.6754159500399,179.49144059058978,50.0,0.0,0.0,1.0
0,1,340,454.86963341217773,179.9521786695465,50.0,0.0,0.0,1.0
0,1,341,455.0638508743156,180.41291674850322,50.0,0.0,0.0,1.0
0,1,342,455.25806833645345,180.87365482745994,50.0,0.0,0.0,1.0
0,1,343,455.4551312705228,181.33317948901518,50.0,0.0,0.0,1.0
0,1,344,455.6531711648696,181.79228753756922,50.0,0.0,0.0,1.0
0,1,345,455.85121105921644,182.25139558612327,50.0,0.0,0.0,1.0
0,1,346,456.0492509535633,182.7105036346773,50.0,0.0,0.0,1.0
0,1,347,456.2472908479101,183.16961168323135,50.0,0.0,0.0,1.0
0,1,348,456.4453307422569,183.6287197317854,50.0,0.0,0.0,1.0
0,1,349,456.6433706366037,184.08782778033944,50.0,0.0,0.0,1.0
0,1,350,456.84141053095055,184.54693582889348,50.0,0.0,0.0,1.0
0,1,351,457.03945042529733,185.00604387744752,50.0,0.0,0.0,1.0
0,1,352,457.23749031964417,185.46515192600157,50.0,0.0,0.0,1.0
0,1,353,457.435530213991,185.9242599745556,50.0,0.0,0.0,1.0
0,1,354,457.6335701083378,186.38336802310965,50.0,0.0,0.0,1.0
0,1,355,457.8316100026846,186.8424760716637,50.0,0.0,0.0,1.0
0,1,356,458.02964989703145,187.30158412021774,50.0,0.0,0.0,1.0
0,1,357,458.2276897913782,187.76069216877178,50.0,0.0,0.0,1.0
0,1,358,458.42572968572506,188.21980021732583,50.0,0.0,0.0,1.0
0,1,359,458.6237695800719,188.67890826587987,50.0,0.0,0.0,1.0
0,1,360,458.82180947441867,189.1380163144339,50.0,0.0,0.0,1.0
0,1,361,459.0198493687655,189.59712436298796,50.0,0.0,0.0,1.0
0,1,362,459.21788926311234,190.056232411542,50.0,0.0,0.0,1.0
0,1,363,459.4159291574591,190.51534046009604,50.0,0.0,0.0,1.0
0,1,364,459.61396905180595,190.97444850865008,50.0,0.0,0.0,1.0
0,1,365,459.8120089461528,191.43355655720413,50.0,0.0,0.0,1.0
0,1,366,460.0100488404996,191.89266460575817,50.0,0.0,0.0,1.0
0,1,367,460.2080887348464,192.3517726543122,50.0,0.0,0.0,1.0
0,1,368,460.40612862919323,192.81088070286626,50.0,0.0,0.0,1.0
0,1,369,460.60416852354007,193.2699887514203,50.0,0.0,0.0,1.0
0,1,370,460.80220841788685,193.72909679997434,50.0,0.0,0.0,1.0
0,1,371,461.0002483122337,194.1882048485284,50.0,0.0,0.0,1.0
0,1,372,461.1982882065805,194.64731289708243,50.0,0.0,0.0,1.0
0,1,373,461.3963281009273,195.10642094563647,50.0,0.0,0.0,1.0
0,1,374,461.5943679952741,195.56552899419052,50.0,0.0,0.0,1.0
0,1,375,461.79240788962096,196.02463704274456,50.0,0.0,0.0,1.0
0,1,376,461.99044778396774,196.4837450912986,50.0,0.0,0.0,1.0
0,1,377,462.1884876783146,196.94285313985264,50.0,0.0,0.0,1.0
0,1,378,462.3865275726614,197.4019611884067,50.0,0.0,0.0,1.0
0,1,379,462.5845674670082,197.86106923696073,50.0,0.0,0.0,1.0
0,1,380,462.782607361355,198.32017728551477,50.0,0.0,0.0,1.0
0,1,381,462.98064725570185,198.77928533406882,50.0,0.0,0.0,1.0
0,1,382,463.17868715004863,199.23839338262286,50.0,0.0,0.0,1.0
0,1,383,463.3715903476143,199.69949984596545,50.0,0.0,0.0,1.0
0,1,384,463.53588670173923,200.17173570654919,50.0,0.0,0.0,1.0
0,1,385,463.68984425520426,200.64723472430558,50.0,0.0,0.0,1.0
0,1,386,463.8264070855944,201.12822390646653,50.0,0.0,0.0,1.0
0,1,387,463.9629699159845,201.60921308862746,50.0,0.0,0.0,1.0
0,1,388,464.09953274637456,202.09020227078838,50.0,0.0,0.0,1.0
0,1,389,464.2360955767647,202.5711914529493,50.0,0.0,0.0,1.0
0,1,390,464.3726584071548,203.05218063511026,50.0,0.0,0.0,1.0
0,1,391,464.515292271936,203.53139929538375,50.0,0.0,0.0,1.0
0,1,392,464.65869370497416,204.01039410642306,50.0,0.0,0.0,1.0
0,1,393,464.80209513801236,204.48938891746238,50.0,0.0,0.0,1.0
0,1,394,464.94549657105057,204.9683837285017,50.0,0.0,0.0,1.0
0,1,395,465.0888980040888,205.447378539541,50.0,0.0,0.0,1.0
0,1,396,465.232299437127,205.92637335058035,50.0,0.0,0.0,1.0
0,1,397,465.37570087016513,206.40536816161966,50.0,0.0,0.0,1.0
0,1,398,465.51910230320334,206.88436297265898,50.0,0.0,0.0,1.0
0,1,399,465.66250373624155,207.3633577836983,50.0,0.0,0.0,1.0
0,1,400,465.80590516927975,207.8423525947376,50.0,0.0,0.0,1.0
0,1,401,465.94930660231796,208.32134740577692,50.0,0.0,0.0,1.0
0,1,402,466.09270803535617,208.80034221681623,50.0,0.0,0.0,1.0
0,1,403,466.2361094683943,209.27933702785555,50.0,0.0,0.0,1.0
0,1,404,466.3795109014325,209.7583318388949,50.0,0.0,0.0,1.0
0,1,405,466.52291233447073,210.2373266499342,50.0,0.0,0.0,1.0
0,1,406,466.66631376750894,210.71632146097352,50.0,0.0,0.0,1.0
0,1,407,466.80971520054715,211.19531627201283,50.0,0.0,0.0,1.0
0,1,408,466.95311663358535,211.67431108305215,50.0,0.0,0.0,1.0
0,1,409,467.0965180666235,212.15330589409146,50.0,0.0,0.0,1.0
0,1,410,467.2399194996617,212.63230070513077,50.0,0.0,0.0,1.0
0,1,411,467.3833209326999,213.1112955161701,50.0,0.0,0.0,1.0
0,1,412,467.5267223657381,213.5902903272094,50.0,0.0,0.0,1.0
0,1,413,467.67012379877633,214.06928513824874,50.0,0.0,0.0,1.0
0,1,414,467.8135252318145,214.54827994928806,50.0,0.0,0.0,1.0
0,1,415,467.9569266648527,215.02727476032737,50.0,0.0,0.0,1.0
0,1,416,468.1003280978909,215.5062695713667,50.0,0.0,0.0,1.0
0,1,417,468.2437295309291,215.985264382406,50.0,0.0,0.0,1.0
0,1,418,468.3871309639673,216.46425919344532,50.0,0.0,0.0,1.0
0,1,419,468.5305323970055,216.94325400448463,50.0,0.0,0.0,1.0
0,1,420,468.67393383004367,217.42224881552394,50.0,0.0,0.0,1.0
0,1,421,468.8173352630819,217.90124362656329,50.0,0.0,0.0,1.0
0,1,422,468.9607366961201,218.3802384376026,50.0,0.0,0.0,1.0
0,1,423,469.1041381291583,218.8592332486419,50.0,0.0,0.0,1.0
0,1,424,469.2475395621965,219.33822805968123,50.0,0.0,0.0,1.0
0,1,425,469.3909409952347,219.81722287072054,50.0,0.0,0.0,1.0
0,1,426,469.53434242827285,220.29621768175986,50.0,0.0,0.0,1.0
0,1,427,469.67774386131106,220.77521249279917,50.0,0.0,0.0,1.0
0,1,428,469.82114529434926,221.25420730383848,50.0,0.0,0.0,1.0
0,1,429,469.96454672738747,221.73320211487783,50.0,0.0,0.0,1.0
0,1,430,470.1079481604257,222.21219692591714,50.0,0.0,0.0,1.0
0,1,431,470.2401372592673,222.69407510474113,50.0,0.0,0.0,1.0
0,1,432,470.3456016068998,223.18282582993595,50.0,0.0,0.0,1.0
0,1,433,470.4510659545322,223.67157655513077,50.0,0.0,0.0,1.0
0,1,434,470.5343754617806,224.16443750941954,50.0,0.0,0.0,1.0
0,1,435,470.61124419228855,224.6584933749551,50.0,0.0,0.0,1.0
0,1,436,470.68811292279656,225.15254924049066,50.0,0.0,0.0,1.0
0,1,437,470.7649816533045,225.64660510602621,50.0,0.0,0.0,1.0
0,1,438,470.8421547449811,226.1406104658625,50.0,0.0,0.0,1.0
0,1,439,470.9289791572347,226.63301428534078,50.0,0.0,0.0,1.0
0,1,440,471.0158035694884,227.12541810481906,50.0,0.0,0.0,1.0
0,1,441,471.1026279817421,227.61782192429735,50.0,0.0,0.0,1.0
0,1,442,471.1894523939958,228.11022574377563,50.0,0.0,0.0,1.0
0,1,443,471.2762768062495,228.6026295632539,50.0,0.0,0.0,1.0
0,1,444,471.3631012185032,229.0950333827322,50.0,0.0,0.0,1.0
0,1,445,471.44992563075687,229.58743720221048,50.0,0.0,0.0,1.0
0,1,446,471.53675004301056,230.07984102168876,50.0,0.0,0.0,1.0
0,1,447,471.62357445526425,230.57224484116705,50.0,0.0,0.0,1.0
0,1,448,471.7103988675179,231.06464866064533,50.0,0.0,0.0,1.0
0,1,449,471.7972232797716,231.55705248012362,50.0,0.0,0.0,1.0
0,1,450,471.88404769202526,232.0494562996019,50.0,0.0,0.0,1.0
0,1,451,471.97087210427895,232.54186011908018,50.0,0.0,0.0,1.0
0,1,452,472.05769651653264,233.03426393855847,50.0,0.0,0.0,1.0
0,1,453,472.14452092878633,233.52666775803675,50.0,0.0,0.0,1.0
0,1,454,472.23134534104,234.01907157751504,50.0,0.0,0.0,1.0
0,1,455,472.3181697532937,234.51147539699332,50.0,0.0,0.0,1.0
0,1,456,472.4049941655474,235.0038792164716,50.0,0.0,0.0,1.0
0,1,457,472.49181857780104,235.4962830359499,50.0,0.0,0.0,1.0
0,1,458,472.57864299005473,235.98868685542817,50.0,0.0,0.0,1.0
0,1,459,472.6654674023084,236.48109067490645,50.0,0.0,0.0,1.0
0,1,460,472.7522918145621,236.97349449438474,50.0,0.0,0.0,1.0
0,1,461,472.8391162268158,237.46589831386302,50.0,0.0,0.0,1.0
0,1,462,472.9259406390695,237.9583021333413,50.0,0.0,0.0,1.0
0,1,463,473.0127650513232,238.4507059528196,50.0,0.0,0.0,1.0
0,1,464,473.0995894635769,238.94310977229787,50.0,0.0,0.0,1.0
0,1,465,473.18641387583057,239.43551359177616,50.0,0.0,0.0,1.0
0,1,466,473.2732382880842,239.92791741125444,50.0,0.0,0.0,1.0
0,1,467,473.3600627003379,240.42032123073272,50.0,0.0,0.0,1.0
0,1,468,473.4468871125916,240.912725050211,50.0,0.0,0.0,1.0
0,1,469,473.5337115248453,241.4051288696893,50.0,0.0,0.0,1.0
0,1,470,473.62053593709896,241.89753268916758,50.0,0.0,0.0,1.0
0,1,471,473.70736034935265,242.38993650864586,50.0,0.0,0.0,1.0
0,1,472,473.79418476160635,242.88234032812414,50.0,0.0,0.0,1.0
0,1,473,473.88100917386004,243.37474414760243,50.0,0.0,0.0,1.0
0,1,474,473.9678335861137,243.8671479670807,50.0,0.0,0.0,1.0
0,1,475,474.05465799836736,244.359551786559,50.0,0.0,0.0,1.0
0,1,476,474.14148241062105,244.85195560603728,50.0,0.0,0.0,1.0
0,1,477,474.22830682287474,245.34435942551556,50.0,0.0,0.0,1.0
0,1,478,474.31513123512843,245.83676324499385,50.0,0.0,0.0,1.0
0,1,479,474.38364467544767,246.33160541523455,50.0,0.0,0.0,1.0
0,1,480,474.4287012169838,246.82957118520756,50.0,0.0,0.0,1.0
0,1,481,474.4737577585199,247.32753695518056,50.0,0.0,0.0,1.0
0,1,482,474.5136944055272,247.82581617615222,50.0,0.0,0.0,1.0
0,1,483,474.529719756761,248.32555929828382,50.0,0.0,0.0,1.0
0,1,484,474.5457451079948,248.8253024204154,50.0,0.0,0.0,1.0
0,1,485,474.5617704592285,249.325045542547,50.0,0.0,0.0,1.0
0,1,486,474.58005508349976,249.82468666499656,50.0,0.0,0.0,1.0
0,1,487,474.6091270701189,250.32384076905063,50.0,0.0,0.0,1.0
0,1,488,474.6381990567381,250.82299487310468,50.0,0.0,0.0,1.0
0,1,489,474.6672710433572,251.32214897715875,50.0,0.0,0.0,1.0
0,1,490,474.69634302997633,251.82130308121282,50.0,0.0,0.0,1.0
0,1,491,474.7254150165955,252.3204571852669,50.0,0.0,0.0,1.0
0,1,492,474.75448700321465,252.81961128932093,50.0,0.0,0.0,1.0
0,1,493,474.7835589898338,253.318765393375,50.0,0.0,0.0,1.0
0,1,494,474.81263097645297,253.81791949742907,50.0,0.0,0.0,1.0
0,1,495,474.8417029630721,254.31707360148314,50.0,0.0,0.0,1.0
0,1,496,474.8707749496913,254.8162277055372,50.0,0.0,0.0,1.0
0,1,497,474.8998469363104,255.31538180959126,50.0,0.0,0.0,1.0
0,1,498,474.92891892292954,255.81453591364533,50.0,0.0,0.0,1.0
0,1,499,474.9579909095487,256.3136900176994,50.0,0.0,0.0,1.0
0,1,500,474.98706289616786,256.81284412175347,50.0,0.0,0.0,1.0
0,1,501,475.016134882787,257.31199822580754,50.0,0.0,0.0,1.0
0,1,502,475.0452068694062,257.8111523298616,50.0,0.0,0.0,1.0
0,1,503,475.07427885602533,258.3103064339156,50.0,0.0,0.0,1.0
0,1,504,475.1033508426445,258.8094605379697,50.0,0.0,0.0,1.0
0,1,505,475.1324228292636,259.30861464202377,50.0,0.0,0.0,1.0
0,1,506,475.16149481588275,259.80776874607784,50.0,0.0,0.0,1.0
0,1,507,475.1905668025019,260.3069228501319,50.0,0.0,0.0,1.0
0,1,508,475.21963878912106,260.806076954186,50.0,0.0,0.0,1.0
0,1,509,475.2487107757402,261.30523105824005,50.0,0.0,0.0,1.0
0,1,510,475.2777827623594,261.8043851622941,50.0,0.0,0.0,1.0
0,1,511,475.30685474897854,262.3035392663482,50.0,0.0,0.0,1.0
0,1,512,475.3359267355977,262.8026933704022,50.0,0.0,0.0,1.0
0,1,513,475.3649987222168,263.3018474744563,50.0,0.0,0.0,1.0
0,1,514,475.39407070883595,263.80100157851035,50.0,0.0,0.0,1.0
0,1,515,475.4231426954551,264.3001556825644,50.0,0.0,0.0,1.0
0,1,516,475.45221468207427,264.7993097866185,50.0,0.0,0.0,1.0
0,1,517,475.48128666869343,265.29846389067256,50.0,0.0,0.0,1.0
0,1,518,475.5103586553126,265.79761799472664,50.0,0.0,0.0,1.0
0,1,519,475.53943064193174,266.2967720987807,50.0,0.0,0.0,1.0
0,1,520,475.5685026285509,266.7959262028348,50.0,0.0,0.0,1.0
0,1,521,475.59757461517,267.2950803068888,50.0,0.0,0.0,1.0
0,1,522,475.62664660178916,267.79423441094286,50.0,0.0,0.0,1.0
0,1,523,475.6557185884083,268.29338851499693,50.0,0.0,0.0,1.0
0,1,524,475.6847905750275,268.792542619051,50.0,0.0,0.0,1.0
0,1,525,475.71386256164664,269.2916967231051,50.0,0.0,0.0,1.0
0,1,526,475.7429345482658,269.79085082715915,50.0,0.0,0.0,1.0
0,1,527,475.7458053071364,270.2903471464643,50.0,0.0,0.0,1.0
0,1,528,475.7297799559026,270.7900902685959,50.0,0.0,0.0,1.0
0,1,529,475.71375460466885,271.2898333907275,50.0,0.0,0.0,1.0
0,1,530,475.69772925343506,271.78957651285907,50.0,0.0,0.0,1.0
0,1,531,475.6741655223339,272.2889792989479,50.0,0.0,0.0,1.0
0,1,532,475.64509355352664,272.7881334040394,50.0,0.0,0.0,1.0
0,1,533,475.6160215847194,273.28728750913086,50.0,0.0,0.0,1.0
0,1,534,475.58694961591215,273.7864416142223,50.0,0.0,0.0,1.0
0,1,535,475.55787764710493,274.2855957193138,50.0,0.0,0.0,1.0
0,1,536,475.52880567829766,274.78474982440525,50.0,0.0,0.0,1.0
0,1,537,475.49973370949044,275.2839039294967,50.0,0.0,0.0,1.0
0,1,538,475.47066174068317,275.78305803458824,50.0,0.0,0.0,1.0
0,1,539,475.44158977187595,276.2822121396797,50.0,0.0,0.0,1.0
0,1,540,475.4125178030687,276.78136624477116,50.0,0.0,0.0,1.0
0,1,541,475.38344583426147,277.2805203498626,50.0,0.0,0.0,1.0
0,1,542,475.3543738654542,277.7796744549541,50.0,0.0,0.0,1.0
0,1,543,475.325301896647,278.2788285600456,50.0,0.0,0.0,1.0
0,1,544,475.2962299278397,278.7779826651371,50.0,0.0,0.0,1.0
0,1,545,475.2671579590325,279.27713677022854,50.0,0.0,0.0,1.0
0,1,546,475.2380859902252,279.77629087532,50.0,0.0,0.0,1.0
0,1,547,475.209014021418,280.27544498041146,50.0,0.0,0.0,1.0
0,1,548,475.1799420526107,280.774599085503,50.0,0.0,0.0,1.0
0,1,549,475.1508700838035,281.27375319059445,50.0,0.0,0.0,1.0
0,1,550,475.12179811499624,281.7729072956859,50.0,0.0,0.0,1.0
0,1,551,475.092726146189,282.2720614007774,50.0,0.0,0.0,1.0
0,1,552,475.06365417738175,282.77121550586884,50.0,0.0,0.0,1.0
0,1,553,475.03458220857453,283.27036961096036,50.0,0.0,0.0,1.0
0,1,554,475.00551023976726,283.7695237160518,50.0,0.0,0.0,1.0
0,1,555,474.97643827096005,284.2686778211433,50.0,0.0,0.0,1.0
0,1,556,474.9473663021528,284.76783192623475,50.0,0.0,0.0,1.0
0,1,557,474.91829433334556,285.2669860313262,50.0,0.0,0.0,1.0
0,1,558,474.8892223645383,285.76614013641773,50.0,0.0,0.0,1.0
0,1,559,474.86015039573107,286.2652942415092,50.0,0.0,0.0,1.0
0,1,560,474.8310784269238,286.76444834660066,50.0,0.0,0.0,1.0
0,1,561,474.8020064581166,287.2636024516921,50.0,0.0,0.0,1.0
0,1,562,474.7729344893093,287.7627565567836,50.0,0.0,0.0,1.0
0,1,563,474.7438625205021,288.26191066187505,50.0,0.0,0.0,1.0
0,1,564,474.7147905516948,288.76106476696657,50.0,0.0,0.0,1.0
0,1,565,474.6857185828876,289.26021887205803,50.0,0.0,0.0,1.0
0,1,566,474.65664661408033,289.7593729771495,50.0,0.0,0.0,1.0
0,1,567,474.6275746452731,290.25852708224096,50.0,0.0,0.0,1.0
0,1,568,474.59850267646584,290.7576811873324,50.0,0.0,0.0,1.0
0,1,569,474.5694307076586,291.25683529242394,50.0,0.0,0.0,1.0
0,1,570,474.54035873885135,291.7559893975154,50.0,0.0,0.0,1.0
0,1,571,474.51128677004414,292.25514350260687,50.0,0.0,0.0,1.0
0,1,572,474.4664605218467,292.7531263956445,50.0,0.0,0.0,1.0
0,1,573,474.42140413452483,293.25109217957095,50.0,0.0,0.0,1.0
0,1,574,474.37634774720294,293.74905796349736,50.0,0.0,0.0,1.0
0,1,575,474.3082735063302,294.2441947219607,50.0,0.0,0.0,1.0
0,1,576,474.2314047758222,294.7382505874962,50.0,0.0,0.0,1.0
0,1,577,474.1545360453143,295.2323064530318,50.0,0.0,0.0,1.0
0,1,578,474.0776673148063,295.7263623185674,50.0,0.0,0.0,1.0
0,1,579,474.00079858429837,296.2204181841029,50.0,0.0,0.0,1.0
0,1,580,473.9141797173539,296.71285611230843,50.0,0.0,0.0,1.0
0,1,581,473.8273553575766,297.20525994103974,50.0,0.0,0.0,1.0
0,1,582,473.74053099779934,297.69766376977105,50.0,0.0,0.0,1.0
0,1,583,473.65370663802213,298.1900675985024,50.0,0.0,0.0,1.0
0,1,584,473.56688227824486,298.68247142723374,50.0,0.0,0.0,1.0
0,1,585,473.48005791846765,299.17487525596505,50.0,0.0,0.0,1.0
0,1,586,473.3932335586904,299.66727908469636,50.0,0.0,0.0,1.0
0,1,587,473.3064091989131,300.15968291342773,50.0,0.0,0.0,1.0
0,1,588,473.2195848391359,300.65208674215904,50.0,0.0,0.0,1.0
0,1,589,473.13276047935864,301.14449057089035,50.0,0.0,0.0,1.0
0,1,590,473.04593611958137,301.6368943996217,50.0,0.0,0.0,1.0
0,1,591,472.95911175980416,302.12929822835304,50.0,0.0,0.0,1.0
0,1,592,472.8722874000269,302.62170205708435,50.0,0.0,0.0,1.0
0,1,593,472.7854630402497,303.11410588581566,50.0,0.0,0.0,1.0
0,1,594,472.6986386804724,303.60650971454703,50.0,0.0,0.0,1.0
0,1,595,472.61181432069515,304.09891354327834,50.0,0.0,0.0,1.0
0,1,596,472.52498996091794,304.59131737200966,50.0,0.0,0.0,1.0
0,1,597,472.43816560114067,305.08372120074097,50.0,0.0,0.0,1.0
0,1,598,472.3513412413634,305.57612502947234,50.0,0.0,0.0,1.0
0,1,599,472.2645168815862,306.06852885820365,50.0,0.0,0.0,1.0
0,1,600,472.1776925218089,306.56093268693496,50.0,0.0,0.0,1.0
0,1,601,472.0908681620317,307.05333651566633,50.0,0.0,0.0,1.0
0,1,602,472.00404380225444,307.54574034439764,50.0,0.0,0.0,1.0
0,1,603,471.9172194424772,308.03814417312896,50.0,0.0,0.0,1.0
0,1,604,471.83039508269997,308.53054800186027,50.0,0.0,0.0,1.0
0,1,605,471.7435707229227,309.02295183059164,50.0,0.0,0.0,1.0
0,1,606,471.65674636314543,309.51535565932295,50.0,0.0,0.0,1.0
0,1,607,471.5699220033682,310.00775948805426,50.0,0.0,0.0,1.0
0,1,608,471.48309764359095,310.50016331678563,50.0,0.0,0.0,1.0
0,1,609,471.39627328381374,310.99256714551694,50.0,0.0,0.0,1.0
0,1,610,471.3094489240365,311.48497097424826,50.0,0.0,0.0,1.0
0,1,611,471.2226245642592,311.97737480297957,50.0,0.0,0.0,1.0
0,1,612,471.135800204482,312.46977863171094,50.0,0.0,0.0,1.0
0,1,613,471.0489758447047,312.96218246044225,50.0,0.0,0.0,1.0
0,1,614,470.96215148492746,313.45458628917356,50.0,0.0,0.0,1.0
0,1,615,470.87532712515025,313.9469901179049,50.0,0.0,0.0,1.0
0,1,616,470.788502765373,314.43939394663624,50.0,0.0,0.0,1.0
0,1,617,470.70167840559577,314.93179777536756,50.0,0.0,0.0,1.0
0,1,618,470.6148540458185,315.42420160409887,50.0,0.0,0.0,1.0
0,1,619,470.52802968604124,315.91660543283024,50.0,0.0,0.0,1.0
0,1,620,470.43398864070815,316.4075949205367,50.0,0.0,0.0,1.0
0,1,621,470.3285242930757,316.8963456457315,50.0,0.0,0.0,1.0
0,1,622,470.22305994544325,317.38509637092636,50.0,0.0,0.0,1.0
0,1,623,470.0906526734566,317.8671226951765,50.0,0.0,0.0,1.0
0,1,624,469.95408984306647,318.34811187733743,50.0,0.0,0.0,1.0
0,1,625,469.8175270126764,318.8291010594983,50.0,0.0,0.0,1.0
0,1,626,469.6809641822863,319.3100902416593,50.0,0.0,0.0,1.0
0,1,627,469.54440135189617,319.79107942382024,50.0,0.0,0.0,1.0
0,1,628,469.40523063614023,320.27130805689933,50.0,0.0,0.0,1.0
0,1,629,469.2618291187908,320.7503028426975,50.0,0.0,0.0,1.0
0,1,630,469.11842760144134,321.2292976284957,50.0,0.0,0.0,1.0
0,1,631,468.9750260840919,321.70829241429396,50.0,0.0,0.0,1.0
0,1,632,468.8316245667425,322.18728720009216,50.0,0.0,0.0,1.0
0,1,633,468.68822304939306,322.66628198589035,50.0,0.0,0.0,1.0
0,1,634,468.5448215320436,323.1452767716886,50.0,0.0,0.0,1.0
0,1,635,468.40142001469417,323.6242715574868,50.0,0.0,0.0,1.0
0,1,636,468.2580184973447,324.103266343285,50.0,0.0,0.0,1.0
0,1,637,468.1146169799953,324.58226112908324,50.0,0.0,0.0,1.0
0,1,638,467.97121546264583,325.06125591488143,50.0,0.0,0.0,1.0
0,1,639,467.8278139452964,325.5402507006797,50.0,0.0,0.0,1.0
0,1,640,467.68441242794694,326.01924548647787,50.0,0.0,0.0,1.0
0,1,641,467.5410109105975,326.49824027227606,50.0,0.0,0.0,1.0
0,1,642,467.39760939324805,326.9772350580743,50.0,0.0,0.0,1.0
0,1,643,467.2542078758986,327.4562298438725,50.0,0.0,0.0,1.0
0,1,644,467.11080635854915,327.9352246296707,50.0,0.0,0.0,1.0
0,1,645,466.9674048411997,328.41421941546895,50.0,0.0,0.0,1.0
0,1,646,466.82400332385026,328.89321420126714,50.0,0.0,0.0,1.0
0,1,647,466.6806018065008,329.3722089870654,50.0,0.0,0.0,1.0
0,1,648,466.5372002891514,329.8512037728636,50.0,0.0,0.0,1.0
0,1,649,466.3937987718019,330.3301985586618,50.0,0.0,0.0,1.0
0,1,650,466.2503972544525,330.80919334446,50.0,0.0,0.0,1.0
0,1,651,466.10699573710303,331.2881881302582,50.0,0.0,0.0,1.0
0,1,652,465.9635942197536,331.7671829160564,50.0,0.0,0.0,1.0
0,1,653,465.82019270240414,332.24617770185466,50.0,0.0,0.0,1.0
0,1,654,465.6767911850547,332.72517248765286,50.0,0.0,0.0,1.0
0,1,655,465.53338966770525,333.20416727345105,50.0,0.0,0.0,1.0
0,1,656,465.3899881503558,333.6831620592493,50.0,0.0,0.0,1.0
0,1,657,465.24658663300636,334.1621568450475,50.0,0.0,0.0,1.0
0,1,658,465.1031851156569,334.64115163084574,50.0,0.0,0.0,1.0
0,1,659,464.95978359830747,335.12014641664393,50.0,0.0,0.0,1.0
0,1,660,464.816382080958,335.5991412024421,50.0,0.0,0.0,1.0
0,1,661,464.6729805636086,336.0781359882404,50.0,0.0,0.0,1.0
0,1,662,464.52957904625913,336.55713077403857,50.0,0.0,0.0,1.0
0,1,663,464.3861775289097,337.0361255598368,50.0,0.0,0.0,1.0
0,1,664,464.24277601156024,337.515120345635,50.0,0.0,0.0,1.0
0,1,665,464.0993744942108,337.9941151314332,50.0,0.0,0.0,1.0
0,1,666,463.95597297686135,338.47310991723145,50.0,0.0,0.0,1.0
0,1,667,463.8125714595119,338.95210470302965,50.0,0.0,0.0,1.0
0,1,668,463.66916994216245,339.43109948882784,50.0,0.0,0.0,1.0
0,1,669,463.5092787088431,339.90476027966724,50.0,0.0,0.0,1.0
0,1,670,463.34469084177346,340.37688413825384,50.0,0.0,0.0,1.0
0,1,671,463.1504735407685,340.83762228513376,50.0,0.0,0.0,1.0
0,1,672,462.95625623976343,341.2983604320136,50.0,0.0,0.0,1.0
0,1,673,462.7620389387584,341.75909857889354,50.0,0.0,0.0,1.0
0,1,674,462.56782163775335,342.2198367257734,50.0,0.0,0.0,1.0
0,1,675,462.3736043367483,342.6805748726533,50.0,0.0,0.0,1.0
0,1,676,462.1793870357433,343.14131301953324,50.0,0.0,0.0,1.0
0,1,677,461.98217270393496,343.6007731195971,50.0,0.0,0.0,1.0
0,1,678,461.78413292118927,344.05988121629116,50.0,0.0,0.0,1.0
0,1,679,461.5860931384436,344.51898931298524,50.0,0.0,0.0,1.0
0,1,680,461.3880533556979,344.97809740967926,50.0,0.0,0.0,1.0
0,1,681,461.1900135729522,345.43720550637335,50.0,0.0,0.0,1.0
0,1,682,460.9919737902065,345.8963136030674,50.0,0.0,0.0,1.0
0,1,683,460.7939340074608,346.35542169976145,50.0,0.0,0.0,1.0
0,1,684,460.59589422471515,346.81452979645553,50.0,0.0,0.0,1.0
0,1,685,460.39785444196946,347.27363789314956,50.0,0.0,0.0,1.0
0,1,686,460.19981465922376,347.73274598984364,50.0,0.0,0.0,1.0
0,1,687,460.00177487647807,348.1918540865377,50.0,0.0,0.0,1.0
0,1,688,459.80373509373237,348.65096218323174,50.0,0.0,0.0,1.0
0,1,689,459.6056953109867,349.1100702799258,50.0,0.0,0.0,1.0
0,1,690,459.407655528241,349.56917837661985,50.0,0.0,0.0,1.0
0,1,691,459.2096157454953,350.0282864733139,50.0,0.0,0.0,1.0
0,1,692,459.01157596274965,350.487394570008,50.0,0.0,0.0,1.0
0,1,693,458.81353618000395,350.94650266670203,50.0,0.0,0.0,1.0
0,1,694,458.61549639725826,351.4056107633961,50.0,0.0,0.0,1.0
0,1,695,458.41745661451256,351.86471886009014,50.0,0.0,0.0,1.0
0,1,696,458.21941683176686,352.3238269567842,50.0,0.0,0.0,1.0
0,1,697,458.02137704902117,352.7829350534783,50.0,0.0,0.0,1.0
0,1,698,457.8233372662755,353.2420431501723,50.0,0.0,0.0,1.0
0,1,699,457.62529748352983,353.7011512468664,50.0,0.0,0.0,1.0
0,1,700,457.42725770078414,354.1602593435604,50.0,0.0,0.0,1.0
0,1,701,457.22921791803844,354.6193674402545,50.0,0.0,0.0,1.0
0,1,702,457.03117813529275,355.0784755369486,50.0,0.0,0.0,1.0
0,1,703,456.83313835254705,355.5375836336426,50.0,0.0,0.0,1.0
0,1,704,456.63509856980136,355.9966917303367,50.0,0.0,0.0,1.0
0,1,705,456.43705878705566,356.4557998270307,50.0,0.0,0.0,1.0
0,1,706,456.23901900431,356.9149079237248,50.0,0.0,0.0,1.0
0,1,707,456.0409792215643,357.3740160204189,50.0,0.0,0.0,1.0
0,1,708,455.84293943881863,357.8331241171129,50.0,0.0,0.0,1.0
0,1,709,455.64489965607294,358.292232213807,50.0,0.0,0.0,1.0
0,1,710,455.44685987332724,358.751340310501,50.0,0.0,0.0,1.0
0,1,711,455.24882009058155,359.2104484071951,50.0,0.0,0.0,1.0
0,1,712,455.05078030783585,359.66955650388917,50.0,0.0,0.0,1.0
0,1,713,454.8527405250902,360.1286646005832,50.0,0.0,0.0,1.0
0,1,714,454.6547007423445,360.5877726972773,50.0,0.0,0.0,1.0
0,1,715,454.4566609595988,361.04688079397135,50.0,0.0,0.0,1.0
0,1,716,454.2586211768531,361.5059888906654,50.0,0.0,0.0,1.0
0,1,717,454.05623807769183,361.96309359013117,50.0,0.0,0.0,1.0
0,1,718,453.83120668808584,362.4094422970295,50.0,0.0,0.0,1.0
0,1,719,453.5822350710245,362.8430471100769,50.0,0.0,0.0,1.0
0,1,720,453.3332634539632,363.2766519231243,50.0,0.0,0.0,1.0
0,1,721,453.08429183690185,363.7102567361717,50.0,0.0,0.0,1.0
0,1,722,452.8353202198405,364.1438615492191,50.0,0.0,0.0,1.0
0,1,723,452.58634860277925,364.57746636226653,50.0,0.0,0.0,1.0
0,1,724,452.3373769857179,365.01107117531393,50.0,0.0,0.0,1.0
0,1,725,452.08821228695354,365.4445648178266,50.0,0.0,0.0,1.0
0,1,726,451.83821211992637,365.8775774232856,50.0,0.0,0.0,1.0
0,1,727,451.58821195289926,366.31059002874457,50.0,0.0,0.0,1.0
0,1,728,451.3382117858721,366.74360263420357,50.0,0.0,0.0,1.0
0,1,729,451.0882116188449,367.1766152396626,50.0,0.0,0.0,1.0
0,1,730,450.8382114518178,367.6096278451216,50.0,0.0,0.0,1.0
0,1,731,450.58821128479065,368.0426404505806,50.0,0.0,0.0,1.0
0,1,732,450.33821111776354,368.4756530560396,50.0,0.0,0.0,1.0
0,1,733,450.08821095073637,368.9086656614986,50.0,0.0,0.0,1.0
0,1,734,449.83821078370926,369.3416782669577,50.0,0.0,0.0,1.0
0,1,735,449.5882106166821,369.77469087241667,50.0,0.0,0.0,1.0
0,1,736,449.338210449655,370.20770347787567,50.0,0.0,0.0,1.0
0,1,737,449.0882102826278,370.64071608333467,50.0,0.0,0.0,1.0
0,1,738,448.8382101156007,371.0737286887937,50.0,0.0,0.0,1.0
0,1,739,448.58820994857354,371.5067412942527,50.0,0.0,0.0,1.0
0,1,740,448.3382097815464,371.9397538997117,50.0,0.0,0.0,1.0
0,1,741,448.08820961451926,372.3727665051707,50.0,0.0,0.0,1.0
0,1,742,447.8382094474921,372.80577911062977,50.0,0.0,0.0,1.0
0,1,743,447.588209280465,373.23879171608877,50.0,0.0,0.0,1.0
0,1,744,447.3382091134378,373.67180432154777,50.0,0.0,0.0,1.0
0,1,745,447.0882089464107,374.10481692700677,50.0,0.0,0.0,1.0
0,1,746,446.83820877938354,374.5378295324658,50.0,0.0,0.0,1.0
0,1,747,446.5882086123564,374.9708421379248,50.0,0.0,0.0,1.0
0,1,748,446.33820844532926,375.4038547433838,50.0,0.0,0.0,1.0
0,1,749,446.08820827830215,375.8368673488428,50.0,0.0,0.0,1.0
0,1,750,445.838208111275,376.2698799543018,50.0,0.0,0.0,1.0
0,1,751,445.58820794424787,376.70289255976087,50.0,0.0,0.0,1.0
0,1,752,445.3382077772207,377.13590516521987,50.0,0.0,0.0,1.0
0,1,753,445.0882076101936,377.56891777067887,50.0,0.0,0.0,1.0
0,1,754,444.8382074431664,378.00193037613786,50.0,0.0,0.0,1.0
0,1,755,444.5882072761393,378.4349429815969,50.0,0.0,0.0,1.0
0,1,756,444.33820710911215,378.8679555870559,50.0,0.0,0.0,1.0
0,1,757,444.088206942085,379.3009681925149,50.0,0.0,0.0,1.0
0,1,758,443.83820677505787,379.7339807979739,50.0,0.0,0.0,1.0
0,1,759,443.5882066080307,380.16699340343297,50.0,0.0,0.0,1.0
0,1,760,443.3382064410036,380.60000600889197,50.0,0.0,0.0,1.0
0,1,761,443.0882062739764,381.03301861435096,50.0,0.0,0.0,1.0
0,1,762,442.8382061069493,381.46603121980996,50.0,0.0,0.0,1.0
0,1,763,442.58820593992215,381.899043825269,50.0,0.0,0.0,1.0
0,1,764,442.33820577289504,382.332056430728,50.0,0.0,0.0,1.0
0,1,765,442.08820560586787,382.765069036187,50.0,0.0,0.0,1.0
0,1,766,441.81663480362505,383.1841941919854,50.0,0.0,0.0,1.0
0,1,767,441.51805565192234,383.58525589567756,50.0,0.0,0.0,1.0
0,1,768,441.21947650021957,383.9863175993697,50.0,0.0,0.0,1.0
0,1,769,440.9208973485168,384.3873793030619,50.0,0.0,0.0,1.0
0,1,770,440.62231819681404,384.78844100675406,50.0,0.0,0.0,1.0
0,1,771,440.3237390451113,385.1895027104462,50.0,0.0,0.0,1.0
0,1,772,440.02515989340856,385.5905644141384,50.0,0.0,0.0,1.0
0,1,773,439.72658073303876,385.9916261113782,50.0,0.0,0.0,1.0
0,1,774,439.42800134575697,386.3926876396883,50.0,0.0,0.0,1.0
0,1,775,439.1294219584752,386.7937491679984,50.0,0.0,0.0,1.0
0,1,776,438.8308425711934,387.1948106963085,50.0,0.0,0.0,1.0
0,1,777,438.5322631839116,387.5958722246186,50.0,0.0,0.0,1.0
0,1,778,438.2336837966298,387.99693375292867,50.0,0.0,0.0,1.0
0,1,779,437.93510440934796,388.39799528123876,50.0,0.0,0.0,1.0
0,1,780,437.63652502206617,388.79905680954886,50.0,0.0,0.0,1.0
0,1,781,437.3379456347844,389.20011833785895,50.0,0.0,0.0,1.0
0,1,782,437.0393662475026,389.60117986616905,50.0,0.0,0.0,1.0
0,1,783,436.7407868602208,390.00224139447914,50.0,0.0,0.0,1.0
0,1,784,436.442207472939,390.4033029227892,50.0,0.0,0.0,1.0
0,1,785,436.1436280856572,390.8043644510993,50.0,0.0,0.0,1.0
0,1,786,435.84504869837536,391.20542597940937,50.0,0.0,0.0,1.0
0,1,787,435.5464693110936,391.60648750771946,50.0,0.0,0.0,1.0
0,1,788,435.2478899238118,392.00754903602956,50.0,0.0,0.0,1.0
0,1,789,434.94931053653,392.40861056433965,50.0,0.0,0.0,1.0
0,1,790,434.6507311492482,392.80967209264975,50.0,0.0,0.0,1.0
0,1,791,434.3521517619664,393.21073362095984,50.0,0.0,0.0,1.0
0,1,792,434.0535723746846,393.61179514926994,50.0,0.0,0.0,1.0
0,1,793,433.75499298740283,394.01285667758003,50.0,0.0,0.0,1.0
0,1,794,433.456413600121,394.4139182058901,50.0,0.0,0.0,1.0
0,1,795,433.1578342128392,394.8149797342002,50.0,0.0,0.0,1.0
0,1,796,432.8592548255574,395.2160412625103,50.0,0.0,0.0,1.0
0,1,797,432.5606754382756,395.6171027908204,50.0,0.0,0.0,1.0
0,1,798,432.2620960509938,396.0181643191305,50.0,0.0,0.0,1.0
0,1,799,431.963516663712,396.4192258474406,50.0,0.0,0.0,1.0
0,1,800,431.66493727643024,396.82028737575064,50.0,0.0,0.0,1.0
0,1,801,431.36635788914845,397.22134890406073,50.0,0.0,0.0,1.0
0,1,802,431.0677785018666,397.6224104323708,50.0,0.0,0.0,1.0
0,1,803,430.7691991145848,398.0234719606809,50.0,0.0,0.0,1.0
0,1,804,430.470619727303,398.424533488991,50.0,0.0,0.0,1.0
0,1,805,430.1720403400212,398.8255950173011,50.0,0.0,0.0,1.0
0,1,806,429.87346095273944,399.2266565456112,50.0,0.0,0.0,1.0
0,1,807,429.57488156545764,399.6277180739213,50.0,0.0,0.0,1.0
0,1,808,429.27630217817585,400.0287796022314,50.0,0.0,0.0,1.0
0,1,809,428.97772279089406,400.4298411305415,50.0,0.0,0.0,1.0
0,1,810,428.6791434036122,400.8309026588516,50.0,0.0,0.0,1.0
0,1,811,428.3805640163304,401.2319641871617,50.0,0.0,0.0,1.0
0,1,812,428.08198462904863,401.6330257154718,50.0,0.0,0.0,1.0
0,1,813,427.78340524176684,402.03408724378187,50.0,0.0,0.0,1.0
0,1,814,427.4740777427144,402.42661910298204,50.0,0.0,0.0,1.0
0,1,815,427.12967080968974,402.78908786024857,50.0,0.0,0.0,1.0
0,1,816,426.7852571026078,403.1515505457405,50.0,0.0,0.0,1.0
0,1,817,426.44084339552575,403.51401323123247,50.0,0.0,0.0,1.0
0,1,818,426.0964296884438,403.8764759167244,50.0,0.0,0.0,1.0
0,1,819,425.75201598136175,404.23893860221636,50.0,0.0,0.0,1.0
0,1,820,425.4076022742798,404.6014012877083,50.0,0.0,0.0,1.0
0,1,821,425.0634234125074,404.9640863300263,50.0,0.0,0.0,1.0
0,1,822,424.7203025017876,405.32777306421775,50.0,0.0,0.0,1.0
0,1,823,424.3771815910679,405.69145979840926,50.0,0.0,0.0,1.0
0,1,824,424.03406068034815,406.0551465326007,50.0,0.0,0.0,1.0
0,1,825,423.6909397696284,406.41883326679215,50.0,0.0,0.0,1.0
0,1,826,423.3478188589087,406.78252000098365,50.0,0.0,0.0,1.0
0,1,827,423.00469794818895,407.1462067351751,50.0,0.0,0.0,1.0
0,1,828,422.66157703746916,407.50989346936655,50.0,0.0,0.0,1.0
0,1,829,422.3184561267494,407.87358020355805,50.0,0.0,0.0,1.0
0,1,830,421.9753352160297,408.2372669377495,50.0,0.0,0.0,1.0
0,1,831,421.63221430530996,408.60095367194094,50.0,0.0,0.0,1.0
0,1,832,421.2890933945902,408.96464040613245,50.0,0.0,0.0,1.0
0,1,833,420.9459724838705,409.3283271403239,50.0,0.0,0.0,1.0
0,1,834,420.6028515731507,409.6920138745154,50.0,0.0,0.0,1.0
0,1,835,420.25973066243097,410.05570060870684,50.0,0.0,0.0,1.0
0,1,836,419.91660975171123,410.4193873428983,50.0,0.0,0.0,1.0
0,1,837,419.5734888409915,410.7830740770898,50.0,0.0,0.0,1.0
0,1,838,419.23036793027177,411.14676081128124,50.0,0.0,0.0,1.0
0,1,839,418.88724701955203,411.5104475454727,50.0,0.0,0.0,1.0
0,1,840,418.5441261088323,411.8741342796642,50.0,0.0,0.0,1.0
0,1,841,418.2010051981125,412.23782101385564,50.0,0.0,0.0,1.0
0,1,842,417.8578842873928,412.6015077480471,50.0,0.0,0.0,1.0
0,1,843,417.51476337667305,412.9651944822386,50.0,0.0,0.0,1.0
0,1,844,417.1716424659533,413.32888121643003,50.0,0.0,0.0,1.0
0,1,845,416.8285215552336,413.6925679506215,50.0,0.0,0.0,1.0
0,1,846,416.48540064451385,414.056254684813,50.0,0.0,0.0,1.0
0,1,847,416.14227973379406,414.41994141900443,50.0,0.0,0.0,1.0
0,1,848,415.7991588230743,414.7836281531959,50.0,0.0,0.0,1.0
0,1,849,415.4560379123546,415.1473148873874,50.0,0.0,0.0,1.0
0,1,850,415.11291700163486,415.5110016215788,50.0,0.0,0.0,1.0
0,1,851,414.7697960909151,415.87468835577033,50.0,0.0,0.0,1.0
0,1,852,414.4266751801954,416.2383750899618,50.0,0.0,0.0,1.0
0,1,853,414.0835542694756,416.6020618241532,50.0,0.0,0.0,1.0
0,1,854,413.74043335875587,416.9657485583447,50.0,0.0,0.0,1.0
0,1,855,413.39731244803613,417.3294352925362,50.0,0.0,0.0,1.0
0,1,856,413.0541915373164,417.6931220267276,50.0,0.0,0.0,1.0
0,1,857,412.71107062659667,418.0568087609191,50.0,0.0,0.0,1.0
0,1,858,412.36794971587693,418.4204954951106,50.0,0.0,0.0,1.0
0,1,859,412.0248288051572,418.784182229302,50.0,0.0,0.0,1.0
0,1,860,411.6817078944374,419.1478689634935,50.0,0.0,0.0,1.0
0,1,861,411.3385869837177,419.51155569768497,50.0,0.0,0.0,1.0
0,1,862,410.9814310324789,419.86107346995624,50.0,0.0,0.0,1.0
0,1,863,410.60678955782555,420.191890930349,50.0,0.0,0.0,1.0
0,1,864,410.220731649098,420.5096318485652,50.0,0.0,0.0,1.0
0,1,865,409.8346737403705,420.8273727667815,50.0,0.0,0.0,1.0
0,1,866,409.4486158316429,421.14511368499774,50.0,0.0,0.0,1.0
0,1,867,409.06255792291535,421.462854603214,50.0,0.0,0.0,1.0
0,1,868,408.67650001418775,421.78059552143026,50.0,0.0,0.0,1.0
0,1,869,408.2914306876119,422.09952601428154,50.0,0.0,0.0,1.0
0,1,870,407.90840864688255,422.4209200346296,50.0,0.0,0.0,1.0
0,1,871,407.5253866061532,422.74231405497767,50.0,0.0,0.0,1.0
0,1,872,407.1423645654238,423.0637080753258,50.0,0.0,0.0,1.0
0,1,873,406.75934252469443,423.38510209567386,50.0,0.0,0.0,1.0
0,1,874,406.37632048396506,423.7064961160219,50.0,0.0,0.0,1.0
0,1,875,405.9932984432357,424.02789013637005,50.0,0.0,0.0,1.0
0,1,876,405.6102764025063,424.3492841567181,50.0,0.0,0.0,1.0
0,1,877,405.22725436177694,424.6706781770662,50.0,0.0,0.0,1.0
0,1,878,404.84423232104757,424.9920721974143,50.0,0.0,0.0,1.0
0,1,879,404.4612102803182,425.31346621776237,50.0,0.0,0.0,1.0
0,1,880,404.0781882395888,425.63486023811043,50.0,0.0,0.0,1.0
0,1,881,403.69516619885945,425.95625425845856,50.0,0.0,0.0,1.0
0,1,882,403.3121441581301,426.2776482788066,50.0,0.0,0.0,1.0
0,1,883,402.9291221174007,426.5990422991547,50.0,0.0,0.0,1.0
0,1,884,402.54610007667134,426.9204363195028,50.0,0.0,0.0,1.0
0,1,885,402.16307803594196,427.2418303398509,50.0,0.0,0.0,1.0
0,1,886,401.7800559952126,427.56322436019894,50.0,0.0,0.0,1.0
0,1,887,401.3970339544832,427.88461838054707,50.0,0.0,0.0,1.0
0,1,888,401.01401191375385,428.20601240089513,50.0,0.0,0.0,1.0
0,1,889,400.6309898730245,428.5274064212432,50.0,0.0,0.0,1.0
0,1,890,400.2479678322951,428.8488004415913,50.0,0.0,0.0,1.0
0,1,891,399.86494579156573,429.1701944619394,50.0,0.0,0.0,1.0
0,1,892,399.48192375083636,429.49158848228745,50.0,0.0,0.0,1.0
0,1,893,399.098901710107,429.8129825026356,50.0,0.0,0.0,1.0
0,1,894,398.7158796693776,430.13437652298364,50.0,0.0,0.0,1.0
0,1,895,398.3328576286482,430.4557705433317,50.0,0.0,0.0,1.0
0,1,896,397.9498355879188,430.77716456367983,50.0,0.0,0.0,1.0
0,1,897,397.56681354718944,431.0985585840279,50.0,0.0,0.0,1.0
0,1,898,397.18379150646007,431.41995260437596,50.0,0.0,0.0,1.0
0,1,899,396.8007694657307,431.7413466247241,50.0,0.0,0.0,1.0
0,1,900,396.4177474250013,432.06274064507215,50.0,0.0,0.0,1.0
0,1,901,396.03472538427195,432.3841346654202,50.0,0.0,0.0,1.0
0,1,902,395.6517033435426,432.70552868576834,50.0,0.0,0.0,1.0
0,1,903,395.2686813028132,433.0269227061164,50.0,0.0,0.0,1.0
0,1,904,394.88565926208383,433.34831672646453,50.0,0.0,0.0,1.0
0,1,905,394.50263722135446,433.6697107468126,50.0,0.0,0.0,1.0
0,1,906,394.1196151806251,433.99110476716066,50.0,0.0,0.0,1.0
0,1,907,393.7365931398957,434.3124987875088,50.0,0.0,0.0,1.0
0,1,908,393.35357109916634,434.63389280785685,50.0,0.0,0.0,1.0
0,1,909,392.970549058437,434.9552868282049,50.0,0.0,0.0,1.0
0,1,910,392.570951547736,435.255381954777,50.0,0.0,0.0,1.0
0,1,911,392.1653294221906,435.54773566395147,50.0,0.0,0.0,1.0
0,1,912,391.74656381027603,435.8206879342658,50.0,0.0,0.0,1.0
0,1,913,391.3246289153817,436.0889619443199,50.0,0.0,0.0,1.0
0,1,914,390.90269402048744,436.357235954374,50.0,0.0,0.0,1.0
0,1,915,390.4807591255931,436.62550996442815,50.0,0.0,0.0,1.0
0,1,916,390.0588242306988,436.8937839744823,50.0,0.0,0.0,1.0
0,1,917,389.6388541668554,437.16509618161047,50.0,0.0,0.0,1.0
0,1,918,389.2211101674625,437.43985052820256,50.0,0.0,0.0,1.0
0,1,919,388.8033661680696,437.7146048747946,50.0,0.0,0.0,1.0
0,1,920,388.3856221686767,437.9893592213867,50.0,0.0,0.0,1.0
0,1,921,387.96787816928384,438.2641135679787,50.0,0.0,0.0,1.0
0,1,922,387.55013416989095,438.5388679145708,50.0,0.0,0.0,1.0
0,1,923,387.13239017049807,438.8136222611629,50.0,0.0,0.0,1.0
0,1,924,386.7146461711052,439.0883766077549,50.0,0.0,0.0,1.0
0,1,925,386.29690217171225,439.363130954347,50.0,0.0,0.0,1.0
0,1,926,385.87915817231936,439.63788530093905,50.0,0.0,0.0,1.0
0,1,927,385.4614141729265,439.91263964753114,50.0,0.0,0.0,1.0
0,1,928,385.0436701735336,440.18739399412317,50.0,0.0,0.0,1.0
0,1,929,384.6259261741407,440.46214834071526,50.0,0.0,0.0,1.0
0,1,930,384.20818217474783,440.7369026873073,50.0,0.0,0.0,1.0
0,1,931,383.79043817535495,441.0116570338994,50.0,0.0,0.0,1.0
0,1,932,383.372694175962,441.2864113804914,50.0,0.0,0.0,1.0
0,1,933,382.9549501765691,441.5611657270835,50.0,0.0,0.0,1.0
0,1,934,382.53720617717624,441.8359200736756,50.0,0.0,0.0,1.0
0,1,935,382.11946217778336,442.1106744202676,50.0,0.0,0.0,1.0
0,1,936,381.7017181783905,442.3854287668597,50.0,0.0,0.0,1.0
0,1,937,381.2839741789976,442.66018311345175,50.0,0.0,0.0,1.0
0,1,938,380.8662301796047,442.93493746004384,50.0,0.0,0.0,1.0
0,1,939,380.4484861802118,443.2096918066359,50.0,0.0,0.0,1.0
0,1,940,380.0307421808189,443.48444615322796,50.0,0.0,0.0,1.0
0,1,941,379.612998181426,443.75920049982,50.0,0.0,0.0,1.0
0,1,942,379.1952541820331,444.0339548464121,50.0,0.0,0.0,1.0
0,1,943,378.77751018264024,444.3087091930041,50.0,0.0,0.0,1.0
0,1,944,378.35976618324736,444.5834635395962,50.0,0.0,0.0,1.0
0,1,945,377.9420221838544,444.8582178861883,50.0,0.0,0.0,1.0
0,1,946,377.52427818446154,445.13297223278033,50.0,0.0,0.0,1.0
0,1,947,377.10653418506865,445.4077265793724,50.0,0.0,0.0,1.0
0,1,948,376.68879018567577,445.68248092596446,50.0,0.0,0.0,1.0
0,1,949,376.2710461862829,445.95723527255655,50.0,0.0,0.0,1.0
0,1,950,375.85330218689,446.2319896191486,50.0,0.0,0.0,1.0
0,1,951,375.4355581874971,446.50674396574067,50.0,0.0,0.0,1.0
0,1,952,375.0178141881042,446.7814983123327,50.0,0.0,0.0,1.0
0,1,953,374.6000701887113,447.0562526589248,50.0,0.0,0.0,1.0
0,1,954,374.1823261893184,447.3310070055169,50.0,0.0,0.0,1.0
0,1,955,373.76458218992553,447.6057613521089,50.0,0.0,0.0,1.0
0,1,956,373.34683819053265,447.880515698701,50.0,0.0,0.0,1.0
0,1,957,372.92909419113977,448.15527004529304,50.0,0.0,0.0,1.0
0,1,958,372.493368665546,448.4001624087978,50.0,0.0,0.0,1.0
0,1,959,372.0551126090199,448.6408523107842,50.0,0.0,0.0,1.0
0,1,960,371.61410513698945,448.8761675170483,50.0,0.0,0.0,1.0
0,1,961,371.162595172596,449.09096684678065,50.0,0.0,0.0,1.0
0,1,962,370.7110852082026,449.305766176513,50.0,0.0,0.0,1.0
0,1,963,370.2595752438092,449.5205655062453,50.0,0.0,0.0,1.0
0,1,964,369.80806527941576,449.73536483597763,50.0,0.0,0.0,1.0
0,1,965,369.3594259471757,449.9560356790283,50.0,0.0,0.0,1.0
0,1,966,368.9126097650063,450.1804355438936,50.0,0.0,0.0,1.0
0,1,967,368.46579358283697,450.404835408759,50.0,0.0,0.0,1.0
0,1,968,368.0189774006676,450.6292352736244,50.0,0.0,0.0,1.0
0,1,969,367.57216121849825,450.8536351384897,50.0,0.0,0.0,1.0
0,1,970,367.1253450363289,451.0780350033551,50.0,0.0,0.0,1.0
0,1,971,366.67852885415954,451.3024348682205,50.0,0.0,0.0,1.0
0,1,972,366.2317126719901,451.5268347330858,50.0,0.0,0.0,1.0
0,1,973,365.78489648982077,451.7512345979512,50.0,0.0,0.0,1.0
0,1,974,365.3380803076514,451.9756344628166,50.0,0.0,0.0,1.0
0,1,975,364.89126412548205,452.2000343276819,50.0,0.0,0.0,1.0
0,1,976,364.4444479433127,452.4244341925473,50.0,0.0,0.0,1.0
0,1,977,363.99763176114334,452.64883405741267,50.0,0.0,0.0,1.0
0,1,978,363.550815578974,452.8732339222781,50.0,0.0,0.0,1.0
0,1,979,363.1039993968046,453.0976337871434,50.0,0.0,0.0,1.0
0,1,980,362.65718321463527,453.32203365200877,50.0,0.0,0.0,1.0
0,1,981,362.2103670324659,453.5464335168742,50.0,0.0,0.0,1.0
0,1,982,361.7635508502965,453.7708333817395,50.0,0.0,0.0,1.0
0,1,983,361.31673466812714,453.99523324660487,50.0,0.0,0.0,1.0
0,1,984,360.8699184859578,454.2196331114703,50.0,0.0,0.0,1.0
0,1,985,360.4231023037884,454.4440329763356,50.0,0.0,0.0,1.0
0,1,986,359.97628612161907,454.66843284120097,50.0,0.0,0.0,1.0
0,1,987,359.5294699394497,454.8928327060664,50.0,0.0,0.0,1.0
0,1,988,359.08265375728035,455.1172325709317,50.0,0.0,0.0,1.0
0,1,989,358.635837575111,455.34163243579707,50.0,0.0,0.0,1.0
0,1,990,358.18902139294164,455.56603230066247,50.0,0.0,0.0,1.0
0,1,991,357.7422052107723,455.7904321655278,50.0,0.0,0.0,1.0
0,1,992,357.2953890286029,456.01483203039317,50.0,0.0,0.0,1.0
0,1,993,356.8485728464335,456.23923189525857,50.0,0.0,0.0,1.0
0,1,994,356.40175666426416,456.4636317601239,50.0,0.0,0.0,1.0
0,1,995,355.9549404820948,456.68803162498926,50.0,0.0,0.0,1.0
0,1,996,355.50812429992544,456.91243148985467,50.0,0.0,0.0,1.0
0,1,997,355.0613081177561,457.13683135472,50.0,0.0,0.0,1.0
0,1,998,354.6144919355867,457.36123121958536,50.0,0.0,0.0,1.0
0,1,999,354.16767575341737,457.58563108445077,50.0,0.0,0.0,1.0
0,1,1000,353.720859571248,457.8100309493161,50.0,0.0,0.0,1.0
0,1,1001,353.27404338907866,458.0344308141815,50.0,0.0,0.0,1.0
0,1,1002,352.8272272069093,458.25883067904687,50.0,0.0,0.0,1.0
0,1,1003,352.3804110247399,458.4832305439122,50.0,0.0,0.0,1.0
0,1,1004,351.9335948425705,458.7076304087776,50.0,0.0,0.0,1.0
0,1,1005,351.48643861795375,458.9312742709977,50.0,0.0,0.0,1.0
0,1,1006,351.0220945878577,459.116705179193,50.0,0.0,0.0,1.0
0,1,1007,350.5577505577616,459.3021360873883,50.0,0.0,0.0,1.0
0,1,1008,350.09340652766554,459.4875669955836,50.0,0.0,0.0,1.0
0,1,1009,349.62297338867023,459.65636047404985,50.0,0.0,0.0,1.0
0,1,1010,349.1486327574845,459.8144774105441,50.0,0.0,0.0,1.0
0,1,1011,348.6742921262988,459.97259434703835,50.0,0.0,0.0,1.0
0,1,1012,348.19995149511305,460.1307112835326,50.0,0.0,0.0,1.0
0,1,1013,347.7290001511032,460.2985512896133,50.0,0.0,0.0,1.0
0,1,1014,347.2591537041673,460.46956098612696,50.0,0.0,0.0,1.0
0,1,1015,346.7893072572314,460.6405706826407,50.0,0.0,0.0,1.0
0,1,1016,346.31946081029554,460.8115803791544,50.0,0.0,0.0,1.0
0,1,1017,345.84961436335965,460.98259007566816,50.0,0.0,0.0,1.0
0,1,1018,345.37976791642376,461.15359977218185,50.0,0.0,0.0,1.0
0,1,1019,344.9099214694878,461.3246094686956,50.0,0.0,0.0,1.0
0,1,1020,344.4400750225519,461.4956191652093,50.0,0.0,0.0,1.0
0,1,1021,343.97022857561603,461.666628861723,50.0,0.0,0.0,1.0
0,1,1022,343.50038212868014,461.83763855823673,50.0,0.0,0.0,1.0
0,1,1023,343.03053568174425,462.0086482547504,50.0,0.0,0.0,1.0
0,1,1024,342.56068923480836,462.1796579512642,50.0,0.0,0.0,1.0
0,1,1025,342.0908427878725,462.35066764777787,50.0,0.0,0.0,1.0
0,1,1026,341.6209963409366,462.5216773442916,50.0,0.0,0.0,1.0
0,1,1027,341.1511498940007,462.6926870408053,50.0,0.0,0.0,1.0
0,1,1028,340.68130344706475,462.863696737319,50.0,0.0,0.0,1.0
0,1,1029,340.21145700012886,463.03470643383275,50.0,0.0,0.0,1.0
0,1,1030,339.74161055319297,463.20571613034645,50.0,0.0,0.0,1.0
0,1,1031,339.2717641062571,463.3767258268602,50.0,0.0,0.0,1.0
0,1,1032,338.8019176593212,463.5477355233739,50.0,0.0,0.0,1.0
0,1,1033,338.3320712123853,463.71874521988764,50.0,0.0,0.0,1.0
0,1,1034,337.8622247654494,463.88975491640133,50.0,0.0,0.0,1.0
0,1,1035,337.39237831851347,464.060764612915,50.0,0.0,0.0,1.0
0,1,1036,336.9225318715776,464.2317743094288,50.0,0.0,0.0,1.0
0,1,1037,336.4526854246417,464.40278400594246,50.0,0.0,0.0,1.0
0,1,1038,335.9828389777058,464.5737937024562,50.0,0.0,0.0,1.0
0,1,1039,335.5129925307699,464.7448033989699,50.0,0.0,0.0,1.0
0,1,1040,335.043146083834,464.91581309548366,50.0,0.0,0.0,1.0
0,1,1041,334.5732996368981,465.08682279199735,50.0,0.0,0.0,1.0
0,1,1042,334.10345318996224,465.25783248851104,50.0,0.0,0.0,1.0
0,1,1043,333.63360674302635,465.4288421850248,50.0,0.0,0.0,1.0
0,1,1044,333.1637602960904,465.5998518815385,50.0,0.0,0.0,1.0
0,1,1045,332.6939138491545,465.77086157805223,50.0,0.0,0.0,1.0
0,1,1046,332.2240674022186,465.9418712745659,50.0,0.0,0.0,1.0
0,1,1047,331.75422095528273,466.1128809710797,50.0,0.0,0.0,1.0
0,1,1048,331.28437450834684,466.28389066759337,50.0,0.0,0.0,1.0
0,1,1049,330.81452806141095,466.45490036410706,50.0,0.0,0.0,1.0
0,1,1050,330.34468161447506,466.6259100606208,50.0,0.0,0.0,1.0
0,1,1051,329.8748351675391,466.7969197571345,50.0,0.0,0.0,1.0
0,1,1052,329.4049887206032,466.96792945364825,50.0,0.0,0.0,1.0
0,1,1053,328.93293173057197,467.1318770858526,50.0,0.0,0.0,1.0
0,1,1054,328.44943546573046,467.25927944801396,50.0,0.0,0.0,1.0
0,1,1055,327.9659392008889,467.38668181017533,50.0,0.0,0.0,1.0
0,1,1056,327.4824429360474,467.5140841723367,50.0,0.0,0.0,1.0
0,1,1057,326.99891475381065,467.64135897305556,50.0,0.0,0.0,1.0
0,1,1058,326.5123923090989,467.75666686867316,50.0,0.0,0.0,1.0
0,1,1059,326.02586986438723,467.8719747642907,50.0,0.0,0.0,1.0
0,1,1060,325.53934741967555,467.98728265990826,50.0,0.0,0.0,1.0
0,1,1061,325.0528249749638,468.10259055552586,50.0,0.0,0.0,1.0
0,1,1062,324.56630253025213,468.2178984511434,50.0,0.0,0.0,1.0
0,1,1063,324.07978008554045,468.333206346761,50.0,0.0,0.0,1.0
0,1,1064,323.59325764082877,468.44851424237856,50.0,0.0,0.0,1.0
0,1,1065,323.10673519611703,468.5638221379961,50.0,0.0,0.0,1.0
0,1,1066,322.62021275140535,468.6791300336137,50.0,0.0,0.0,1.0
0,1,1067,322.13369030669367,468.79443792923126,50.0,0.0,0.0,1.0
0,1,1068,321.6471678619819,468.90974582484887,50.0,0.0,0.0,1.0
0,1,1069,321.16064541727025,469.0250537204664,50.0,0.0,0.0,1.0
0,1,1070,320.67412297255856,469.14036161608396,50.0,0.0,0.0,1.0
0,1,1071,320.1876005278468,469.25566951170157,50.0,0.0,0.0,1.0
0,1,1072,319.70107808313514,469.3709774073191,50.0,0.0,0.0,1.0
0,1,1073,319.21455563842346,469.4862853029367,50.0,0.0,0.0,1.0
0,1,1074,318.7280331937118,469.60159319855427,50.0,0.0,0.0,1.0
0,1,1075,318.24151074900004,469.7169010941718,50.0,0.0,0.0,1.0
0,1,1076,317.75498830428836,469.8322089897894,50.0,0.0,0.0,1.0
0,1,1077,317.2684658595767,469.94751688540697,50.0,0.0,0.0,1.0
0,1,1078,316.78194341486494,470.0628247810245,50.0,0.0,0.0,1.0
0,1,1079,316.29542097015326,470.1781326766421,50.0,0.0,0.0,1.0
0,1,1080,315.8088985254416,470.29344057225967,50.0,0.0,0.0,1.0
0,1,1081,315.3223760807299,470.4087484678773,50.0,0.0,0.0,1.0
0,1,1082,314.83585363601816,470.5240563634948,50.0,0.0,0.0,1.0
0,1,1083,314.3493311913065,470.63936425911237,50.0,0.0,0.0,1.0
0,1,1084,313.8628087465948,470.75467215473,50.0,0.0,0.0,1.0
0,1,1085,313.37628630188306,470.8699800503475,50.0,0.0,0.0,1.0
0,1,1086,312.8897638571714,470.9852879459651,50.0,0.0,0.0,1.0
0,1,1087,312.4032414124597,471.1005958415827,50.0,0.0,0.0,1.0
0,1,1088,311.91671896774795,471.2159037372002,50.0,0.0,0.0,1.0
0,1,1089,311.4301965230363,471.3312116328178,50.0,0.0,0.0,1.0
0,1,1090,310.9436740783246,471.4465195284354,50.0,0.0,0.0,1.0
0,1,1091,310.4571516336129,471.561827424053,50.0,0.0,0.0,1.0
0,1,1092,309.97062918890117,471.6771353196705,50.0,0.0,0.0,1.0
0,1,1093,309.4841067441895,471.7924432152881,50.0,0.0,0.0,1.0
0,1,1094,308.9975842994778,471.9077511109057,50.0,0.0,0.0,1.0
0,1,1095,308.51106185476607,472.0230590065232,50.0,0.0,0.0,1.0
0,1,1096,308.0245394100544,472.1383669021408,50.0,0.0,0.0,1.0
0,1,1097,307.5380169653427,472.2536747977584,50.0,0.0,0.0,1.0
0,1,1098,307.05000340548486,472.36218992634275,50.0,0.0,0.0,1.0
0,1,1099,306.5599170487401,472.46126243984986,50.0,0.0,0.0,1.0
0,1,1100,306.0698306919953,472.56033495335697,50.0,0.0,0.0,1.0
0,1,1101,305.5781176430862,472.64978148139096,50.0,0.0,0.0,1.0
0,1,1102,305.08269063087306,472.71725055259833,50.0,0.0,0.0,1.0
0,1,1103,304.58726361865996,472.7847196238057,50.0,0.0,0.0,1.0
0,1,1104,304.09183660644686,472.85218869501307,50.0,0.0,0.0,1.0
0,1,1105,303.59640959423376,472.91965776622044,50.0,0.0,0.0,1.0
0,1,1106,303.1004911831233,472.98324294724154,50.0,0.0,0.0,1.0
0,1,1107,302.6038720598835,473.04128988025667,50.0,0.0,0.0,1.0
0,1,1108,302.1072529366436,473.09933681327186,50.0,0.0,0.0,1.0
0,1,1109,301.61063381340375,473.157383746287,50.0,0.0,0.0,1.0
0,1,1110,301.11401469016386,473.2154306793022,50.0,0.0,0.0,1.0
0,1,1111,300.617395566924,473.2734776123173,50.0,0.0,0.0,1.0
0,1,1112,300.1207764436841,473.3315245453325,50.0,0.0,0.0,1.0
0,1,1113,299.6241573204443,473.3895714783477,50.0,0.0,0.0,1.0
0,1,1114,299.1275381972044,473.44761841136284,50.0,0.0,0.0,1.0
0,1,1115,298.63091907396455,473.50566534437803,50.0,0.0,0.0,1.0
0,1,1116,298.13429995072465,473.56371227739317,50.0,0.0,0.0,1.0
0,1,1117,297.6376808274848,473.62175921040836,50.0,0.0,0.0,1.0
0,1,1118,297.1410617042449,473.6798061434235,50.0,0.0,0.0,1.0
0,1,1119,296.6444425810051,473.7378530764387,50.0,0.0,0.0,1.0
0,1,1120,296.1478234577652,473.7959000094538,50.0,0.0,0.0,1.0
0,1,1121,295.65120433452535,473.853946942469,50.0,0.0,0.0,1.0
0,1,1122,295.15458521128545,473.91199387548414,50.0,0.0,0.0,1.0
0,1,1123,294.6579660880456,473.97004080849933,50.0,0.0,0.0,1.0
0,1,1124,294.1613469648057,474.02808774151447,50.0,0.0,0.0,1.0
0,1,1125,293.6647278415659,474.08613467452966,50.0,0.0,0.0,1.0
0,1,1126,293.16810871832604,474.1441816075448,50.0,0.0,0.0,1.0
0,1,1127,292.67148959508614,474.20222854056,50.0,0.0,0.0,1.0
0,1,1128,292.1748704718463,474.2602754735751,50.0,0.0,0.0,1.0
0,1,1129,291.6782513486064,474.3183224065903,50.0,0.0,0.0,1.0
0,1,1130,291.18163222536657,474.3763693396055,50.0,0.0,0.0,1.0
0,1,1131,290.6850131021267,474.43441627262064,50.0,0.0,0.0,1.0
0,1,1132,290.18839397888684,474.49246320563583,50.0,0.0,0.0,1.0
0,1,1133,289.69177485564694,474.55051013865096,50.0,0.0,0.0,1.0
0,1,1134,289.1951557324071,474.60855707166616,50.0,0.0,0.0,1.0
0,1,1135,288.6985366091672,474.6666040046813,50.0,0.0,0.0,1.0
0,1,1136,288.20191748592737,474.7246509376965,50.0,0.0,0.0,1.0
0,1,1137,287.7052983626875,474.7826978707116,50.0,0.0,0.0,1.0
0,1,1138,287.20867923944763,474.8407448037268,50.0,0.0,0.0,1.0
0,1,1139,286.71206011620774,474.89879173674194,50.0,0.0,0.0,1.0
0,1,1140,286.2154409929679,474.95683866975713,50.0,0.0,0.0,1.0
0,1,1141,285.718821869728,475.01488560277227,50.0,0.0,0.0,1.0
0,1,1142,285.22220274648816,475.07293253578746,50.0,0.0,0.0,1.0
0,1,1143,284.72558362324827,475.1309794688026,50.0,0.0,0.0,1.0
0,1,1144,284.22896450000843,475.1890264018178,50.0,0.0,0.0,1.0
0,1,1145,283.73234537676854,475.2470733348329,50.0,0.0,0.0,1.0
0,1,1146,283.2357262535287,475.3051202678481,50.0,0.0,0.0,1.0
0,1,1147,282.73755529164464,475.34718040177063,50.0,0.0,0.0,1.0
0,1,1148,282.23904364130146,475.3857308164522,50.0,0.0,0.0,1.0
0,1,1149,281.739885083081,475.40995295843254,50.0,0.0,0.0,1.0
0,1,1150,281.2399277194145,475.4164824695639,50.0,0.0,0.0,1.0
0,1,1151,280.73997035574797,475.4230119806952,50.0,0.0,0.0,1.0
0,1,1152,280.2400129920814,475.4295414918265,50.0,0.0,0.0,1.0
0,1,1153,279.7400556284149,475.4360710029579,50.0,0.0,0.0,1.0
0,1,1154,279.2400982647484,475.4426005140892,50.0,0.0,0.0,1.0
0,1,1155,278.74010618280766,475.4438131196853,50.0,0.0,0.0,1.0
0,1,1156,278.24010618280766,475.4438131196853,50.0,0.0,0.0,1.0
0,1,1157,277.74010618280766,475.4438131196853,50.0,0.0,0.0,1.0
0,1,1158,277.24010618280766,475.4438131196853,50.0,0.0,0.0,1.0
0,1,1159,276.74010618280766,475.4438131196853,50.0,0.0,0.0,1.0
0,1,1160,276.24010618280766,475.4438131196853,50.0,0.0,0.0,1.0
0,1,1161,275.74010618280766,475.4438131196853,50.0,0.0,0.0,1.0
0,1,1162,275.24010618280766,475.4438131196853,50.0,0.0,0.0,1.0
0,1,1163,274.74010618280766,475.4438131196853,50.0,0.0,0.0,1.0
0,1,1164,274.24010618280766,475.4438131196853,50.0,0.0,0.0,1.0
0,1,1165,273.74010618280766,475.4438131196853,50.0,0.0,0.0,1.0
0,1,1166,273.24010618280766,475.4438131196853,50.0,0.0,0.0,1.0
0,1,1167,272.74010618280766,475.4438131196853,50.0,0.0,0.0,1.0
0,1,1168,272.24010618280766,475.4438131196853,50.0,0.0,0.0,1.0
0,1,1169,271.74010618280766,475.4438131196853,50.0,0.0,0.0,1.0
0,1,1170,271.24010618280766,475.4438131196853,50.0,0.0,0.0,1.0
0,1,1171,270.74010618280766,475.4438131196853,50.0,0.0,0.0,1.0
0,1,1172,270.24010618280766,475.4438131196853,50.0,0.0,0.0,1.0
0,1,1173,269.74010618280766,475.4438131196853,50.0,0.0,0.0,1.0
0,1,1174,269.24010618280766,475.4438131196853,50.0,0.0,0.0,1.0
0,1,1175,268.74010618280766,475.4438131196853,50.0,0.0,0.0,1.0
0,1,1176,268.24010618280766,475.4438131196853,50.0,0.0,0.0,1.0
0,1,1177,267.74010618280766,475.4438131196853,50.0,0.0,0.0,1.0
0,1,1178,267.24010618280766,475.4438131196853,50.0,0.0,0.0,1.0
0,1,1179,266.74010618280766,475.4438131196853,50.0,0.0,0.0,1.0
0,1,1180,266.24010618280766,475.4438131196853,50.0,0.0,0.0,1.0
0,1,1181,265.74010618280766,475.4438131196853,50.0,0.0,0.0,1.0
0,1,1182,265.24010618280766,475.4438131196853,50.0,0.0,0.0,1.0
0,1,1183,264.74010618280766,475.4438131196853,50.0,0.0,0.0,1.0
0,1,1184,264.24010618280766,475.4438131196853,50.0,0.0,0.0,1.0
0,1,1185,263.74010618280766,475.4438131196853,50.0,0.0,0.0,1.0
0,1,1186,263.24010618280766,475.4438131196853,50.0,0.0,0.0,1.0
0,1,1187,262.74010618280766,475.4438131196853,50.0,0.0,0.0,1.0
0,1,1188,262.24010618280766,475.4438131196853,50.0,0.0,0.0,1.0
0,1,1189,261.74010618280766,475.4438131196853,50.0,0.0,0.0,1.0
0,1,1190,261.24010618280766,475.4438131196853,50.0,0.0,0.0,1.0
0,1,1191,260.74010618280766,475.4438131196853,50.0,0.0,0.0,1.0
0,1,1192,260.24010618280766,475.4438131196853,50.0,0.0,0.0,1.0
0,1,1193,259.74010618280766,475.4438131196853,50.0,0.0,0.0,1.0
0,1,1194,259.24010618280766,475.4438131196853,50.0,0.0,0.0,1.0
0,1,1195,258.74021917509634,475.43880481577725,50.0,0.0,0.0,1.0
0,1,1196,258.24072791436794,475.41625530456395,50.0,0.0,0.0,1.0
0,1,1197,257.74269696492087,475.37482075483547,50.0,0.0,0.0,1.0
0,1,1198,257.2456768670042,475.32031367027844,50.0,0.0,0.0,1.0
0,1,1199,256.7486567690875,475.2658065857214,50.0,0.0,0.0,1.0
0,1,1200,256.25163667117084,475.2112995011644,50.0,0.0,0.0,1.0
0,1,1201,255.75461657325417,475.15679241660735,50.0,0.0,0.0,1.0
0,1,1202,255.25759647533752,475.10228533205037,50.0,0.0,0.0,1.0
0,1,1203,254.76066345851387,475.0470094865356,50.0,0.0,0.0,1.0
0,1,1204,254.2640443435456,474.9889624827529,50.0,0.0,0.0,1.0
0,1,1205,253.76742522857737,474.93091547897023,50.0,0.0,0.0,1.0
0,1,1206,253.2708061136091,474.87286847518754,50.0,0.0,0.0,1.0
0,1,1207,252.77418699864086,474.81482147140485,50.0,0.0,0.0,1.0
0,1,1208,252.2775678836726,474.75677446762217,50.0,0.0,0.0,1.0
0,1,1209,251.78094876870435,474.6987274638395,50.0,0.0,0.0,1.0
0,1,1210,251.28432965373608,474.6406804600568,50.0,0.0,0.0,1.0
0,1,1211,250.78771053876784,474.5826334562741,50.0,0.0,0.0,1.0
0,1,1212,250.29109142379957,474.5245864524914,50.0,0.0,0.0,1.0
0,1,1213,249.79447230883133,474.46653944870866,50.0,0.0,0.0,1.0
0,1,1214,249.29785319386306,474.40849244492597,50.0,0.0,0.0,1.0
0,1,1215,248.80123407889482,474.3504454411433,50.0,0.0,0.0,1.0
0,1,1216,248.30461496392655,474.2923984373606,50.0,0.0,0.0,1.0
0,1,1217,247.8079958489583,474.2343514335779,50.0,0.0,0.0,1.0
0,1,1218,247.31137673399007,474.1763044297952,50.0,0.0,0.0,1.0
0,1,1219,246.8147576190218,474.1182574260125,50.0,0.0,0.0,1.0
0,1,1220,246.31813850405354,474.06021042222983,50.0,0.0,0.0,1.0
0,1,1221,245.8215193890853,474.00216341844714,50.0,0.0,0.0,1.0
0,1,1222,245.32490027411706,473.94411641466445,50.0,0.0,0.0,1.0
0,1,1223,244.8282811591488,473.88606941088176,50.0,0.0,0.0,1.0
0,1,1224,244.33166204418055,473.82802240709907,50.0,0.0,0.0,1.0
0,1,1225,243.83504292921228,473.7699754033164,50.0,0.0,0.0,1.0
0,1,1226,243.33842381424404,473.7119283995337,50.0,0.0,0.0,1.0
0,1,1227,242.84180469927577,473.653881395751,50.0,0.0,0.0,1.0
0,1,1228,242.34518558430753,473.5958343919683,50.0,0.0,0.0,1.0
0,1,1229,241.84856646933926,473.5377873881856,50.0,0.0,0.0,1.0
0,1,1230,241.35194735437102,473.47974038440293,50.0,0.0,0.0,1.0
0,1,1231,240.85532823940275,473.42169338062024,50.0,0.0,0.0,1.0
0,1,1232,240.3587091244345,473.36364637683755,50.0,0.0,0.0,1.0
0,1,1233,239.86209000946624,473.30559937305486,50.0,0.0,0.0,1.0
0,1,1234,239.365470894498,473.24755236927217,50.0,0.0,0.0,1.0
0,1,1235,238.86885177952973,473.1895053654895,50.0,0.0,0.0,1.0
0,1,1236,238.3722326645615,473.1314583617068,50.0,0.0,0.0,1.0
0,1,1237,237.87561354959323,473.0734113579241,50.0,0.0,0.0,1.0
0,1,1238,237.37899443462499,473.0153643541414,50.0,0.0,0.0,1.0
0,1,1239,236.88237531965672,472.9573173503587,50.0,0.0,0.0,1.0
0,1,1240,236.38575620468848,472.89927034657603,50.0,0.0,0.0,1.0
0,1,1241,235.8891370897202,472.84122334279334,50.0,0.0,0.0,1.0
0,1,1242,235.39251797475197,472.78317633901065,50.0,0.0,0.0,1.0
0,1,1243,234.8958988597837,472.72512933522796,50.0,0.0,0.0,1.0
0,1,1244,234.4015357192195,472.651289158644,50.0,0.0,0.0,1.0
0,1,1245,233.91319544908055,472.54487563904615,50.0,0.0,0.0,1.0
0,1,1246,233.42653646854018,472.43014536117926,50.0,0.0,0.0,1.0
0,1,1247,232.9398774879998,472.31541508331236,50.0,0.0,0.0,1.0
0,1,1248,232.45321850745944,472.2006848054455,50.0,0.0,0.0,1.0
0,1,1249,231.9665595269191,472.0859545275786,50.0,0.0,0.0,1.0
0,1,1250,231.47990054637873,471.9712242497117,50.0,0.0,0.0,1.0
0,1,1251,230.99324156583836,471.8564939718448,50.0,0.0,0.0,1.0
0,1,1252,230.50666737791482,471.7414049768808,50.0,0.0,0.0,1.0
0,1,1253,230.02014491688314,471.62609715012263,50.0,0.0,0.0,1.0
0,1,1254,229.53362245585149,471.51078932336446,50.0,0.0,0.0,1.0
0,1,1255,229.0470999948198,471.3954814966063,50.0,0.0,0.0,1.0
0,1,1256,228.56057753378815,471.2801736698481,50.0,0.0,0.0,1.0
0,1,1257,228.0740550727565,471.16486584308996,50.0,0.0,0.0,1.0
0,1,1258,227.5875326117248,471.0495580163318,50.0,0.0,0.0,1.0
0,1,1259,227.10101015069316,470.9342501895736,50.0,0.0,0.0,1.0
0,1,1260,226.6144876896615,470.81894236281545,50.0,0.0,0.0,1.0
0,1,1261,226.12796522862982,470.7036345360573,50.0,0.0,0.0,1.0
0,1,1262,225.64144276759816,470.5883267092991,50.0,0.0,0.0,1.0
0,1,1263,225.1549203065665,470.47301888254094,50.0,0.0,0.0,1.0
0,1,1264,224.66839784553483,470.3577110557828,50.0,0.0,0.0,1.0
0,1,1265,224.18187538450317,470.2424032290246,50.0,0.0,0.0,1.0
0,1,1266,223.6953529234715,470.12709540226643,50.0,0.0,0.0,1.0
0,1,1267,223.20883046243983,470.01178757550827,50.0,0.0,0.0,1.0
0,1,1268,222.72230800140818,469.89647974875004,50.0,0.0,0.0,1.0
0,1,1269,222.2357855403765,469.78117192199187,50.0,0.0,0.0,1.0
0,1,1270,221.74926307934484,469.6658640952337,50.0,0.0,0.0,1.0
0,1,1271,221.2627406183132,469.55055626847553,50.0,0.0,0.0,1.0
0,1,1272,220.7762181572815,469.43524844171736,50.0,0.0,0.0,1.0
0,1,1273,220.28969569624985,469.3199406149592,50.0,0.0,0.0,1.0
0,1,1274,219.8031732352182,469.204632788201,50.0,0.0,0.0,1.0
0,1,1275,219.3166507741865,469.08932496144286,50.0,0.0,0.0,1.0
0,1,1276,218.83012831315486,468.9740171346847,50.0,0.0,0.0,1.0
0,1,1277,218.3436058521232,468.8587093079265,50.0,0.0,0.0,1.0
0,1,1278,217.85708339109152,468.74340148116835,50.0,0.0,0.0,1.0
0,1,1279,217.37056093005987,468.6280936544102,50.0,0.0,0.0,1.0
0,1,1280,216.88403846902818,468.512785827652,50.0,0.0,0.0,1.0
0,1,1281,216.39751600799653,468.39747800089384,50.0,0.0,0.0,1.0
0,1,1282,215.91099354696487,468.2821701741357,50.0,0.0,0.0,1.0
0,1,1283,215.4244710859332,468.1668623473775,50.0,0.0,0.0,1.0
0,1,1284,214.93794862490154,468.05155452061933,50.0,0.0,0.0,1.0
0,1,1285,214.45142616386988,467.93624669386116,50.0,0.0,0.0,1.0
0,1,1286,213.9649037028382,467.820938867103,50.0,0.0,0.0,1.0
0,1,1287,213.47838124180655,467.7056310403448,50.0,0.0,0.0,1.0
0,1,1288,212.9918587807749,467.59032321358666,50.0,0.0,0.0,1.0
0,1,1289,212.5053363197432,467.4750153868285,50.0,0.0,0.0,1.0
0,1,1290,212.01881385871155,467.3597075600703,50.0,0.0,0.0,1.0
0,1,1291,211.5322913976799,467.24439973331215,50.0,0.0,0.0,1.0
0,1,1292,211.04598179826908,467.12829562255473,50.0,0.0,0.0,1.0
0,1,1293,210.5750233238659,466.96064849899136,50.0,0.0,0.0,1.0
0,1,1294,210.10517702223586,466.7896384032526,50.0,0.0,0.0,1.0
0,1,1295,209.63533072060585,466.6186283075138,50.0,0.0,0.0,1.0
0,1,1296,209.1654844189758,466.447618211775,50.0,0.0,0.0,1.0
0,1,1297,208.69563811734577,466.2766081160363,50.0,0.0,0.0,1.0
0,1,1298,208.22579181571575,466.1055980202975,50.0,0.0,0.0,1.0
0,1,1299,207.7559455140857,465.93458792455874,50.0,0.0,0.0,1.0
0,1,1300,207.28609914479213,465.7635780147241,50.0,0.0,0.0,1.0
0,1,1301,206.81625273375198,465.59256821958746,50.0,0.0,0.0,1.0
0,1,1302,206.3464063227118,465.4215584244508,50.0,0.0,0.0,1.0
0,1,1303,205.87655991167165,465.25054862931415,50.0,0.0,0.0,1.0
0,1,1304,205.4067135006315,465.07953883417747,50.0,0.0,0.0,1.0
0,1,1305,204.93686708959135,464.90852903904084,50.0,0.0,0.0,1.0
0,1,1306,204.46702067855117,464.73751924390416,50.0,0.0,0.0,1.0
0,1,1307,203.997174267511,464.5665094487675,50.0,0.0,0.0,1.0
0,1,1308,203.52732785647086,464.39549965363085,50.0,0.0,0.0,1.0
0,1,1309,203.0574814454307,464.22448985849417,50.0,0.0,0.0,1.0
0,1,1310,202.58763503439053,464.05348006335754,50.0,0.0,0.0,1.0
0,1,1311,202.11778862335038,463.88247026822086,50.0,0.0,0.0,1.0
0,1,1312,201.64794221231023,463.71146047308423,50.0,0.0,0.0,1.0
0,1,1313,201.17809580127008,463.54045067794755,50.0,0.0,0.0,1.0
0,1,1314,200.7082493902299,463.3694408828109,50.0,0.0,0.0,1.0
0,1,1315,200.23840297918974,463.19843108767424,50.0,0.0,0.0,1.0
0,1,1316,199.7685565681496,463.0274212925376,50.0,0.0,0.0,1.0
0,1,1317,199.2987101571094,462.8564114974009,50.0,0.0,0.0,1.0
0,1,1318,198.82886374606926,462.68540170226424,50.0,0.0,0.0,1.0
0,1,1319,198.3590173350291,462.5143919071276,50.0,0.0,0.0,1.0
0,1,1320,197.88917092398896,462.34338211199093,50.0,0.0,0.0,1.0
0,1,1321,197.41932451294878,462.1723723168543,50.0,0.0,0.0,1.0
0,1,1322,196.94947810190862,462.0013625217176,50.0,0.0,0.0,1.0
0,1,1323,196.47963169086847,461.830352726581,50.0,0.0,0.0,1.0
0,1,1324,196.00978527982832,461.6593429314443,50.0,0.0,0.0,1.0
0,1,1325,195.53993886878814,461.4883331363077,50.0,0.0,0.0,1.0
0,1,1326,195.070092457748,461.317323341171,50.0,0.0,0.0,1.0
0,1,1327,194.60024604670784,461.1463135460343,50.0,0.0,0.0,1.0
0,1,1328,194.1303996356677,460.9753037508977,50.0,0.0,0.0,1.0
0,1,1329,193.6605532246275,460.804293955761,50.0,0.0,0.0,1.0
0,1,1330,193.19070681358735,460.6332841606244,50.0,0.0,0.0,1.0
0,1,1331,192.7208604025472,460.4622743654877,50.0,0.0,0.0,1.0
0,1,1332,192.25101399150702,460.2912645703511,50.0,0.0,0.0,1.0
0,1,1333,191.78116758046687,460.1202547752144,50.0,0.0,0.0,1.0
0,1,1334,191.31132116942672,459.94924498007776,50.0,0.0,0.0,1.0
0,1,1335,190.84147475838657,459.7782351849411,50.0,0.0,0.0,1.0
0,1,1336,190.3716283473464,459.6072253898044,50.0,0.0,0.0,1.0
0,1,1337,189.90178193630624,459.4362155946678,50.0,0.0,0.0,1.0
0,1,1338,189.43193552526608,459.2652057995311,50.0,0.0,0.0,1.0
0,1,1339,188.96208911422593,459.09419600439446,50.0,0.0,0.0,1.0
0,1,1340,188.4925494672821,458.9224193372715,50.0,0.0,0.0,1.0
0,1,1341,188.03976356774618,458.710813201021,50.0,0.0,0.0,1.0
0,1,1342,187.59401804848423,458.4842940361411,50.0,0.0,0.0,1.0
0,1,1343,187.14827252922225,458.2577748712612,50.0,0.0,0.0,1.0
0,1,1344,186.7025270099603,458.03125570638133,50.0,0.0,0.0,1.0
0,1,1345,186.25678149069833,457.8047365415014,50.0,0.0,0.0,1.0
0,1,1346,185.81103597143638,457.5782173766215,50.0,0.0,0.0,1.0
0,1,1347,185.3652904521744,457.3516982117416,50.0,0.0,0.0,1.0
0,1,1348,184.91872781461612,457.1267964741564,50.0,0.0,0.0,1.0
0,1,1349,184.47191157063855,456.9023967323611,50.0,0.0,0.0,1.0
0,1,1350,184.025095326661,456.6779969905658,50.0,0.0,0.0,1.0
0,1,1351,183.57827908268342,456.45359724877056,50.0,0.0,0.0,1.0
0,1,1352,183.13146283870586,456.2291975069753,50.0,0.0,0.0,1.0
0,1,1353,182.68464659472832,456.00479776518,50.0,0.0,0.0,1.0
0,1,1354,182.23783035075076,455.78039802338475,50.0,0.0,0.0,1.0
0,1,1355,181.7910141067732,455.5559982815895,50.0,0.0,0.0,1.0
0,1,1356,181.34419786279562,455.3315985397942,50.0,0.0,0.0,1.0
0,1,1357,180.89738161881806,455.10719879799893,50.0,0.0,0.0,1.0
0,1,1358,180.4505653748405,454.8827990562037,50.0,0.0,0.0,1.0
0,1,1359,180.00374913086296,454.65839931440837,50.0,0.0,0.0,1.0
0,1,1360,179.5569328868854,454.4339995726131,50.0,0.0,0.0,1.0
0,1,1361,179.11011664290783,454.20959983081787,50.0,0.0,0.0,1.0
0,1,1362,178.66330039893026,453.98520008902256,50.0,0.0,0.0,1.0
0,1,1363,178.2164841549527,453.7608003472273,50.0,0.0,0.0,1.0
0,1,1364,177.76966791097513,453.53640060543205,50.0,0.0,0.0,1.0
0,1,1365,177.32285166699756,453.31200086363674,50.0,0.0,0.0,1.0
0,1,1366,176.87603542302003,453.0876011218415,50.0,0.0,0.0,1.0
0,1,1367,176.42921917904246,452.86320138004623,50.0,0.0,0.0,1.0
0,1,1368,175.9824029350649,452.6388016382509,50.0,0.0,0.0,1.0
0,1,1369,175.53558669108733,452.4144018964557,50.0,0.0,0.0,1.0
0,1,1370,175.08877044710977,452.1900021546604,50.0,0.0,0.0,1.0
0,1,1371,174.6419542031322,451.9656024128651,50.0,0.0,0.0,1.0
0,1,1372,174.19513795915464,451.74120267106986,50.0,0.0,0.0,1.0
0,1,1373,173.7483217151771,451.5168029292746,50.0,0.0,0.0,1.0
0,1,1374,173.30150547119953,451.2924031874793,50.0,0.0,0.0,1.0
0,1,1375,172.85468922722197,451.06800344568404,50.0,0.0,0.0,1.0
0,1,1376,172.4078729832444,450.8436037038888,50.0,0.0,0.0,1.0
0,1,1377,171.96105673926684,450.6192039620935,50.0,0.0,0.0,1.0
0,1,1378,171.51424049528927,450.3948042202982,50.0,0.0,0.0,1.0
0,1,1379,171.0674242513117,450.170404478503,50.0,0.0,0.0,1.0
0,1,1380,170.62060800733417,449.94600473670766,50.0,0.0,0.0,1.0
0,1,1381,170.1737917633566,449.7216049949124,50.0,0.0,0.0,1.0
0,1,1382,169.72697551937904,449.49720525311716,50.0,0.0,0.0,1.0
0,1,1383,169.28015927540147,449.27280551132185,50.0,0.0,0.0,1.0
0,1,1384,168.8333430314239,449.0484057695266,50.0,0.0,0.0,1.0
0,1,1385,168.38652678744634,448.82400602773134,50.0,0.0,0.0,1.0
0,1,1386,167.93971054346878,448.59960628593603,50.0,0.0,0.0,1.0
0,1,1387,167.49289429949124,448.3752065441408,50.0,0.0,0.0,1.0
0,1,1388,167.04889869070112,448.14564188345446,50.0,0.0,0.0,1.0
0,1,1389,166.6185830766115,447.89102752354785,50.0,0.0,0.0,1.0
0,1,1390,166.20125669378854,447.61584953887035,50.0,0.0,0.0,1.0
0,1,1391,165.7864721760929,447.3366474545658,50.0,0.0,0.0,1.0
0,1,1392,165.37168765839724,447.05744537026135,50.0,0.0,0.0,1.0
0,1,1393,164.95690314070157,446.7782432859568,50.0,0.0,0.0,1.0
0,1,1394,164.54211862300593,446.4990412016523,50.0,0.0,0.0,1.0
0,1,1395,164.12733410531027,446.2198391173478,50.0,0.0,0.0,1.0
0,1,1396,163.7098656260998,445.9446706977418,50.0,0.0,0.0,1.0
0,1,1397,163.29212162670692,445.66991635114977,50.0,0.0,0.0,1.0
0,1,1398,162.87437762731403,445.3951620045577,50.0,0.0,0.0,1.0
0,1,1399,162.45663362792112,445.1204076579656,50.0,0.0,0.0,1.0
0,1,1400,162.03888962852824,444.84565331137355,50.0,0.0,0.0,1.0
0,1,1401,161.62114562913536,444.57089896478146,50.0,0.0,0.0,1.0
0,1,1402,161.20340162974247,444.29614461818943,50.0,0.0,0.0,1.0
0,1,1403,160.78565763034956,444.02139027159734,50.0,0.0,0.0,1.0
0,1,1404,160.36791363095668,443.7466359250053,50.0,0.0,0.0,1.0
0,1,1405,159.9501696315638,443.4718815784132,50.0,0.0,0.0,1.0
0,1,1406,159.53242563217088,443.1971272318212,50.0,0.0,0.0,1.0
0,1,1407,159.114681632778,442.9223728852291,50.0,0.0,0.0,1.0
0,1,1408,158.69693763338512,442.64761853863706,50.0,0.0,0.0,1.0
0,1,1409,158.2791936339922,442.372864192045,50.0,0.0,0.0,1.0
0,1,1410,157.86144963459932,442.0981098454529,50.0,0.0,0.0,1.0
0,1,1411,157.44370563520644,441.82335549886085,50.0,0.0,0.0,1.0
0,1,1412,157.02596163581356,441.54860115226876,50.0,0.0,0.0,1.0
0,1,1413,156.60821763642065,441.2738468056767,50.0,0.0,0.0,1.0
0,1,1414,156.19047363702776,440.99909245908464,50.0,0.0,0.0,1.0
0,1,1415,155.77272963763488,440.7243381124926,50.0,0.0,0.0,1.0
0,1,1416,155.35498563824197,440.4495837659005,50.0,0.0,0.0,1.0
0,1,1417,154.9372416388491,440.1748294193085,50.0,0.0,0.0,1.0
0,1,1418,154.5194976394562,439.9000750727164,50.0,0.0,0.0,1.0
0,1,1419,154.1017536400633,439.62532072612436,50.0,0.0,0.0,1.0
0,1,1420,153.6840096406704,439.35056637953227,50.0,0.0,0.0,1.0
0,1,1421,153.26626564127753,439.0758120329402,50.0,0.0,0.0,1.0
0,1,1422,152.84852164188464,438.80105768634814,50.0,0.0,0.0,1.0
0,1,1423,152.43077764249173,438.52630333975605,50.0,0.0,0.0,1.0
0,1,1424,152.01303364309885,438.251548993164,50.0,0.0,0.0,1.0
0,1,1425,151.59528964370597,437.97679464657193,50.0,0.0,0.0,1.0
0,1,1426,151.17754564431306,437.7020402999799,50.0,0.0,0.0,1.0
0,1,1427,150.75980164492017,437.4272859533878,50.0,0.0,0.0,1.0
0,1,1428,150.3420576455273,437.1525316067958,50.0,0.0,0.0,1.0
0,1,1429,149.9243136461344,436.8777772602037,50.0,0.0,0.0,1.0
0,1,1430,149.5065696467415,436.60302291361165,50.0,0.0,0.0,1.0
0,1,1431,149.0888256473486,436.32826856701956,50.0,0.0,0.0,1.0
0,1,1432,148.67108164795573,436.0535142204275,50.0,0.0,0.0,1.0
0,1,1433,148.25333764856282,435.77875987383544,50.0,0.0,0.0,1.0
0,1,1434,147.83559364916994,435.50400552724335,50.0,0.0,0.0,1.0
0,1,1435,147.41784964977705,435.2292511806513,50.0,0.0,0.0,1.0
0,1,1436,147.0069348139791,434.94491427044596,50.0,0.0,0.0,1.0
0,1,1437,146.61089127261343,434.63971021847,50.0,0.0,0.0,1.0
0,1,1438,146.21924400449598,434.32913223603515,50.0,0.0,0.0,1.0
0,1,1439,145.84161683134093,434.0014163253824,50.0,0.0,0.0,1.0
0,1,1440,145.46398965818588,433.67370041472975,50.0,0.0,0.0,1.0
0,1,1441,145.08636248503083,433.345984504077,50.0,0.0,0.0,1.0
0,1,1442,144.70873531187578,433.01826859342435,50.0,0.0,0.0,1.0
0,1,1443,144.3308384181376,432.690868750448,50.0,0.0,0.0,1.0
0,1,1444,143.94781650419583,432.3694745790005,50.0,0.0,0.0,1.0
0,1,1445,143.56479459025408,432.0480804075531,50.0,0.0,0.0,1.0
0,1,1446,143.18177267631233,431.7266862361056,50.0,0.0,0.0,1.0
0,1,1447,142.7987507623706,431.4052920646581,50.0,0.0,0.0,1.0
0,1,1448,142.41572884842884,431.0838978932107,50.0,0.0,0.0,1.0
0,1,1449,142.0327069344871,430.7625037217632,50.0,0.0,0.0,1.0
0,1,1450,141.64968502054535,430.4411095503158,50.0,0.0,0.0,1.0
0,1,1451,141.26666310660357,430.1197153788683,50.0,0.0,0.0,1.0
0,1,1452,140.88364119266183,429.7983212074208,50.0,0.0,0.0,1.0
0,1,1453,140.50061927872008,429.4769270359734,50.0,0.0,0.0,1.0
0,1,1454,140.11759736477833,429.1555328645259,50.0,0.0,0.0,1.0
0,1,1455,139.7345754508366,428.8341386930785,50.0,0.0,0.0,1.0
0,1,1456,139.35155353689484,428.512744521631,50.0,0.0,0.0,1.0
0,1,1457,138.96853162295307,428.19135035018354,50.0,0.0,0.0,1.0
0,1,1458,138.58550970901132,427.8699561787361,50.0,0.0,0.0,1.0
0,1,1459,138.20248779506957,427.54856200728864,50.0,0.0,0.0,1.0
0,1,1460,137.81946588112783,427.2271678358412,50.0,0.0,0.0,1.0
0,1,1461,137.43644396718608,426.90577366439373,50.0,0.0,0.0,1.0
0,1,1462,137.05342205324433,426.58437949294625,50.0,0.0,0.0,1.0
0,1,1463,136.67040013930256,426.26298532149883,50.0,0.0,0.0,1.0
0,1,1464,136.2873782253608,425.94159115005135,50.0,0.0,0.0,1.0
0,1,1465,135.90435631141906,425.6201969786039,50.0,0.0,0.0,1.0
0,1,1466,135.52133439747732,425.29880280715645,50.0,0.0,0.0,1.0
0,1,1467,135.13831248353557,424.97740863570897,50.0,0.0,0.0,1.0
0,1,1468,134.75529056959383,424.65601446426155,50.0,0.0,0.0,1.0
0,1,1469,134.37226865565208,424.33462029281407,50.0,0.0,0.0,1.0
0,1,1470,133.9892467417103,424.0132261213666,50.0,0.0,0.0,1.0
0,1,1471,133.60622482776856,423.69183194991916,50.0,0.0,0.0,1.0
0,1,1472,133.2232029138268,423.3704377784717,50.0,0.0,0.0,1.0
0,1,1473,132.84018099988506,423.04904360702426,50.0,0.0,0.0,1.0
0,1,1474,132.45715908594332,422.7276494355768,50.0,0.0,0.0,1.0
0,1,1475,132.07413717200157,422.4062552641293,50.0,0.0,0.0,1.0
0,1,1476,131.69111525805982,422.0848610926819,50.0,0.0,0.0,1.0
0,1,1477,131.30809334411805,421.7634669212344,50.0,0.0,0.0,1.0
0,1,1478,130.9250714301763,421.442072749787,50.0,0.0,0.0,1.0
0,1,1479,130.54204951623456,421.1206785783395,50.0,0.0,0.0,1.0
0,1,1480,130.1590276022928,420.799284406892,50.0,0.0,0.0,1.0
0,1,1481,129.77600568835106,420.4778902354446,50.0,0.0,0.0,1.0
0,1,1482,129.39298377440932,420.1564960639971,50.0,0.0,0.0,1.0
0,1,1483,129.00996186046754,419.83510189254963,50.0,0.0,0.0,1.0
0,1,1484,128.63937725443324,419.5000454968937,50.0,0.0,0.0,1.0
0,1,1485,128.28352247962462,419.14880856938476,50.0,0.0,0.0,1.0
0,1,1486,127.927667704816,418.79757164187583,50.0,0.0,0.0,1.0
0,1,1487,127.58527983953567,418.4334621051532,50.0,0.0,0.0,1.0
0,1,1488,127.25045053278026,418.06212757223483,50.0,0.0,0.0,1.0
0,1,1489,126.91562122602487,417.6907930393164,50.0,0.0,0.0,1.0
0,1,1490,126.58079191926946,417.31945850639806,50.0,0.0,0.0,1.0
0,1,1491,126.24436484610895,416.9495976812695,50.0,0.0,0.0,1.0
0,1,1492,125.9012437730377,416.5859111002489,50.0,0.0,0.0,1.0
0,1,1493,125.55812269996645,416.22222451922835,50.0,0.0,0.0,1.0
0,1,1494,125.2150016268952,415.85853793820775,50.0,0.0,0.0,1.0
0,1,1495,124.87188055382396,415.4948513571872,50.0,0.0,0.0,1.0
0,1,1496,124.52875948075271,415.1311647761666,50.0,0.0,0.0,1.0
0,1,1497,124.18563840768147,414.76747819514605,50.0,0.0,0.0,1.0
0,1,1498,123.84251733461022,414.40379161412545,50.0,0.0,0.0,1.0
0,1,1499,123.49939626153898,414.0401050331049,50.0,0.0,0.0,1.0
0,1,1500,123.15627518846772,413.6764184520843,50.0,0.0,0.0,1.0
0,1,1501,122.81315411539647,413.31273187106376,50.0,0.0,0.0,1.0
0,1,1502,122.47003304232523,412.94904529004316,50.0,0.0,0.0,1.0
0,1,1503,122.12691196925398,412.58535870902256,50.0,0.0,0.0,1.0
0,1,1504,121.78379089618274,412.221672128002,50.0,0.0,0.0,1.0
0,1,1505,121.44066982311149,411.8579855469814,50.0,0.0,0.0,1.0
0,1,1506,121.09754875004025,411.49429896596087,50.0,0.0,0.0,1.0
0,1,1507,120.75442767696899,411.13061238494026,50.0,0.0,0.0,1.0
0,1,1508,120.41130660389774,410.7669258039197,50.0,0.0,0.0,1.0
0,1,1509,120.0681855308265,410.4032392228991,50.0,0.0,0.0,1.0
0,1,1510,119.72506445775525,410.0395526418786,50.0,0.0,0.0,1.0
0,1,1511,119.381943384684,409.67586606085797,50.0,0.0,0.0,1.0
0,1,1512,119.03882231161276,409.3121794798374,50.0,0.0,0.0,1.0
0,1,1513,118.69570123854152,408.9484928988168,50.0,0.0,0.0,1.0
0,1,1514,118.35258016547027,408.5848063177962,50.0,0.0,0.0,1.0
0,1,1515,118.00945909239901,408.2211197367757,50.0,0.0,0.0,1.0
0,1,1516,117.66633801932777,407.8574331557551,50.0,0.0,0.0,1.0
0,1,1517,117.32321694625652,407.49374657473453,50.0,0.0,0.0,1.0
0,1,1518,116.98009587318528,407.1300599937139,50.0,0.0,0.0,1.0
0,1,1519,116.63697480011403,406.7663734126934,50.0,0.0,0.0,1.0
0,1,1520,116.29385372704279,406.4026868316728,50.0,0.0,0.0,1.0
0,1,1521,115.95073265397154,406.03900025065224,50.0,0.0,0.0,1.0
0,1,1522,115.60761158090028,405.67531366963163,50.0,0.0,0.0,1.0
0,1,1523,115.26449050782904,405.3116270886111,50.0,0.0,0.0,1.0
0,1,1524,114.92136943475779,404.9479405075905,50.0,0.0,0.0,1.0
0,1,1525,114.57824836168655,404.5842539265699,50.0,0.0,0.0,1.0
0,1,1526,114.2351272886153,404.22056734554934,50.0,0.0,0.0,1.0
0,1,1527,113.89200621554406,403.85688076452874,50.0,0.0,0.0,1.0
0,1,1528,113.54888514247281,403.4931941835082,50.0,0.0,0.0,1.0
0,1,1529,113.20576406940157,403.1295076024876,50.0,0.0,0.0,1.0
0,1,1530,112.86264299633031,402.76582102146705,50.0,0.0,0.0,1.0
0,1,1531,112.51952192325906,402.40213444044645,50.0,0.0,0.0,1.0
0,1,1532,112.19608025627244,402.0214308165041,50.0,0.0,0.0,1.0
0,1,1533,111.88572910685768,401.6294076487487,50.0,0.0,0.0,1.0
0,1,1534,111.57537795744292,401.2373844809934,50.0,0.0,0.0,1.0
0,1,1535,111.2660065955216,400.84463098361664,50.0,0.0,0.0,1.0
0,1,1536,110.97897570181395,400.4352249918952,50.0,0.0,0.0,1.0
0,1,1537,110.69194480810629,400.02581900017384,50.0,0.0,0.0,1.0
0,1,1538,110.40491391439863,399.6164130084524,50.0,0.0,0.0,1.0
0,1,1539,110.11401125046282,399.2098045961769,50.0,0.0,0.0,1.0
0,1,1540,109.81543206061549,398.80874292088237,50.0,0.0,0.0,1.0
0,1,1541,109.51685287076816,398.40768124558775,50.0,0.0,0.0,1.0
0,1,1542,109.21827368092083,398.00661957029314,50.0,0.0,0.0,1.0
0,1,1543,108.9196944910735,397.6055578949985,50.0,0.0,0.0,1.0
0,1,1544,108.62111530122615,397.20449621970397,50.0,0.0,0.0,1.0
0,1,1545,108.32253611137882,396.80343454440936,50.0,0.0,0.0,1.0
0,1,1546,108.0239569215315,396.40237286911474,50.0,0.0,0.0,1.0
0,1,1547,107.72537773168416,396.00131119382013,50.0,0.0,0.0,1.0
0,1,1548,107.42679854183683,395.6002495185256,50.0,0.0,0.0,1.0
0,1,1549,107.1282193519895,395.19918784323096,50.0,0.0,0.0,1.0
0,1,1550,106.82964016214217,394.79812616793635,50.0,0.0,0.0,1.0
0,1,1551,106.53106097229484,394.39706449264173,50.0,0.0,0.0,1.0
0,1,1552,106.23248178244751,393.9960028173472,50.0,0.0,0.0,1.0
0,1,1553,105.93390259260018,393.59494114205256,50.0,0.0,0.0,1.0
0,1,1554,105.63532340275285,393.19387946675795,50.0,0.0,0.0,1.0
0,1,1555,105.33674421290551,392.79281779146334,50.0,0.0,0.0,1.0
0,1,1556,105.03816502305818,392.3917561161687,50.0,0.0,0.0,1.0
0,1,1557,104.73958583321085,391.99069444087417,50.0,0.0,0.0,1.0
0,1,1558,104.44100664336352,391.58963276557955,50.0,0.0,0.0,1.0
0,1,1559,104.14242745351619,391.18857109028494,50.0,0.0,0.0,1.0
0,1,1560,103.84384826366886,390.7875094149903,50.0,0.0,0.0,1.0
0,1,1561,103.54526907382153,390.38644773969577,50.0,0.0,0.0,1.0
0,1,1562,103.2466898839742,389.98538606440115,50.0,0.0,0.0,1.0
0,1,1563,102.94811069412685,389.58432438910654,50.0,0.0,0.0,1.0
0,1,1564,102.64953150427952,389.1832627138119,50.0,0.0,0.0,1.0
0,1,1565,102.35095231443219,388.78220103851737,50.0,0.0,0.0,1.0
0,1,1566,102.05237312458486,388.38113936322276,50.0,0.0,0.0,1.0
0,1,1567,101.75379393473753,387.98007768792814,50.0,0.0,0.0,1.0
0,1,1568,101.4552147448902,387.57901601263353,50.0,0.0,0.0,1.0
0,1,1569,101.15663555504287,387.177954337339,50.0,0.0,0.0,1.0
0,1,1570,100.85805636519554,386.77689266204436,50.0,0.0,0.0,1.0
0,1,1571,100.5594771753482,386.37583098674975,50.0,0.0,0.0,1.0
0,1,1572,100.26089798550088,385.97476931145513,50.0,0.0,0.0,1.0
0,1,1573,99.96231879565354,385.5737076361605,50.0,0.0,0.0,1.0
0,1,1574,99.66373960580621,385.17264596086596,50.0,0.0,0.0,1.0
0,1,1575,99.36516041595888,384.77158428557135,50.0,0.0,0.0,1.0
0,1,1576,99.06658122611155,384.37052261027674,50.0,0.0,0.0,1.0
0,1,1577,98.76800203626422,383.9694609349821,50.0,0.0,0.0,1.0
0,1,1578,98.46942284641689,383.56839925968757,50.0,0.0,0.0,1.0
0,1,1579,98.17084365656956,383.16733758439295,50.0,0.0,0.0,1.0
0,1,1580,97.90077409989316,382.74703607436226,50.0,0.0,0.0,1.0
0,1,1581,97.64056327196866,382.32008136361316,50.0,0.0,0.0,1.0
0,1,1582,97.38035244404416,381.89312665286405,50.0,0.0,0.0,1.0
0,1,1583,97.12014161611967,381.46617194211495,50.0,0.0,0.0,1.0
0,1,1584,96.86445864451184,381.0365308943007,50.0,0.0,0.0,1.0
0,1,1585,96.6144584774847,380.6035182888417,50.0,0.0,0.0,1.0
0,1,1586,96.36445831045756,380.17050568338266,50.0,0.0,0.0,1.0
0,1,1587,96.11445814343043,379.73749307792366,50.0,0.0,0.0,1.0
0,1,1588,95.86445797640329,379.30448047246466,50.0,0.0,0.0,1.0
0,1,1589,95.61445780937613,378.87146786700566,50.0,0.0,0.0,1.0
0,1,1590,95.364457642349,378.4384552615466,50.0,0.0,0.0,1.0
0,1,1591,95.11445747532186,378.0054426560876,50.0,0.0,0.0,1.0
0,1,1592,94.86445730829472,377.5724300506286,50.0,0.0,0.0,1.0
0,1,1593,94.61445714126758,377.1394174451696,50.0,0.0,0.0,1.0
0,1,1594,94.36445697424044,376.70640483971056,50.0,0.0,0.0,1.0
0,1,1595,94.11445680721329,376.27339223425156,50.0,0.0,0.0,1.0
0,1,1596,93.86445664018615,375.84037962879256,50.0,0.0,0.0,1.0
0,1,1597,93.61445647315901,375.40736702333356,50.0,0.0,0.0,1.0
0,1,1598,93.36445630613187,374.97435441787457,50.0,0.0,0.0,1.0
0,1,1599,93.11445613910473,374.5413418124155,50.0,0.0,0.0,1.0
0,1,1600,92.8644559720776,374.1083292069565,50.0,0.0,0.0,1.0
0,1,1601,92.61445580505044,373.6753166014975,50.0,0.0,0.0,1.0
0,1,1602,92.3644556380233,373.2423039960385,50.0,0.0,0.0,1.0
0,1,1603,92.11445547099616,372.80929139057946,50.0,0.0,0.0,1.0
0,1,1604,91.86445530396902,372.37627878512046,50.0,0.0,0.0,1.0
0,1,1605,91.61445513694188,371.94326617966146,50.0,0.0,0.0,1.0
0,1,1606,91.36445496991473,371.51025357420247,50.0,0.0,0.0,1.0
0,1,1607,91.1144548028876,371.0772409687434,50.0,0.0,0.0,1.0
0,1,1608,90.86445463586045,370.6442283632844,50.0,0.0,0.0,1.0
0,1,1609,90.61445446883332,370.2112157578254,50.0,0.0,0.0,1.0
0,1,1610,90.36445430180618,369.7782031523664,50.0,0.0,0.0,1.0
0,1,1611,90.11445413477904,369.3451905469074,50.0,0.0,0.0,1.0
0,1,1612,89.86445396775188,368.91217794144836,50.0,0.0,0.0,1.0
0,1,1613,89.61445380072475,368.47916533598936,50.0,0.0,0.0,1.0
0,1,1614,89.36445363369761,368.04615273053037,50.0,0.0,0.0,1.0
0,1,1615,89.11445346667047,367.61314012507137,50.0,0.0,0.0,1.0
0,1,1616,88.86445329964333,367.1801275196123,50.0,0.0,0.0,1.0
0,1,1617,88.61445313261619,366.7471149141533,50.0,0.0,0.0,1.0
0,1,1618,88.36445296558904,366.3141023086943,50.0,0.0,0.0,1.0
0,1,1619,88.1144527985619,365.8810897032353,50.0,0.0,0.0,1.0
0,1,1620,87.86445263153476,365.44807709777626,50.0,0.0,0.0,1.0
0,1,1621,87.61445246450762,365.01506449231726,50.0,0.0,0.0,1.0
0,1,1622,87.36445229748048,364.58205188685827,50.0,0.0,0.0,1.0
0,1,1623,87.11445213045334,364.14903928139927,50.0,0.0,0.0,1.0
0,1,1624,86.86445196342619,363.71602667594027,50.0,0.0,0.0,1.0
0,1,1625,86.62726764796048,363.2759061451658,50.0,0.0,0.0,1.0
0,1,1626,86.3923221904007,362.8345438994174,50.0,0.0,0.0,1.0
0,1,1627,86.15737673284092,362.39318165366905,50.0,0.0,0.0,1.0
0,1,1628,85.94790542461135,361.9392898220111,50.0,0.0,0.0,1.0
0,1,1629,85.74172066539454,361.4837814850219,50.0,0.0,0.0,1.0
0,1,1630,85.53553590617771,361.0282731480326,50.0,0.0,0.0,1.0
0,1,1631,85.3293511469609,360.5727648110434,50.0,0.0,0.0,1.0
0,1,1632,85.12316638774408,360.11725647405416,50.0,0.0,0.0,1.0
0,1,1633,84.92386562965878,359.6587056789351,50.0,0.0,0.0,1.0
0,1,1634,84.7258258469131,359.1995975822411,50.0,0.0,0.0,1.0
0,1,1635,84.5277860641674,358.740489485547,50.0,0.0,0.0,1.0
0,1,1636,84.32974628142172,358.28138138885294,50.0,0.0,0.0,1.0
0,1,1637,84.13170649867602,357.8222732921589,50.0,0.0,0.0,1.0
0,1,1638,83.93366671593034,357.36316519546483,50.0,0.0,0.0,1.0
0,1,1639,83.73562693318465,356.9040570987708,50.0,0.0,0.0,1.0
0,1,1640,83.53758715043897,356.4449490020767,50.0,0.0,0.0,1.0
0,1,1641,83.33954736769327,355.98584090538264,50.0,0.0,0.0,1.0
0,1,1642,83.14150758494759,355.5267328086886,50.0,0.0,0.0,1.0
0,1,1643,82.9434678022019,355.06762471199454,50.0,0.0,0.0,1.0
0,1,1644,82.74542801945621,354.6085166153005,50.0,0.0,0.0,1.0
0,1,1645,82.54738823671052,354.14940851860644,50.0,0.0,0.0,1.0
0,1,1646,82.34934845396484,353.69030042191235,50.0,0.0,0.0,1.0
0,1,1647,82.15130867121914,353.23119232521833,50.0,0.0,0.0,1.0
0,1,1648,81.95326888847346,352.77208422852425,50.0,0.0,0.0,1.0
0,1,1649,81.75522910572776,352.3129761318302,50.0,0.0,0.0,1.0
0,1,1650,81.55718932298208,351.85386803513614,50.0,0.0,0.0,1.0
0,1,1651,81.35914954023639,351.39475993844206,50.0,0.0,0.0,1.0
0,1,1652,81.16110975749069,350.93565184174804,50.0,0.0,0.0,1.0
0,1,1653,80.96306997474501,350.47654374505396,50.0,0.0,0.0,1.0
0,1,1654,80.76503019199933,350.01743564835994,50.0,0.0,0.0,1.0
0,1,1655,80.56699040925363,349.55832755166585,50.0,0.0,0.0,1.0
0,1,1656,80.36895062650794,349.09921945497183,50.0,0.0,0.0,1.0
0,1,1657,80.17091084376226,348.64011135827775,50.0,0.0,0.0,1.0
0,1,1658,79.97287106101656,348.18100326158367,50.0,0.0,0.0,1.0
0,1,1659,79.77483127827088,347.72189516488965,50.0,0.0,0.0,1.0
0,1,1660,79.57679149552519,347.26278706819556,50.0,0.0,0.0,1.0
0,1,1661,79.3787517127795,346.8036789715015,50.0,0.0,0.0,1.0
0,1,1662,79.18071193003381,346.34457087480746,50.0,0.0,0.0,1.0
0,1,1663,78.98267214728813,345.8854627781134,50.0,0.0,0.0,1.0
0,1,1664,78.78463236454243,345.42635468141935,50.0,0.0,0.0,1.0
0,1,1665,78.58659258179675,344.9672465847253,50.0,0.0,0.0,1.0
0,1,1666,78.38855279905106,344.50813848803125,50.0,0.0,0.0,1.0
0,1,1667,78.19051301630537,344.04903039133717,50.0,0.0,0.0,1.0
0,1,1668,77.99247323355968,343.5899222946431,50.0,0.0,0.0,1.0
0,1,1669,77.794433450814,343.13081419794906,50.0,0.0,0.0,1.0
0,1,1670,77.5963936680683,342.671706101255,50.0,0.0,0.0,1.0
0,1,1671,77.39835388532262,342.21259800456096,50.0,0.0,0.0,1.0
0,1,1672,77.20031410257693,341.7534899078669,50.0,0.0,0.0,1.0
0,1,1673,77.0070022167184,341.29245461694137,50.0,0.0,0.0,1.0
0,1,1674,76.82765166534449,340.8257283805652,50.0,0.0,0.0,1.0
0,1,1675,76.64917028954913,340.35869974284867,50.0,0.0,0.0,1.0
0,1,1676,76.50009208522192,339.8814412290487,50.0,0.0,0.0,1.0
0,1,1677,76.3510138808947,339.40418271524874,50.0,0.0,0.0,1.0
0,1,1678,76.20193567656747,338.92692420144874,50.0,0.0,0.0,1.0
0,1,1679,76.05285747224025,338.44966568764875,50.0,0.0,0.0,1.0
0,1,1680,75.90377926791302,337.97240717384875,50.0,0.0,0.0,1.0
0,1,1681,75.75610545772021,337.49471911181746,50.0,0.0,0.0,1.0
0,1,1682,75.61270386996588,337.0157243470971,50.0,0.0,0.0,1.0
0,1,1683,75.46930228221156,336.53672958237667,50.0,0.0,0.0,1.0
0,1,1684,75.32590069445723,336.0577348176563,50.0,0.0,0.0,1.0
0,1,1685,75.1824991067029,335.5787400529359,50.0,0.0,0.0,1.0
0,1,1686,75.03909751894857,335.0997452882155,50.0,0.0,0.0,1.0
0,1,1687,74.89569593119424,334.62075052349513,50.0,0.0,0.0,1.0
0,1,1688,74.75229434343991,334.14175575877476,50.0,0.0,0.0,1.0
0,1,1689,74.60889275568559,333.6627609940544,50.0,0.0,0.0,1.0
0,1,1690,74.46549116793126,333.18376622933397,50.0,0.0,0.0,1.0
0,1,1691,74.32208958017694,332.7047714646136,50.0,0.0,0.0,1.0
0,1,1692,74.17868799242261,332.22577669989323,50.0,0.0,0.0,1.0
0,1,1693,74.03528640466828,331.7467819351728,50.0,0.0,0.0,1.0
0,1,1694,73.89188481691396,331.26778717045244,50.0,0.0,0.0,1.0
0,1,1695,73.74848322915963,330.78879240573207,50.0,0.0,0.0,1.0
0,1,1696,73.60508164140529,330.30979764101164,50.0,0.0,0.0,1.0
0,1,1697,73.46168005365097,329.8308028762913,50.0,0.0,0.0,1.0
0,1,1698,73.31827846589664,329.3518081115709,50.0,0.0,0.0,1.0
0,1,1699,73.17487687814231,328.87281334685053,50.0,0.0,0.0,1.0
0,1,1700,73.03147529038799,328.3938185821301,50.0,0.0,0.0,1.0
0,1,1701,72.88807370263366,327.91482381740974,50.0,0.0,0.0,1.0
0,1,1702,72.74467211487934,327.43582905268937,50.0,0.0,0.0,1.0
0,1,1703,72.60127052712501,326.95683428796895,50.0,0.0,0.0,1.0
0,1,1704,72.45786893937068,326.4778395232486,50.0,0.0,0.0,1.0
0,1,1705,72.31446735161634,325.9988447585282,50.0,0.0,0.0,1.0
0,1,1706,72.17106576386202,325.5198499938078,50.0,0.0,0.0,1.0
0,1,1707,72.02766417610769,325.0408552290874,50.0,0.0,0.0,1.0
0,1,1708,71.88426258835337,324.56186046436704,50.0,0.0,0.0,1.0
0,1,1709,71.74086100059904,324.0828656996467,50.0,0.0,0.0,1.0
0,1,1710,71.59745941284471,323.60387093492625,50.0,0.0,0.0,1.0
0,1,1711,71.45405782509039,323.1248761702059,50.0,0.0,0.0,1.0
0,1,1712,71.31065623733606,322.6458814054855,50.0,0.0,0.0,1.0
0,1,1713,71.16725464958174,322.1668866407651,50.0,0.0,0.0,1.0
0,1,1714,71.02385306182741,321.6878918760447,50.0,0.0,0.0,1.0
0,1,1715,70.88045147407307,321.20889711132435,50.0,0.0,0.0,1.0
0,1,1716,70.73704988631874,320.7299023466039,50.0,0.0,0.0,1.0
0,1,1717,70.59364829856442,320.25090758188355,50.0,0.0,0.0,1.0
0,1,1718,70.45024671081009,319.7719128171632,50.0,0.0,0.0,1.0
0,1,1719,70.30684512305577,319.2929180524428,50.0,0.0,0.0,1.0
0,1,1720,70.16344353530144,318.8139232877224,50.0,0.0,0.0,1.0
0,1,1721,70.02004194754711,318.334928523002,50.0,0.0,0.0,1.0
0,1,1722,69.89126800026524,317.8519210664146,50.0,0.0,0.0,1.0
0,1,1723,69.7755909196121,317.36563691481035,50.0,0.0,0.0,1.0
0,1,1724,69.6858453657796,316.87375711692545,50.0,0.0,0.0,1.0
0,1,1725,69.59609981194708,316.38187731904054,50.0,0.0,0.0,1.0
0,1,1726,69.50635425811458,315.88999752115564,50.0,0.0,0.0,1.0
0,1,1727,69.41660870428207,315.39811772327073,50.0,0.0,0.0,1.0
0,1,1728,69.32686315044957,314.9062379253858,50.0,0.0,0.0,1.0
0,1,1729,69.23711759661705,314.4143581275009,50.0,0.0,0.0,1.0
0,1,1730,69.14927229667052,313.9221374447697,50.0,0.0,0.0,1.0
0,1,1731,69.06244808569706,313.4297335898002,50.0,0.0,0.0,1.0
0,1,1732,68.97562387472358,312.9373297348307,50.0,0.0,0.0,1.0
0,1,1733,68.88879966375012,312.44492587986116,50.0,0.0,0.0,1.0
0,1,1734,68.80197545277666,311.95252202489166,50.0,0.0,0.0,1.0
0,1,1735,68.7151512418032,311.46011816992217,50.0,0.0,0.0,1.0
0,1,1736,68.62832703082974,310.9677143149527,50.0,0.0,0.0,1.0
0,1,1737,68.54150281985628,310.4753104599831,50.0,0.0,0.0,1.0
0,1,1738,68.45467860888282,309.9829066050136,50.0,0.0,0.0,1.0
0,1,1739,68.36785439790935,309.49050275004413,50.0,0.0,0.0,1.0
0,1,1740,68.2810301869359,308.9980988950746,50.0,0.0,0.0,1.0
0,1,1741,68.19420597596243,308.5056950401051,50.0,0.0,0.0,1.0
0,1,1742,68.10738176498896,308.0132911851356,50.0,0.0,0.0,1.0
0,1,1743,68.0205575540155,307.5208873301661,50.0,0.0,0.0,1.0
0,1,1744,67.93373334304204,307.02848347519654,50.0,0.0,0.0,1.0
0,1,1745,67.84690913206857,306.53607962022704,50.0,0.0,0.0,1.0
0,1,1746,67.76008492109511,306.04367576525755,50.0,0.0,0.0,1.0
0,1,1747,67.67326071012165,305.55127191028805,50.0,0.0,0.0,1.0
0,1,1748,67.58643649914819,305.0588680553185,50.0,0.0,0.0,1.0
0,1,1749,67.49961228817473,304.566464200349,50.0,0.0,0.0,1.0
0,1,1750,67.41278807720127,304.0740603453795,50.0,0.0,0.0,1.0
0,1,1751,67.32596386622781,303.58165649040996,50.0,0.0,0.0,1.0
0,1,1752,67.23913965525433,303.08925263544046,50.0,0.0,0.0,1.0
0,1,1753,67.15231544428087,302.59684878047096,50.0,0.0,0.0,1.0
0,1,1754,67.06549123330741,302.10444492550147,50.0,0.0,0.0,1.0
0,1,1755,66.97866702233395,301.6120410705319,50.0,0.0,0.0,1.0
0,1,1756,66.89184281136049,301.1196372155624,50.0,0.0,0.0,1.0
0,1,1757,66.80501860038703,300.6272333605929,50.0,0.0,0.0,1.0
0,1,1758,66.71819438941357,300.1348295056234,50.0,0.0,0.0,1.0
0,1,1759,66.63137017844011,299.6424256506539,50.0,0.0,0.0,1.0
0,1,1760,66.54454596746665,299.1500217956844,50.0,0.0,0.0,1.0
0,1,1761,66.45772175649319,298.6576179407149,50.0,0.0,0.0,1.0
0,1,1762,66.37089754551971,298.16521408574533,50.0,0.0,0.0,1.0
0,1,1763,66.28407333454625,297.67281023077584,50.0,0.0,0.0,1.0
0,1,1764,66.19724912357279,297.18040637580634,50.0,0.0,0.0,1.0
0,1,1765,66.11042491259933,296.6880025208368,50.0,0.0,0.0,1.0
0,1,1766,66.02360070162587,296.1955986658673,50.0,0.0,0.0,1.0
0,1,1767,65.9367764906524,295.7031948108978,50.0,0.0,0.0,1.0
0,1,1768,65.84995227967894,295.2107909559283,50.0,0.0,0.0,1.0
0,1,1769,65.76312806870548,294.71838710095875,50.0,0.0,0.0,1.0
0,1,1770,65.67780902360272,294.22575820133045,50.0,0.0,0.0,1.0
0,1,1771,65.62692675764505,293.7285775532044,50.0,0.0,0.0,1.0
0,1,1772,65.5978544666312,293.2294234668791,50.0,0.0,0.0,1.0
0,1,1773,65.56878217561736,292.73026938055386,50.0,0.0,0.0,1.0
0,1,1774,65.53970988460351,292.2311152942286,50.0,0.0,0.0,1.0
0,1,1775,65.51063759358966,291.73196120790334,50.0,0.0,0.0,1.0
0,1,1776,65.48156530257582,291.23280712157805,50.0,0.0,0.0,1.0
0,1,1777,65.45249301156197,290.7336530352528,50.0,0.0,0.0,1.0
0,1,1778,65.42342071726685,290.23449894911863,50.0,0.0,0.0,1.0
0,1,1779,65.3943483661807,289.73534486629217,50.0,0.0,0.0,1.0
0,1,1780,65.36527601509455,289.2361907834657,50.0,0.0,0.0,1.0
0,1,1781,65.3362036640084,288.73703670063924,50.0,0.0,0.0,1.0
0,1,1782,65.30713131292225,288.23788261781283,50.0,0.0,0.0,1.0
0,1,1783,65.27805896183611,287.73872853498636,50.0,0.0,0.0,1.0
0,1,1784,65.24898661074995,287.2395744521599,50.0,0.0,0.0,1.0
0,1,1785,65.21991425966381,286.74042036933344,50.0,0.0,0.0,1.0
0,1,1786,65.19084190857765,286.24126628650697,50.0,0.0,0.0,1.0
0,1,1787,65.16176955749151,285.7421122036805,50.0,0.0,0.0,1.0
0,1,1788,65.13269720640535,285.24295812085404,50.0,0.0,0.0,1.0
0,1,1789,65.10362485531921,284.7438040380276,50.0,0.0,0.0,1.0
0,1,1790,65.07455250423305,284.2446499552011,50.0,0.0,0.0,1.0
0,1,1791,65.04548015314691,283.74549587237465,50.0,0.0,0.0,1.0
0,1,1792,65.01640780206077,283.24634178954824,50.0,0.0,0.0,1.0
0,1,1793,64.98733545097461,282.7471877067218,50.0,0.0,0.0,1.0
0,1,1794,64.95826309988847,282.2480336238953,50.0,0.0,0.0,1.0
0,1,1795,64.92919074880231,281.74887954106885,50.0,0.0,0.0,1.0
0,1,1796,64.90011839771617,281.2497254582424,50.0,0.0,0.0,1.0
0,1,1797,64.87104604663001,280.7505713754159,50.0,0.0,0.0,1.0
0,1,1798,64.84197369554387,280.25141729258945,50.0,0.0,0.0,1.0
0,1,1799,64.81290134445771,279.752263209763,50.0,0.0,0.0,1.0
0,1,1800,64.78382899337157,279.2531091269365,50.0,0.0,0.0,1.0
0,1,1801,64.75475664228541,278.75395504411006,50.0,0.0,0.0,1.0
0,1,1802,64.72568429119927,278.25480096128365,50.0,0.0,0.0,1.0
0,1,1803,64.69661194011313,277.7556468784572,50.0,0.0,0.0,1.0
0,1,1804,64.66753958902697,277.2564927956307,50.0,0.0,0.0,1.0
0,1,1805,64.63846723794083,276.75733871280426,50.0,0.0,0.0,1.0
0,1,1806,64.60939488685467,276.2581846299778,50.0,0.0,0.0,1.0
0,1,1807,64.58032253576853,275.7590305471513,50.0,0.0,0.0,1.0
0,1,1808,64.55125018468237,275.25987646432486,50.0,0.0,0.0,1.0
0,1,1809,64.52217783359623,274.7607223814984,50.0,0.0,0.0,1.0
0,1,1810,64.49310548251007,274.26156829867193,50.0,0.0,0.0,1.0
0,1,1811,64.46403313142393,273.76241421584547,50.0,0.0,0.0,1.0
0,1,1812,64.43496078033778,273.263260133019,50.0,0.0,0.0,1.0
0,1,1813,64.40588842925163,272.7641060501926,50.0,0.0,0.0,1.0
0,1,1814,64.37681607816549,272.26495196736613,50.0,0.0,0.0,1.0
0,1,1815,64.34774372707933,271.76579788453967,50.0,0.0,0.0,1.0
0,1,1816,64.31867137599319,271.2666438017132,50.0,0.0,0.0,1.0
0,1,1817,64.28959902490703,270.76748971888674,50.0,0.0,0.0,1.0
0,1,1818,64.26052667382089,270.26833563606027,50.0,0.0,0.0,1.0
0,1,1819,64.25834154409652,269.7691815528225,50.0,0.0,0.0,1.0
0,1,1820,64.28741387991307,269.2700274691067,50.0,0.0,0.0,1.0
0,1,1821,64.31648621572964,268.77087338539087,50.0,0.0,0.0,1.0
0,1,1822,64.34555855154619,268.2717193016751,50.0,0.0,0.0,1.0
0,1,1823,64.37463088736274,267.77256521795925,50.0,0.0,0.0,1.0
0,1,1824,64.4037032231793,267.2734111342435,50.0,0.0,0.0,1.0
0,1,1825,64.43277555899586,266.77425705052764,50.0,0.0,0.0,1.0
0,1,1826,64.46184790143643,266.2751029671977,50.0,0.0,0.0,1.0
0,1,1827,64.49092027033471,265.77594888540864,50.0,0.0,0.0,1.0
0,1,1828,64.519992639233,265.2767948036196,50.0,0.0,0.0,1.0
0,1,1829,64.5490650081313,264.7776407218306,50.0,0.0,0.0,1.0
0,1,1830,64.57813737702958,264.2784866400416,50.0,0.0,0.0,1.0
0,1,1831,64.60720974592786,263.7793325582526,50.0,0.0,0.0,1.0
0,1,1832,64.63628211482616,263.28017847646356,50.0,0.0,0.0,1.0
0,1,1833,64.66535448372444,262.78102439467455,50.0,0.0,0.0,1.0
0,1,1834,64.69442685262273,262.28187031288553,50.0,0.0,0.0,1.0
0,1,1835,64.72349922152102,261.78271623109646,50.0,0.0,0.0,1.0
0,1,1836,64.75257159041931,261.28356214930744,50.0,0.0,0.0,1.0
0,1,1837,64.78164395931759,260.7844080675184,50.0,0.0,0.0,1.0
0,1,1838,64.81071632821589,260.2852539857294,50.0,0.0,0.0,1.0
0,1,1839,64.83978869711417,259.7860999039404,50.0,0.0,0.0,1.0
0,1,1840,64.86886106601246,259.2869458221514,50.0,0.0,0.0,1.0
0,1,1841,64.89793343491075,258.78779174036237,50.0,0.0,0.0,1.0
0,1,1842,64.92700580380904,258.28863765857335,50.0,0.0,0.0,1.0
0,1,1843,64.95607817270732,257.7894835767843,50.0,0.0,0.0,1.0
0,1,1844,64.9851505416056,257.29032949499526,50.0,0.0,0.0,1.0
0,1,1845,65.0142229105039,256.79117541320625,50.0,0.0,0.0,1.0
0,1,1846,65.04329527940219,256.29202133141723,50.0,0.0,0.0,1.0
0,1,1847,65.07236764830047,255.79286724962822,50.0,0.0,0.0,1.0
0,1,1848,65.10144001719877,255.2937131678392,50.0,0.0,0.0,1.0
0,1,1849,65.13051238609705,254.79455908605019,50.0,0.0,0.0,1.0
0,1,1850,65.15958475499534,254.29540500426114,50.0,0.0,0.0,1.0
0,1,1851,65.18865712389363,253.79625092247213,50.0,0.0,0.0,1.0
0,1,1852,65.21772949279192,253.2970968406831,50.0,0.0,0.0,1.0
0,1,1853,65.2468018616902,252.7979427588941,50.0,0.0,0.0,1.0
0,1,1854,65.2758742305885,252.29878867710505,50.0,0.0,0.0,1.0
0,1,1855,65.30494659948678,251.79963459531604,50.0,0.0,0.0,1.0
0,1,1856,65.33401896838507,251.30048051352702,50.0,0.0,0.0,1.0
0,1,1857,65.36309133728336,250.801326431738,50.0,0.0,0.0,1.0
0,1,1858,65.39216370618165,250.302172349949,50.0,0.0,0.0,1.0
0,1,1859,65.42123607507993,249.80301826815995,50.0,0.0,0.0,1.0
0,1,1860,65.45030844397823,249.30386418637093,50.0,0.0,0.0,1.0
0,1,1861,65.47938081287651,248.80471010458191,50.0,0.0,0.0,1.0
0,1,1862,65.5084531817748,248.3055560227929,50.0,0.0,0.0,1.0
0,1,1863,65.5375255506731,247.80640194100386,50.0,0.0,0.0,1.0
0,1,1864,65.56659791957138,247.30724785921484,50.0,0.0,0.0,1.0
0,1,1865,65.59567028846966,246.80809377742582,50.0,0.0,0.0,1.0
0,1,1866,65.62474265736796,246.3089396956368,50.0,0.0,0.0,1.0
0,1,1867,65.67322662926098,245.81154204099892,50.0,0.0,0.0,1.0
0,1,1868,65.75913698609415,245.3190771817383,50.0,0.0,0.0,1.0
0,1,1869,65.84888253992666,244.8271973838534,50.0,0.0,0.0,1.0
0,1,1870,65.93862809375916,244.33531758596848,50.0,0.0,0.0,1.0
0,1,1871,66.02837364759168,243.84343778808358,50.0,0.0,0.0,1.0
0,1,1872,66.11811920142418,243.35155799019867,50.0,0.0,0.0,1.0
0,1,1873,66.2078647552567,242.85967819231377,50.0,0.0,0.0,1.0
0,1,1874,66.2966032442266,242.3676177379078,50.0,0.0,0.0,1.0
0,1,1875,66.38342750767643,241.8752138921913,50.0,0.0,0.0,1.0
0,1,1876,66.47025177112624,241.38281004647482,50.0,0.0,0.0,1.0
0,1,1877,66.55707603457606,240.89040620075832,50.0,0.0,0.0,1.0
0,1,1878,66.64390029802588,240.39800235504183,50.0,0.0,0.0,1.0
0,1,1879,66.7307245614757,239.90559850932533,50.0,0.0,0.0,1.0
0,1,1880,66.81754882492551,239.41319466360883,50.0,0.0,0.0,1.0
0,1,1881,66.90437308837534,238.9207908178923,50.0,0.0,0.0,1.0
0,1,1882,66.99119735182515,238.42838697217582,50.0,0.0,0.0,1.0
0,1,1883,67.07802161527496,237.93598312645932,50.0,0.0,0.0,1.0
0,1,1884,67.16484587872479,237.44357928074282,50.0,0.0,0.0,1.0
0,1,1885,67.2516701421746,236.95117543502633,50.0,0.0,0.0,1.0
0,1,1886,67.33849440562442,236.45877158930983,50.0,0.0,0.0,1.0
0,1,1887,67.42531866907423,235.96636774359334,50.0,0.0,0.0,1.0
0,1,1888,67.51214293252406,235.47396389787684,50.0,0.0,0.0,1.0
0,1,1889,67.59896719597387,234.98156005216035,50.0,0.0,0.0,1.0
0,1,1890,67.68579145942368,234.48915620644385,50.0,0.0,0.0,1.0
0,1,1891,67.77261572287351,233.99675236072736,50.0,0.0,0.0,1.0
0,1,1892,67.85943998632332,233.50434851501086,50.0,0.0,0.0,1.0
0,1,1893,67.94626424977314,233.01194466929434,50.0,0.0,0.0,1.0
0,1,1894,68.03308851322296,232.51954082357784,50.0,0.0,0.0,1.0
0,1,1895,68.11991277667278,232.02713697786135,50.0,0.0,0.0,1.0
0,1,1896,68.20673704012259,231.53473313214485,50.0,0.0,0.0,1.0
0,1,1897,68.29356130357242,231.04232928642836,50.0,0.0,0.0,1.0
0,1,1898,68.38038556702223,230.54992544071186,50.0,0.0,0.0,1.0
0,1,1899,68.46720983047204,230.05752159499536,50.0,0.0,0.0,1.0
0,1,1900,68.55403409392187,229.56511774927887,50.0,0.0,0.0,1.0
0,1,1901,68.64085835737168,229.07271390356237,50.0,0.0,0.0,1.0
0,1,1902,68.7276826208215,228.58031005784588,50.0,0.0,0.0,1.0
0,1,1903,68.81450688427132,228.08790621212938,50.0,0.0,0.0,1.0
0,1,1904,68.90133114772114,227.59550236641286,50.0,0.0,0.0,1.0
0,1,1905,68.98815541117095,227.10309852069636,50.0,0.0,0.0,1.0
0,1,1906,69.07497967462078,226.61069467497987,50.0,0.0,0.0,1.0
0,1,1907,69.16180393807059,226.11829082926337,50.0,0.0,0.0,1.0
0,1,1908,69.2486282015204,225.62588698354688,50.0,0.0,0.0,1.0
0,1,1909,69.33545246497022,225.13348313783038,50.0,0.0,0.0,1.0
0,1,1910,69.42227672842004,224.6410792921139,50.0,0.0,0.0,1.0
0,1,1911,69.50910099186986,224.1486754463974,50.0,0.0,0.0,1.0
0,1,1912,69.59592525531967,223.6562716006809,50.0,0.0,0.0,1.0
0,1,1913,69.6827495187695,223.1638677549644,50.0,0.0,0.0,1.0
0,1,1914,69.76957378221931,222.6714639092479,50.0,0.0,0.0,1.0
0,1,1915,69.88217470072348,222.18454226394326,50.0,0.0,0.0,1.0
0,1,1916,70.01080244537903,221.70154298874778,50.0,0.0,0.0,1.0
0,1,1917,70.15988064970624,221.22428447494778,50.0,0.0,0.0,1.0
0,1,1918,70.30895885403346,220.74702596114778,50.0,0.0,0.0,1.0
0,1,1919,70.45803705836069,220.26976744734782,50.0,0.0,0.0,1.0
0,1,1920,70.60711526268791,219.79250893354782,50.0,0.0,0.0,1.0
0,1,1921,70.75619346701512,219.31525041974783,50.0,0.0,0.0,1.0
0,1,1922,70.902499349976,218.83714396352514,50.0,0.0,0.0,1.0
0,1,1923,71.04590085341904,218.35814917356362,50.0,0.0,0.0,1.0
0,1,1924,71.18930235686209,217.8791543836021,50.0,0.0,0.0,1.0
0,1,1925,71.33270386030513,217.40015959364058,50.0,0.0,0.0,1.0
0,1,1926,71.47610536374818,216.9211648036791,50.0,0.0,0.0,1.0
0,1,1927,71.61950686719122,216.44217001371757,50.0,0.0,0.0,1.0
0,1,1928,71.76290837063426,215.96317522375605,50.0,0.0,0.0,1.0
0,1,1929,71.90630987407731,215.48418043379453,50.0,0.0,0.0,1.0
0,1,1930,72.04971137752035,215.00518564383302,50.0,0.0,0.0,1.0
0,1,1931,72.1931128809634,214.52619085387153,50.0,0.0,0.0,1.0
0,1,1932,72.33651438440644,214.04719606391,50.0,0.0,0.0,1.0
0,1,1933,72.47991588784949,213.5682012739485,50.0,0.0,0.0,1.0
0,1,1934,72.62331739129255,213.08920648398697,50.0,0.0,0.0,1.0
0,1,1935,72.76671889473559,212.61021169402545,50.0,0.0,0.0,1.0
0,1,1936,72.91012039817863,212.13121690406393,50.0,0.0,0.0,1.0
0,1,1937,73.05352190162168,211.65222211410244,50.0,0.0,0.0,1.0
0,1,1938,73.19692340506472,211.17322732414092,50.0,0.0,0.0,1.0
0,1,1939,73.34032490850777,210.6942325341794,50.0,0.0,0.0,1.0
0,1,1940,73.48372641195081,210.2152377442179,50.0,0.0,0.0,1.0
0,1,1941,73.62712791539386,209.73624295425637,50.0,0.0,0.0,1.0
0,1,1942,73.7705294188369,209.25724816429488,50.0,0.0,0.0,1.0
0,1,1943,73.91393092227995,208.77825337433336,50.0,0.0,0.0,1.0
0,1,1944,74.05733242572299,208.29925858437184,50.0,0.0,0.0,1.0
0,1,1945,74.20073392916603,207.82026379441032,50.0,0.0,0.0,1.0
0,1,1946,74.34413543260908,207.3412690044488,50.0,0.0,0.0,1.0
0,1,1947,74.48753693605212,206.86227421448731,50.0,0.0,0.0,1.0
0,1,1948,74.63093843949517,206.3832794245258,50.0,0.0,0.0,1.0
0,1,1949,74.77433994293823,205.90428463456428,50.0,0.0,0.0,1.0
0,1,1950,74.91774144638127,205.42528984460276,50.0,0.0,0.0,1.0
0,1,1951,75.06114294982432,204.94629505464124,50.0,0.0,0.0,1.0
0,1,1952,75.20454445326736,204.46730026467975,50.0,0.0,0.0,1.0
0,1,1953,75.3479459567104,203.98830547471823,50.0,0.0,0.0,1.0
0,1,1954,75.49134746015345,203.5093106847567,50.0,0.0,0.0,1.0
0,1,1955,75.6347489635965,203.0303158947952,50.0,0.0,0.0,1.0
0,1,1956,75.77815046703954,202.55132110483368,50.0,0.0,0.0,1.0
0,1,1957,75.92155197048258,202.07232631487216,50.0,0.0,0.0,1.0
0,1,1958,76.06495347392563,201.59333152491067,50.0,0.0,0.0,1.0
0,1,1959,76.20835497736867,201.11433673494915,50.0,0.0,0.0,1.0
0,1,1960,76.35175648081172,200.63534194498763,50.0,0.0,0.0,1.0
0,1,1961,76.49515798425476,200.1563471550261,50.0,0.0,0.0,1.0
0,1,1962,76.63855948769782,199.6773523650646,50.0,0.0,0.0,1.0
0,1,1963,76.81417739201522,199.20935228143406,50.0,0.0,0.0,1.0
0,1,1964,76.9935283652874,198.74262620718244,50.0,0.0,0.0,1.0
0,1,1965,77.19090883495852,198.28343727374576,50.0,0.0,0.0,1.0
0,1,1966,77.39709338529241,197.82792884220623,50.0,0.0,0.0,1.0
0,1,1967,77.60327793562628,197.37242041066668,50.0,0.0,0.0,1.0
0,1,1968,77.80946248596015,196.91691197912712,50.0,0.0,0.0,1.0
0,1,1969,78.01564703629403,196.4614035475876,50.0,0.0,0.0,1.0
0,1,1970,78.21668944676944,196.00362249285132,50.0,0.0,0.0,1.0
0,1,1971,78.41472934111626,195.54451444429728,50.0,0.0,0.0,1.0
0,1,1972,78.61276923546308,195.08540639574323,50.0,0.0,0.0,1.0
0,1,1973,78.81080912980988,194.6262983471892,50.0,0.0,0.0,1.0
0,1,1974,79.0088490241567,194.16719029863515,50.0,0.0,0.0,1.0
0,1,1975,79.20688891850352,193.7080822500811,50.0,0.0,0.0,1.0
0,1,1976,79.40492881285033,193.24897420152706,50.0,0.0,0.0,1.0
0,1,1977,79.60296870719715,192.78986615297302,50.0,0.0,0.0,1.0
0,1,1978,79.80100860154397,192.33075810441898,50.0,0.0,0.0,1.0
0,1,1979,79.99904849589079,191.87165005586493,50.0,0.0,0.0,1.0
0,1,1980,80.1970883902376,191.4125420073109,50.0,0.0,0.0,1.0
0,1,1981,80.39512828458442,190.95343395875685,50.0,0.0,0.0,1.0
0,1,1982,80.59316817893124,190.4943259102028,50.0,0.0,0.0,1.0
0,1,1983,80.79120807327804,190.03521786164873,50.0,0.0,0.0,1.0
0,1,1984,80.98924796762486,189.57610981309472,50.0,0.0,0.0,1.0
0,1,1985,81.18728786197168,189.11700176454065,50.0,0.0,0.0,1.0
0,1,1986,81.3853277563185,188.6578937159866,50.0,0.0,0.0,1.0
0,1,1987,81.58336765066531,188.19878566743256,50.0,0.0,0.0,1.0
0,1,1988,81.78140754501213,187.73967761887852,50.0,0.0,0.0,1.0
0,1,1989,81.97944743935895,187.28056957032447,50.0,0.0,0.0,1.0
0,1,1990,82.17748733370576,186.82146152177043,50.0,0.0,0.0,1.0
0,1,1991,82.37552722805258,186.3623534732164,50.0,0.0,0.0,1.0
0,1,1992,82.5735671223994,185.90324542466234,50.0,0.0,0.0,1.0
0,1,1993,82.77160701674622,185.4441373761083,50.0,0.0,0.0,1.0
0,1,1994,82.96964691109302,184.98502932755426,50.0,0.0,0.0,1.0
0,1,1995,83.16768680543984,184.52592127900022,50.0,0.0,0.0,1.0
0,1,1996,83.36572669978666,184.06681323044617,50.0,0.0,0.0,1.0
0,1,1997,83.56376659413348,183.60770518189213,50.0,0.0,0.0,1.0
0,1,1998,83.76180648848029,183.1485971333381,50.0,0.0,0.0,1.0
0,1,1999,83.95984638282711,182.68948908478404,50.0,0.0,0.0,1.0
0,1,2000,84.15788627717393,182.23038103623,50.0,0.0,0.0,1.0
0,1,2001,84.35592617152074,181.77127298767596,50.0,0.0,0.0,1.0
0,1,2002,84.55396606586756,181.3121649391219,50.0,0.0,0.0,1.0
0,1,2003,84.75200596021438,180.85305689056787,50.0,0.0,0.0,1.0
0,1,2004,84.95004585456118,180.39394884201383,50.0,0.0,0.0,1.0
0,1,2005,85.148085748908,179.93484079345978,50.0,0.0,0.0,1.0
0,1,2006,85.34612564325482,179.47573274490574,50.0,0.0,0.0,1.0
0,1,2007,85.54416553760164,179.0166246963517,50.0,0.0,0.0,1.0
0,1,2008,85.74220543194845,178.55751664779766,50.0,0.0,0.0,1.0
0,1,2009,85.94024532629527,178.0984085992436,50.0,0.0,0.0,1.0
0,1,2010,86.1397306415759,177.63999557284325,50.0,0.0,0.0,1.0
0,1,2011,86.37467649113417,177.19863353576335,50.0,0.0,0.0,1.0
0,1,2012,86.60962234069245,176.75727149868342,50.0,0.0,0.0,1.0
0,1,2013,86.84642798682096,176.31697000773127,50.0,0.0,0.0,1.0
0,1,2014,87.10663852507382,175.8900151204397,50.0,0.0,0.0,1.0
0,1,2015,87.3668490633267,175.46306023314816,50.0,0.0,0.0,1.0
0,1,2016,87.62705960157956,175.03610534585658,50.0,0.0,0.0,1.0
0,1,2017,87.88727013983244,174.609150458565,50.0,0.0,0.0,1.0
0,1,2018,88.13957773635425,174.1775068311774,50.0,0.0,0.0,1.0
0,1,2019,88.38957777050673,173.74449414900312,50.0,0.0,0.0,1.0
0,1,2020,88.63957780465923,173.31148146682884,50.0,0.0,0.0,1.0
0,1,2021,88.8895778388117,172.87846878465456,50.0,0.0,0.0,1.0
0,1,2022,89.1395778729642,172.4454561024803,50.0,0.0,0.0,1.0
0,1,2023,89.38957790711667,172.01244342030603,50.0,0.0,0.0,1.0
0,1,2024,89.63957794126917,171.57943073813175,50.0,0.0,0.0,1.0
0,1,2025,89.88957797542164,171.1464180559575,50.0,0.0,0.0,1.0
0,1,2026,90.13957800957414,170.71340537378322,50.0,0.0,0.0,1.0
0,1,2027,90.38957804372662,170.28039269160894,50.0,0.0,0.0,1.0
0,1,2028,90.63957807787911,169.84738000943466,50.0,0.0,0.0,1.0
0,1,2029,90.88957811203159,169.4143673272604,50.0,0.0,0.0,1.0
0,1,2030,91.13957814618408,168.98135464508613,50.0,0.0,0.0,1.0
0,1,2031,91.38957818033656,168.54834196291185,50.0,0.0,0.0,1.0
0,1,2032,91.63957821448903,168.1153292807376,50.0,0.0,0.0,1.0
0,1,2033,91.88957824864153,167.68231659856332,50.0,0.0,0.0,1.0
0,1,2034,92.139578282794,167.24930391638904,50.0,0.0,0.0,1.0
0,1,2035,92.3895783169465,166.8162912342148,50.0,0.0,0.0,1.0
0,1,2036,92.63957835109898,166.3832785520405,50.0,0.0,0.0,1.0
0,1,2037,92.88957838525147,165.95026586986623,50.0,0.0,0.0,1.0
0,1,2038,93.13957841940395,165.51725318769195,50.0,0.0,0.0,1.0
0,1,2039,93.38957845355644,165.0842405055177,50.0,0.0,0.0,1.0
0,1,2040,93.63957848770892,164.65122782334342,50.0,0.0,0.0,1.0
0,1,2041,93.88957852186141,164.21821514116914,50.0,0.0,0.0,1.0
0,1,2042,94.13957855601389,163.7852024589949,50.0,0.0,0.0,1.0
0,1,2043,94.38957859016638,163.3521897768206,50.0,0.0,0.0,1.0
0,1,2044,94.63957862431886,162.91917709464633,50.0,0.0,0.0,1.0
0,1,2045,94.88957865847135,162.48616441247208,50.0,0.0,0.0,1.0
0,1,2046,95.13957869262383,162.0531517302978,50.0,0.0,0.0,1.0
0,1,2047,95.38957872677632,161.62013904812352,50.0,0.0,0.0,1.0
0,1,2048,95.6395787609288,161.18712636594924,50.0,0.0,0.0,1.0
0,1,2049,95.88957879508129,160.754113683775,50.0,0.0,0.0,1.0
0,1,2050,96.13957882923377,160.3211010016007,50.0,0.0,0.0,1.0
0,1,2051,96.38957886338625,159.88808831942643,50.0,0.0,0.0,1.0
0,1,2052,96.63957889753874,159.45507563725215,50.0,0.0,0.0,1.0
0,1,2053,96.88957893169123,159.0220629550779,50.0,0.0,0.0,1.0
0,1,2054,97.13957896584371,158.58905027290362,50.0,0.0,0.0,1.0
0,1,2055,97.38957899999619,158.15603759072934,50.0,0.0,0.0,1.0
0,1,2056,97.63957903414868,157.7230249085551,50.0,0.0,0.0,1.0
0,1,2057,97.88957906830117,157.2900122263808,50.0,0.0,0.0,1.0
0,1,2058,98.14631214647333,156.86129177614745,50.0,0.0,0.0,1.0
0,1,2059,98.43334339558163,156.45188603359452,50.0,0.0,0.0,1.0
0,1,2060,98.72037464468994,156.04248029104156,50.0,0.0,0.0,1.0
0,1,2061,99.00740589379824,155.63307454848862,50.0,0.0,0.0,1.0
0,1,2062,99.2999233920209,155.22763294554377,50.0,0.0,0.0,1.0
0,1,2063,99.5985027288528,154.82657137967513,50.0,0.0,0.0,1.0
0,1,2064,99.8970820656847,154.42550981380646,50.0,0.0,0.0,1.0
0,1,2065,100.19566140251659,154.0244482479378,50.0,0.0,0.0,1.0
0,1,2066,100.49424073934848,153.62338668206914,50.0,0.0,0.0,1.0
0,1,2067,100.79282007618039,153.22232511620047,50.0,0.0,0.0,1.0
0,1,2068,101.09139941301228,152.82126355033182,50.0,0.0,0.0,1.0
0,1,2069,101.38997874984419,152.42020198446315,50.0,0.0,0.0,1.0
0,1,2070,101.68855808667608,152.01914041859447,50.0,0.0,0.0,1.0
0,1,2071,101.98713742350799,151.61807885272583,50.0,0.0,0.0,1.0
0,1,2072,102.28571676033988,151.21701728685716,50.0,0.0,0.0,1.0
0,1,2073,102.58429609717177,150.81595572098848,50.0,0.0,0.0,1.0
0,1,2074,102.88287543400368,150.41489415511984,50.0,0.0,0.0,1.0
0,1,2075,103.18145477083557,150.01383258925117,50.0,0.0,0.0,1.0
0,1,2076,103.48003410766748,149.61277102338252,50.0,0.0,0.0,1.0
0,1,2077,103.77861344449937,149.21170945751385,50.0,0.0,0.0,1.0
0,1,2078,104.07719278133126,148.81064789164517,50.0,0.0,0.0,1.0
0,1,2079,104.37577211816317,148.40958632577653,50.0,0.0,0.0,1.0
0,1,2080,104.67435145499506,148.00852475990786,50.0,0.0,0.0,1.0
0,1,2081,104.97293079182697,147.60746319403918,50.0,0.0,0.0,1.0
0,1,2082,105.27151012865886,147.20640162817054,50.0,0.0,0.0,1.0
0,1,2083,105.57008946549077,146.80534006230187,50.0,0.0,0.0,1.0
0,1,2084,105.86866880232266,146.4042784964332,50.0,0.0,0.0,1.0
0,1,2085,106.16724813915457,146.00321693056455,50.0,0.0,0.0,1.0
0,1,2086,106.46582747598646,145.60215536469588,50.0,0.0,0.0,1.0
0,1,2087,106.76440681281835,145.20109379882723,50.0,0.0,0.0,1.0
0,1,2088,107.06298614965026,144.80003223295856,50.0,0.0,0.0,1.0
0,1,2089,107.36156548648215,144.39897066708988,50.0,0.0,0.0,1.0
0,1,2090,107.66014482331406,143.99790910122124,50.0,0.0,0.0,1.0
0,1,2091,107.95872416014595,143.59684753535257,50.0,0.0,0.0,1.0
0,1,2092,108.25730349697784,143.1957859694839,50.0,0.0,0.0,1.0
0,1,2093,108.55588283380975,142.79472440361525,50.0,0.0,0.0,1.0
0,1,2094,108.85446217064164,142.39366283774658,50.0,0.0,0.0,1.0
0,1,2095,109.15304150747355,141.9926012718779,50.0,0.0,0.0,1.0
0,1,2096,109.45162084430544,141.59153970600926,50.0,0.0,0.0,1.0
0,1,2097,109.75020018113734,141.19047814014058,50.0,0.0,0.0,1.0
0,1,2098,110.04877951796924,140.7894165742719,50.0,0.0,0.0,1.0
0,1,2099,110.34735885480114,140.38835500840327,50.0,0.0,0.0,1.0
0,1,2100,110.64593819163304,139.9872934425346,50.0,0.0,0.0,1.0
0,1,2101,110.94451752846493,139.58623187666595,50.0,0.0,0.0,1.0
0,1,2102,111.24309686529683,139.18517031079728,50.0,0.0,0.0,1.0
0,1,2103,111.5520689789465,138.79208831125746,50.0,0.0,0.0,1.0
0,1,2104,111.86241974507483,138.40006484006784,50.0,0.0,0.0,1.0
0,1,2105,112.17277051120317,138.00804136887825,50.0,0.0,0.0,1.0
0,1,2106,112.49106121292999,137.62272863182005,50.0,0.0,0.0,1.0
0,1,2107,112.82589083306488,137.25139438147366,50.0,0.0,0.0,1.0
0,1,2108,113.16072045319977,136.88006013112724,50.0,0.0,0.0,1.0
0,1,2109,113.49555007333466,136.50872588078084,50.0,0.0,0.0,1.0
0,1,2110,113.83037969346955,136.13739163043442,50.0,0.0,0.0,1.0
0,1,2111,114.17247699877169,135.77276076707258,50.0,0.0,0.0,1.0
0,1,2112,114.51559784208673,135.40907396928802,50.0,0.0,0.0,1.0
0,1,2113,114.85871868540177,135.04538717150348,50.0,0.0,0.0,1.0
0,1,2114,115.2018395287168,134.68170037371894,50.0,0.0,0.0,1.0
0,1,2115,115.54496037203185,134.3180135759344,50.0,0.0,0.0,1.0
0,1,2116,115.88808121534689,133.95432677814986,50.0,0.0,0.0,1.0
0,1,2117,116.23120205866192,133.5906399803653,50.0,0.0,0.0,1.0
0,1,2118,116.57432290197696,133.22695318258076,50.0,0.0,0.0,1.0
0,1,2119,116.917443745292,132.86326638479622,50.0,0.0,0.0,1.0
0,1,2120,117.26056458860704,132.49957958701168,50.0,0.0,0.0,1.0
0,1,2121,117.60368543192207,132.1358927892271,50.0,0.0,0.0,1.0
0,1,2122,117.94680627523712,131.77220599144258,50.0,0.0,0.0,1.0
0,1,2123,118.28992711855216,131.40851919365804,50.0,0.0,0.0,1.0
0,1,2124,118.63304796186719,131.0448323958735,50.0,0.0,0.0,1.0
0,1,2125,118.97616880518223,130.68114559808893,50.0,0.0,0.0,1.0
0,1,2126,119.31928964849727,130.3174588003044,50.0,0.0,0.0,1.0
0,1,2127,119.66241049181231,129.95377200251986,50.0,0.0,0.0,1.0
0,1,2128,120.00553133512734,129.59008520473532,50.0,0.0,0.0,1.0
0,1,2129,120.34865217844239,129.22639840695075,50.0,0.0,0.0,1.0
0,1,2130,120.69177302175743,128.8627116091662,50.0,0.0,0.0,1.0
0,1,2131,121.03489386507246,128.49902481138167,50.0,0.0,0.0,1.0
0,1,2132,121.37801470838751,128.13533801359713,50.0,0.0,0.0,1.0
0,1,2133,121.72113555170255,127.77165121581258,50.0,0.0,0.0,1.0
0,1,2134,122.06425639501758,127.40796441802803,50.0,0.0,0.0,1.0
0,1,2135,122.40737723833261,127.04427762024349,50.0,0.0,0.0,1.0
0,1,2136,122.75049808164766,126.68059082245895,50.0,0.0,0.0,1.0
0,1,2137,123.0936189249627,126.3169040246744,50.0,0.0,0.0,1.0
0,1,2138,123.43673976827773,125.95321722688986,50.0,0.0,0.0,1.0
0,1,2139,123.77986061159278,125.58953042910531,50.0,0.0,0.0,1.0
0,1,2140,124.12298145490782,125.22584363132077,50.0,0.0,0.0,1.0
0,1,2141,124.46610229822285,124.86215683353622,50.0,0.0,0.0,1.0
0,1,2142,124.8092231415379,124.49847003575168,50.0,0.0,0.0,1.0
0,1,2143,125.15234398485293,124.13478323796713,50.0,0.0,0.0,1.0
0,1,2144,125.49546482816797,123.77109644018259,50.0,0.0,0.0,1.0
0,1,2145,125.838585671483,123.40740964239804,50.0,0.0,0.0,1.0
0,1,2146,126.18170651479805,123.0437228446135,50.0,0.0,0.0,1.0
0,1,2147,126.52482735811309,122.68003604682895,50.0,0.0,0.0,1.0
0,1,2148,126.86794820142812,122.3163492490444,50.0,0.0,0.0,1.0
0,1,2149,127.21106904474317,121.95266245125987,50.0,0.0,0.0,1.0
0,1,2150,127.5541898880582,121.58897565347532,50.0,0.0,0.0,1.0
0,1,2151,127.90093180146626,121.22882914903536,50.0,0.0,0.0,1.0
0,1,2152,128.25678657627486,120.87759222152644,50.0,0.0,0.0,1.0
0,1,2153,128.6126413510835,120.52635529401753,50.0,0.0,0.0,1.0
0,1,2154,128.97866517374598,120.18610412665203,50.0,0.0,0.0,1.0
0,1,2155,129.35629234690103,119.85838821599933,50.0,0.0,0.0,1.0
0,1,2156,129.73391952005608,119.53067230534663,50.0,0.0,0.0,1.0
0,1,2157,130.11154669321112,119.20295639469393,50.0,0.0,0.0,1.0
0,1,2158,130.48917386636617,118.87524048404123,50.0,0.0,0.0,1.0
0,1,2159,130.86830266914413,118.5492842344647,50.0,0.0,0.0,1.0
0,1,2160,131.25132473418532,118.22789024309026,50.0,0.0,0.0,1.0
0,1,2161,131.6343467992265,117.90649625171584,50.0,0.0,0.0,1.0
0,1,2162,132.0173688642677,117.58510226034142,50.0,0.0,0.0,1.0
0,1,2163,132.40039092930888,117.26370826896698,50.0,0.0,0.0,1.0
0,1,2164,132.78341299435007,116.94231427759256,50.0,0.0,0.0,1.0
0,1,2165,133.16643505939126,116.62092028621814,50.0,0.0,0.0,1.0
0,1,2166,133.54945712443245,116.2995262948437,50.0,0.0,0.0,1.0
0,1,2167,133.93247918947364,115.97813230346928,50.0,0.0,0.0,1.0
0,1,2168,134.3155012545148,115.65673831209486,50.0,0.0,0.0,1.0
0,1,2169,134.698523319556,115.33534432072042,50.0,0.0,0.0,1.0
0,1,2170,135.08154538459718,115.013950329346,50.0,0.0,0.0,1.0
0,1,2171,135.46456744963837,114.69255633797158,50.0,0.0,0.0,1.0
0,1,2172,135.84758951467956,114.37116234659715,50.0,0.0,0.0,1.0
0,1,2173,136.23061157972074,114.04976835522272,50.0,0.0,0.0,1.0
0,1,2174,136.61363364476193,113.7283743638483,50.0,0.0,0.0,1.0
0,1,2175,136.99665570980312,113.40698037247387,50.0,0.0,0.0,1.0
0,1,2176,137.3796777748443,113.08558638109945,50.0,0.0,0.0,1.0
0,1,2177,137.7626998398855,112.76419238972503,50.0,0.0,0.0,1.0
0,1,2178,138.1457219049267,112.44279839835059,50.0,0.0,0.0,1.0
0,1,2179,138.52874396996788,112.12140440697617,50.0,0.0,0.0,1.0
0,1,2180,138.91176603500907,111.80001041560175,50.0,0.0,0.0,1.0
0,1,2181,139.29478810005025,111.47861642422731,50.0,0.0,0.0,1.0
0,1,2182,139.67781016509144,111.15722243285289,50.0,0.0,0.0,1.0
0,1,2183,140.06083223013263,110.83582844147845,50.0,0.0,0.0,1.0
0,1,2184,140.4438542951738,110.51443445010403,50.0,0.0,0.0,1.0
0,1,2185,140.82687636021498,110.19304045872961,50.0,0.0,0.0,1.0
0,1,2186,141.20989842525617,109.87164646735518,50.0,0.0,0.0,1.0
0,1,2187,141.59292049029736,109.55025247598076,50.0,0.0,0.0,1.0
0,1,2188,141.97594255533855,109.22885848460633,50.0,0.0,0.0,1.0
0,1,2189,142.35896462037974,108.9074644932319,50.0,0.0,0.0,1.0
0,1,2190,142.74198668542093,108.58607050185748,50.0,0.0,0.0,1.0
0,1,2191,143.12500875046211,108.26467651048306,50.0,0.0,0.0,1.0
0,1,2192,143.5080308155033,107.94328251910862,50.0,0.0,0.0,1.0
0,1,2193,143.8910528805445,107.6218885277342,50.0,0.0,0.0,1.0
0,1,2194,144.27407494558568,107.30049453635976,50.0,0.0,0.0,1.0
0,1,2195,144.65709701062687,106.97910054498534,50.0,0.0,0.0,1.0
0,1,2196,145.04011907566806,106.65770655361092,50.0,0.0,0.0,1.0
0,1,2197,145.42314114070925,106.33631256223649,50.0,0.0,0.0,1.0
0,1,2198,145.8061632057504,106.01491857086206,50.0,0.0,0.0,1.0
0,1,2199,146.1891852707916,105.69352457948764,50.0,0.0,0.0,1.0
0,1,2200,146.58114226888532,105.383239622223,50.0,0.0,0.0,1.0
0,1,2201,146.97718581025097,105.07803557024704,50.0,0.0,0.0,1.0
0,1,2202,147.38466457927873,104.78869718322173,50.0,0.0,0.0,1.0
0,1,2203,147.79944876854114,104.50949461099518,50.0,0.0,0.0,1.0
0,1,2204,148.21423295780355,104.23029203876862,50.0,0.0,0.0,1.0
0,1,2205,148.62901714706595,103.95108946654207,50.0,0.0,0.0,1.0
0,1,2206,149.04380133632839,103.67188689431552,50.0,0.0,0.0,1.0
0,1,2207,149.4585855255908,103.39268432208897,50.0,0.0,0.0,1.0
0,1,2208,149.87538458775364,103.11650985264285,50.0,0.0,0.0,1.0
0,1,2209,150.29312858714655,102.84175550605079,50.0,0.0,0.0,1.0
0,1,2210,150.71087258653944,102.56700115945873,50.0,0.0,0.0,1.0
0,1,2211,151.12861658593232,102.29224681286665,50.0,0.0,0.0,1.0
0,1,2212,151.54636058532523,102.01749246627459,50.0,0.0,0.0,1.0
0,1,2213,151.96410458471811,101.74273811968253,50.0,0.0,0.0,1.0
0,1,2214,152.381848584111,101.46798377309047,50.0,0.0,0.0,1.0
0,1,2215,152.79959258350388,101.1932294264984,50.0,0.0,0.0,1.0
0,1,2216,153.2173365828968,100.91847507990634,50.0,0.0,0.0,1.0
0,1,2217,153.63508058228967,100.64372073331428,50.0,0.0,0.0,1.0
0,1,2218,154.05282458168256,100.3689663867222,50.0,0.0,0.0,1.0
0,1,2219,154.47056858107547,100.09421204013015,50.0,0.0,0.0,1.0
0,1,2220,154.88831258046835,99.81945769353808,50.0,0.0,0.0,1.0
0,1,2221,155.30605657986123,99.54470334694602,50.0,0.0,0.0,1.0
0,1,2222,155.72380057925415,99.26994900035396,50.0,0.0,0.0,1.0
0,1,2223,156.14154457864703,98.9951946537619,50.0,0.0,0.0,1.0
0,1,2224,156.5592885780399,98.72044030716984,50.0,0.0,0.0,1.0
0,1,2225,156.97703257743282,98.44568596057778,50.0,0.0,0.0,1.0
0,1,2226,157.3947765768257,98.1709316139857,50.0,0.0,0.0,1.0
0,1,2227,157.8125205762186,97.89617726739364,50.0,0.0,0.0,1.0
0,1,2228,158.2302645756115,97.62142292080158,50.0,0.0,0.0,1.0
0,1,2229,158.64800857500438,97.34666857420952,50.0,0.0,0.0,1.0
0,1,2230,159.06575257439727,97.07191422761746,50.0,0.0,0.0,1.0
0,1,2231,159.48349657379015,96.7971598810254,50.0,0.0,0.0,1.0
0,1,2232,159.90124057318306,96.52240553443333,50.0,0.0,0.0,1.0
0,1,2233,160.31898457257594,96.24765118784127,50.0,0.0,0.0,1.0
0,1,2234,160.73672857196883,95.9728968412492,50.0,0.0,0.0,1.0
0,1,2235,161.15447257136174,95.69814249465713,50.0,0.0,0.0,1.0
0,1,2236,161.57221657075462,95.42338814806507,50.0,0.0,0.0,1.0
0,1,2237,161.9899605701475,95.14863380147301,50.0,0.0,0.0,1.0
0,1,2238,162.4077045695404,94.87387945488095,50.0,0.0,0.0,1.0
0,1,2239,162.8254485689333,94.59912510828889,50.0,0.0,0.0,1.0
0,1,2240,163.24319256832618,94.32437076169683,50.0,0.0,0.0,1.0
0,1,2241,163.6609365677191,94.04961641510477,50.0,0.0,0.0,1.0
0,1,2242,164.07868056711197,93.7748620685127,50.0,0.0,0.0,1.0
0,1,2243,164.49642456650486,93.50010772192063,50.0,0.0,0.0,1.0
0,1,2244,164.91416856589774,93.22535337532857,50.0,0.0,0.0,1.0
0,1,2245,165.33191256529065,92.9505990287365,50.0,0.0,0.0,1.0
0,1,2246,165.74965656468353,92.67584468214444,50.0,0.0,0.0,1.0
0,1,2247,166.16740056407644,92.40109033555238,50.0,0.0,0.0,1.0
0,1,2248,166.5862577705741,92.128119376935,50.0,0.0,0.0,1.0
0,1,2249,167.01657430499685,91.87350657246049,50.0,0.0,0.0,1.0
0,1,2250,167.45852339309417,91.64007473186048,50.0,0.0,0.0,1.0
0,1,2251,167.90426891235612,91.41355556698059,50.0,0.0,0.0,1.0
0,1,2252,168.35001443161806,91.18703640210069,50.0,0.0,0.0,1.0
0,1,2253,168.79575995088004,90.9605172372208,50.0,0.0,0.0,1.0
0,1,2254,169.241505470142,90.7339980723409,50.0,0.0,0.0,1.0
0,1,2255,169.68725098940396,90.507478907461,50.0,0.0,0.0,1.0
0,1,2256,170.13308644513924,90.281137765466,50.0,0.0,0.0,1.0
0,1,2257,170.57990275065183,90.05673814619695,50.0,0.0,0.0,1.0
0,1,2258,171.0267190561644,89.8323385269279,50.0,0.0,0.0,1.0
0,1,2259,171.47353536167697,89.60793890765885,50.0,0.0,0.0,1.0
0,1,2260,171.92035166718955,89.38353928838978,50.0,0.0,0.0,1.0
0,1,2261,172.3671679727021,89.15913966912073,50.0,0.0,0.0,1.0
0,1,2262,172.8139842782147,88.93474004985168,50.0,0.0,0.0,1.0
0,1,2263,173.26080058372725,88.71034043058262,50.0,0.0,0.0,1.0
0,1,2264,173.70761688923983,88.48594081131357,50.0,0.0,0.0,1.0
0,1,2265,174.1544331947524,88.26154119204452,50.0,0.0,0.0,1.0
0,1,2266,174.60124950026497,88.03714157277545,50.0,0.0,0.0,1.0
0,1,2267,175.04806580577753,87.8127419535064,50.0,0.0,0.0,1.0
0,1,2268,175.4948821112901,87.58834233423735,50.0,0.0,0.0,1.0
0,1,2269,175.9416984168027,87.36394271496829,50.0,0.0,0.0,1.0
0,1,2270,176.38851472231525,87.13954309569924,50.0,0.0,0.0,1.0
0,1,2271,176.83533102782783,86.91514347643019,50.0,0.0,0.0,1.0
0,1,2272,177.2821473333404,86.69074385716114,50.0,0.0,0.0,1.0
0,1,2273,177.72896363885297,86.46634423789207,50.0,0.0,0.0,1.0
0,1,2274,178.17577994436553,86.24194461862302,50.0,0.0,0.0,1.0
0,1,2275,178.62259624987811,86.01754499935397,50.0,0.0,0.0,1.0
0,1,2276,179.06941255539067,85.79314538008491,50.0,0.0,0.0,1.0
0,1,2277,179.51622886090325,85.56874576081586,50.0,0.0,0.0,1.0
0,1,2278,179.9630451664158,85.34434614154681,50.0,0.0,0.0,1.0
0,1,2279,180.4098614719284,85.11994652227774,50.0,0.0,0.0,1.0
0,1,2280,180.85667777744095,84.8955469030087,50.0,0.0,0.0,1.0
0,1,2281,181.30349408295353,84.67114728373964,50.0,0.0,0.0,1.0
0,1,2282,181.75031038846612,84.44674766447059,50.0,0.0,0.0,1.0
0,1,2283,182.19712669397867,84.22234804520153,50.0,0.0,0.0,1.0
0,1,2284,182.64394299949126,83.99794842593248,50.0,0.0,0.0,1.0
0,1,2285,183.09075930500381,83.77354880666343,50.0,0.0,0.0,1.0
0,1,2286,183.5375756105164,83.54914918739436,50.0,0.0,0.0,1.0
0,1,2287,183.98439191602895,83.32474956812531,50.0,0.0,0.0,1.0
0,1,2288,184.43120822154154,83.10034994885626,50.0,0.0,0.0,1.0
0,1,2289,184.8780245270541,82.8759503295872,50.0,0.0,0.0,1.0
0,1,2290,185.32484083256668,82.65155071031815,50.0,0.0,0.0,1.0
0,1,2291,185.77165713807923,82.4271510910491,50.0,0.0,0.0,1.0
0,1,2292,186.21847344359182,82.20275147178003,50.0,0.0,0.0,1.0
0,1,2293,186.66528974910437,81.97835185251098,50.0,0.0,0.0,1.0
0,1,2294,187.11210605461696,81.75395223324193,50.0,0.0,0.0,1.0
0,1,2295,187.55892236012954,81.52955261397287,50.0,0.0,0.0,1.0
0,1,2296,188.0057386656421,81.30515299470382,50.0,0.0,0.0,1.0
0,1,2297,188.45813508203102,81.09264618109215,50.0,0.0,0.0,1.0
0,1,2298,188.92679698081122,80.91867526584807,50.0,0.0,0.0,1.0
0,1,2299,189.39664328244126,80.7476651701093,50.0,0.0,0.0,1.0
0,1,2300,189.86648958407127,80.57665507437054,50.0,0.0,0.0,1.0
0,1,2301,190.33633588570132,80.40564497863178,50.0,0.0,0.0,1.0
0,1,2302,190.80618218733136,80.23463488289302,50.0,0.0,0.0,1.0
0,1,2303,191.27602848896137,80.06362478715427,50.0,0.0,0.0,1.0
0,1,2304,191.74587479059142,79.8926146914155,50.0,0.0,0.0,1.0
0,1,2305,192.21572109908666,79.72160461453905,50.0,0.0,0.0,1.0
0,1,2306,192.68556741150377,79.55059454843752,50.0,0.0,0.0,1.0
0,1,2307,193.15541372392087,79.379584482336,50.0,0.0,0.0,1.0
0,1,2308,193.62526003633798,79.20857441623448,50.0,0.0,0.0,1.0
0,1,2309,194.09510634875508,79.03756435013295,50.0,0.0,0.0,1.0
0,1,2310,194.5649526611722,78.86655428403144,50.0,0.0,0.0,1.0
0,1,2311,195.03479897358932,78.6955442179299,50.0,0.0,0.0,1.0
0,1,2312,195.50464528600642,78.52453415182839,50.0,0.0,0.0,1.0
0,1,2313,195.97449159842353,78.35352408572687,50.0,0.0,0.0,1.0
0,1,2314,196.44433791084063,78.18251401962534,50.0,0.0,0.0,1.0
0,1,2315,196.91418422325773,78.01150395352383,50.0,0.0,0.0,1.0
0,1,2316,197.38403053567484,77.84049388742231,50.0,0.0,0.0,1.0
0,1,2317,197.85387684809194,77.66948382132078,50.0,0.0,0.0,1.0
0,1,2318,198.32372316050905,77.49847375521927,50.0,0.0,0.0,1.0
0,1,2319,198.79356947292615,77.32746368911774,50.0,0.0,0.0,1.0
0,1,2320,199.26341578534326,77.15645362301622,50.0,0.0,0.0,1.0
0,1,2321,199.73326209776036,76.9854435569147,50.0,0.0,0.0,1.0
0,1,2322,200.2031084101775,76.81443349081317,50.0,0.0,0.0,1.0
0,1,2323,200.6729547225946,76.64342342471166,50.0,0.0,0.0,1.0
0,1,2324,201.1428010350117,76.47241335861014,50.0,0.0,0.0,1.0
0,1,2325,201.6126473474288,76.30140329250861,50.0,0.0,0.0,1.0
0,1,2326,202.0824936598459,76.1303932264071,50.0,0.0,0.0,1.0
0,1,2327,202.552339972263,75.95938316030558,50.0,0.0,0.0,1.0
0,1,2328,203.02218628468012,75.78837309420405,50.0,0.0,0.0,1.0
0,1,2329,203.49203259709722,75.61736302810253,50.0,0.0,0.0,1.0
0,1,2330,203.96187890951433,75.446352962001,50.0,0.0,0.0,1.0
0,1,2331,204.43172522193143,75.27534289589948,50.0,0.0,0.0,1.0
0,1,2332,204.90157153434853,75.10433282979797,50.0,0.0,0.0,1.0
0,1,2333,205.37141784676567,74.93332276369644,50.0,0.0,0.0,1.0
0,1,2334,205.84126415918274,74.76231269759492,50.0,0.0,0.0,1.0
0,1,2335,206.31111047159987,74.59130263149339,50.0,0.0,0.0,1.0
0,1,2336,206.78095678401698,74.42029256539188,50.0,0.0,0.0,1.0
0,1,2337,207.25080309643408,74.24928249929036,50.0,0.0,0.0,1.0
0,1,2338,207.7206494088512,74.07827243318883,50.0,0.0,0.0,1.0
0,1,2339,208.1904957212683,73.90726236708731,50.0,0.0,0.0,1.0
0,1,2340,208.6603420336854,73.7362523009858,50.0,0.0,0.0,1.0
0,1,2341,209.1301883461025,73.56524223488427,50.0,0.0,0.0,1.0
0,1,2342,209.6000346585196,73.39423216878275,50.0,0.0,0.0,1.0
0,1,2343,210.0698809709367,73.22322210268123,50.0,0.0,0.0,1.0
0,1,2344,210.5397272833538,73.0522120365797,50.0,0.0,0.0,1.0
0,1,2345,211.00998597925815,72.88244896779973,50.0,0.0,0.0,1.0
0,1,2346,211.4958653568153,72.76479527030094,50.0,0.0,0.0,1.0
0,1,2347,211.98252438134804,72.65006517903954,50.0,0.0,0.0,1.0
0,1,2348,212.46918340588078,72.53533508777815,50.0,0.0,0.0,1.0
0,1,2349,212.95584243041353,72.42060499651677,50.0,0.0,0.0,1.0
0,1,2350,213.44250145494627,72.30587490525538,50.0,0.0,0.0,1.0
0,1,2351,213.92916047947898,72.19114481399399,50.0,0.0,0.0,1.0
0,1,2352,214.41581950401172,72.07641472273261,50.0,0.0,0.0,1.0
0,1,2353,214.9023717759112,71.96123301148725,50.0,0.0,0.0,1.0
0,1,2354,215.38889425415772,71.84592525736429,50.0,0.0,0.0,1.0
0,1,2355,215.8754167324042,71.7306175032413,50.0,0.0,0.0,1.0
0,1,2356,216.36193921065072,71.61530974911834,50.0,0.0,0.0,1.0
0,1,2357,216.8484616888972,71.50000199499536,50.0,0.0,0.0,1.0
0,1,2358,217.33498416714372,71.38469424087239,50.0,0.0,0.0,1.0
0,1,2359,217.8215066453902,71.26938648674941,50.0,0.0,0.0,1.0
0,1,2360,218.30802912363671,71.15407873262645,50.0,0.0,0.0,1.0
0,1,2361,218.7945516018832,71.03877097850346,50.0,0.0,0.0,1.0
0,1,2362,219.2810740801297,70.9234632243805,50.0,0.0,0.0,1.0
0,1,2363,219.7675965583762,70.80815547025752,50.0,0.0,0.0,1.0
0,1,2364,220.2541190366227,70.69284771613454,50.0,0.0,0.0,1.0
0,1,2365,220.7406415148692,70.57753996201157,50.0,0.0,0.0,1.0
0,1,2366,221.2271639931157,70.46223220788859,50.0,0.0,0.0,1.0
0,1,2367,221.7136864713622,70.34692445376562,50.0,0.0,0.0,1.0
0,1,2368,222.2002089496087,70.23161669964264,50.0,0.0,0.0,1.0
0,1,2369,222.6867314278552,70.11630894551968,50.0,0.0,0.0,1.0
0,1,2370,223.1732539061017,70.0010011913967,50.0,0.0,0.0,1.0
0,1,2371,223.6597763843482,69.88569343727373,50.0,0.0,0.0,1.0
0,1,2372,224.1462988625947,69.77038568315075,50.0,0.0,0.0,1.0
0,1,2373,224.6328213408412,69.65507792902778,50.0,0.0,0.0,1.0
0,1,2374,225.1193438190877,69.5397701749048,50.0,0.0,0.0,1.0
0,1,2375,225.60586629733422,69.42446242078184,50.0,0.0,0.0,1.0
0,1,2376,226.0923887755807,69.30915466665886,50.0,0.0,0.0,1.0
0,1,2377,226.57891125382721,69.19384691253589,50.0,0.0,0.0,1.0
0,1,2378,227.0654337320737,69.07853915841291,50.0,0.0,0.0,1.0
0,1,2379,227.5519562103202,68.96323140428994,50.0,0.0,0.0,1.0
0,1,2380,228.0384786885667,68.84792365016696,50.0,0.0,0.0,1.0
0,1,2381,228.5250011668132,68.732615896044,50.0,0.0,0.0,1.0
0,1,2382,229.0115236450597,68.61730814192101,50.0,0.0,0.0,1.0
0,1,2383,229.4980461233062,68.50200038779805,50.0,0.0,0.0,1.0
0,1,2384,229.9845686015527,68.38669263367507,50.0,0.0,0.0,1.0
0,1,2385,230.4710910797992,68.2713848795521,50.0,0.0,0.0,1.0
0,1,2386,230.9576135580457,68.15607712542912,50.0,0.0,0.0,1.0
0,1,2387,231.4441360362922,68.04076937130615,50.0,0.0,0.0,1.0
0,1,2388,231.9306585145387,67.92546161718317,50.0,0.0,0.0,1.0
0,1,2389,232.4171809927852,67.81015386306021,50.0,0.0,0.0,1.0
0,1,2390,232.9037034710317,67.69484610893723,50.0,0.0,0.0,1.0
0,1,2391,233.3902259492782,67.57953835481426,50.0,0.0,0.0,1.0
0,1,2392,233.8767484275247,67.46423060069128,50.0,0.0,0.0,1.0
0,1,2393,234.3645010798738,67.35498960328711,50.0,0.0,0.0,1.0
0,1,2394,234.8587135014139,67.28031386513307,50.0,0.0,0.0,1.0
0,1,2395,235.35573359933056,67.22580678057605,50.0,0.0,0.0,1.0
0,1,2396,235.85275369724724,67.17129969601902,50.0,0.0,0.0,1.0
0,1,2397,236.3497737951639,67.11679261146199,50.0,0.0,0.0,1.0
0,1,2398,236.84679389308056,67.06228552690497,50.0,0.0,0.0,1.0
0,1,2399,237.34381399099723,67.00777844234794,50.0,0.0,0.0,1.0
0,1,2400,237.8408340889139,66.95327135779091,50.0,0.0,0.0,1.0
0,1,2401,238.33748286241072,66.89548617365264,50.0,0.0,0.0,1.0
0,1,2402,238.8341020127627,66.83743947259491,50.0,0.0,0.0,1.0
0,1,2403,239.33072116311467,66.77939277153716,50.0,0.0,0.0,1.0
0,1,2404,239.82734031346664,66.72134607047943,50.0,0.0,0.0,1.0
0,1,2405,240.32395946381862,66.6632993694217,50.0,0.0,0.0,1.0
0,1,2406,240.82057861417059,66.60525266836395,50.0,0.0,0.0,1.0
0,1,2407,241.31719776452255,66.54720596730621,50.0,0.0,0.0,1.0
0,1,2408,241.81381691487454,66.48915926624848,50.0,0.0,0.0,1.0
0,1,2409,242.3104360652265,66.43111256519073,50.0,0.0,0.0,1.0
0,1,2410,242.80705521557846,66.373065864133,50.0,0.0,0.0,1.0
0,1,2411,243.30367436593045,66.31501916307526,50.0,0.0,0.0,1.0
0,1,2412,243.8002935162824,66.25697246201752,50.0,0.0,0.0,1.0
0,1,2413,244.2969126666344,66.19892576095978,50.0,0.0,0.0,1.0
0,1,2414,244.79353181698636,66.14087905990203,50.0,0.0,0.0,1.0
0,1,2415,245.29015096733832,66.0828323588443,50.0,0.0,0.0,1.0
0,1,2416,245.7867701176903,66.02478565778657,50.0,0.0,0.0,1.0
0,1,2417,246.28338926804227,65.96673895672882,50.0,0.0,0.0,1.0
0,1,2418,246.78000841839423,65.90869225567108,50.0,0.0,0.0,1.0
0,1,2419,247.27662756874622,65.85064555461335,50.0,0.0,0.0,1.0
0,1,2420,247.77324671909818,65.7925988535556,50.0,0.0,0.0,1.0
0,1,2421,248.26986586945014,65.73455215249787,50.0,0.0,0.0,1.0
0,1,2422,248.76648501980213,65.67650545144014,50.0,0.0,0.0,1.0
0,1,2423,249.2631041701541,65.61845875038239,50.0,0.0,0.0,1.0
0,1,2424,249.75972332050605,65.56041204932465,50.0,0.0,0.0,1.0
0,1,2425,250.25634247085804,65.50236534826692,50.0,0.0,0.0,1.0
0,1,2426,250.75296162121,65.44431864720917,50.0,0.0,0.0,1.0
0,1,2427,251.24958077156197,65.38627194615144,50.0,0.0,0.0,1.0
0,1,2428,251.74619992191396,65.3282252450937,50.0,0.0,0.0,1.0
0,1,2429,252.24281907226592,65.27017854403596,50.0,0.0,0.0,1.0
0,1,2430,252.73943822261788,65.21213184297822,50.0,0.0,0.0,1.0
0,1,2431,253.23605737296987,65.15408514192049,50.0,0.0,0.0,1.0
0,1,2432,253.73267652332183,65.09603844086274,50.0,0.0,0.0,1.0
0,1,2433,254.2292956736738,65.03799173980501,50.0,0.0,0.0,1.0
0,1,2434,254.72591482402578,64.97994503874727,50.0,0.0,0.0,1.0
0,1,2435,255.22253397437774,64.92189833768953,50.0,0.0,0.0,1.0
0,1,2436,255.7191531247297,64.8638516366318,50.0,0.0,0.0,1.0
0,1,2437,256.2157722750817,64.80580493557405,50.0,0.0,0.0,1.0
0,1,2438,256.7123914254337,64.74775823451631,50.0,0.0,0.0,1.0
0,1,2439,257.2090105757856,64.68971153345858,50.0,0.0,0.0,1.0
0,1,2440,257.7056297261376,64.63166483240083,50.0,0.0,0.0,1.0
0,1,2441,258.20320797120064,64.58547158947415,50.0,0.0,0.0,1.0
0,1,2442,258.70269915451627,64.562920363567,50.0,0.0,0.0,1.0
0,1,2443,259.20251795592884,64.56080687481362,50.0,0.0,0.0,1.0
0,1,2444,259.7024753130985,64.56733688338456,50.0,0.0,0.0,1.0
0,1,2445,260.20243267026814,64.57386689195549,50.0,0.0,0.0,1.0
0,1,2446,260.7023900274378,64.58039690052644,50.0,0.0,0.0,1.0
0,1,2447,261.20234738460744,64.58692690909737,50.0,0.0,0.0,1.0
0,1,2448,261.7023077098501,64.59300240885213,50.0,0.0,0.0,1.0
0,1,2449,262.2023077098501,64.59300240885213,50.0,0.0,0.0,1.0
0,1,2450,262.7023077098501,64.59300240885213,50.0,0.0,0.0,1.0
0,1,2451,263.2023077098501,64.59300240885213,50.0,0.0,0.0,1.0
0,1,2452,263.7023077098501,64.59300240885213,50.0,0.0,0.0,1.0
0,1,2453,264.2023077098501,64.59300240885213,50.0,0.0,0.0,1.0
0,1,2454,264.7023077098501,64.59300240885213,50.0,0.0,0.0,1.0
0,1,2455,265.2023077098501,64.59300240885213,50.0,0.0,0.0,1.0
0,1,2456,265.7023077098501,64.59300240885213,50.0,0.0,0.0,1.0
0,1,2457,266.2023077098501,64.59300240885213,50.0,0.0,0.0,1.0
0,1,2458,266.7023077098501,64.59300240885213,50.0,0.0,0.0,1.0
0,1,2459,267.2023077098501,64.59300240885213,50.0,0.0,0.0,1.0
0,1,2460,267.7023077098501,64.59300240885213,50.0,0.0,0.0,1.0
0,1,2461,268.2023077098501,64.59300240885213,50.0,0.0,0.0,1.0
0,1,2462,268.7023077098501,64.59300240885213,50.0,0.0,0.0,1.0
0,1,2463,269.2023077098501,64.59300240885213,50.0,0.0,0.0,1.0
0,1,2464,269.7023077098501,64.59300240885213,50.0,0.0,0.0,1.0
0,1,2465,270.2023077098501,64.59300240885213,50.0,0.0,0.0,1.0
0,1,2466,270.7023077098501,64.59300240885213,50.0,0.0,0.0,1.0
0,1,2467,271.2023077098501,64.59300240885213,50.0,0.0,0.0,1.0
0,1,2468,271.7023077098501,64.59300240885213,50.0,0.0,0.0,1.0
0,1,2469,272.2023077098501,64.59300240885213,50.0,0.0,0.0,1.0
0,1,2470,272.7023077098501,64.59300240885213,50.0,0.0,0.0,1.0
0,1,2471,273.2023077098501,64.59300240885213,50.0,0.0,0.0,1.0
0,1,2472,273.7023077098501,64.59300240885213,50.0,0.0,0.0,1.0
0,1,2473,274.2023077098501,64.59300240885213,50.0,0.0,0.0,1.0
0,1,2474,274.7023077098501,64.59300240885213,50.0,0.0,0.0,1.0
0,1,2475,275.2023077098501,64.59300240885213,50.0,0.0,0.0,1.0
0,1,2476,275.7023077098501,64.59300240885213,50.0,0.0,0.0,1.0
0,1,2477,276.2023077098501,64.59300240885213,50.0,0.0,0.0,1.0
0,1,2478,276.7023077098501,64.59300240885213,50.0,0.0,0.0,1.0
0,1,2479,277.2023077098501,64.59300240885213,50.0,0.0,0.0,1.0
0,1,2480,277.7023077098501,64.59300240885213,50.0,0.0,0.0,1.0
0,1,2481,278.2023077098501,64.59300240885213,50.0,0.0,0.0,1.0
0,1,2482,278.7023077098501,64.59300240885213,50.0,0.0,0.0,1.0
0,1,2483,279.2023077098501,64.59300240885213,50.0,0.0,0.0,1.0
0,1,2484,279.7023077098501,64.59300240885213,50.0,0.0,0.0,1.0
0,1,2485,280.2023077098501,64.59300240885213,50.0,0.0,0.0,1.0
0,1,2486,280.7023077098501,64.59300240885213,50.0,0.0,0.0,1.0
0,1,2487,281.2023077098501,64.59300240885213,50.0,0.0,0.0,1.0
0,1,2488,281.7023077098501,64.59300240885213,50.0,0.0,0.0,1.0
0,1,2489,282.20159718949276,64.61140647885642,50.0,0.0,0.0,1.0
0,1,2490,282.7001089306424,64.64995571926393,50.0,0.0,0.0,1.0
0,1,2491,283.19829707481665,64.69153872529095,50.0,0.0,0.0,1.0
0,1,2492,283.6937240487329,64.75900807771251,50.0,0.0,0.0,1.0
0,1,2493,284.1891510226491,64.82647743013408,50.0,0.0,0.0,1.0
0,1,2494,284.6845779965654,64.89394678255564,50.0,0.0,0.0,1.0
0,1,2495,285.18000497048166,64.96141613497721,50.0,0.0,0.0,1.0
0,1,2496,285.67568531177983,65.02688293660084,50.0,0.0,0.0,1.0
0,1,2497,286.17230447040333,65.08492956689142,50.0,0.0,0.0,1.0
0,1,2498,286.66892362902684,65.142976197182,50.0,0.0,0.0,1.0
0,1,2499,287.16554278765034,65.20102282747256,50.0,0.0,0.0,1.0
0,1,2500,287.66216194627384,65.25906945776313,50.0,0.0,0.0,1.0
0,1,2501,288.15878110489734,65.31711608805371,50.0,0.0,0.0,1.0
0,1,2502,288.65540026352085,65.37516271834427,50.0,0.0,0.0,1.0
0,1,2503,289.15201942214435,65.43320934863485,50.0,0.0,0.0,1.0
0,1,2504,289.6486385807678,65.49125597892541,50.0,0.0,0.0,1.0
0,1,2505,290.1452577393913,65.54930260921599,50.0,0.0,0.0,1.0
0,1,2506,290.6418768980148,65.60734923950656,50.0,0.0,0.0,1.0
0,1,2507,291.1384960566383,65.66539586979712,50.0,0.0,0.0,1.0
0,1,2508,291.6351152152618,65.7234425000877,50.0,0.0,0.0,1.0
0,1,2509,292.1317343738853,65.78148913037828,50.0,0.0,0.0,1.0
0,1,2510,292.6283535325088,65.83953576066884,50.0,0.0,0.0,1.0
0,1,2511,293.1249726911323,65.89758239095941,50.0,0.0,0.0,1.0
0,1,2512,293.6215918497558,65.95562902124999,50.0,0.0,0.0,1.0
0,1,2513,294.1182110083793,66.01367565154055,50.0,0.0,0.0,1.0
0,1,2514,294.61483016700276,66.07172228183113,50.0,0.0,0.0,1.0
0,1,2515,295.11144932562627,66.12976891212169,50.0,0.0,0.0,1.0
0,1,2516,295.60806848424977,66.18781554241227,50.0,0.0,0.0,1.0
0,1,2517,296.1046876428733,66.24586217270284,50.0,0.0,0.0,1.0
0,1,2518,296.6013068014968,66.3039088029934,50.0,0.0,0.0,1.0
0,1,2519,297.0979259601203,66.36195543328398,50.0,0.0,0.0,1.0
0,1,2520,297.5945451187438,66.42000206357456,50.0,0.0,0.0,1.0
0,1,2521,298.0911642773673,66.47804869386512,50.0,0.0,0.0,1.0
0,1,2522,298.5877834359908,66.5360953241557,50.0,0.0,0.0,1.0
0,1,2523,299.08440259461423,66.59414195444627,50.0,0.0,0.0,1.0
0,1,2524,299.58102175323774,66.65218858473683,50.0,0.0,0.0,1.0
0,1,2525,300.07764091186124,66.71023521502741,50.0,0.0,0.0,1.0
0,1,2526,300.57426007048474,66.76828184531797,50.0,0.0,0.0,1.0
0,1,2527,301.07087922910824,66.82632847560855,50.0,0.0,0.0,1.0
0,1,2528,301.56749838773175,66.88437510589912,50.0,0.0,0.0,1.0
0,1,2529,302.06411754635525,66.94242173618969,50.0,0.0,0.0,1.0
0,1,2530,302.56073670497875,67.00046836648026,50.0,0.0,0.0,1.0
0,1,2531,303.05735586360225,67.05851499677084,50.0,0.0,0.0,1.0
0,1,2532,303.5539750222257,67.1165616270614,50.0,0.0,0.0,1.0
0,1,2533,304.0505941808492,67.17460825735198,50.0,0.0,0.0,1.0
0,1,2534,304.5472133394727,67.23265488764255,50.0,0.0,0.0,1.0
0,1,2535,305.0438324980962,67.29070151793312,50.0,0.0,0.0,1.0
0,1,2536,305.5404516567197,67.34874814822369,50.0,0.0,0.0,1.0
0,1,2537,306.0330185200196,67.43224312331165,50.0,0.0,0.0,1.0
0,1,2538,306.52310487676436,67.5313156368188,50.0,0.0,0.0,1.0
0,1,2539,307.0131912335092,67.63038815032594,50.0,0.0,0.0,1.0
0,1,2540,307.49993983544226,67.74380922979779,50.0,0.0,0.0,1.0
0,1,2541,307.9834362666262,67.87121096068239,50.0,0.0,0.0,1.0
0,1,2542,308.46693269781014,67.99861269156699,50.0,0.0,0.0,1.0
0,1,2543,308.9504291289941,68.12601442245159,50.0,0.0,0.0,1.0
0,1,2544,309.4350000896632,68.2491216627189,50.0,0.0,0.0,1.0
0,1,2545,309.92152255158976,68.36442948570124,50.0,0.0,0.0,1.0
0,1,2546,310.40804501351636,68.47973730868358,50.0,0.0,0.0,1.0
0,1,2547,310.8945674754429,68.59504513166591,50.0,0.0,0.0,1.0
0,1,2548,311.38108993736944,68.71035295464824,50.0,0.0,0.0,1.0
0,1,2549,311.867612399296,68.82566077763059,50.0,0.0,0.0,1.0
0,1,2550,312.3541348612225,68.94096860061292,50.0,0.0,0.0,1.0
0,1,2551,312.8406573231491,69.05627642359525,50.0,0.0,0.0,1.0
0,1,2552,313.32717978507566,69.17158424657758,50.0,0.0,0.0,1.0
0,1,2553,313.8137022470022,69.28689206955993,50.0,0.0,0.0,1.0
0,1,2554,314.30022470892874,69.40219989254226,50.0,0.0,0.0,1.0
0,1,2555,314.78674717085534,69.51750771552459,50.0,0.0,0.0,1.0
0,1,2556,315.2732696327819,69.63281553850692,50.0,0.0,0.0,1.0
0,1,2557,315.7597920947084,69.74812336148926,50.0,0.0,0.0,1.0
0,1,2558,316.24631455663496,69.8634311844716,50.0,0.0,0.0,1.0
0,1,2559,316.73283701856155,69.97873900745392,50.0,0.0,0.0,1.0
0,1,2560,317.2193594804881,70.09404683043626,50.0,0.0,0.0,1.0
0,1,2561,317.70588194241463,70.2093546534186,50.0,0.0,0.0,1.0
0,1,2562,318.1924044043412,70.32466247640093,50.0,0.0,0.0,1.0
0,1,2563,318.6789268662677,70.43997029938326,50.0,0.0,0.0,1.0
0,1,2564,319.1654493281943,70.5552781223656,50.0,0.0,0.0,1.0
0,1,2565,319.65197179012085,70.67058594534794,50.0,0.0,0.0,1.0
0,1,2566,320.1384942520474,70.78589376833027,50.0,0.0,0.0,1.0
0,1,2567,320.62501671397393,70.9012015913126,50.0,0.0,0.0,1.0
0,1,2568,321.11153917590053,71.01650941429494,50.0,0.0,0.0,1.0
0,1,2569,321.5980616378271,71.13181723727728,50.0,0.0,0.0,1.0
0,1,2570,322.0845840997536,71.2471250602596,50.0,0.0,0.0,1.0
0,1,2571,322.57110656168015,71.36243288324194,50.0,0.0,0.0,1.0
0,1,2572,323.0576290236067,71.47774070622428,50.0,0.0,0.0,1.0
0,1,2573,323.5441514855333,71.59304852920661,50.0,0.0,0.0,1.0
0,1,2574,324.03067394745983,71.70835635218894,50.0,0.0,0.0,1.0
0,1,2575,324.5171964093864,71.82366417517127,50.0,0.0,0.0,1.0
0,1,2576,325.0037188713129,71.93897199815362,50.0,0.0,0.0,1.0
0,1,2577,325.4902413332395,72.05427982113595,50.0,0.0,0.0,1.0
0,1,2578,325.97676379516605,72.16958764411828,50.0,0.0,0.0,1.0
0,1,2579,326.4632862570926,72.28489546710063,50.0,0.0,0.0,1.0
0,1,2580,326.94980871901913,72.40020329008296,50.0,0.0,0.0,1.0
0,1,2581,327.4363311809457,72.51551111306529,50.0,0.0,0.0,1.0
0,1,2582,327.92285364287227,72.63081893604762,50.0,0.0,0.0,1.0
0,1,2583,328.4093761047988,72.74612675902996,50.0,0.0,0.0,1.0
0,1,2584,328.89589856672535,72.8614345820123,50.0,0.0,0.0,1.0
