plane_id,contour_id,point_id,x,y,z,nx,ny,nz
0,0,0,100.05747985839844,270.9867858886719,1.0,0.0,0.0,1.0
0,0,1,100.08951509929001,271.48575857664287,1.0,0.0,0.0,1.0
0,0,2,100.12155034018157,271.9847312646139,1.0,0.0,0.0,1.0
0,0,3,100.15358558107314,272.4837039525849,1.0,0.0,0.0,1.0
0,0,4,100.18562082196472,272.98267664055595,1.0,0.0,0.0,1.0
0,0,5,100.21765606285628,273.48164932852694,1.0,0.0,0.0,1.0
0,0,6,100.24969130374785,273.98062201649793,1.0,0.0,0.0,1.0
0,0,7,100.28172654463943,274.479594704469,1.0,0.0,0.0,1.0
0,0,8,100.31376178553099,274.97856739243997,1.0,0.0,0.0,1.0
0,0,9,100.34579702642256,275.477540080411,1.0,0.0,0.0,1.0
0,0,10,100.37783226731413,275.976512768382,1.0,0.0,0.0,1.0
0,0,11,100.4098675082057,276.47548545635306,1.0,0.0,0.0,1.0
0,0,12,100.44190274909727,276.97445814432405,1.0,0.0,0.0,1.0
0,0,13,100.47393798998884,277.47343083229504,1.0,0.0,0.0,1.0
0,0,14,100.50597323088041,277.9724035202661,1.0,0.0,0.0,1.0
0,0,15,100.53800847177197,278.4713762082371,1.0,0.0,0.0,1.0
0,0,16,100.57004371266355,278.9703488962081,1.0,0.0,0.0,1.0
0,0,17,100.60207895355512,279.4693215841791,1.0,0.0,0.0,1.0
0,0,18,100.63411419444668,279.9682942721501,1.0,0.0,0.0,1.0
0,0,19,100.66614943533826,280.46726696012115,1.0,0.0,0.0,1.0
0,0,20,100.69818467622983,280.96623964809214,1.0,0.0,0.0,1.0
0,0,21,100.73021991712139,281.4652123360632,1.0,0.0,0.0,1.0
0,0,22,100.76225515801296,281.9641850240342,1.0,0.0,0.0,1.0
0,0,23,100.79429039890454,282.4631577120052,1.0,0.0,0.0,1.0
0,0,24,100.8263256397961,282.9621303999762,1.0,0.0,0.0,1.0
0,0,25,100.85836088068767,283.4611030879472,1.0,0.0,0.0,1.0
0,0,26,100.89039612157924,283.96007577591826,1.0,0.0,0.0,1.0
0,0,27,100.92243136247082,284.45904846388925,1.0,0.0,0.0,1.0
0,0,28,100.95446660336238,284.9580211518603,1.0,0.0,0.0,1.0
0,0,29,100.98650184425395,285.4569938398313,1.0,0.0,0.0,1.0
0,0,30,101.01853708514552,285.9559665278023,1.0,0.0,0.0,1.0
0,0,31,101.05057232603708,286.4549392157733,1.0,0.0,0.0,1.0
0,0,32,101.08260756692866,286.9539119037443,1.0,0.0,0.0,1.0
0,0,33,101.11464280782023,287.45288459171536,1.0,0.0,0.0,1.0
0,0,34,101.14667804871179,287.95185727968635,1.0,0.0,0.0,1.0
0,0,35,101.17871328960337,288.45082996765734,1.0,0.0,0.0,1.0
0,0,36,101.21074853049494,288.9498026556284,1.0,0.0,0.0,1.0
0,0,37,101.2427837713865,289.4487753435994,1.0,0.0,0.0,1.0
0,0,38,101.27481901227807,289.9477480315704,1.0,0.0,0.0,1.0
0,0,39,101.30685425316965,290.4467207195414,1.0,0.0,0.0,1.0
0,0,40,101.3388894940612,290.94569340751247,1.0,0.0,0.0,1.0
0,0,41,101.37092473495278,291.44466609548346,1.0,0.0,0.0,1.0
0,0,42,101.36383995091346,291.33431531810805,1.0,0.0,0.0,1.0
0,0,43,101.3318047100219,290.835342630137,1.0,0.0,0.0,1.0
0,0,44,101.29976946913033,290.336369942166,1.0,0.0,0.0,1.0
0,0,45,101.26773422823875,289.83739725419497,1.0,0.0,0.0,1.0
0,0,46,101.23569898734718,289.338424566224,1.0,0.0,0.0,1.0
0,0,47,101.20366374645562,288.83945187825293,1.0,0.0,0.0,1.0
0,0,48,101.17162850556404,288.34047919028194,1.0,0.0,0.0,1.0
0,0,49,101.13959326467247,287.84150650231095,1.0,0.0,0.0,1.0
0,0,50,101.10755802378091,287.3425338143399,1.0,0.0,0.0,1.0
0,0,51,101.07552278288934,286.8435611263689,1.0,0.0,0.0,1.0
0,0,52,101.04348754199776,286.34458843839786,1.0,0.0,0.0,1.0
0,0,53,101.0114523011062,285.8456157504269,1.0,0.0,0.0,1.0
0,0,54,100.97941706021463,285.3466430624559,1.0,0.0,0.0,1.0
0,0,55,100.94738181932306,284.84767037448484,1.0,0.0,0.0,1.0
0,0,56,100.9153465784315,284.34869768651384,1.0,0.0,0.0,1.0
0,0,57,100.88331133753992,283.8497249985428,1.0,0.0,0.0,1.0
0,0,58,100.85127609664835,283.3507523105718,1.0,0.0,0.0,1.0
0,0,59,100.81924085575679,282.8517796226008,1.0,0.0,0.0,1.0
0,0,60,100.78720561486521,282.35280693462977,1.0,0.0,0.0,1.0
0,0,61,100.75517037397364,281.8538342466588,1.0,0.0,0.0,1.0
0,0,62,100.72313513308207,281.35486155868773,1.0,0.0,0.0,1.0
0,0,63,100.69109989219051,280.85588887071674,1.0,0.0,0.0,1.0
0,0,64,100.65906465129893,280.3569161827457,1.0,0.0,0.0,1.0
0,0,65,100.62702941040736,279.8579434947747,1.0,0.0,0.0,1.0
0,0,66,100.5949941695158,279.3589708068037,1.0,0.0,0.0,1.0
0,0,67,100.56295892862423,278.85999811883266,1.0,0.0,0.0,1.0
0,0,68,100.53092368773265,278.3610254308617,1.0,0.0,0.0,1.0
0,0,69,100.4988884468411,277.8620527428906,1.0,0.0,0.0,1.0
0,0,70,100.46685320594952,277.36308005491964,1.0,0.0,0.0,1.0
0,0,71,100.43481796505795,276.86410736694864,1.0,0.0,0.0,1.0
0,0,72,100.40278272416639,276.3651346789776,1.0,0.0,0.0,1.0
0,0,73,100.37074748327481,275.8661619910066,1.0,0.0,0.0,1.0
0,0,74,100.33871224238324,275.36718930303556,1.0,0.0,0.0,1.0
0,0,75,100.30667700149168,274.86821661506457,1.0,0.0,0.0,1.0
0,0,76,100.2746417606001,274.3692439270935,1.0,0.0,0.0,1.0
0,0,77,100.24260651970853,273.87027123912253,1.0,0.0,0.0,1.0
0,0,78,100.21057127881696,273.37129855115154,1.0,0.0,0.0,1.0
0,0,79,100.1785360379254,272.8723258631805,1.0,0.0,0.0,1.0
0,0,80,100.14650079703382,272.3733531752095,1.0,0.0,0.0,1.0
0,0,81,100.11446555614225,271.87438048723845,1.0,0.0,0.0,1.0
0,0,82,100.08243031525069,271.37540779926746,1.0,0.0,0.0,1.0
0,1,0,101.55504608154297,292.6124267578125,1.0,0.0,0.0,1.0
0,1,1,101.65062546754417,293.1032063223541,1.0,0.0,0.0,1.0
0,1,2,101.74620485354538,293.59398588689567,1.0,0.0,0.0,1.0
0,1,3,101.84178423954657,294.08476545143725,1.0,0.0,0.0,1.0
0,1,4,101.93736362554777,294.5755450159789,1.0,0.0,0.0,1.0
0,1,5,102.03294301154898,295.0663245805205,1.0,0.0,0.0,1.0
0,1,6,102.12852239755019,295.55710414506206,1.0,0.0,0.0,1.0
0,1,7,102.22410178355138,296.04788370960364,1.0,0.0,0.0,1.0
0,1,8,102.31968116955258,296.5386632741452,1.0,0.0,0.0,1.0
0,1,9,102.41526055555379,297.0294428386868,1.0,0.0,0.0,1.0
0,1,10,102.51083994155499,297.5202224032284,1.0,0.0,0.0,1.0
0,1,11,102.60641932755618,298.01100196776997,1.0,0.0,0.0,1.0
0,1,12,102.70199871355739,298.5017815323116,1.0,0.0,0.0,1.0
0,1,13,102.79757809955859,298.9925610968532,1.0,0.0,0.0,1.0
0,1,14,102.8931574855598,299.4833406613948,1.0,0.0,0.0,1.0
0,1,15,102.98873687156099,299.97412022593636,1.0,0.0,0.0,1.0
0,1,16,103.0843162575622,300.46489979047794,1.0,0.0,0.0,1.0
0,1,17,103.1798956435634,300.9556793550195,1.0,0.0,0.0,1.0
0,1,18,103.2754750295646,301.4464589195611,1.0,0.0,0.0,1.0
0,1,19,103.3710544155658,301.93723848410275,1.0,0.0,0.0,1.0
0,1,20,103.466633801567,302.42801804864433,1.0,0.0,0.0,1.0
0,1,21,103.5622131875682,302.9187976131859,1.0,0.0,0.0,1.0
0,1,22,103.65779257356941,303.4095771777275,1.0,0.0,0.0,1.0
0,1,23,103.75337195957061,303.9003567422691,1.0,0.0,0.0,1.0
0,1,24,103.8489513455718,304.39113630681067,1.0,0.0,0.0,1.0
0,1,25,103.94453073157301,304.88191587135225,1.0,0.0,0.0,1.0
0,1,26,104.04011011757422,305.37269543589383,1.0,0.0,0.0,1.0
0,1,27,104.13568950357542,305.86347500043547,1.0,0.0,0.0,1.0
0,1,28,104.23126888957661,306.35425456497705,1.0,0.0,0.0,1.0
0,1,29,104.32684827557782,306.84503412951864,1.0,0.0,0.0,1.0
0,1,30,104.42242766157902,307.3358136940602,1.0,0.0,0.0,1.0
0,1,31,104.51800704758023,307.8265932586018,1.0,0.0,0.0,1.0
0,1,32,104.61358643358142,308.3173728231434,1.0,0.0,0.0,1.0
0,1,33,104.70916581958262,308.80815238768497,1.0,0.0,0.0,1.0
0,1,34,104.80474520558383,309.29893195222655,1.0,0.0,0.0,1.0
0,1,35,104.90032459158503,309.7897115167682,1.0,0.0,0.0,1.0
0,1,36,104.99590397758622,310.2804910813098,1.0,0.0,0.0,1.0
0,1,37,105.09148336358743,310.77127064585136,1.0,0.0,0.0,1.0
0,1,38,105.18706274958863,311.26205021039294,1.0,0.0,0.0,1.0
0,1,39,105.28264213558984,311.7528297749345,1.0,0.0,0.0,1.0
0,1,40,105.37822152159103,312.2436093394761,1.0,0.0,0.0,1.0
0,1,41,105.47380090759223,312.7343889040177,1.0,0.0,0.0,1.0
0,1,42,105.45263813902375,312.6257226447219,1.0,0.0,0.0,1.0
0,1,43,105.35705875302254,312.13494308018034,1.0,0.0,0.0,1.0
0,1,44,105.26147936702135,311.64416351563875,1.0,0.0,0.0,1.0
0,1,45,105.16589998102015,311.15338395109717,1.0,0.0,0.0,1.0
0,1,46,105.07032059501894,310.6626043865556,1.0,0.0,0.0,1.0
0,1,47,104.97474120901774,310.171824822014,1.0,0.0,0.0,1.0
0,1,48,104.87916182301655,309.6810452574724,1.0,0.0,0.0,1.0
0,1,49,104.78358243701534,309.19026569293084,1.0,0.0,0.0,1.0
0,1,50,104.68800305101414,308.6994861283892,1.0,0.0,0.0,1.0
0,1,51,104.59242366501293,308.2087065638476,1.0,0.0,0.0,1.0
0,1,52,104.49684427901173,307.71792699930603,1.0,0.0,0.0,1.0
0,1,53,104.40126489301053,307.22714743476445,1.0,0.0,0.0,1.0
0,1,54,104.30568550700933,306.73636787022286,1.0,0.0,0.0,1.0
0,1,55,104.21010612100812,306.2455883056813,1.0,0.0,0.0,1.0
0,1,56,104.11452673500692,305.7548087411397,1.0,0.0,0.0,1.0
0,1,57,104.01894734900573,305.26402917659806,1.0,0.0,0.0,1.0
0,1,58,103.92336796300452,304.7732496120565,1.0,0.0,0.0,1.0
0,1,59,103.82778857700332,304.2824700475149,1.0,0.0,0.0,1.0
0,1,60,103.73220919100211,303.7916904829733,1.0,0.0,0.0,1.0
0,1,61,103.63662980500092,303.3009109184317,1.0,0.0,0.0,1.0
0,1,62,103.54105041899972,302.81013135389014,1.0,0.0,0.0,1.0
0,1,63,103.44547103299851,302.31935178934856,1.0,0.0,0.0,1.0
0,1,64,103.3498916469973,301.828572224807,1.0,0.0,0.0,1.0
0,1,65,103.25431226099612,301.33779266026534,1.0,0.0,0.0,1.0
0,1,66,103.15873287499491,300.84701309572375,1.0,0.0,0.0,1.0
0,1,67,103.0631534889937,300.35623353118217,1.0,0.0,0.0,1.0
0,1,68,102.9675741029925,299.8654539666406,1.0,0.0,0.0,1.0
0,1,69,102.87199471699131,299.374674402099,1.0,0.0,0.0,1.0
0,1,70,102.7764153309901,298.8838948375574,1.0,0.0,0.0,1.0
0,1,71,102.6808359449889,298.39311527301584,1.0,0.0,0.0,1.0
0,1,72,102.5852565589877,297.9023357084742,1.0,0.0,0.0,1.0
0,1,73,102.4896771729865,297.4115561439326,1.0,0.0,0.0,1.0
0,1,74,102.3940977869853,296.92077657939103,1.0,0.0,0.0,1.0
0,1,75,102.2985184009841,296.42999701484945,1.0,0.0,0.0,1.0
0,1,76,102.20293901498289,295.93921745030786,1.0,0.0,0.0,1.0
0,1,77,102.10735962898168,295.4484378857663,1.0,0.0,0.0,1.0
0,1,78,102.01178024298049,294.9576583212247,1.0,0.0,0.0,1.0
0,1,79,101.91620085697929,294.4668787566831,1.0,0.0,0.0,1.0
0,1,80,101.82062147097808,293.9760991921415,1.0,0.0,0.0,1.0
0,1,81,101.72504208497688,293.4853196275999,1.0,0.0,0.0,1.0
0,1,82,101.62946269897569,292.9945400630583,1.0,0.0,0.0,1.0
0,2,0,101.39571380615234,291.7391357421875,1.0,0.0,0.0,1.0
0,2,1,101.48545752209789,292.2310158753991,1.0,0.0,0.0,1.0
0,2,2,101.53489092504249,292.50195750701425,1.0,0.0,0.0,1.0
0,2,3,101.44514720909694,292.01007737380263,1.0,0.0,0.0,1.0
0,3,0,101.3833999633789,291.63897705078125,1.0,0.0,0.0,1.0
0,4,0,105.79450225830078,313.87237548828125,1.0,0.0,0.0,1.0
0,4,1,105.95205612285483,314.3469034429521,1.0,0.0,0.0,1.0
0,4,2,106.10960998740887,314.8214313976229,1.0,0.0,0.0,1.0
0,4,3,106.2671638519629,315.2959593522938,1.0,0.0,0.0,1.0
0,4,4,106.42471771651695,315.7704873069646,1.0,0.0,0.0,1.0
0,4,5,106.582271581071,316.24501526163544,1.0,0.0,0.0,1.0
0,4,6,106.73982544562504,316.71954321630625,1.0,0.0,0.0,1.0
0,4,7,106.89737931017909,317.1940711709771,1.0,0.0,0.0,1.0
0,4,8,107.05493317473312,317.6685991256479,1.0,0.0,0.0,1.0
0,4,9,107.21248703928717,318.1431270803188,1.0,0.0,0.0,1.0
0,4,10,107.37004090384121,318.6176550349896,1.0,0.0,0.0,1.0
0,4,11,107.52759476839526,319.09218298966044,1.0,0.0,0.0,1.0
0,4,12,107.6851486329493,319.56671094433125,1.0,0.0,0.0,1.0
0,4,13,107.84270249750334,320.0412388990021,1.0,0.0,0.0,1.0
0,4,14,108.00025636205739,320.5157668536729,1.0,0.0,0.0,1.0
0,4,15,108.15781022661143,320.9902948083438,1.0,0.0,0.0,1.0
0,4,16,108.31536409116548,321.46482276301464,1.0,0.0,0.0,1.0
0,4,17,108.47291795571951,321.93935071768544,1.0,0.0,0.0,1.0
0,4,18,108.63047182027356,322.4138786723563,1.0,0.0,0.0,1.0
0,4,19,108.7880256848276,322.8884066270271,1.0,0.0,0.0,1.0
0,4,20,108.94557954938165,323.36293458169797,1.0,0.0,0.0,1.0
0,4,21,109.1031334139357,323.8374625363688,1.0,0.0,0.0,1.0
0,4,22,109.26068727848973,324.31199049103964,1.0,0.0,0.0,1.0
0,4,23,109.41824114304377,324.78651844571044,1.0,0.0,0.0,1.0
0,4,24,109.57579500759782,325.2610464003813,1.0,0.0,0.0,1.0
0,4,25,109.73334887215186,325.7355743550521,1.0,0.0,0.0,1.0
0,4,26,109.89090273670591,326.21010230972297,1.0,0.0,0.0,1.0
0,4,27,110.04845660125994,326.6846302643938,1.0,0.0,0.0,1.0
0,4,28,110.20601046581399,327.15915821906464,1.0,0.0,0.0,1.0
0,4,29,110.36356433036804,327.63368617373544,1.0,0.0,0.0,1.0
0,4,30,110.52111819492208,328.1082141284063,1.0,0.0,0.0,1.0
0,4,31,110.67867205947613,328.58274208307716,1.0,0.0,0.0,1.0
0,4,32,110.83622592403016,329.05727003774797,1.0,0.0,0.0,1.0
0,4,33,110.9937797885842,329.53179799241883,1.0,0.0,0.0,1.0
0,4,34,111.15133365313825,330.00632594708964,1.0,0.0,0.0,1.0
0,4,35,111.3088875176923,330.4808539017605,1.0,0.0,0.0,1.0
0,4,36,111.46644138224634,330.9553818564313,1.0,0.0,0.0,1.0
0,4,37,111.62399524680038,331.42990981110216,1.0,0.0,0.0,1.0
0,4,38,111.78154911135442,331.90443776577297,1.0,0.0,0.0,1.0
0,4,39,111.93910297590847,332.37896572044383,1.0,0.0,0.0,1.0
0,4,40,112.09665684046251,332.85349367511463,1.0,0.0,0.0,1.0
0,4,41,112.25421070501656,333.3280216297855,1.0,0.0,0.0,1.0
0,4,42,112.21936946363253,333.2230851811687,1.0,0.0,0.0,1.0
0,4,43,112.06181559907849,332.74855722649784,1.0,0.0,0.0,1.0
0,4,44,111.90426173452444,332.274029271827,1.0,0.0,0.0,1.0
0,4,45,111.7467078699704,331.79950131715617,1.0,0.0,0.0,1.0
0,4,46,111.58915400541635,331.3249733624853,1.0,0.0,0.0,1.0
0,4,47,111.43160014086232,330.8504454078145,1.0,0.0,0.0,1.0
0,4,48,111.27404627630827,330.37591745314364,1.0,0.0,0.0,1.0
0,4,49,111.11649241175422,329.90138949847284,1.0,0.0,0.0,1.0
0,4,50,110.95893854720018,329.426861543802,1.0,0.0,0.0,1.0
0,4,51,110.80138468264613,328.9523335891312,1.0,0.0,0.0,1.0
0,4,52,110.6438308180921,328.4778056344603,1.0,0.0,0.0,1.0
0,4,53,110.48627695353805,328.0032776797895,1.0,0.0,0.0,1.0
0,4,54,110.328723088984,327.52874972511864,1.0,0.0,0.0,1.0
0,4,55,110.17116922442996,327.05422177044784,1.0,0.0,0.0,1.0
0,4,56,110.01361535987591,326.579693815777,1.0,0.0,0.0,1.0
0,4,57,109.85606149532188,326.1051658611062,1.0,0.0,0.0,1.0
0,4,58,109.69850763076784,325.6306379064353,1.0,0.0,0.0,1.0
0,4,59,109.54095376621379,325.15610995176445,1.0,0.0,0.0,1.0
0,4,60,109.38339990165974,324.68158199709364,1.0,0.0,0.0,1.0
0,4,61,109.2258460371057,324.2070540424228,1.0,0.0,0.0,1.0
0,4,62,109.06829217255166,323.732526087752,1.0,0.0,0.0,1.0
0,4,63,108.91073830799762,323.2579981330811,1.0,0.0,0.0,1.0
0,4,64,108.75318444344357,322.7834701784103,1.0,0.0,0.0,1.0
0,4,65,108.59563057888953,322.30894222373945,1.0,0.0,0.0,1.0
0,4,66,108.4380767143355,321.83441426906865,1.0,0.0,0.0,1.0
0,4,67,108.28052284978145,321.3598863143978,1.0,0.0,0.0,1.0
0,4,68,108.1229689852274,320.885358359727,1.0,0.0,0.0,1.0
0,4,69,107.96541512067336,320.4108304050561,1.0,0.0,0.0,1.0
0,4,70,107.80786125611931,319.9363024503853,1.0,0.0,0.0,1.0
0,4,71,107.65030739156528,319.46177449571445,1.0,0.0,0.0,1.0
0,4,72,107.49275352701123,318.98724654104365,1.0,0.0,0.0,1.0
0,4,73,107.33519966245719,318.5127185863728,1.0,0.0,0.0,1.0
0,4,74,107.17764579790314,318.0381906317019,1.0,0.0,0.0,1.0
0,4,75,107.0200919333491,317.5636626770311,1.0,0.0,0.0,1.0
0,4,76,106.86253806879506,317.08913472236026,1.0,0.0,0.0,1.0
0,4,77,106.70498420424101,316.61460676768945,1.0,0.0,0.0,1.0
0,4,78,106.54743033968697,316.1400788130186,1.0,0.0,0.0,1.0
0,4,79,106.38987647513292,315.6655508583478,1.0,0.0,0.0,1.0
0,4,80,106.23232261057888,315.1910229036769,1.0,0.0,0.0,1.0
0,4,81,106.07476874602484,314.7164949490061,1.0,0.0,0.0,1.0
0,4,82,105.9172148814708,314.24196699433526,1.0,0.0,0.0,1.0
0,5,0,105.55988311767578,313.12127685546875,1.0,0.0,0.0,1.0
0,5,1,105.7089631984445,313.5985347831326,1.0,0.0,0.0,1.0
0,5,2,105.73096123738834,313.66895826576604,1.0,0.0,0.0,1.0
0,5,3,105.58188115661963,313.1917003381022,1.0,0.0,0.0,1.0
0,6,0,105.5110092163086,312.9254455566406,1.0,0.0,0.0,1.0
0,7,0,112.70707702636719,334.4204406738281,1.0,0.0,0.0,1.0
0,7,1,112.92401908643365,334.87092501603564,1.0,0.0,0.0,1.0
0,7,2,113.1409611465001,335.3214093582431,1.0,0.0,0.0,1.0
0,7,3,113.35790320656656,335.7718937004506,1.0,0.0,0.0,1.0
0,7,4,113.57484526663303,336.22237804265814,1.0,0.0,0.0,1.0
0,7,5,113.79178732669949,336.6728623848656,1.0,0.0,0.0,1.0
0,7,6,114.00872938676595,337.1233467270731,1.0,0.0,0.0,1.0
0,7,7,114.22567144683241,337.5738310692806,1.0,0.0,0.0,1.0
0,7,8,114.44261350689887,338.0243154114881,1.0,0.0,0.0,1.0
0,7,9,114.65955556696532,338.4747997536956,1.0,0.0,0.0,1.0
0,7,10,114.87649762703178,338.92528409590307,1.0,0.0,0.0,1.0
0,7,11,115.09343968709825,339.3757684381106,1.0,0.0,0.0,1.0
0,7,12,115.31038174716471,339.8262527803181,1.0,0.0,0.0,1.0
0,7,13,115.52732380723117,340.27673712252556,1.0,0.0,0.0,1.0
0,7,14,115.74426586729763,340.7272214647331,1.0,0.0,0.0,1.0
0,7,15,115.96120792736409,341.1777058069406,1.0,0.0,0.0,1.0
0,7,16,116.17814998743054,341.62819014914805,1.0,0.0,0.0,1.0
0,7,17,116.395092047497,342.07867449135557,1.0,0.0,0.0,1.0
0,7,18,116.61203410756347,342.52915883356303,1.0,0.0,0.0,1.0
0,7,19,116.82897616762993,342.97964317577055,1.0,0.0,0.0,1.0
0,7,20,117.04591822769639,343.43012751797806,1.0,0.0,0.0,1.0
0,7,21,117.26286028776285,343.8806118601855,1.0,0.0,0.0,1.0
0,7,22,117.4798023478293,344.33109620239304,1.0,0.0,0.0,1.0
0,7,23,117.69674440789576,344.78158054460056,1.0,0.0,0.0,1.0
0,7,24,117.91368646796222,345.232064886808,1.0,0.0,0.0,1.0
0,7,25,118.1306285280287,345.68254922901554,1.0,0.0,0.0,1.0
0,7,26,118.34757058809515,346.133033571223,1.0,0.0,0.0,1.0
0,7,27,118.56451264816161,346.5835179134305,1.0,0.0,0.0,1.0
0,7,28,118.78145470822807,347.03400225563803,1.0,0.0,0.0,1.0
0,7,29,118.99839676829453,347.4844865978455,1.0,0.0,0.0,1.0
0,7,30,119.21533882836098,347.934970940053,1.0,0.0,0.0,1.0
0,7,31,119.43228088842744,348.3854552822605,1.0,0.0,0.0,1.0
0,7,32,119.64922294849391,348.835939624468,1.0,0.0,0.0,1.0
0,7,33,119.86616500856037,349.2864239666755,1.0,0.0,0.0,1.0
0,7,34,120.08310706862683,349.736908308883,1.0,0.0,0.0,1.0
0,7,35,120.30004912869329,350.1873926510905,1.0,0.0,0.0,1.0
0,7,36,120.51699118875975,350.637876993298,1.0,0.0,0.0,1.0
0,7,37,120.7339332488262,351.08836133550545,1.0,0.0,0.0,1.0
0,7,38,120.95087530889266,351.53884567771297,1.0,0.0,0.0,1.0
0,7,39,121.16781736895913,351.9893300199205,1.0,0.0,0.0,1.0
0,7,40,121.38475942902559,352.43981436212795,1.0,0.0,0.0,1.0
0,7,41,121.60170148909205,352.89029870433546,1.0,0.0,0.0,1.0
0,7,42,121.55370142154462,352.79062564486327,1.0,0.0,0.0,1.0
0,7,43,121.33675936147816,352.3401413026558,1.0,0.0,0.0,1.0
0,7,44,121.1198173014117,351.8896569604483,1.0,0.0,0.0,1.0
0,7,45,120.90287524134524,351.4391726182408,1.0,0.0,0.0,1.0
0,7,46,120.68593318127877,350.9886882760333,1.0,0.0,0.0,1.0
0,7,47,120.46899112121231,350.5382039338258,1.0,0.0,0.0,1.0
0,7,48,120.25204906114585,350.08771959161834,1.0,0.0,0.0,1.0
0,7,49,120.0351070010794,349.6372352494108,1.0,0.0,0.0,1.0
0,7,50,119.81816494101294,349.1867509072033,1.0,0.0,0.0,1.0
0,7,51,119.60122288094648,348.73626656499584,1.0,0.0,0.0,1.0
0,7,52,119.38428082088002,348.2857822227883,1.0,0.0,0.0,1.0
0,7,53,119.16733876081355,347.8352978805808,1.0,0.0,0.0,1.0
0,7,54,118.95039670074709,347.38481353837335,1.0,0.0,0.0,1.0
0,7,55,118.73345464068063,346.93432919616583,1.0,0.0,0.0,1.0
0,7,56,118.51651258061418,346.4838448539583,1.0,0.0,0.0,1.0
0,7,57,118.29957052054772,346.03336051175086,1.0,0.0,0.0,1.0
0,7,58,118.08262846048126,345.58287616954334,1.0,0.0,0.0,1.0
0,7,59,117.8656864004148,345.1323918273359,1.0,0.0,0.0,1.0
0,7,60,117.64874434034833,344.68190748512836,1.0,0.0,0.0,1.0
0,7,61,117.43180228028187,344.23142314292085,1.0,0.0,0.0,1.0
0,7,62,117.21486022021541,343.7809388007134,1.0,0.0,0.0,1.0
0,7,63,116.99791816014896,343.33045445850587,1.0,0.0,0.0,1.0
0,7,64,116.7809761000825,342.87997011629835,1.0,0.0,0.0,1.0
0,7,65,116.56403404001604,342.4294857740909,1.0,0.0,0.0,1.0
0,7,66,116.34709197994958,341.9790014318834,1.0,0.0,0.0,1.0
0,7,67,116.13014991988311,341.5285170896759,1.0,0.0,0.0,1.0
0,7,68,115.91320785981665,341.0780327474684,1.0,0.0,0.0,1.0
0,7,69,115.6962657997502,340.6275484052609,1.0,0.0,0.0,1.0
0,7,70,115.47932373968374,340.1770640630534,1.0,0.0,0.0,1.0
0,7,71,115.26238167961728,339.7265797208459,1.0,0.0,0.0,1.0
0,7,72,115.04543961955082,339.2760953786384,1.0,0.0,0.0,1.0
0,7,73,114.82849755948436,338.8256110364309,1.0,0.0,0.0,1.0
0,7,74,114.61155549941789,338.3751266942234,1.0,0.0,0.0,1.0
0,7,75,114.39461343935143,337.9246423520159,1.0,0.0,0.0,1.0
0,7,76,114.17767137928497,337.47415800980843,1.0,0.0,0.0,1.0
0,7,77,113.96072931921852,337.0236736676009,1.0,0.0,0.0,1.0
0,7,78,113.74378725915206,336.57318932539346,1.0,0.0,0.0,1.0
0,7,79,113.5268451990856,336.12270498318594,1.0,0.0,0.0,1.0
0,7,80,113.30990313901913,335.6722206409784,1.0,0.0,0.0,1.0
0,7,81,113.09296107895267,335.22173629877096,1.0,0.0,0.0,1.0
0,7,82,112.87601901888621,334.77125195656345,1.0,0.0,0.0,1.0
0,8,0,112.42416381835938,333.79541015625,1.0,0.0,0.0,1.0
0,8,1,112.63034533509472,334.2509199609268,1.0,0.0,0.0,1.0
0,8,2,112.57762720090432,334.13445158205263,1.0,0.0,0.0,1.0
0,9,0,112.31556701660156,333.5128173828125,1.0,0.0,0.0,1.0
0,9,1,112.35340449766495,333.6112788341676,1.0,0.0,0.0,1.0
0,10,0,122.18040466308594,353.9217224121094,1.0,0.0,0.0,1.0
0,10,1,122.45317191636795,354.3407665929984,1.0,0.0,0.0,1.0
0,10,2,122.72593916964998,354.7598107738875,1.0,0.0,0.0,1.0
0,10,3,122.99870642293199,355.17885495477657,1.0,0.0,0.0,1.0
0,10,4,123.271473676214,355.5978991356656,1.0,0.0,0.0,1.0
0,10,5,123.54424092949603,356.01694331655466,1.0,0.0,0.0,1.0
0,10,6,123.81700818277804,356.43598749744376,1.0,0.0,0.0,1.0
0,10,7,124.08977543606005,356.8550316783328,1.0,0.0,0.0,1.0
0,10,8,124.36254268934208,357.27407585922185,1.0,0.0,0.0,1.0
0,10,9,124.63530994262409,357.6931200401109,1.0,0.0,0.0,1.0
0,10,10,124.9080771959061,358.112164221,1.0,0.0,0.0,1.0
0,10,11,125.18084444918813,358.53120840188905,1.0,0.0,0.0,1.0
0,10,12,125.45361170247014,358.9502525827781,1.0,0.0,0.0,1.0
0,10,13,125.72637895575215,359.3692967636672,1.0,0.0,0.0,1.0
0,10,14,125.99914620903418,359.78834094455624,1.0,0.0,0.0,1.0
0,10,15,126.27191346231619,360.2073851254453,1.0,0.0,0.0,1.0
0,10,16,126.5446807155982,360.62642930633433,1.0,0.0,0.0,1.0
0,10,17,126.81744796888023,361.04547348722343,1.0,0.0,0.0,1.0
0,10,18,127.09021522216224,361.4645176681125,1.0,0.0,0.0,1.0
0,10,19,127.36298247544426,361.8835618490015,1.0,0.0,0.0,1.0
0,10,20,127.63574972872627,362.30260602989057,1.0,0.0,0.0,1.0
0,10,21,127.9085169820083,362.72165021077967,1.0,0.0,0.0,1.0
0,10,22,128.18128423529032,363.1406943916687,1.0,0.0,0.0,1.0
0,10,23,128.45405148857233,363.55973857255776,1.0,0.0,0.0,1.0
0,10,24,128.72681874185434,363.97878275344686,1.0,0.0,0.0,1.0
0,10,25,128.99958599513636,364.3978269343359,1.0,0.0,0.0,1.0
0,10,26,129.27235324841837,364.81687111522496,1.0,0.0,0.0,1.0
0,10,27,129.54512050170038,365.235915296114,1.0,0.0,0.0,1.0
0,10,28,129.81788775498242,365.6549594770031,1.0,0.0,0.0,1.0
0,10,29,130.09065500826443,366.07400365789215,1.0,0.0,0.0,1.0
0,10,30,130.36342226154645,366.4930478387812,1.0,0.0,0.0,1.0
0,10,31,130.63618951482846,366.91209201967024,1.0,0.0,0.0,1.0
0,10,32,130.90895676811047,367.33113620055934,1.0,0.0,0.0,1.0
0,10,33,131.18172402139248,367.7501803814484,1.0,0.0,0.0,1.0
0,10,34,131.45449127467452,368.16922456233743,1.0,0.0,0.0,1.0
0,10,35,131.72725852795654,368.58826874322654,1.0,0.0,0.0,1.0
0,10,36,132.00002578123855,369.0073129241156,1.0,0.0,0.0,1.0
0,10,37,132.27279303452056,369.4263571050046,1.0,0.0,0.0,1.0
0,10,38,132.54556028780257,369.8454012858937,1.0,0.0,0.0,1.0
0,10,39,132.81832754108459,370.2644454667828,1.0,0.0,0.0,1.0
0,10,40,133.0910947943666,370.6834896476718,1.0,0.0,0.0,1.0
0,10,41,133.36386204764864,371.10253382856087,1.0,0.0,0.0,1.0
0,10,42,133.3034952107881,371.0097940608626,1.0,0.0,0.0,1.0
0,10,43,133.0307279575061,370.5907498799735,1.0,0.0,0.0,1.0
0,10,44,132.75796070422408,370.17170569908444,1.0,0.0,0.0,1.0
0,10,45,132.48519345094206,369.7526615181954,1.0,0.0,0.0,1.0
0,10,46,132.21242619766005,369.3336173373063,1.0,0.0,0.0,1.0
0,10,47,131.939658944378,368.91457315641725,1.0,0.0,0.0,1.0
0,10,48,131.666891691096,368.4955289755282,1.0,0.0,0.0,1.0
0,10,49,131.39412443781399,368.07648479463916,1.0,0.0,0.0,1.0
0,10,50,131.12135718453197,367.65744061375005,1.0,0.0,0.0,1.0
0,10,51,130.84858993124996,367.238396432861,1.0,0.0,0.0,1.0
0,10,52,130.57582267796795,366.81935225197196,1.0,0.0,0.0,1.0
0,10,53,130.3030554246859,366.4003080710829,1.0,0.0,0.0,1.0
0,10,54,130.0302881714039,365.9812638901938,1.0,0.0,0.0,1.0
0,10,55,129.75752091812188,365.56221970930477,1.0,0.0,0.0,1.0
0,10,56,129.48475366483987,365.1431755284157,1.0,0.0,0.0,1.0
0,10,57,129.21198641155786,364.7241313475266,1.0,0.0,0.0,1.0
0,10,58,128.93921915827585,364.3050871666376,1.0,0.0,0.0,1.0
0,10,59,128.6664519049938,363.88604298574853,1.0,0.0,0.0,1.0
0,10,60,128.3936846517118,363.4669988048595,1.0,0.0,0.0,1.0
0,10,61,128.12091739842978,363.0479546239704,1.0,0.0,0.0,1.0
0,10,62,127.84815014514777,362.62891044308134,1.0,0.0,0.0,1.0
0,10,63,127.57538289186576,362.2098662621923,1.0,0.0,0.0,1.0
0,10,64,127.30261563858373,361.79082208130325,1.0,0.0,0.0,1.0
0,10,65,127.02984838530172,361.37177790041414,1.0,0.0,0.0,1.0
0,10,66,126.7570811320197,360.9527337195251,1.0,0.0,0.0,1.0
0,10,67,126.48431387873768,360.53368953863605,1.0,0.0,0.0,1.0
0,10,68,126.21154662545567,360.11464535774695,1.0,0.0,0.0,1.0
0,10,69,125.93877937217366,359.6956011768579,1.0,0.0,0.0,1.0
0,10,70,125.66601211889163,359.27655699596886,1.0,0.0,0.0,1.0
0,10,71,125.39324486560962,358.8575128150798,1.0,0.0,0.0,1.0
0,10,72,125.1204776123276,358.4384686341907,1.0,0.0,0.0,1.0
0,10,73,124.84771035904558,358.01942445330167,1.0,0.0,0.0,1.0
0,10,74,124.57494310576357,357.6003802724126,1.0,0.0,0.0,1.0
0,10,75,124.30217585248155,357.1813360915236,1.0,0.0,0.0,1.0
0,10,76,124.02940859919953,356.7622919106345,1.0,0.0,0.0,1.0
0,10,77,123.75664134591752,356.3432477297454,1.0,0.0,0.0,1.0
0,10,78,123.4838740926355,355.9242035488564,1.0,0.0,0.0,1.0
0,10,79,123.21110683935348,355.5051593679673,1.0,0.0,0.0,1.0
0,10,80,122.93833958607146,355.08611518707824,1.0,0.0,0.0,1.0
0,10,81,122.66557233278945,354.6670710061892,1.0,0.0,0.0,1.0
0,10,82,122.39280507950743,354.24802682530014,1.0,0.0,0.0,1.0
0,11,0,121.87583923339844,353.4219970703125,1.0,0.0,0.0,1.0
0,11,1,122.13605254183913,353.84895026928206,1.0,0.0,0.0,1.0
0,11,2,121.96454347589206,353.56754135596714,1.0,0.0,0.0,1.0
0,12,0,121.68617248535156,353.0657043457031,1.0,0.0,0.0,1.0
0,12,1,121.83055530876288,353.3369303253213,1.0,0.0,0.0,1.0
0,13,0,134.06033325195312,372.0585632324219,1.0,0.0,0.0,1.0
0,13,1,134.38444742006433,372.43928623675646,1.0,0.0,0.0,1.0
0,13,2,134.70856158817557,372.8200092410911,1.0,0.0,0.0,1.0
0,13,3,135.03267575628678,373.2007322454257,1.0,0.0,0.0,1.0
0,13,4,135.35678992439802,373.5814552497603,1.0,0.0,0.0,1.0
0,13,5,135.68090409250922,373.9621782540949,1.0,0.0,0.0,1.0
0,13,6,136.00501826062046,374.34290125842955,1.0,0.0,0.0,1.0
0,13,7,136.32913242873167,374.72362426276413,1.0,0.0,0.0,1.0
0,13,8,136.6532465968429,375.1043472670988,1.0,0.0,0.0,1.0
0,13,9,136.9773607649541,375.48507027143336,1.0,0.0,0.0,1.0
0,13,10,137.30147493306532,375.865793275768,1.0,0.0,0.0,1.0
0,13,11,137.62558910117656,376.2465162801026,1.0,0.0,0.0,1.0
0,13,12,137.94970326928777,376.62723928443717,1.0,0.0,0.0,1.0
0,13,13,138.273817437399,377.0079622887718,1.0,0.0,0.0,1.0
0,13,14,138.5979316055102,377.3886852931064,1.0,0.0,0.0,1.0
0,13,15,138.92204577362145,377.76940829744103,1.0,0.0,0.0,1.0
0,13,16,139.24615994173266,378.1501313017756,1.0,0.0,0.0,1.0
0,13,17,139.57027410984387,378.53085430611026,1.0,0.0,0.0,1.0
0,13,18,139.8943882779551,378.91157731044484,1.0,0.0,0.0,1.0
0,13,19,140.2185024460663,379.2923003147795,1.0,0.0,0.0,1.0
0,13,20,140.54261661417755,379.67302331911407,1.0,0.0,0.0,1.0
0,13,21,140.86673078228876,380.0537463234487,1.0,0.0,0.0,1.0
0,13,22,141.1908449504,380.4344693277833,1.0,0.0,0.0,1.0
0,13,23,141.5149591185112,380.8151923321179,1.0,0.0,0.0,1.0
0,13,24,141.83907328662244,381.1959153364525,1.0,0.0,0.0,1.0
0,13,25,142.16318745473365,381.5766383407871,1.0,0.0,0.0,1.0
0,13,26,142.48730162284485,381.95736134512174,1.0,0.0,0.0,1.0
0,13,27,142.8114157909561,382.3380843494563,1.0,0.0,0.0,1.0
0,13,28,143.1355299590673,382.71880735379096,1.0,0.0,0.0,1.0
0,13,29,143.45964412717854,383.09953035812555,1.0,0.0,0.0,1.0
0,13,30,143.78375829528974,383.4802533624602,1.0,0.0,0.0,1.0
0,13,31,144.10787246340098,383.8609763667948,1.0,0.0,0.0,1.0
0,13,32,144.4319866315122,384.2416993711294,1.0,0.0,0.0,1.0
0,13,33,144.75610079962343,384.622422375464,1.0,0.0,0.0,1.0
0,13,34,145.08021496773463,385.0031453797986,1.0,0.0,0.0,1.0
0,13,35,145.40432913584584,385.3838683841332,1.0,0.0,0.0,1.0
0,13,36,145.72844330395708,385.7645913884678,1.0,0.0,0.0,1.0
0,13,37,146.0525574720683,386.14531439280245,1.0,0.0,0.0,1.0
0,13,38,146.37667164017952,386.52603739713703,1.0,0.0,0.0,1.0
0,13,39,146.70078580829073,386.9067604014717,1.0,0.0,0.0,1.0
0,13,40,147.02489997640197,387.28748340580626,1.0,0.0,0.0,1.0
0,13,41,147.34901414451318,387.6682064101409,1.0,0.0,0.0,1.0
0,13,42,147.2772806229225,387.58394412068077,1.0,0.0,0.0,1.0
0,13,43,146.95316645481125,387.2032211163461,1.0,0.0,0.0,1.0
0,13,44,146.62905228670004,386.82249811201154,1.0,0.0,0.0,1.0
0,13,45,146.3049381185888,386.4417751076769,1.0,0.0,0.0,1.0
0,13,46,145.9808239504776,386.0610521033423,1.0,0.0,0.0,1.0
0,13,47,145.65670978236636,385.68032909900774,1.0,0.0,0.0,1.0
0,13,48,145.33259561425515,385.2996060946731,1.0,0.0,0.0,1.0
0,13,49,145.00848144614392,384.9188830903385,1.0,0.0,0.0,1.0
0,13,50,144.6843672780327,384.53816008600387,1.0,0.0,0.0,1.0
0,13,51,144.3602531099215,384.1574370816693,1.0,0.0,0.0,1.0
0,13,52,144.03613894181026,383.77671407733465,1.0,0.0,0.0,1.0
0,13,53,143.71202477369906,383.39599107300006,1.0,0.0,0.0,1.0
0,13,54,143.38791060558782,383.0152680686654,1.0,0.0,0.0,1.0
0,13,55,143.0637964374766,382.63454506433084,1.0,0.0,0.0,1.0
0,13,56,142.73968226936537,382.2538220599962,1.0,0.0,0.0,1.0
0,13,57,142.41556810125417,381.8730990556616,1.0,0.0,0.0,1.0
0,13,58,142.09145393314296,381.492376051327,1.0,0.0,0.0,1.0
0,13,59,141.76733976503172,381.1116530469924,1.0,0.0,0.0,1.0
0,13,60,141.4432255969205,380.7309300426578,1.0,0.0,0.0,1.0
0,13,61,141.11911142880928,380.35020703832316,1.0,0.0,0.0,1.0
0,13,62,140.79499726069807,379.9694840339886,1.0,0.0,0.0,1.0
0,13,63,140.47088309258683,379.58876102965394,1.0,0.0,0.0,1.0
0,13,64,140.14676892447562,379.20803802531935,1.0,0.0,0.0,1.0
0,13,65,139.8226547563644,378.8273150209847,1.0,0.0,0.0,1.0
0,13,66,139.49854058825318,378.44659201665013,1.0,0.0,0.0,1.0
0,13,67,139.17442642014197,378.0658690123155,1.0,0.0,0.0,1.0
0,13,68,138.85031225203073,377.6851460079809,1.0,0.0,0.0,1.0
0,13,69,138.52619808391952,377.3044230036463,1.0,0.0,0.0,1.0
0,13,70,138.2020839158083,376.9236999993117,1.0,0.0,0.0,1.0
0,13,71,137.87796974769708,376.5429769949771,1.0,0.0,0.0,1.0
0,13,72,137.55385557958584,376.16225399064245,1.0,0.0,0.0,1.0
0,13,73,137.22974141147463,375.78153098630787,1.0,0.0,0.0,1.0
0,13,74,136.90562724336343,375.40080798197323,1.0,0.0,0.0,1.0
0,13,75,136.5815130752522,375.02008497763865,1.0,0.0,0.0,1.0
0,13,76,136.25739890714098,374.639361973304,1.0,0.0,0.0,1.0
0,13,77,135.93328473902974,374.2586389689694,1.0,0.0,0.0,1.0
0,13,78,135.60917057091854,373.8779159646348,1.0,0.0,0.0,1.0
0,13,79,135.2850564028073,373.4971929603002,1.0,0.0,0.0,1.0
0,13,80,134.9609422346961,373.1164699559656,1.0,0.0,0.0,1.0
0,13,81,134.63682806658485,372.735746951631,1.0,0.0,0.0,1.0
0,13,82,134.31271389847365,372.3550239472964,1.0,0.0,0.0,1.0
0,14,0,133.7596893310547,371.6788024902344,1.0,0.0,0.0,1.0
0,14,1,134.05062570066877,372.0463010623785,1.0,0.0,0.0,1.0
0,15,0,133.47006225585938,371.26568603515625,1.0,0.0,0.0,1.0
0,15,1,133.7570897002623,371.6750944451328,1.0,0.0,0.0,1.0
0,15,2,133.47526151744415,371.2731021253594,1.0,0.0,0.0,1.0
0,16,0,148.15353393554688,388.5354309082031,1.0,0.0,0.0,1.0
0,16,1,148.52367297731539,388.8715813057318,1.0,0.0,0.0,1.0
0,16,2,148.89381201908392,389.2077317032605,1.0,0.0,0.0,1.0
0,16,3,149.26395106085243,389.5438821007891,1.0,0.0,0.0,1.0
0,16,4,149.63409010262095,389.8800324983178,1.0,0.0,0.0,1.0
0,16,5,150.00422914438946,390.2161828958465,1.0,0.0,0.0,1.0
0,16,6,150.374368186158,390.55233329337517,1.0,0.0,0.0,1.0
0,16,7,150.7445072279265,390.8884836909038,1.0,0.0,0.0,1.0
0,16,8,151.11464626969502,391.2246340884325,1.0,0.0,0.0,1.0
0,16,9,151.48478531146353,391.56078448596116,1.0,0.0,0.0,1.0
0,16,10,151.85492435323206,391.89693488348985,1.0,0.0,0.0,1.0
0,16,11,152.22506339500057,392.2330852810185,1.0,0.0,0.0,1.0
0,16,12,152.59520243676909,392.56923567854716,1.0,0.0,0.0,1.0
0,16,13,152.9653414785376,392.90538607607584,1.0,0.0,0.0,1.0
0,16,14,153.33548052030613,393.2415364736045,1.0,0.0,0.0,1.0
0,16,15,153.70561956207465,393.5776868711332,1.0,0.0,0.0,1.0
0,16,16,154.07575860384316,393.91383726866184,1.0,0.0,0.0,1.0
0,16,17,154.4458976456117,394.2499876661905,1.0,0.0,0.0,1.0
0,16,18,154.8160366873802,394.5861380637192,1.0,0.0,0.0,1.0
0,16,19,155.18617572914872,394.9222884612479,1.0,0.0,0.0,1.0
0,16,20,155.55631477091723,395.2584388587765,1.0,0.0,0.0,1.0
0,16,21,155.92645381268576,395.5945892563052,1.0,0.0,0.0,1.0
0,16,22,156.29659285445427,395.9307396538339,1.0,0.0,0.0,1.0
0,16,23,156.66673189622279,396.26689005136257,1.0,0.0,0.0,1.0
0,16,24,157.0368709379913,396.6030404488912,1.0,0.0,0.0,1.0
0,16,25,157.40700997975983,396.9391908464199,1.0,0.0,0.0,1.0
0,16,26,157.77714902152834,397.27534124394856,1.0,0.0,0.0,1.0
0,16,27,158.14728806329686,397.61149164147724,1.0,0.0,0.0,1.0
0,16,28,158.51742710506537,397.9476420390059,1.0,0.0,0.0,1.0
0,16,29,158.8875661468339,398.28379243653455,1.0,0.0,0.0,1.0
0,16,30,159.25770518860242,398.61994283406324,1.0,0.0,0.0,1.0
0,16,31,159.62784423037093,398.9560932315919,1.0,0.0,0.0,1.0
0,16,32,159.99798327213944,399.2922436291206,1.0,0.0,0.0,1.0
0,16,33,160.36812231390797,399.62839402664923,1.0,0.0,0.0,1.0
0,16,34,160.73826135567649,399.9645444241779,1.0,0.0,0.0,1.0
0,16,35,161.108400397445,400.3006948217066,1.0,0.0,0.0,1.0
0,16,36,161.47853943921353,400.6368452192353,1.0,0.0,0.0,1.0
0,16,37,161.84867848098204,400.9729956167639,1.0,0.0,0.0,1.0
0,16,38,162.21881752275056,401.3091460142926,1.0,0.0,0.0,1.0
0,16,39,162.58895656451907,401.6452964118213,1.0,0.0,0.0,1.0
0,16,40,162.9590956062876,401.98144680934996,1.0,0.0,0.0,1.0
0,16,41,163.32923464805612,402.31759720687865,1.0,0.0,0.0,1.0
0,16,42,163.24734261876912,402.2432250518427,1.0,0.0,0.0,1.0
0,16,43,162.8772035770006,401.90707465431404,1.0,0.0,0.0,1.0
0,16,44,162.50706453523208,401.57092425678536,1.0,0.0,0.0,1.0
0,16,45,162.13692549346356,401.2347738592567,1.0,0.0,0.0,1.0
0,16,46,161.76678645169505,400.89862346172805,1.0,0.0,0.0,1.0
0,16,47,161.39664740992652,400.56247306419937,1.0,0.0,0.0,1.0
0,16,48,161.026508368158,400.2263226666707,1.0,0.0,0.0,1.0
0,16,49,160.6563693263895,399.890172269142,1.0,0.0,0.0,1.0
0,16,50,160.28623028462098,399.5540218716133,1.0,0.0,0.0,1.0
0,16,51,159.91609124285245,399.2178714740847,1.0,0.0,0.0,1.0
0,16,52,159.54595220108394,398.881721076556,1.0,0.0,0.0,1.0
0,16,53,159.17581315931542,398.5455706790273,1.0,0.0,0.0,1.0
0,16,54,158.8056741175469,398.20942028149864,1.0,0.0,0.0,1.0
0,16,55,158.43553507577838,397.87326988397,1.0,0.0,0.0,1.0
0,16,56,158.06539603400986,397.5371194864413,1.0,0.0,0.0,1.0
0,16,57,157.69525699224135,397.20096908891264,1.0,0.0,0.0,1.0
0,16,58,157.32511795047284,396.86481869138396,1.0,0.0,0.0,1.0
0,16,59,156.9549789087043,396.52866829385533,1.0,0.0,0.0,1.0
0,16,60,156.5848398669358,396.19251789632665,1.0,0.0,0.0,1.0
0,16,61,156.21470082516728,395.85636749879797,1.0,0.0,0.0,1.0
0,16,62,155.84456178339877,395.5202171012693,1.0,0.0,0.0,1.0
0,16,63,155.47442274163024,395.1840667037406,1.0,0.0,0.0,1.0
0,16,64,155.10428369986172,394.84791630621197,1.0,0.0,0.0,1.0
0,16,65,154.73414465809321,394.5117659086833,1.0,0.0,0.0,1.0
0,16,66,154.36400561632468,394.1756155111546,1.0,0.0,0.0,1.0
0,16,67,153.99386657455617,393.8394651136259,1.0,0.0,0.0,1.0
0,16,68,153.62372753278765,393.5033147160973,1.0,0.0,0.0,1.0
0,16,69,153.25358849101914,393.1671643185686,1.0,0.0,0.0,1.0
0,16,70,152.8834494492506,392.8310139210399,1.0,0.0,0.0,1.0
0,16,71,152.5133104074821,392.49486352351124,1.0,0.0,0.0,1.0
0,16,72,152.14317136571358,392.1587131259826,1.0,0.0,0.0,1.0
0,16,73,151.77303232394507,391.82256272845393,1.0,0.0,0.0,1.0
0,16,74,151.40289328217654,391.48641233092525,1.0,0.0,0.0,1.0
0,16,75,151.03275424040802,391.15026193339656,1.0,0.0,0.0,1.0
0,16,76,150.66261519863951,390.8141115358679,1.0,0.0,0.0,1.0
0,16,77,150.29247615687098,390.47796113833925,1.0,0.0,0.0,1.0
0,16,78,149.92233711510247,390.14181074081057,1.0,0.0,0.0,1.0
0,16,79,149.55219807333395,389.8056603432819,1.0,0.0,0.0,1.0
0,16,80,149.18205903156544,389.4695099457532,1.0,0.0,0.0,1.0
0,16,81,148.8119199897969,389.1333595482246,1.0,0.0,0.0,1.0
0,16,82,148.4417809480284,388.7972091506959,1.0,0.0,0.0,1.0
0,17,0,147.880615234375,388.26605224609375,1.0,0.0,0.0,1.0
0,17,1,148.07059888242566,388.4535716088739,1.0,0.0,0.0,1.0
0,18,0,147.47520446777344,387.8164367675781,1.0,0.0,0.0,1.0
0,18,1,147.81003203093792,388.18777287267073,1.0,0.0,0.0,1.0
0,18,2,147.61637087464757,387.9729955144242,1.0,0.0,0.0,1.0
0,19,0,164.23056030273438,403.0838623046875,1.0,0.0,0.0,1.0
0,19,1,164.64064667091878,403.3699202894202,1.0,0.0,0.0,1.0
0,19,2,165.05073303910316,403.6559782741529,1.0,0.0,0.0,1.0
0,19,3,165.46081940728757,403.9420362588856,1.0,0.0,0.0,1.0
0,19,4,165.87090577547198,404.2280942436183,1.0,0.0,0.0,1.0
0,19,5,166.28099214365636,404.51415222835095,1.0,0.0,0.0,1.0
0,19,6,166.69107851184077,404.8002102130837,1.0,0.0,0.0,1.0
0,19,7,167.10116488002515,405.08626819781637,1.0,0.0,0.0,1.0
0,19,8,167.51125124820956,405.37232618254905,1.0,0.0,0.0,1.0
0,19,9,167.92133761639397,405.6583841672817,1.0,0.0,0.0,1.0
0,19,10,168.33142398457835,405.94444215201446,1.0,0.0,0.0,1.0
0,19,11,168.74151035276276,406.23050013674714,1.0,0.0,0.0,1.0
0,19,12,169.15159672094717,406.5165581214798,1.0,0.0,0.0,1.0
0,19,13,169.56168308913155,406.8026161062125,1.0,0.0,0.0,1.0
0,19,14,169.97176945731596,407.08867409094523,1.0,0.0,0.0,1.0
0,19,15,170.38185582550034,407.3747320756779,1.0,0.0,0.0,1.0
0,19,16,170.79194219368475,407.6607900604106,1.0,0.0,0.0,1.0
0,19,17,171.20202856186916,407.94684804514327,1.0,0.0,0.0,1.0
0,19,18,171.61211493005354,408.232906029876,1.0,0.0,0.0,1.0
0,19,19,172.02220129823795,408.5189640146087,1.0,0.0,0.0,1.0
0,19,20,172.43228766642235,408.80502199934136,1.0,0.0,0.0,1.0
0,19,21,172.84237403460673,409.09107998407404,1.0,0.0,0.0,1.0
0,19,22,173.25246040279114,409.3771379688068,1.0,0.0,0.0,1.0
0,19,23,173.66254677097555,409.66319595353946,1.0,0.0,0.0,1.0
0,19,24,174.07263313915993,409.94925393827214,1.0,0.0,0.0,1.0
0,19,25,174.48271950734434,410.2353119230049,1.0,0.0,0.0,1.0
0,19,26,174.89280587552872,410.52136990773755,1.0,0.0,0.0,1.0
0,19,27,175.30289224371313,410.80742789247023,1.0,0.0,0.0,1.0
0,19,28,175.71297861189754,411.0934858772029,1.0,0.0,0.0,1.0
0,19,29,176.12306498008192,411.37954386193564,1.0,0.0,0.0,1.0
0,19,30,176.53315134826633,411.6656018466683,1.0,0.0,0.0,1.0
0,19,31,176.94323771645074,411.951659831401,1.0,0.0,0.0,1.0
0,19,32,177.35332408463512,412.2377178161337,1.0,0.0,0.0,1.0
0,19,33,177.76341045281953,412.5237758008664,1.0,0.0,0.0,1.0
0,19,34,178.17349682100394,412.8098337855991,1.0,0.0,0.0,1.0
0,19,35,178.58358318918832,413.0958917703318,1.0,0.0,0.0,1.0
0,19,36,178.99366955737273,413.38194975506445,1.0,0.0,0.0,1.0
0,19,37,179.4037559255571,413.6680077397972,1.0,0.0,0.0,1.0
0,19,38,179.81384229374152,413.95406572452987,1.0,0.0,0.0,1.0
0,19,39,180.22392866192592,414.24012370926255,1.0,0.0,0.0,1.0
0,19,40,180.6340150301103,414.5261816939952,1.0,0.0,0.0,1.0
0,19,41,181.0441013982947,414.81223967872796,1.0,0.0,0.0,1.0
0,19,42,180.95334397180213,414.7489313404456,1.0,0.0,0.0,1.0
0,19,43,180.54325760361775,414.46287335571293,1.0,0.0,0.0,1.0
0,19,44,180.13317123543334,414.17681537098025,1.0,0.0,0.0,1.0
0,19,45,179.72308486724896,413.8907573862475,1.0,0.0,0.0,1.0
0,19,46,179.31299849906455,413.60469940151484,1.0,0.0,0.0,1.0
0,19,47,178.90291213088014,413.31864141678216,1.0,0.0,0.0,1.0
0,19,48,178.49282576269576,413.0325834320495,1.0,0.0,0.0,1.0
0,19,49,178.08273939451135,412.74652544731674,1.0,0.0,0.0,1.0
0,19,50,177.67265302632694,412.46046746258406,1.0,0.0,0.0,1.0
0,19,51,177.26256665814256,412.1744094778514,1.0,0.0,0.0,1.0
0,19,52,176.85248028995815,411.88835149311865,1.0,0.0,0.0,1.0
0,19,53,176.44239392177377,411.60229350838597,1.0,0.0,0.0,1.0
0,19,54,176.03230755358936,411.3162355236533,1.0,0.0,0.0,1.0
0,19,55,175.62222118540495,411.0301775389206,1.0,0.0,0.0,1.0
0,19,56,175.21213481722057,410.7441195541879,1.0,0.0,0.0,1.0
0,19,57,174.80204844903616,410.4580615694552,1.0,0.0,0.0,1.0
0,19,58,174.39196208085175,410.1720035847225,1.0,0.0,0.0,1.0
0,19,59,173.98187571266737,409.88594559998984,1.0,0.0,0.0,1.0
0,19,60,173.57178934448297,409.5998876152571,1.0,0.0,0.0,1.0
0,19,61,173.16170297629856,409.3138296305244,1.0,0.0,0.0,1.0
0,19,62,172.75161660811418,409.02777164579174,1.0,0.0,0.0,1.0
0,19,63,172.34153023992977,408.74171366105907,1.0,0.0,0.0,1.0
0,19,64,171.9314438717454,408.45565567632633,1.0,0.0,0.0,1.0
0,19,65,171.52135750356098,408.16959769159365,1.0,0.0,0.0,1.0
0,19,66,171.11127113537657,407.883539706861,1.0,0.0,0.0,1.0
0,19,67,170.7011847671922,407.5974817221283,1.0,0.0,0.0,1.0
0,19,68,170.29109839900778,407.31142373739556,1.0,0.0,0.0,1.0
0,19,69,169.88101203082337,407.0253657526629,1.0,0.0,0.0,1.0
0,19,70,169.470925662639,406.7393077679302,1.0,0.0,0.0,1.0
0,19,71,169.06083929445458,406.4532497831975,1.0,0.0,0.0,1.0
0,19,72,168.65075292627017,406.1671917984648,1.0,0.0,0.0,1.0
0,19,73,168.2406665580858,405.8811338137321,1.0,0.0,0.0,1.0
0,19,74,167.83058018990138,405.5950758289994,1.0,0.0,0.0,1.0
0,19,75,167.420493821717,405.3090178442667,1.0,0.0,0.0,1.0
0,19,76,167.0104074535326,405.022959859534,1.0,0.0,0.0,1.0
0,19,77,166.60032108534818,404.73690187480133,1.0,0.0,0.0,1.0
0,19,78,166.1902347171638,404.45084389006865,1.0,0.0,0.0,1.0
0,19,79,165.7801483489794,404.1647859053359,1.0,0.0,0.0,1.0
0,19,80,165.37006198079501,403.87872792060324,1.0,0.0,0.0,1.0
0,19,81,164.9599756126106,403.59266993587056,1.0,0.0,0.0,1.0
0,19,82,164.5498892444262,403.3066119511379,1.0,0.0,0.0,1.0
0,20,0,164.00674438476562,402.911376953125,1.0,0.0,0.0,1.0
0,20,1,164.05833739817191,402.951137481046,1.0,0.0,0.0,1.0
0,21,0,163.47335815429688,402.448486328125,1.0,0.0,0.0,1.0
0,21,1,163.85098446996483,402.7762032268578,1.0,0.0,0.0,1.0
0,21,2,163.78487798389844,402.7188337806594,1.0,0.0,0.0,1.0
0,22,0,182.0296173095703,415.4667663574219,1.0,0.0,0.0,1.0
0,22,1,182.47291663464082,415.6980361314781,1.0,0.0,0.0,1.0
0,22,2,182.91621595971137,415.9293059055343,1.0,0.0,0.0,1.0
0,22,3,183.35951528478188,416.1605756795906,1.0,0.0,0.0,1.0
0,22,4,183.8028146098524,416.3918454536468,1.0,0.0,0.0,1.0
0,22,5,184.24611393492293,416.623115227703,1.0,0.0,0.0,1.0
0,22,6,184.68941325999344,416.8543850017592,1.0,0.0,0.0,1.0
0,22,7,185.13271258506398,417.0856547758155,1.0,0.0,0.0,1.0
0,22,8,185.5760119101345,417.3169245498717,1.0,0.0,0.0,1.0
0,22,9,186.019311235205,417.54819432392793,1.0,0.0,0.0,1.0
0,22,10,186.46261056027555,417.77946409798415,1.0,0.0,0.0,1.0
0,22,11,186.90590988534606,418.0107338720404,1.0,0.0,0.0,1.0
0,22,12,187.34920921041657,418.24200364609663,1.0,0.0,0.0,1.0
0,22,13,187.79250853548712,418.47327342015285,1.0,0.0,0.0,1.0
0,22,14,188.23580786055763,418.70454319420907,1.0,0.0,0.0,1.0
0,22,15,188.67910718562814,418.9358129682653,1.0,0.0,0.0,1.0
0,22,16,189.12240651069868,419.16708274232155,1.0,0.0,0.0,1.0
0,22,17,189.5657058357692,419.39835251637777,1.0,0.0,0.0,1.0
0,22,18,190.0090051608397,419.629622290434,1.0,0.0,0.0,1.0
0,22,19,190.45230448591025,419.8608920644902,1.0,0.0,0.0,1.0
0,22,20,190.89560381098076,420.0921618385465,1.0,0.0,0.0,1.0
0,22,21,191.33890313605127,420.3234316126027,1.0,0.0,0.0,1.0
0,22,22,191.7822024611218,420.5547013866589,1.0,0.0,0.0,1.0
0,22,23,192.22550178619232,420.7859711607151,1.0,0.0,0.0,1.0
0,22,24,192.66880111126287,421.01724093477134,1.0,0.0,0.0,1.0
0,22,25,193.11210043633338,421.2485107088276,1.0,0.0,0.0,1.0
0,22,26,193.5553997614039,421.4797804828838,1.0,0.0,0.0,1.0
0,22,27,193.99869908647443,421.71105025694004,1.0,0.0,0.0,1.0
0,22,28,194.44199841154494,421.94232003099626,1.0,0.0,0.0,1.0
0,22,29,194.88529773661546,422.17358980505253,1.0,0.0,0.0,1.0
0,22,30,195.328597061686,422.40485957910875,1.0,0.0,0.0,1.0
0,22,31,195.7718963867565,422.63612935316496,1.0,0.0,0.0,1.0
0,22,32,196.21519571182705,422.8673991272212,1.0,0.0,0.0,1.0
0,22,33,196.65849503689756,423.09866890127745,1.0,0.0,0.0,1.0
0,22,34,197.10179436196808,423.32993867533366,1.0,0.0,0.0,1.0
0,22,35,197.54509368703862,423.5612084493899,1.0,0.0,0.0,1.0
0,22,36,197.98839301210913,423.7924782234461,1.0,0.0,0.0,1.0
0,22,37,198.43169233717964,424.0237479975023,1.0,0.0,0.0,1.0
0,22,38,198.87499166225018,424.2550177715586,1.0,0.0,0.0,1.0
0,22,39,199.3182909873207,424.4862875456148,1.0,0.0,0.0,1.0
0,22,40,199.7615903123912,424.717557319671,1.0,0.0,0.0,1.0
0,22,41,200.20488963746175,424.94882709372723,1.0,0.0,0.0,1.0
0,22,42,200.10681592028024,424.897661921279,1.0,0.0,0.0,1.0
0,22,43,199.66351659520973,424.6663921472228,1.0,0.0,0.0,1.0
0,22,44,199.2202172701392,424.43512237316656,1.0,0.0,0.0,1.0
0,22,45,198.77691794506867,424.20385259911035,1.0,0.0,0.0,1.0
0,22,46,198.33361861999813,423.9725828250541,1.0,0.0,0.0,1.0
0,22,47,197.89031929492762,423.74131305099786,1.0,0.0,0.0,1.0
0,22,48,197.4470199698571,423.51004327694164,1.0,0.0,0.0,1.0
0,22,49,197.00372064478657,423.27877350288543,1.0,0.0,0.0,1.0
0,22,50,196.56042131971606,423.0475037288292,1.0,0.0,0.0,1.0
0,22,51,196.11712199464554,422.81623395477294,1.0,0.0,0.0,1.0
0,22,52,195.673822669575,422.5849641807167,1.0,0.0,0.0,1.0
0,22,53,195.2305233445045,422.3536944066605,1.0,0.0,0.0,1.0
0,22,54,194.78722401943398,422.1224246326043,1.0,0.0,0.0,1.0
0,22,55,194.34392469436344,421.891154858548,1.0,0.0,0.0,1.0
0,22,56,193.90062536929292,421.6598850844918,1.0,0.0,0.0,1.0
0,22,57,193.45732604422238,421.4286153104356,1.0,0.0,0.0,1.0
0,22,58,193.01402671915187,421.1973455363794,1.0,0.0,0.0,1.0
0,22,59,192.57072739408136,420.9660757623231,1.0,0.0,0.0,1.0
0,22,60,192.12742806901082,420.7348059882669,1.0,0.0,0.0,1.0
0,22,61,191.6841287439403,420.50353621421067,1.0,0.0,0.0,1.0
0,22,62,191.2408294188698,420.27226644015445,1.0,0.0,0.0,1.0
0,22,63,190.79753009379925,420.04099666609824,1.0,0.0,0.0,1.0
0,22,64,190.35423076872874,419.80972689204197,1.0,0.0,0.0,1.0
0,22,65,189.91093144365823,419.57845711798575,1.0,0.0,0.0,1.0
0,22,66,189.4676321185877,419.34718734392953,1.0,0.0,0.0,1.0
0,22,67,189.02433279351717,419.1159175698733,1.0,0.0,0.0,1.0
0,22,68,188.58103346844666,418.88464779581705,1.0,0.0,0.0,1.0
0,22,69,188.13773414337612,418.65337802176083,1.0,0.0,0.0,1.0
0,22,70,187.6944348183056,418.4221082477046,1.0,0.0,0.0,1.0
0,22,71,187.2511354932351,418.1908384736484,1.0,0.0,0.0,1.0
0,22,72,186.80783616816456,417.9595686995922,1.0,0.0,0.0,1.0
0,22,73,186.36453684309404,417.7282989255359,1.0,0.0,0.0,1.0
0,22,74,185.9212375180235,417.4970291514797,1.0,0.0,0.0,1.0
0,22,75,185.477938192953,417.2657593774235,1.0,0.0,0.0,1.0
0,22,76,185.03463886788248,417.03448960336726,1.0,0.0,0.0,1.0
0,22,77,184.59133954281194,416.803219829311,1.0,0.0,0.0,1.0
0,22,78,184.14804021774142,416.5719500552548,1.0,0.0,0.0,1.0
0,22,79,183.7047408926709,416.34068028119856,1.0,0.0,0.0,1.0
0,22,80,183.26144156760037,416.10941050714234,1.0,0.0,0.0,1.0
0,22,81,182.81814224252986,415.87814073308607,1.0,0.0,0.0,1.0
0,22,82,182.37484291745932,415.64687095902985,1.0,0.0,0.0,1.0
0,23,0,181.87327575683594,415.374267578125,1.0,0.0,0.0,1.0
0,24,0,181.20376586914062,414.9236145019531,1.0,0.0,0.0,1.0
0,24,1,181.61855359535954,415.2028118195945,1.0,0.0,0.0,1.0
0,24,2,181.71321019209338,415.2665260190142,1.0,0.0,0.0,1.0
0,24,3,181.29842246587447,414.9873287013728,1.0,0.0,0.0,1.0
0,25,0,221.61097717285156,432.9677734375,1.0,0.0,0.0,1.0
0,26,0,220.68212890625,432.62969970703125,1.0,0.0,0.0,1.0
0,26,1,221.15197511759104,432.80071005083676,1.0,0.0,0.0,1.0
0,26,2,221.60013301677105,432.96382648035774,1.0,0.0,0.0,1.0
0,26,3,221.13028680543002,432.79281613655223,1.0,0.0,0.0,1.0
0,27,0,201.2608184814453,425.48248291015625,1.0,0.0,0.0,1.0
0,27,1,201.73005273137449,425.65516533165135,1.0,0.0,0.0,1.0
0,27,2,202.19928698130366,425.8278477531464,1.0,0.0,0.0,1.0
0,27,3,202.66852123123283,426.0005301746415,1.0,0.0,0.0,1.0
0,27,4,203.13775548116203,426.1732125961366,1.0,0.0,0.0,1.0
0,27,5,203.6069897310912,426.3458950176316,1.0,0.0,0.0,1.0
0,27,6,204.07622398102038,426.5185774391267,1.0,0.0,0.0,1.0
0,27,7,204.54545823094955,426.6912598606218,1.0,0.0,0.0,1.0
0,27,8,205.01469248087872,426.86394228211685,1.0,0.0,0.0,1.0
0,27,9,205.4839267308079,427.03662470361195,1.0,0.0,0.0,1.0
0,27,10,205.95316098073707,427.209307125107,1.0,0.0,0.0,1.0
0,27,11,206.42239523066624,427.3819895466021,1.0,0.0,0.0,1.0
0,27,12,206.89162948059544,427.5546719680972,1.0,0.0,0.0,1.0
0,27,13,207.3608637305246,427.7273543895922,1.0,0.0,0.0,1.0
0,27,14,207.8300979804538,427.9000368110873,1.0,0.0,0.0,1.0
0,27,15,208.29933223038296,428.0727192325824,1.0,0.0,0.0,1.0
0,27,16,208.76856648031213,428.24540165407745,1.0,0.0,0.0,1.0
0,27,17,209.2378007302413,428.41808407557255,1.0,0.0,0.0,1.0
0,27,18,209.70703498017048,428.59076649706765,1.0,0.0,0.0,1.0
0,27,19,210.17626923009965,428.7634489185627,1.0,0.0,0.0,1.0
0,27,20,210.64550348002885,428.9361313400578,1.0,0.0,0.0,1.0
0,27,21,211.11473772995802,429.1088137615529,1.0,0.0,0.0,1.0
0,27,22,211.5839719798872,429.2814961830479,1.0,0.0,0.0,1.0
0,27,23,212.05320622981637,429.454178604543,1.0,0.0,0.0,1.0
0,27,24,212.52244047974554,429.6268610260381,1.0,0.0,0.0,1.0
0,27,25,212.9916747296747,429.79954344753315,1.0,0.0,0.0,1.0
0,27,26,213.4609089796039,429.97222586902825,1.0,0.0,0.0,1.0
0,27,27,213.9301432295331,430.14490829052335,1.0,0.0,0.0,1.0
0,27,28,214.39937747946226,430.3175907120184,1.0,0.0,0.0,1.0
0,27,29,214.86861172939143,430.4902731335135,1.0,0.0,0.0,1.0
0,27,30,215.3378459793206,430.6629555550086,1.0,0.0,0.0,1.0
0,27,31,215.80708022924978,430.8356379765036,1.0,0.0,0.0,1.0
0,27,32,216.27631447917895,431.0083203979987,1.0,0.0,0.0,1.0
0,27,33,216.74554872910812,431.18100281949376,1.0,0.0,0.0,1.0
0,27,34,217.2147829790373,431.35368524098885,1.0,0.0,0.0,1.0
0,27,35,217.68401722896647,431.52636766248395,1.0,0.0,0.0,1.0
0,27,36,218.15325147889567,431.699050083979,1.0,0.0,0.0,1.0
0,27,37,218.62248572882484,431.8717325054741,1.0,0.0,0.0,1.0
0,27,38,219.091719978754,432.0444149269692,1.0,0.0,0.0,1.0
0,27,39,219.5609542286832,432.2170973484642,1.0,0.0,0.0,1.0
0,27,40,220.03018847861236,432.3897797699593,1.0,0.0,0.0,1.0
0,27,41,220.49942272854153,432.5624621914544,1.0,0.0,0.0,1.0
0,27,42,220.3956008340293,432.52425480111305,1.0,0.0,0.0,1.0
0,27,43,219.9263665841001,432.35157237961795,1.0,0.0,0.0,1.0
0,27,44,219.45713233417092,432.17888995812285,1.0,0.0,0.0,1.0
0,27,45,218.98789808424175,432.0062075366278,1.0,0.0,0.0,1.0
0,27,46,218.51866383431258,431.8335251151327,1.0,0.0,0.0,1.0
0,27,47,218.0494295843834,431.6608426936376,1.0,0.0,0.0,1.0
0,27,48,217.58019533445423,431.4881602721426,1.0,0.0,0.0,1.0
0,27,49,217.11096108452506,431.3154778506475,1.0,0.0,0.0,1.0
0,27,50,216.6417268345959,431.1427954291524,1.0,0.0,0.0,1.0
0,27,51,216.17249258466668,430.97011300765735,1.0,0.0,0.0,1.0
0,27,52,215.7032583347375,430.79743058616225,1.0,0.0,0.0,1.0
0,27,53,215.23402408480834,430.6247481646672,1.0,0.0,0.0,1.0
0,27,54,214.76478983487917,430.4520657431721,1.0,0.0,0.0,1.0
0,27,55,214.29555558495,430.279383321677,1.0,0.0,0.0,1.0
0,27,56,213.82632133502082,430.106700900182,1.0,0.0,0.0,1.0
0,27,57,213.35708708509165,429.9340184786869,1.0,0.0,0.0,1.0
0,27,58,212.88785283516248,429.7613360571918,1.0,0.0,0.0,1.0
0,27,59,212.41861858523328,429.58865363569674,1.0,0.0,0.0,1.0
0,27,60,211.9493843353041,429.41597121420165,1.0,0.0,0.0,1.0
0,27,61,211.48015008537493,429.24328879270655,1.0,0.0,0.0,1.0
0,27,62,211.01091583544576,429.0706063712115,1.0,0.0,0.0,1.0
0,27,63,210.54168158551659,428.8979239497164,1.0,0.0,0.0,1.0
0,27,64,210.0724473355874,428.7252415282213,1.0,0.0,0.0,1.0
0,27,65,209.60321308565824,428.5525591067263,1.0,0.0,0.0,1.0
0,27,66,209.13397883572907,428.3798766852312,1.0,0.0,0.0,1.0
0,27,67,208.66474458579987,428.2071942637361,1.0,0.0,0.0,1.0
0,27,68,208.1955103358707,428.03451184224105,1.0,0.0,0.0,1.0
0,27,69,207.72627608594152,427.86182942074595,1.0,0.0,0.0,1.0
0,27,70,207.25704183601235,427.68914699925085,1.0,0.0,0.0,1.0
0,27,71,206.78780758608318,427.5164645777558,1.0,0.0,0.0,1.0
0,27,72,206.318573336154,427.3437821562607,1.0,0.0,0.0,1.0
0,27,73,205.84933908622483,427.1710997347657,1.0,0.0,0.0,1.0
0,27,74,205.38010483629563,426.9984173132706,1.0,0.0,0.0,1.0
0,27,75,204.91087058636646,426.8257348917755,1.0,0.0,0.0,1.0
0,27,76,204.44163633643728,426.65305247028044,1.0,0.0,0.0,1.0
0,27,77,203.9724020865081,426.48037004878535,1.0,0.0,0.0,1.0
0,27,78,203.50316783657894,426.30768762729025,1.0,0.0,0.0,1.0
0,27,79,203.03393358664977,426.1350052057952,1.0,0.0,0.0,1.0
0,27,80,202.5646993367206,425.9623227843001,1.0,0.0,0.0,1.0
0,27,81,202.09546508679142,425.789640362805,1.0,0.0,0.0,1.0
0,27,82,201.62623083686225,425.61695794131,1.0,0.0,0.0,1.0
0,28,0,201.1868438720703,425.4501647949219,1.0,0.0,0.0,1.0
0,29,0,200.37750244140625,425.03887939453125,1.0,0.0,0.0,1.0
0,29,1,200.8232493183124,425.2653958878125,1.0,0.0,0.0,1.0
0,29,2,201.10469154892206,425.4084172087501,1.0,0.0,0.0,1.0
0,29,3,200.65894467201593,425.1819007154689,1.0,0.0,0.0,1.0
0,30,0,221.6303253173828,432.9735412597656,1.0,0.0,0.0,1.0
0,30,1,222.11698322134305,433.08827610413744,1.0,0.0,0.0,1.0
0,30,2,222.54195823993106,433.18846854367825,1.0,0.0,0.0,1.0
0,30,3,222.05530033597083,433.07373369930644,1.0,0.0,0.0,1.0
0,31,0,222.5727996826172,433.19573974609375,1.0,0.0,0.0,1.0
0,31,1,223.0602635673721,433.30700052561497,1.0,0.0,0.0,1.0
0,31,2,223.54772745212696,433.41826130513624,1.0,0.0,0.0,1.0
0,31,3,224.03519133688187,433.52952208465746,1.0,0.0,0.0,1.0
0,31,4,224.52265522163674,433.6407828641787,1.0,0.0,0.0,1.0
0,31,5,225.01011910639164,433.75204364369995,1.0,0.0,0.0,1.0
0,31,6,225.49758299114652,433.86330442322117,1.0,0.0,0.0,1.0
0,31,7,225.98504687590142,433.9745652027424,1.0,0.0,0.0,1.0
0,31,8,226.4725107606563,434.08582598226366,1.0,0.0,0.0,1.0
0,31,9,226.9599746454112,434.1970867617849,1.0,0.0,0.0,1.0
0,31,10,227.44743853016607,434.3083475413061,1.0,0.0,0.0,1.0
0,31,11,227.93490241492097,434.4196083208273,1.0,0.0,0.0,1.0
0,31,12,228.42236629967584,434.5308691003486,1.0,0.0,0.0,1.0
0,31,13,228.90983018443075,434.6421298798698,1.0,0.0,0.0,1.0
0,31,14,229.39729406918562,434.753390659391,1.0,0.0,0.0,1.0
0,31,15,229.88475795394052,434.8646514389123,1.0,0.0,0.0,1.0
0,31,16,230.3722218386954,434.9759122184335,1.0,0.0,0.0,1.0
0,31,17,230.8596857234503,435.0871729979547,1.0,0.0,0.0,1.0
0,31,18,231.34714960820517,435.198433777476,1.0,0.0,0.0,1.0
0,31,19,231.83461349296007,435.3096945569972,1.0,0.0,0.0,1.0
0,31,20,232.32207737771495,435.42095533651843,1.0,0.0,0.0,1.0
0,31,21,232.80954126246985,435.5322161160397,1.0,0.0,0.0,1.0
0,31,22,233.29700514722472,435.6434768955609,1.0,0.0,0.0,1.0
0,31,23,233.78446903197963,435.75473767508214,1.0,0.0,0.0,1.0
0,31,24,234.2719329167345,435.8659984546034,1.0,0.0,0.0,1.0
0,31,25,234.7593968014894,435.97725923412463,1.0,0.0,0.0,1.0
0,31,26,235.24686068624428,436.08852001364585,1.0,0.0,0.0,1.0
0,31,27,235.73432457099918,436.1997807931671,1.0,0.0,0.0,1.0
0,31,28,236.22178845575405,436.31104157268834,1.0,0.0,0.0,1.0
0,31,29,236.70925234050895,436.42230235220956,1.0,0.0,0.0,1.0
0,31,30,237.19671622526383,436.5335631317308,1.0,0.0,0.0,1.0
0,31,31,237.68418011001873,436.64482391125205,1.0,0.0,0.0,1.0
0,31,32,238.1716439947736,436.75608469077326,1.0,0.0,0.0,1.0
0,31,33,238.6591078795285,436.8673454702945,1.0,0.0,0.0,1.0
0,31,34,239.1465717642834,436.97860624981575,1.0,0.0,0.0,1.0
0,31,35,239.63403564903828,437.089867029337,1.0,0.0,0.0,1.0
0,31,36,240.12149953379316,437.2011278088582,1.0,0.0,0.0,1.0
0,31,37,240.60896341854806,437.31238858837946,1.0,0.0,0.0,1.0
0,31,38,241.09642730330296,437.4236493679007,1.0,0.0,0.0,1.0
0,31,39,241.58389118805783,437.5349101474219,1.0,0.0,0.0,1.0
0,31,40,242.07135507281274,437.64617092694317,1.0,0.0,0.0,1.0
0,31,41,242.5588189575676,437.7574317064644,1.0,0.0,0.0,1.0
0,31,42,242.4509400580681,437.73280897885815,1.0,0.0,0.0,1.0
0,31,43,241.96347617331324,437.62154819933687,1.0,0.0,0.0,1.0
0,31,44,241.47601228855834,437.51028741981565,1.0,0.0,0.0,1.0
0,31,45,240.98854840380346,437.39902664029444,1.0,0.0,0.0,1.0
0,31,46,240.50108451904856,437.28776586077316,1.0,0.0,0.0,1.0
0,31,47,240.0136206342937,437.17650508125195,1.0,0.0,0.0,1.0
0,31,48,239.52615674953879,437.06524430173073,1.0,0.0,0.0,1.0
0,31,49,239.0386928647839,436.9539835222095,1.0,0.0,0.0,1.0
0,31,50,238.551228980029,436.84272274268824,1.0,0.0,0.0,1.0
0,31,51,238.06376509527414,436.731461963167,1.0,0.0,0.0,1.0
0,31,52,237.57630121051923,436.6202011836458,1.0,0.0,0.0,1.0
0,31,53,237.08883732576436,436.50894040412453,1.0,0.0,0.0,1.0
0,31,54,236.60137344100946,436.3976796246033,1.0,0.0,0.0,1.0
0,31,55,236.11390955625458,436.2864188450821,1.0,0.0,0.0,1.0
0,31,56,235.62644567149968,436.1751580655608,1.0,0.0,0.0,1.0
0,31,57,235.1389817867448,436.0638972860396,1.0,0.0,0.0,1.0
0,31,58,234.6515179019899,435.9526365065184,1.0,0.0,0.0,1.0
0,31,59,234.16405401723503,435.8413757269971,1.0,0.0,0.0,1.0
0,31,60,233.67659013248013,435.7301149474759,1.0,0.0,0.0,1.0
0,31,61,233.18912624772526,435.6188541679547,1.0,0.0,0.0,1.0
0,31,62,232.70166236297035,435.5075933884334,1.0,0.0,0.0,1.0
0,31,63,232.21419847821545,435.3963326089122,1.0,0.0,0.0,1.0
0,31,64,231.72673459346058,435.285071829391,1.0,0.0,0.0,1.0
0,31,65,231.23927070870567,435.1738110498697,1.0,0.0,0.0,1.0
0,31,66,230.7518068239508,435.0625502703485,1.0,0.0,0.0,1.0
0,31,67,230.2643429391959,434.95128949082726,1.0,0.0,0.0,1.0
0,31,68,229.77687905444103,434.84002871130605,1.0,0.0,0.0,1.0
0,31,69,229.28941516968612,434.7287679317848,1.0,0.0,0.0,1.0
0,31,70,228.80195128493125,434.61750715226356,1.0,0.0,0.0,1.0
0,31,71,228.31448740017635,434.50624637274234,1.0,0.0,0.0,1.0
0,31,72,227.82702351542147,434.39498559322107,1.0,0.0,0.0,1.0
0,31,73,227.33955963066657,434.28372481369985,1.0,0.0,0.0,1.0
0,31,74,226.8520957459117,434.17246403417863,1.0,0.0,0.0,1.0
0,31,75,226.3646318611568,434.06120325465736,1.0,0.0,0.0,1.0
0,31,76,225.87716797640192,433.94994247513614,1.0,0.0,0.0,1.0
0,31,77,225.38970409164702,433.8386816956149,1.0,0.0,0.0,1.0
0,31,78,224.90224020689215,433.72742091609365,1.0,0.0,0.0,1.0
0,31,79,224.41477632213724,433.61616013657243,1.0,0.0,0.0,1.0
0,31,80,223.92731243738237,433.5048993570512,1.0,0.0,0.0,1.0
0,31,81,223.43984855262747,433.39363857752994,1.0,0.0,0.0,1.0
0,31,82,222.9523846678726,433.2823777980087,1.0,0.0,0.0,1.0
0,32,0,242.7486114501953,437.8007507324219,1.0,0.0,0.0,1.0
0,33,0,242.86802673339844,437.8209228515625,1.0,0.0,0.0,1.0
0,33,1,243.3650468156382,437.8754300790684,1.0,0.0,0.0,1.0
0,33,2,243.5987180142314,437.9010563457695,1.0,0.0,0.0,1.0
0,33,3,243.10169793199165,437.8465491182636,1.0,0.0,0.0,1.0
0,34,0,243.7303924560547,437.9154968261719,1.0,0.0,0.0,1.0
0,34,1,244.22808204249952,437.9635080284518,1.0,0.0,0.0,1.0
0,34,2,244.72577162894436,438.01151923073184,1.0,0.0,0.0,1.0
0,34,3,245.2234612153892,438.0595304330118,1.0,0.0,0.0,1.0
0,34,4,245.72115080183403,438.10754163529174,1.0,0.0,0.0,1.0
0,34,5,246.21884038827886,438.15555283757175,1.0,0.0,0.0,1.0
0,34,6,246.7165299747237,438.2035640398517,1.0,0.0,0.0,1.0
0,34,7,247.21421956116853,438.25157524213165,1.0,0.0,0.0,1.0
0,34,8,247.71190914761337,438.29958644441166,1.0,0.0,0.0,1.0
0,34,9,248.2095987340582,438.3475976466916,1.0,0.0,0.0,1.0
0,34,10,248.70728832050304,438.39560884897156,1.0,0.0,0.0,1.0
0,34,11,249.20497790694787,438.4436200512515,1.0,0.0,0.0,1.0
0,34,12,249.7026674933927,438.4916312535315,1.0,0.0,0.0,1.0
0,34,13,250.20035707983754,438.5396424558115,1.0,0.0,0.0,1.0
0,34,14,250.69804666628238,438.5876536580914,1.0,0.0,0.0,1.0
0,34,15,251.19573625272722,438.63566486037143,1.0,0.0,0.0,1.0
0,34,16,251.69342583917205,438.6836760626514,1.0,0.0,0.0,1.0
0,34,17,252.19111542561689,438.73168726493134,1.0,0.0,0.0,1.0
0,34,18,252.68880501206172,438.77969846721135,1.0,0.0,0.0,1.0
0,34,19,253.18649459850658,438.8277096694913,1.0,0.0,0.0,1.0
0,34,20,253.68418418495142,438.87572087177125,1.0,0.0,0.0,1.0
0,34,21,254.18187377139625,438.92373207405126,1.0,0.0,0.0,1.0
0,34,22,254.6795633578411,438.9717432763312,1.0,0.0,0.0,1.0
0,34,23,255.17725294428593,439.01975447861116,1.0,0.0,0.0,1.0
0,34,24,255.67494253073076,439.06776568089117,1.0,0.0,0.0,1.0
0,34,25,256.17263211717557,439.1157768831711,1.0,0.0,0.0,1.0
0,34,26,256.6703217036204,439.1637880854511,1.0,0.0,0.0,1.0
0,34,27,257.16801129006524,439.211799287731,1.0,0.0,0.0,1.0
0,34,28,257.6657008765101,439.25981049001103,1.0,0.0,0.0,1.0
0,34,29,258.1633904629549,439.307821692291,1.0,0.0,0.0,1.0
0,34,30,258.66108004939974,439.35583289457094,1.0,0.0,0.0,1.0
0,34,31,259.1587696358446,439.40384409685095,1.0,0.0,0.0,1.0
0,34,32,259.6564592222894,439.4518552991309,1.0,0.0,0.0,1.0
0,34,33,260.15414880873425,439.49986650141085,1.0,0.0,0.0,1.0
0,34,34,260.6518383951791,439.54787770369086,1.0,0.0,0.0,1.0
0,34,35,261.1495279816239,439.5958889059708,1.0,0.0,0.0,1.0
0,34,36,261.64721756806875,439.64390010825076,1.0,0.0,0.0,1.0
0,34,37,262.1449071545136,439.69191131053077,1.0,0.0,0.0,1.0
0,34,38,262.6425967409585,439.7399225128107,1.0,0.0,0.0,1.0
0,34,39,263.1402863274033,439.7879337150907,1.0,0.0,0.0,1.0
0,34,40,263.63797591384815,439.8359449173707,1.0,0.0,0.0,1.0
0,34,41,264.135665500293,439.88395611965063,1.0,0.0,0.0,1.0
0,34,42,264.0255194249809,439.8733305296319,1.0,0.0,0.0,1.0
0,34,43,263.5278298385361,439.82531932735196,1.0,0.0,0.0,1.0
0,34,44,263.03014025209126,439.77730812507195,1.0,0.0,0.0,1.0
0,34,45,262.5324506656464,439.729296922792,1.0,0.0,0.0,1.0
0,34,46,262.0347610792016,439.68128572051205,1.0,0.0,0.0,1.0
0,34,47,261.53707149275675,439.63327451823204,1.0,0.0,0.0,1.0
0,34,48,261.0393819063119,439.5852633159521,1.0,0.0,0.0,1.0
0,34,49,260.5416923198671,439.53725211367214,1.0,0.0,0.0,1.0
0,34,50,260.04400273342225,439.48924091139213,1.0,0.0,0.0,1.0
0,34,51,259.5463131469774,439.4412297091122,1.0,0.0,0.0,1.0
0,34,52,259.0486235605326,439.3932185068322,1.0,0.0,0.0,1.0
0,34,53,258.55093397408774,439.3452073045522,1.0,0.0,0.0,1.0
0,34,54,258.0532443876429,439.29719610227227,1.0,0.0,0.0,1.0
0,34,55,257.55555480119807,439.2491848999923,1.0,0.0,0.0,1.0
0,34,56,257.05786521475324,439.2011736977123,1.0,0.0,0.0,1.0
0,34,57,256.5601756283084,439.15316249543235,1.0,0.0,0.0,1.0
0,34,58,256.06248604186356,439.1051512931524,1.0,0.0,0.0,1.0
0,34,59,255.56479645541873,439.0571400908724,1.0,0.0,0.0,1.0
0,34,60,255.0671068689739,439.00912888859244,1.0,0.0,0.0,1.0
0,34,61,254.56941728252906,438.9611176863125,1.0,0.0,0.0,1.0
0,34,62,254.07172769608422,438.91310648403254,1.0,0.0,0.0,1.0
0,34,63,253.5740381096394,438.86509528175253,1.0,0.0,0.0,1.0
0,34,64,253.07634852319455,438.8170840794726,1.0,0.0,0.0,1.0
0,34,65,252.57865893674972,438.7690728771926,1.0,0.0,0.0,1.0
0,34,66,252.08096935030488,438.7210616749126,1.0,0.0,0.0,1.0
0,34,67,251.58327976386005,438.67305047263267,1.0,0.0,0.0,1.0
0,34,68,251.0855901774152,438.6250392703527,1.0,0.0,0.0,1.0
0,34,69,250.58790059097038,438.5770280680727,1.0,0.0,0.0,1.0
0,34,70,250.09021100452554,438.52901686579276,1.0,0.0,0.0,1.0
0,34,71,249.5925214180807,438.4810056635128,1.0,0.0,0.0,1.0
0,34,72,249.09483183163587,438.4329944612328,1.0,0.0,0.0,1.0
0,34,73,248.59714224519104,438.38498325895284,1.0,0.0,0.0,1.0
0,34,74,248.0994526587462,438.3369720566729,1.0,0.0,0.0,1.0
0,34,75,247.60176307230137,438.2889608543929,1.0,0.0,0.0,1.0
0,34,76,247.10407348585653,438.24094965211293,1.0,0.0,0.0,1.0
0,34,77,246.6063838994117,438.192938449833,1.0,0.0,0.0,1.0
0,34,78,246.10869431296686,438.144927247553,1.0,0.0,0.0,1.0
0,34,79,245.61100472652203,438.096916045273,1.0,0.0,0.0,1.0
0,34,80,245.1133151400772,438.04890484299307,1.0,0.0,0.0,1.0
0,34,81,244.61562555363236,438.0008936407131,1.0,0.0,0.0,1.0
0,34,82,244.11793596718752,437.9528824384331,1.0,0.0,0.0,1.0
0,35,0,264.3294372558594,439.90264892578125,1.0,0.0,0.0,1.0
0,36,0,264.5512390136719,439.91265869140625,1.0,0.0,0.0,1.0
0,36,1,265.051196402473,439.90613110508644,1.0,0.0,0.0,1.0
0,36,2,265.0846494313821,439.9056943327959,1.0,0.0,0.0,1.0
0,36,3,264.584692042581,439.9122219191157,1.0,0.0,0.0,1.0
0,37,0,265.3179016113281,439.90264892578125,1.0,0.0,0.0,1.0
0,37,1,265.8176447176579,439.8866230817828,1.0,0.0,0.0,1.0
0,37,2,266.3173878239877,439.87059723778424,1.0,0.0,0.0,1.0
0,37,3,266.81713093031743,439.85457139378576,1.0,0.0,0.0,1.0
0,37,4,267.3168740366472,439.8385455497873,1.0,0.0,0.0,1.0
0,37,5,267.816617142977,439.8225197057888,1.0,0.0,0.0,1.0
0,37,6,268.3163602493068,439.8064938617903,1.0,0.0,0.0,1.0
0,37,7,268.8161033556366,439.7904680177918,1.0,0.0,0.0,1.0
0,37,8,269.3158464619664,439.7744421737933,1.0,0.0,0.0,1.0
0,37,9,269.8155895682961,439.75841632979484,1.0,0.0,0.0,1.0
0,37,10,270.3153326746259,439.7423904857963,1.0,0.0,0.0,1.0
0,37,11,270.8150757809557,439.72636464179783,1.0,0.0,0.0,1.0
0,37,12,271.31481888728547,439.71033879779935,1.0,0.0,0.0,1.0
0,37,13,271.81456199361526,439.6943129538009,1.0,0.0,0.0,1.0
0,37,14,272.31430509994505,439.67828710980234,1.0,0.0,0.0,1.0
0,37,15,272.8140482062748,439.66226126580386,1.0,0.0,0.0,1.0
0,37,16,273.31379131260456,439.6462354218054,1.0,0.0,0.0,1.0
0,37,17,273.81353441893435,439.6302095778069,1.0,0.0,0.0,1.0
0,37,18,274.31327752526414,439.6141837338084,1.0,0.0,0.0,1.0
0,37,19,274.81302063159393,439.5981578898099,1.0,0.0,0.0,1.0
0,37,20,275.31276373792366,439.5821320458114,1.0,0.0,0.0,1.0
0,37,21,275.81250684425345,439.56610620181294,1.0,0.0,0.0,1.0
0,37,22,276.31224995058324,439.5500803578144,1.0,0.0,0.0,1.0
0,37,23,276.811993056913,439.53405451381593,1.0,0.0,0.0,1.0
0,37,24,277.3117361632428,439.51802866981745,1.0,0.0,0.0,1.0
0,37,25,277.8114792695726,439.502002825819,1.0,0.0,0.0,1.0
0,37,26,278.31122237590233,439.48597698182044,1.0,0.0,0.0,1.0
0,37,27,278.8109654822321,439.46995113782197,1.0,0.0,0.0,1.0
0,37,28,279.3107085885619,439.4539252938235,1.0,0.0,0.0,1.0
0,37,29,279.8104516948917,439.437899449825,1.0,0.0,0.0,1.0
0,37,30,280.3101948012215,439.4218736058265,1.0,0.0,0.0,1.0
0,37,31,280.8099379075513,439.405847761828,1.0,0.0,0.0,1.0
0,37,32,281.309681013881,439.3898219178295,1.0,0.0,0.0,1.0
0,37,33,281.8094241202108,439.37379607383104,1.0,0.0,0.0,1.0
0,37,34,282.3091672265406,439.3577702298325,1.0,0.0,0.0,1.0
0,37,35,282.80891033287037,439.34174438583403,1.0,0.0,0.0,1.0
0,37,36,283.30865343920016,439.32571854183556,1.0,0.0,0.0,1.0
0,37,37,283.80839654552994,439.3096926978371,1.0,0.0,0.0,1.0
0,37,38,284.3081396518597,439.29366685383854,1.0,0.0,0.0,1.0
0,37,39,284.80788275818946,439.27764100984007,1.0,0.0,0.0,1.0
0,37,40,285.30762586451925,439.2616151658416,1.0,0.0,0.0,1.0
0,37,41,285.80736897084904,439.2455893218431,1.0,0.0,0.0,1.0
0,37,42,285.69679417282117,439.24913525262417,1.0,0.0,0.0,1.0
0,37,43,285.19705106649144,439.26516109662265,1.0,0.0,0.0,1.0
0,37,44,284.69730796016165,439.2811869406211,1.0,0.0,0.0,1.0
0,37,45,284.19756485383186,439.2972127846196,1.0,0.0,0.0,1.0
0,37,46,283.6978217475021,439.31323862861814,1.0,0.0,0.0,1.0
0,37,47,283.1980786411723,439.3292644726166,1.0,0.0,0.0,1.0
0,37,48,282.6983355348425,439.3452903166151,1.0,0.0,0.0,1.0
0,37,49,282.19859242851277,439.36131616061357,1.0,0.0,0.0,1.0
0,37,50,281.698849322183,439.3773420046121,1.0,0.0,0.0,1.0
0,37,51,281.1991062158532,439.3933678486106,1.0,0.0,0.0,1.0
0,37,52,280.6993631095234,439.40939369260906,1.0,0.0,0.0,1.0
0,37,53,280.1996200031936,439.42541953660754,1.0,0.0,0.0,1.0
0,37,54,279.6998768968638,439.44144538060607,1.0,0.0,0.0,1.0
0,37,55,279.2001337905341,439.45747122460455,1.0,0.0,0.0,1.0
0,37,56,278.7003906842043,439.473497068603,1.0,0.0,0.0,1.0
0,37,57,278.2006475778745,439.4895229126015,1.0,0.0,0.0,1.0
0,37,58,277.70090447154473,439.50554875660004,1.0,0.0,0.0,1.0
0,37,59,277.20116136521494,439.5215746005985,1.0,0.0,0.0,1.0
0,37,60,276.7014182588852,439.537600444597,1.0,0.0,0.0,1.0
0,37,61,276.2016751525554,439.55362628859547,1.0,0.0,0.0,1.0
0,37,62,275.70193204622564,439.569652132594,1.0,0.0,0.0,1.0
0,37,63,275.20218893989585,439.5856779765925,1.0,0.0,0.0,1.0
0,37,64,274.70244583356606,439.60170382059096,1.0,0.0,0.0,1.0
0,37,65,274.2027027272363,439.6177296645895,1.0,0.0,0.0,1.0
0,37,66,273.70295962090654,439.63375550858797,1.0,0.0,0.0,1.0
0,37,67,273.20321651457675,439.64978135258644,1.0,0.0,0.0,1.0
0,37,68,272.70347340824696,439.6658071965849,1.0,0.0,0.0,1.0
0,37,69,272.2037303019172,439.68183304058346,1.0,0.0,0.0,1.0
0,37,70,271.7039871955874,439.69785888458193,1.0,0.0,0.0,1.0
0,37,71,271.2042440892576,439.7138847285804,1.0,0.0,0.0,1.0
0,37,72,270.70450098292787,439.7299105725789,1.0,0.0,0.0,1.0
0,37,73,270.2047578765981,439.7459364165774,1.0,0.0,0.0,1.0
0,37,74,269.7050147702683,439.7619622605759,1.0,0.0,0.0,1.0
0,37,75,269.2052716639385,439.7779881045744,1.0,0.0,0.0,1.0
0,37,76,268.7055285576087,439.79401394857285,1.0,0.0,0.0,1.0
0,37,77,268.205785451279,439.8100397925714,1.0,0.0,0.0,1.0
0,37,78,267.7060423449492,439.82606563656987,1.0,0.0,0.0,1.0
0,37,79,267.2062992386194,439.84209148056834,1.0,0.0,0.0,1.0
0,37,80,266.7065561322896,439.8581173245668,1.0,0.0,0.0,1.0
0,37,81,266.20681302595983,439.87414316856535,1.0,0.0,0.0,1.0
0,37,82,265.70706991963004,439.89016901256383,1.0,0.0,0.0,1.0
0,38,0,286.001953125,439.2393493652344,1.0,0.0,0.0,1.0
0,38,1,286.1473629460899,439.2281025013472,1.0,0.0,0.0,1.0
0,39,0,286.32391357421875,439.2144470214844,1.0,0.0,0.0,1.0
0,39,1,286.8193418952735,439.1469875618301,1.0,0.0,0.0,1.0
0,39,2,286.6526980453905,439.16967844079295,1.0,0.0,0.0,1.0
0,40,0,286.9837341308594,439.1246032714844,1.0,0.0,0.0,1.0
0,40,1,287.47732508927504,439.044803736584,1.0,0.0,0.0,1.0
0,40,2,287.9709160476907,438.96500420168366,1.0,0.0,0.0,1.0
0,40,3,288.4645070061064,438.88520466678335,1.0,0.0,0.0,1.0
0,40,4,288.958097964522,438.805405131883,1.0,0.0,0.0,1.0
0,40,5,289.45168892293765,438.72560559698263,1.0,0.0,0.0,1.0
0,40,6,289.9452798813533,438.6458060620823,1.0,0.0,0.0,1.0
0,40,7,290.438870839769,438.5660065271819,1.0,0.0,0.0,1.0
0,40,8,290.93246179818465,438.4862069922816,1.0,0.0,0.0,1.0
0,40,9,291.4260527566003,438.40640745738125,1.0,0.0,0.0,1.0
0,40,10,291.919643715016,438.3266079224809,1.0,0.0,0.0,1.0
0,40,11,292.4132346734316,438.24680838758053,1.0,0.0,0.0,1.0
0,40,12,292.90682563184725,438.16700885268017,1.0,0.0,0.0,1.0
0,40,13,293.4004165902629,438.08720931777987,1.0,0.0,0.0,1.0
0,40,14,293.8940075486786,438.0074097828795,1.0,0.0,0.0,1.0
0,40,15,294.38759850709425,437.92761024797915,1.0,0.0,0.0,1.0
0,40,16,294.8811894655099,437.8478107130788,1.0,0.0,0.0,1.0
0,40,17,295.3747804239256,437.7680111781785,1.0,0.0,0.0,1.0
0,40,18,295.86837138234125,437.6882116432781,1.0,0.0,0.0,1.0
0,40,19,296.36196234075686,437.60841210837776,1.0,0.0,0.0,1.0
0,40,20,296.8555532991725,437.5286125734774,1.0,0.0,0.0,1.0
0,40,21,297.3491442575882,437.44881303857704,1.0,0.0,0.0,1.0
0,40,22,297.84273521600386,437.36901350367674,1.0,0.0,0.0,1.0
0,40,23,298.3363261744195,437.2892139687764,1.0,0.0,0.0,1.0
0,40,24,298.8299171328352,437.209414433876,1.0,0.0,0.0,1.0
0,40,25,299.32350809125086,437.12961489897566,1.0,0.0,0.0,1.0
0,40,26,299.81709904966647,437.0498153640753,1.0,0.0,0.0,1.0
0,40,27,300.31069000808213,436.970015829175,1.0,0.0,0.0,1.0
0,40,28,300.8042809664978,436.89021629427464,1.0,0.0,0.0,1.0
0,40,29,301.29787192491347,436.8104167593743,1.0,0.0,0.0,1.0
0,40,30,301.79146288332913,436.7306172244739,1.0,0.0,0.0,1.0
0,40,31,302.2850538417448,436.65081768957356,1.0,0.0,0.0,1.0
0,40,32,302.77864480016046,436.57101815467325,1.0,0.0,0.0,1.0
0,40,33,303.27223575857613,436.4912186197729,1.0,0.0,0.0,1.0
0,40,34,303.76582671699174,436.41141908487253,1.0,0.0,0.0,1.0
0,40,35,304.2594176754074,436.3316195499722,1.0,0.0,0.0,1.0
0,40,36,304.7530086338231,436.2518200150718,1.0,0.0,0.0,1.0
0,40,37,305.24659959223874,436.1720204801715,1.0,0.0,0.0,1.0
0,40,38,305.7401905506544,436.09222094527115,1.0,0.0,0.0,1.0
0,40,39,306.23378150907007,436.0124214103708,1.0,0.0,0.0,1.0
0,40,40,306.7273724674857,435.93262187547043,1.0,0.0,0.0,1.0
0,40,41,307.22096342590135,435.8528223405701,1.0,0.0,0.0,1.0
0,40,42,307.11180059615174,435.870470846674,1.0,0.0,0.0,1.0
0,40,43,306.6182096377361,435.95027038157434,1.0,0.0,0.0,1.0
0,40,44,306.1246186793204,436.0300699164747,1.0,0.0,0.0,1.0
0,40,45,305.63102772090474,436.10986945137506,1.0,0.0,0.0,1.0
0,40,46,305.1374367624891,436.18966898627536,1.0,0.0,0.0,1.0
0,40,47,304.6438458040734,436.2694685211757,1.0,0.0,0.0,1.0
0,40,48,304.1502548456578,436.3492680560761,1.0,0.0,0.0,1.0
0,40,49,303.65666388724213,436.42906759097644,1.0,0.0,0.0,1.0
0,40,50,303.16307292882647,436.5088671258768,1.0,0.0,0.0,1.0
0,40,51,302.6694819704108,436.5886666607771,1.0,0.0,0.0,1.0
0,40,52,302.17589101199513,436.66846619567747,1.0,0.0,0.0,1.0
0,40,53,301.68230005357947,436.7482657305778,1.0,0.0,0.0,1.0
0,40,54,301.1887090951638,436.8280652654782,1.0,0.0,0.0,1.0
0,40,55,300.6951181367482,436.90786480037855,1.0,0.0,0.0,1.0
0,40,56,300.2015271783325,436.98766433527885,1.0,0.0,0.0,1.0
0,40,57,299.70793621991686,437.0674638701792,1.0,0.0,0.0,1.0
0,40,58,299.2143452615012,437.14726340507957,1.0,0.0,0.0,1.0
0,40,59,298.7207543030855,437.22706293997993,1.0,0.0,0.0,1.0
0,40,60,298.22716334466986,437.3068624748803,1.0,0.0,0.0,1.0
0,40,61,297.7335723862542,437.3866620097806,1.0,0.0,0.0,1.0
0,40,62,297.2399814278386,437.46646154468095,1.0,0.0,0.0,1.0
0,40,63,296.7463904694229,437.5462610795813,1.0,0.0,0.0,1.0
0,40,64,296.25279951100725,437.6260606144817,1.0,0.0,0.0,1.0
0,40,65,295.7592085525916,437.70586014938203,1.0,0.0,0.0,1.0
0,40,66,295.2656175941759,437.78565968428234,1.0,0.0,0.0,1.0
0,40,67,294.77202663576026,437.8654592191827,1.0,0.0,0.0,1.0
0,40,68,294.2784356773446,437.94525875408306,1.0,0.0,0.0,1.0
0,40,69,293.7848447189289,438.0250582889834,1.0,0.0,0.0,1.0
0,40,70,293.2912537605133,438.1048578238837,1.0,0.0,0.0,1.0
0,40,71,292.79766280209765,438.1846573587841,1.0,0.0,0.0,1.0
0,40,72,292.304071843682,438.26445689368444,1.0,0.0,0.0,1.0
0,40,73,291.8104808852663,438.3442564285848,1.0,0.0,0.0,1.0
0,40,74,291.31688992685065,438.42405596348516,1.0,0.0,0.0,1.0
0,40,75,290.823298968435,438.50385549838546,1.0,0.0,0.0,1.0
0,40,76,290.3297080100193,438.5836550332858,1.0,0.0,0.0,1.0
0,40,77,289.8361170516037,438.6634545681862,1.0,0.0,0.0,1.0
0,40,78,289.34252609318804,438.74325410308654,1.0,0.0,0.0,1.0
0,40,79,288.8489351347724,438.8230536379869,1.0,0.0,0.0,1.0
0,40,80,288.3553441763567,438.9028531728872,1.0,0.0,0.0,1.0
0,40,81,287.86175321794104,438.98265270778757,1.0,0.0,0.0,1.0
0,40,82,287.3681622595254,439.0624522426879,1.0,0.0,0.0,1.0
0,41,0,307.4131774902344,435.8217468261719,1.0,0.0,0.0,1.0
0,41,1,307.75390371507837,435.75286065435506,1.0,0.0,0.0,1.0
0,42,0,307.8285827636719,435.7377624511719,1.0,0.0,0.0,1.0
0,42,1,308.3120773290745,435.61035363975714,1.0,0.0,0.0,1.0
0,42,2,307.95436707036663,435.70461620681385,1.0,0.0,0.0,1.0
0,43,0,308.3749694824219,435.5937805175781,1.0,0.0,0.0,1.0
0,43,1,308.8543033654143,435.4515165776094,1.0,0.0,0.0,1.0
0,43,2,309.33363724840666,435.30925263764067,1.0,0.0,0.0,1.0
0,43,3,309.8129711313991,435.16698869767197,1.0,0.0,0.0,1.0
0,43,4,310.2923050143915,435.0247247577032,1.0,0.0,0.0,1.0
0,43,5,310.77163889738387,434.8824608177345,1.0,0.0,0.0,1.0
0,43,6,311.2509727803763,434.74019687776575,1.0,0.0,0.0,1.0
0,43,7,311.7303066633687,434.59793293779705,1.0,0.0,0.0,1.0
0,43,8,312.2096405463611,434.4556689978283,1.0,0.0,0.0,1.0
0,43,9,312.6889744293535,434.3134050578596,1.0,0.0,0.0,1.0
0,43,10,313.1683083123459,434.17114111789084,1.0,0.0,0.0,1.0
0,43,11,313.64764219533834,434.02887717792214,1.0,0.0,0.0,1.0
0,43,12,314.1269760783307,433.8866132379534,1.0,0.0,0.0,1.0
0,43,13,314.6063099613231,433.7443492979847,1.0,0.0,0.0,1.0
0,43,14,315.08564384431554,433.602085358016,1.0,0.0,0.0,1.0
0,43,15,315.5649777273079,433.4598214180472,1.0,0.0,0.0,1.0
0,43,16,316.0443116103003,433.3175574780785,1.0,0.0,0.0,1.0
0,43,17,316.52364549329275,433.17529353810977,1.0,0.0,0.0,1.0
0,43,18,317.0029793762851,433.03302959814107,1.0,0.0,0.0,1.0
0,43,19,317.48231325927753,432.8907656581723,1.0,0.0,0.0,1.0
0,43,20,317.96164714226995,432.7485017182036,1.0,0.0,0.0,1.0
0,43,21,318.4409810252623,432.60623777823486,1.0,0.0,0.0,1.0
0,43,22,318.92031490825474,432.46397383826616,1.0,0.0,0.0,1.0
0,43,23,319.39964879124716,432.3217098982974,1.0,0.0,0.0,1.0
0,43,24,319.8789826742395,432.1794459583287,1.0,0.0,0.0,1.0
0,43,25,320.35831655723194,432.03718201835994,1.0,0.0,0.0,1.0
0,43,26,320.83765044022437,431.89491807839124,1.0,0.0,0.0,1.0
0,43,27,321.31698432321673,431.7526541384225,1.0,0.0,0.0,1.0
0,43,28,321.79631820620915,431.6103901984538,1.0,0.0,0.0,1.0
0,43,29,322.27565208920157,431.4681262584851,1.0,0.0,0.0,1.0
0,43,30,322.75498597219394,431.32586231851633,1.0,0.0,0.0,1.0
0,43,31,323.23431985518636,431.18359837854763,1.0,0.0,0.0,1.0
0,43,32,323.7136537381788,431.0413344385789,1.0,0.0,0.0,1.0
0,43,33,324.1929876211712,430.8990704986102,1.0,0.0,0.0,1.0
0,43,34,324.67232150416356,430.7568065586414,1.0,0.0,0.0,1.0
0,43,35,325.151655387156,430.6145426186727,1.0,0.0,0.0,1.0
0,43,36,325.6309892701484,430.47227867870396,1.0,0.0,0.0,1.0
0,43,37,326.11032315314077,430.33001473873526,1.0,0.0,0.0,1.0
0,43,38,326.5896570361332,430.1877507987665,1.0,0.0,0.0,1.0
0,43,39,327.0689909191256,430.0454868587978,1.0,0.0,0.0,1.0
0,43,40,327.548324802118,429.90322291882904,1.0,0.0,0.0,1.0
0,43,41,328.0276586851104,429.76095897886034,1.0,0.0,0.0,1.0
0,43,42,327.9215962990847,429.79243777360836,1.0,0.0,0.0,1.0
0,43,43,327.4422624160923,429.9347017135771,1.0,0.0,0.0,1.0
0,43,44,326.9629285330999,430.0769656535458,1.0,0.0,0.0,1.0
0,43,45,326.4835946501075,430.21922959351457,1.0,0.0,0.0,1.0
0,43,46,326.0042607671151,430.36149353348327,1.0,0.0,0.0,1.0
0,43,47,325.5249268841227,430.503757473452,1.0,0.0,0.0,1.0
0,43,48,325.04559300113027,430.6460214134207,1.0,0.0,0.0,1.0
0,43,49,324.5662591181379,430.7882853533895,1.0,0.0,0.0,1.0
0,43,50,324.0869252351455,430.9305492933582,1.0,0.0,0.0,1.0
0,43,51,323.60759135215307,431.07281323332694,1.0,0.0,0.0,1.0
0,43,52,323.1282574691607,431.21507717329564,1.0,0.0,0.0,1.0
0,43,53,322.6489235861683,431.3573411132644,1.0,0.0,0.0,1.0
0,43,54,322.16958970317586,431.4996050532331,1.0,0.0,0.0,1.0
0,43,55,321.69025582018344,431.64186899320185,1.0,0.0,0.0,1.0
0,43,56,321.2109219371911,431.78413293317055,1.0,0.0,0.0,1.0
0,43,57,320.73158805419865,431.92639687313925,1.0,0.0,0.0,1.0
0,43,58,320.25225417120623,432.068660813108,1.0,0.0,0.0,1.0
0,43,59,319.77292028821387,432.2109247530767,1.0,0.0,0.0,1.0
0,43,60,319.29358640522145,432.35318869304547,1.0,0.0,0.0,1.0
0,43,61,318.814252522229,432.49545263301417,1.0,0.0,0.0,1.0
0,43,62,318.33491863923666,432.6377165729829,1.0,0.0,0.0,1.0
0,43,63,317.85558475624424,432.7799805129516,1.0,0.0,0.0,1.0
0,43,64,317.3762508732518,432.9222444529204,1.0,0.0,0.0,1.0
0,43,65,316.89691699025946,433.0645083928891,1.0,0.0,0.0,1.0
0,43,66,316.41758310726703,433.20677233285784,1.0,0.0,0.0,1.0
0,43,67,315.9382492242746,433.34903627282654,1.0,0.0,0.0,1.0
0,43,68,315.45891534128225,433.4913002127953,1.0,0.0,0.0,1.0
0,43,69,314.97958145828983,433.633564152764,1.0,0.0,0.0,1.0
0,43,70,314.5002475752974,433.7758280927327,1.0,0.0,0.0,1.0
0,43,71,314.02091369230504,433.91809203270145,1.0,0.0,0.0,1.0
0,43,72,313.5415798093126,434.06035597267015,1.0,0.0,0.0,1.0
0,43,73,313.0622459263202,434.2026199126389,1.0,0.0,0.0,1.0
0,43,74,312.58291204332784,434.3448838526076,1.0,0.0,0.0,1.0
0,43,75,312.1035781603354,434.48714779257637,1.0,0.0,0.0,1.0
0,43,76,311.624244277343,434.62941173254507,1.0,0.0,0.0,1.0
0,43,77,311.14491039435063,434.7716756725138,1.0,0.0,0.0,1.0
0,43,78,310.6655765113582,434.9139396124825,1.0,0.0,0.0,1.0
0,43,79,310.1862426283658,435.0562035524513,1.0,0.0,0.0,1.0
0,43,80,309.70690874537337,435.19846749242,1.0,0.0,0.0,1.0
0,43,81,309.227574862381,435.34073143238874,1.0,0.0,0.0,1.0
0,43,82,308.7482409793886,435.48299537235744,1.0,0.0,0.0,1.0
0,44,0,328.21429443359375,429.70556640625,1.0,0.0,0.0,1.0
0,44,1,328.688636082619,429.5474525232416,1.0,0.0,0.0,1.0
0,44,2,328.261155569137,429.6899460277356,1.0,0.0,0.0,1.0
0,45,0,328.7120666503906,429.5396423339844,1.0,0.0,0.0,1.0
0,45,1,329.10984793537267,429.3807832735537,1.0,0.0,0.0,1.0
0,46,0,329.14312744140625,429.36749267578125,1.0,0.0,0.0,1.0
0,46,1,329.60033381713953,429.1651011493064,1.0,0.0,0.0,1.0
0,46,2,330.05754019287286,428.96270962283154,1.0,0.0,0.0,1.0
0,46,3,330.51474656860614,428.7603180963567,1.0,0.0,0.0,1.0
0,46,4,330.9719529443394,428.55792656988183,1.0,0.0,0.0,1.0
0,46,5,331.42915932007276,428.355535043407,1.0,0.0,0.0,1.0
0,46,6,331.88636569580603,428.1531435169321,1.0,0.0,0.0,1.0
0,46,7,332.3435720715393,427.95075199045726,1.0,0.0,0.0,1.0
0,46,8,332.80077844727265,427.7483604639824,1.0,0.0,0.0,1.0
0,46,9,333.2579848230059,427.54596893750755,1.0,0.0,0.0,1.0
0,46,10,333.71519119873926,427.3435774110327,1.0,0.0,0.0,1.0
0,46,11,334.17239757447254,427.14118588455784,1.0,0.0,0.0,1.0
0,46,12,334.6296039502058,426.938794358083,1.0,0.0,0.0,1.0
0,46,13,335.08681032593915,426.73640283160813,1.0,0.0,0.0,1.0
0,46,14,335.54401670167243,426.5340113051333,1.0,0.0,0.0,1.0
0,46,15,336.0012230774057,426.3316197786584,1.0,0.0,0.0,1.0
0,46,16,336.45842945313905,426.12922825218357,1.0,0.0,0.0,1.0
0,46,17,336.9156358288723,425.9268367257087,1.0,0.0,0.0,1.0
0,46,18,337.3728422046056,425.72444519923386,1.0,0.0,0.0,1.0
0,46,19,337.83004858033894,425.522053672759,1.0,0.0,0.0,1.0
0,46,20,338.2872549560722,425.31966214628414,1.0,0.0,0.0,1.0
0,46,21,338.7444613318055,425.1172706198093,1.0,0.0,0.0,1.0
0,46,22,339.20166770753883,424.91487909333443,1.0,0.0,0.0,1.0
0,46,23,339.6588740832721,424.7124875668596,1.0,0.0,0.0,1.0
0,46,24,340.1160804590054,424.5100960403847,1.0,0.0,0.0,1.0
0,46,25,340.5732868347387,424.30770451390987,1.0,0.0,0.0,1.0
0,46,26,341.030493210472,424.105312987435,1.0,0.0,0.0,1.0
0,46,27,341.4876995862053,423.90292146096016,1.0,0.0,0.0,1.0
0,46,28,341.9449059619386,423.7005299344853,1.0,0.0,0.0,1.0
0,46,29,342.4021123376719,423.49813840801045,1.0,0.0,0.0,1.0
0,46,30,342.85931871340523,423.2957468815356,1.0,0.0,0.0,1.0
0,46,31,343.3165250891385,423.09335535506074,1.0,0.0,0.0,1.0
0,46,32,343.7737314648718,422.8909638285859,1.0,0.0,0.0,1.0
0,46,33,344.2309378406051,422.688572302111,1.0,0.0,0.0,1.0
0,46,34,344.6881442163384,422.48618077563617,1.0,0.0,0.0,1.0
0,46,35,345.1453505920717,422.2837892491613,1.0,0.0,0.0,1.0
0,46,36,345.602556967805,422.08139772268646,1.0,0.0,0.0,1.0
0,46,37,346.0597633435383,421.8790061962116,1.0,0.0,0.0,1.0
0,46,38,346.5169697192716,421.67661466973675,1.0,0.0,0.0,1.0
0,46,39,346.9741760950049,421.4742231432619,1.0,0.0,0.0,1.0
0,46,40,347.4313824707382,421.27183161678704,1.0,0.0,0.0,1.0
0,46,41,347.8885888464715,421.0694400903122,1.0,0.0,0.0,1.0
0,46,42,347.78744452388895,421.1142136431939,1.0,0.0,0.0,1.0
0,46,43,347.3302381481557,421.3166051696688,1.0,0.0,0.0,1.0
0,46,44,346.87303177242234,421.51899669614363,1.0,0.0,0.0,1.0
0,46,45,346.41582539668906,421.7213882226185,1.0,0.0,0.0,1.0
0,46,46,345.9586190209558,421.92377974909334,1.0,0.0,0.0,1.0
0,46,47,345.50141264522244,422.1261712755682,1.0,0.0,0.0,1.0
0,46,48,345.04420626948917,422.32856280204305,1.0,0.0,0.0,1.0
0,46,49,344.5869998937559,422.5309543285179,1.0,0.0,0.0,1.0
0,46,50,344.12979351802255,422.73334585499276,1.0,0.0,0.0,1.0
0,46,51,343.6725871422893,422.9357373814676,1.0,0.0,0.0,1.0
0,46,52,343.215380766556,423.1381289079425,1.0,0.0,0.0,1.0
0,46,53,342.75817439082266,423.34052043441733,1.0,0.0,0.0,1.0
0,46,54,342.3009680150894,423.5429119608922,1.0,0.0,0.0,1.0
0,46,55,341.8437616393561,423.74530348736704,1.0,0.0,0.0,1.0
0,46,56,341.38655526362277,423.9476950138419,1.0,0.0,0.0,1.0
0,46,57,340.9293488878895,424.15008654031675,1.0,0.0,0.0,1.0
0,46,58,340.4721425121562,424.35247806679155,1.0,0.0,0.0,1.0
0,46,59,340.0149361364229,424.5548695932664,1.0,0.0,0.0,1.0
0,46,60,339.5577297606896,424.75726111974126,1.0,0.0,0.0,1.0
0,46,61,339.1005233849563,424.9596526462161,1.0,0.0,0.0,1.0
0,46,62,338.643317009223,425.16204417269097,1.0,0.0,0.0,1.0
0,46,63,338.1861106334897,425.3644356991658,1.0,0.0,0.0,1.0
0,46,64,337.72890425775637,425.5668272256407,1.0,0.0,0.0,1.0
0,46,65,337.2716978820231,425.76921875211553,1.0,0.0,0.0,1.0
0,46,66,336.8144915062898,425.9716102785904,1.0,0.0,0.0,1.0
0,46,67,336.3572851305565,426.17400180506525,1.0,0.0,0.0,1.0
0,46,68,335.9000787548232,426.3763933315401,1.0,0.0,0.0,1.0
0,46,69,335.4428723790899,426.57878485801496,1.0,0.0,0.0,1.0
0,46,70,334.9856660033566,426.7811763844898,1.0,0.0,0.0,1.0
0,46,71,334.5284596276233,426.98356791096467,1.0,0.0,0.0,1.0
0,46,72,334.07125325189,427.1859594374395,1.0,0.0,0.0,1.0
0,46,73,333.6140468761567,427.3883509639144,1.0,0.0,0.0,1.0
0,46,74,333.1568405004234,427.59074249038923,1.0,0.0,0.0,1.0
0,46,75,332.69963412469014,427.7931340168641,1.0,0.0,0.0,1.0
0,46,76,332.2424277489568,427.99552554333894,1.0,0.0,0.0,1.0
0,46,77,331.7852213732235,428.1979170698138,1.0,0.0,0.0,1.0
0,46,78,331.3280149974902,428.40030859628865,1.0,0.0,0.0,1.0
0,46,79,330.8708086217569,428.6027001227635,1.0,0.0,0.0,1.0
0,46,80,330.41360224602363,428.80509164923836,1.0,0.0,0.0,1.0
0,46,81,329.9563958702903,429.0074831757132,1.0,0.0,0.0,1.0
0,46,82,329.499189494557,429.2098747021881,1.0,0.0,0.0,1.0
0,47,0,348.0666198730469,420.9906311035156,1.0,0.0,0.0,1.0
0,47,1,348.5181330573858,420.7758385422662,1.0,0.0,0.0,1.0
0,47,2,348.2934152817127,420.88274064007703,1.0,0.0,0.0,1.0
0,48,0,348.63153076171875,420.7218933105469,1.0,0.0,0.0,1.0
0,48,1,348.83010940990937,420.6128406314083,1.0,0.0,0.0,1.0
0,49,0,348.949951171875,420.5470275878906,1.0,0.0,0.0,1.0
0,49,1,349.3775222063276,420.28783073124094,1.0,0.0,0.0,1.0
0,49,2,349.8050932407803,420.0286338745912,1.0,0.0,0.0,1.0
0,49,3,350.23266427523293,419.7694370179415,1.0,0.0,0.0,1.0
0,49,4,350.6602353096856,419.5102401612918,1.0,0.0,0.0,1.0
0,49,5,351.08780634413824,419.2510433046421,1.0,0.0,0.0,1.0
0,49,6,351.5153773785909,418.9918464479924,1.0,0.0,0.0,1.0
0,49,7,351.94294841304355,418.7326495913427,1.0,0.0,0.0,1.0
0,49,8,352.37051944749624,418.47345273469296,1.0,0.0,0.0,1.0
0,49,9,352.79809048194886,418.2142558780433,1.0,0.0,0.0,1.0
0,49,10,353.2256615164015,417.95505902139354,1.0,0.0,0.0,1.0
0,49,11,353.65323255085417,417.69586216474386,1.0,0.0,0.0,1.0
0,49,12,354.0808035853068,417.4366653080941,1.0,0.0,0.0,1.0
0,49,13,354.5083746197595,417.17746845144444,1.0,0.0,0.0,1.0
0,49,14,354.9359456542121,416.9182715947947,1.0,0.0,0.0,1.0
0,49,15,355.3635166886648,416.659074738145,1.0,0.0,0.0,1.0
0,49,16,355.7910877231174,416.3998778814953,1.0,0.0,0.0,1.0
0,49,17,356.2186587575701,416.1406810248456,1.0,0.0,0.0,1.0
0,49,18,356.6462297920227,415.88148416819587,1.0,0.0,0.0,1.0
0,49,19,357.07380082647535,415.6222873115462,1.0,0.0,0.0,1.0
0,49,20,357.50137186092803,415.36309045489645,1.0,0.0,0.0,1.0
0,49,21,357.92894289538066,415.10389359824677,1.0,0.0,0.0,1.0
0,49,22,358.35651392983334,414.84469674159703,1.0,0.0,0.0,1.0
0,49,23,358.78408496428597,414.58549988494735,1.0,0.0,0.0,1.0
0,49,24,359.21165599873865,414.3263030282976,1.0,0.0,0.0,1.0
0,49,25,359.6392270331913,414.06710617164794,1.0,0.0,0.0,1.0
0,49,26,360.06679806764396,413.8079093149982,1.0,0.0,0.0,1.0
0,49,27,360.4943691020966,413.5487124583485,1.0,0.0,0.0,1.0
0,49,28,360.92194013654927,413.2895156016988,1.0,0.0,0.0,1.0
0,49,29,361.3495111710019,413.0303187450491,1.0,0.0,0.0,1.0
0,49,30,361.7770822054545,412.77112188839936,1.0,0.0,0.0,1.0
0,49,31,362.2046532399072,412.5119250317497,1.0,0.0,0.0,1.0
0,49,32,362.6322242743598,412.25272817509995,1.0,0.0,0.0,1.0
0,49,33,363.0597953088125,411.99353131845027,1.0,0.0,0.0,1.0
0,49,34,363.48736634326514,411.73433446180053,1.0,0.0,0.0,1.0
0,49,35,363.9149373777178,411.47513760515085,1.0,0.0,0.0,1.0
0,49,36,364.34250841217045,411.2159407485011,1.0,0.0,0.0,1.0
0,49,37,364.77007944662313,410.95674389185143,1.0,0.0,0.0,1.0
0,49,38,365.19765048107575,410.6975470352017,1.0,0.0,0.0,1.0
0,49,39,365.6252215155284,410.438350178552,1.0,0.0,0.0,1.0
0,49,40,366.05279254998106,410.1791533219023,1.0,0.0,0.0,1.0
0,49,41,366.4803635844337,409.9199564652526,1.0,0.0,0.0,1.0
0,49,42,366.3857665529886,409.97730191483464,1.0,0.0,0.0,1.0
0,49,43,365.958195518536,410.2364987714843,1.0,0.0,0.0,1.0
0,49,44,365.5306244840833,410.49569562813406,1.0,0.0,0.0,1.0
0,49,45,365.1030534496307,410.75489248478374,1.0,0.0,0.0,1.0
0,49,46,364.675482415178,411.0140893414335,1.0,0.0,0.0,1.0
0,49,47,364.2479113807254,411.27328619808316,1.0,0.0,0.0,1.0
0,49,48,363.82034034627276,411.5324830547329,1.0,0.0,0.0,1.0
0,49,49,363.3927693118201,411.7916799113826,1.0,0.0,0.0,1.0
0,49,50,362.96519827736745,412.0508767680323,1.0,0.0,0.0,1.0
0,49,51,362.53762724291477,412.310073624682,1.0,0.0,0.0,1.0
0,49,52,362.11005620846214,412.5692704813317,1.0,0.0,0.0,1.0
0,49,53,361.68248517400946,412.8284673379814,1.0,0.0,0.0,1.0
0,49,54,361.25491413955683,413.08766419463115,1.0,0.0,0.0,1.0
0,49,55,360.82734310510415,413.3468610512808,1.0,0.0,0.0,1.0
0,49,56,360.3997720706515,413.60605790793056,1.0,0.0,0.0,1.0
0,49,57,359.9722010361989,413.86525476458024,1.0,0.0,0.0,1.0
0,49,58,359.5446300017462,414.12445162123,1.0,0.0,0.0,1.0
0,49,59,359.1170589672936,414.38364847787966,1.0,0.0,0.0,1.0
0,49,60,358.6894879328409,414.6428453345294,1.0,0.0,0.0,1.0
0,49,61,358.2619168983883,414.9020421911791,1.0,0.0,0.0,1.0
0,49,62,357.8343458639356,415.1612390478288,1.0,0.0,0.0,1.0
0,49,63,357.40677482948297,415.4204359044785,1.0,0.0,0.0,1.0
0,49,64,356.9792037950303,415.67963276112823,1.0,0.0,0.0,1.0
0,49,65,356.55163276057766,415.9388296177779,1.0,0.0,0.0,1.0
0,49,66,356.124061726125,416.19802647442765,1.0,0.0,0.0,1.0
0,49,67,355.69649069167235,416.45722333107733,1.0,0.0,0.0,1.0
0,49,68,355.2689196572197,416.71642018772707,1.0,0.0,0.0,1.0
0,49,69,354.84134862276704,416.97561704437675,1.0,0.0,0.0,1.0
0,49,70,354.4137775883144,417.2348139010265,1.0,0.0,0.0,1.0
0,49,71,353.98620655386173,417.49401075767616,1.0,0.0,0.0,1.0
0,49,72,353.5586355194091,417.7532076143259,1.0,0.0,0.0,1.0
0,49,73,353.1310644849564,418.0124044709756,1.0,0.0,0.0,1.0
0,49,74,352.7034934505038,418.2716013276253,1.0,0.0,0.0,1.0
0,49,75,352.2759224160511,418.530798184275,1.0,0.0,0.0,1.0
0,49,76,351.8483513815985,418.78999504092474,1.0,0.0,0.0,1.0
0,49,77,351.42078034714586,419.0491918975744,1.0,0.0,0.0,1.0
0,49,78,350.9932093126932,419.30838875422415,1.0,0.0,0.0,1.0
0,49,79,350.56563827824056,419.56758561087383,1.0,0.0,0.0,1.0
0,49,80,350.1380672437879,419.82678246752357,1.0,0.0,0.0,1.0
0,49,81,349.71049620933525,420.08597932417325,1.0,0.0,0.0,1.0
0,49,82,349.28292517488256,420.345176180823,1.0,0.0,0.0,1.0
0,50,0,366.6468505859375,409.81903076171875,1.0,0.0,0.0,1.0
0,50,1,367.06879200630226,409.5507670150429,1.0,0.0,0.0,1.0
0,50,2,367.02898092880173,409.57607827460174,1.0,0.0,0.0,1.0
0,51,0,367.2598571777344,409.4292907714844,1.0,0.0,0.0,1.0
0,51,1,367.2799481470662,409.41481087143694,1.0,0.0,0.0,1.0
0,52,0,367.47271728515625,409.27587890625,1.0,0.0,0.0,1.0
0,52,1,367.86363333059415,408.96413438678064,1.0,0.0,0.0,1.0
0,52,2,368.25454937603206,408.65238986731123,1.0,0.0,0.0,1.0
0,52,3,368.64546542146996,408.34064534784187,1.0,0.0,0.0,1.0
0,52,4,369.03638146690787,408.0289008283725,1.0,0.0,0.0,1.0
0,52,5,369.4272975123458,407.7171563089031,1.0,0.0,0.0,1.0
0,52,6,369.8182135577837,407.40541178943374,1.0,0.0,0.0,1.0
0,52,7,370.2091296032216,407.0936672699644,1.0,0.0,0.0,1.0
0,52,8,370.60004564865943,406.78192275049497,1.0,0.0,0.0,1.0
0,52,9,370.99096169409734,406.4701782310256,1.0,0.0,0.0,1.0
0,52,10,371.38187773953524,406.15843371155626,1.0,0.0,0.0,1.0
0,52,11,371.77279378497315,405.84668919208684,1.0,0.0,0.0,1.0
0,52,12,372.16370983041105,405.5349446726175,1.0,0.0,0.0,1.0
0,52,13,372.55462587584896,405.22320015314807,1.0,0.0,0.0,1.0
0,52,14,372.94554192128686,404.9114556336787,1.0,0.0,0.0,1.0
0,52,15,373.33645796672477,404.59971111420936,1.0,0.0,0.0,1.0
0,52,16,373.72737401216267,404.28796659473994,1.0,0.0,0.0,1.0
0,52,17,374.1182900576006,403.9762220752706,1.0,0.0,0.0,1.0
0,52,18,374.5092061030385,403.6644775558012,1.0,0.0,0.0,1.0
0,52,19,374.9001221484764,403.3527330363318,1.0,0.0,0.0,1.0
0,52,20,375.2910381939143,403.04098851686246,1.0,0.0,0.0,1.0
0,52,21,375.6819542393522,402.7292439973931,1.0,0.0,0.0,1.0
0,52,22,376.0728702847901,402.4174994779237,1.0,0.0,0.0,1.0
0,52,23,376.46378633022795,402.1057549584543,1.0,0.0,0.0,1.0
0,52,24,376.85470237566585,401.79401043898497,1.0,0.0,0.0,1.0
0,52,25,377.24561842110376,401.48226591951556,1.0,0.0,0.0,1.0
0,52,26,377.63653446654166,401.1705214000462,1.0,0.0,0.0,1.0
0,52,27,378.02745051197957,400.85877688057684,1.0,0.0,0.0,1.0
0,52,28,378.41836655741747,400.5470323611074,1.0,0.0,0.0,1.0
0,52,29,378.8092826028554,400.23528784163807,1.0,0.0,0.0,1.0
0,52,30,379.2001986482933,399.9235433221687,1.0,0.0,0.0,1.0
0,52,31,379.5911146937312,399.6117988026993,1.0,0.0,0.0,1.0
0,52,32,379.9820307391691,399.30005428322994,1.0,0.0,0.0,1.0
0,52,33,380.372946784607,398.9883097637605,1.0,0.0,0.0,1.0
0,52,34,380.7638628300449,398.67656524429117,1.0,0.0,0.0,1.0
0,52,35,381.1547788754828,398.3648207248218,1.0,0.0,0.0,1.0
0,52,36,381.5456949209207,398.0530762053524,1.0,0.0,0.0,1.0
0,52,37,381.9366109663586,397.74133168588304,1.0,0.0,0.0,1.0
0,52,38,382.3275270117965,397.4295871664137,1.0,0.0,0.0,1.0
0,52,39,382.71844305723437,397.11784264694427,1.0,0.0,0.0,1.0
0,52,40,383.1093591026723,396.8060981274749,1.0,0.0,0.0,1.0
0,52,41,383.5002751481102,396.49435360800555,1.0,0.0,0.0,1.0
0,52,42,383.4137404470769,396.56336259115136,1.0,0.0,0.0,1.0
0,52,43,383.022824401639,396.8751071106207,1.0,0.0,0.0,1.0
0,52,44,382.6319083562011,397.1868516300901,1.0,0.0,0.0,1.0
0,52,45,382.2409923107632,397.4985961495595,1.0,0.0,0.0,1.0
0,52,46,381.8500762653253,397.81034066902885,1.0,0.0,0.0,1.0
0,52,47,381.4591602198874,398.1220851884982,1.0,0.0,0.0,1.0
0,52,48,381.0682441744495,398.4338297079676,1.0,0.0,0.0,1.0
0,52,49,380.6773281290116,398.745574227437,1.0,0.0,0.0,1.0
0,52,50,380.2864120835737,399.05731874690633,1.0,0.0,0.0,1.0
0,52,51,379.8954960381358,399.36906326637575,1.0,0.0,0.0,1.0
0,52,52,379.50457999269787,399.6808077858451,1.0,0.0,0.0,1.0
0,52,53,379.11366394726,399.99255230531446,1.0,0.0,0.0,1.0
0,52,54,378.7227479018221,400.3042968247839,1.0,0.0,0.0,1.0
0,52,55,378.3318318563842,400.61604134425323,1.0,0.0,0.0,1.0
0,52,56,377.9409158109463,400.92778586372265,1.0,0.0,0.0,1.0
0,52,57,377.5499997655084,401.239530383192,1.0,0.0,0.0,1.0
0,52,58,377.1590837200705,401.55127490266136,1.0,0.0,0.0,1.0
0,52,59,376.7681676746326,401.8630194221308,1.0,0.0,0.0,1.0
0,52,60,376.3772516291947,402.17476394160013,1.0,0.0,0.0,1.0
0,52,61,375.9863355837568,402.4865084610695,1.0,0.0,0.0,1.0
0,52,62,375.5954195383189,402.7982529805389,1.0,0.0,0.0,1.0
0,52,63,375.204503492881,403.10999750000826,1.0,0.0,0.0,1.0
0,52,64,374.81358744744307,403.4217420194776,1.0,0.0,0.0,1.0
0,52,65,374.42267140200516,403.73348653894703,1.0,0.0,0.0,1.0
0,52,66,374.03175535656726,404.0452310584164,1.0,0.0,0.0,1.0
0,52,67,373.64083931112935,404.35697557788575,1.0,0.0,0.0,1.0
0,52,68,373.24992326569145,404.66872009735516,1.0,0.0,0.0,1.0
0,52,69,372.8590072202536,404.9804646168245,1.0,0.0,0.0,1.0
0,52,70,372.4680911748157,405.2922091362939,1.0,0.0,0.0,1.0
0,52,71,372.0771751293778,405.6039536557633,1.0,0.0,0.0,1.0
0,52,72,371.6862590839399,405.91569817523265,1.0,0.0,0.0,1.0
0,52,73,371.295343038502,406.227442694702,1.0,0.0,0.0,1.0
0,52,74,370.9044269930641,406.5391872141714,1.0,0.0,0.0,1.0
0,52,75,370.5135109476262,406.8509317336408,1.0,0.0,0.0,1.0
0,52,76,370.12259490218827,407.16267625311013,1.0,0.0,0.0,1.0
0,52,77,369.73167885675036,407.47442077257955,1.0,0.0,0.0,1.0
0,52,78,369.34076281131246,407.7861652920489,1.0,0.0,0.0,1.0
0,52,79,368.94984676587455,408.0979098115183,1.0,0.0,0.0,1.0
0,52,80,368.55893072043665,408.4096543309877,1.0,0.0,0.0,1.0
0,52,81,368.16801467499874,408.72139885045704,1.0,0.0,0.0,1.0
0,52,82,367.77709862956084,409.03314336992645,1.0,0.0,0.0,1.0
0,53,0,383.6524658203125,396.37298583984375,1.0,0.0,0.0,1.0
0,53,1,384.0385182464161,396.05523826031003,1.0,0.0,0.0,1.0
0,53,2,384.1577657532615,395.9570893973486,1.0,0.0,0.0,1.0
0,53,3,383.77171332715795,396.27483697688234,1.0,0.0,0.0,1.0
0,54,0,384.2911682128906,395.8472900390625,1.0,0.0,0.0,1.0
0,55,0,384.40966796875,395.73760986328125,1.0,0.0,0.0,1.0
0,55,1,384.7575084581136,395.3784344270954,1.0,0.0,0.0,1.0
0,55,2,385.1053489474772,395.0192589909095,1.0,0.0,0.0,1.0
0,55,3,385.4531894368407,394.66008355472366,1.0,0.0,0.0,1.0
0,55,4,385.8010299262043,394.3009081185378,1.0,0.0,0.0,1.0
0,55,5,386.1488704155679,393.9417326823519,1.0,0.0,0.0,1.0
0,55,6,386.4967109049315,393.58255724616606,1.0,0.0,0.0,1.0
0,55,7,386.8445513942951,393.2233818099802,1.0,0.0,0.0,1.0
0,55,8,387.1923918836586,392.86420637379433,1.0,0.0,0.0,1.0
0,55,9,387.5402323730222,392.50503093760847,1.0,0.0,0.0,1.0
0,55,10,387.8880728623858,392.1458555014226,1.0,0.0,0.0,1.0
0,55,11,388.2359133517494,391.78668006523674,1.0,0.0,0.0,1.0
0,55,12,388.583753841113,391.4275046290509,1.0,0.0,0.0,1.0
0,55,13,388.93159433047657,391.068329192865,1.0,0.0,0.0,1.0
0,55,14,389.2794348198401,390.70915375667914,1.0,0.0,0.0,1.0
0,55,15,389.6272753092037,390.3499783204933,1.0,0.0,0.0,1.0
0,55,16,389.9751157985673,389.99080288430747,1.0,0.0,0.0,1.0
0,55,17,390.3229562879309,389.6316274481216,1.0,0.0,0.0,1.0
0,55,18,390.67079677729447,389.27245201193574,1.0,0.0,0.0,1.0
0,55,19,391.018637266658,388.9132765757499,1.0,0.0,0.0,1.0
0,55,20,391.3664777560216,388.554101139564,1.0,0.0,0.0,1.0
0,55,21,391.7143182453852,388.19492570337815,1.0,0.0,0.0,1.0
0,55,22,392.0621587347488,387.8357502671923,1.0,0.0,0.0,1.0
0,55,23,392.40999922411237,387.4765748310064,1.0,0.0,0.0,1.0
0,55,24,392.75783971347596,387.11739939482055,1.0,0.0,0.0,1.0
0,55,25,393.1056802028395,386.7582239586347,1.0,0.0,0.0,1.0
0,55,26,393.4535206922031,386.3990485224488,1.0,0.0,0.0,1.0
0,55,27,393.8013611815667,386.03987308626296,1.0,0.0,0.0,1.0
0,55,28,394.14920167093027,385.6806976500771,1.0,0.0,0.0,1.0
0,55,29,394.49704216029386,385.3215222138912,1.0,0.0,0.0,1.0
0,55,30,394.8448826496574,384.96234677770536,1.0,0.0,0.0,1.0
0,55,31,395.192723139021,384.6031713415195,1.0,0.0,0.0,1.0
0,55,32,395.5405636283846,384.24399590533363,1.0,0.0,0.0,1.0
0,55,33,395.88840411774817,383.88482046914777,1.0,0.0,0.0,1.0
0,55,34,396.23624460711176,383.5256450329619,1.0,0.0,0.0,1.0
0,55,35,396.5840850964753,383.16646959677604,1.0,0.0,0.0,1.0
0,55,36,396.9319255858389,382.8072941605902,1.0,0.0,0.0,1.0
0,55,37,397.2797660752025,382.4481187244043,1.0,0.0,0.0,1.0
0,55,38,397.62760656456607,382.08894328821845,1.0,0.0,0.0,1.0
0,55,39,397.97544705392966,381.7297678520326,1.0,0.0,0.0,1.0
0,55,40,398.3232875432932,381.3705924158467,1.0,0.0,0.0,1.0
0,55,41,398.6711280326568,381.01141697966085,1.0,0.0,0.0,1.0
0,55,42,398.5941906576671,381.09086148386876,1.0,0.0,0.0,1.0
0,55,43,398.24635016830354,381.45003692005463,1.0,0.0,0.0,1.0
0,55,44,397.89850967893994,381.8092123562405,1.0,0.0,0.0,1.0
0,55,45,397.55066918957635,382.16838779242636,1.0,0.0,0.0,1.0
0,55,46,397.2028287002128,382.52756322861217,1.0,0.0,0.0,1.0
0,55,47,396.8549882108492,382.88673866479803,1.0,0.0,0.0,1.0
0,55,48,396.50714772148564,383.2459141009839,1.0,0.0,0.0,1.0
0,55,49,396.15930723212205,383.60508953716976,1.0,0.0,0.0,1.0
0,55,50,395.81146674275845,383.9642649733556,1.0,0.0,0.0,1.0
0,55,51,395.4636262533949,384.3234404095415,1.0,0.0,0.0,1.0
0,55,52,395.11578576403133,384.68261584572736,1.0,0.0,0.0,1.0
0,55,53,394.76794527466774,385.0417912819132,1.0,0.0,0.0,1.0
0,55,54,394.42010478530415,385.4009667180991,1.0,0.0,0.0,1.0
0,55,55,394.07226429594056,385.76014215428495,1.0,0.0,0.0,1.0
0,55,56,393.724423806577,386.1193175904708,1.0,0.0,0.0,1.0
0,55,57,393.37658331721343,386.4784930266567,1.0,0.0,0.0,1.0
0,55,58,393.02874282784984,386.83766846284254,1.0,0.0,0.0,1.0
0,55,59,392.68090233848625,387.1968438990284,1.0,0.0,0.0,1.0
0,55,60,392.33306184912266,387.5560193352143,1.0,0.0,0.0,1.0
0,55,61,391.98522135975907,387.91519477140014,1.0,0.0,0.0,1.0
0,55,62,391.63738087039553,388.274370207586,1.0,0.0,0.0,1.0
0,55,63,391.28954038103194,388.63354564377187,1.0,0.0,0.0,1.0
0,55,64,390.94169989166835,388.99272107995773,1.0,0.0,0.0,1.0
0,55,65,390.59385940230476,389.3518965161436,1.0,0.0,0.0,1.0
0,55,66,390.24601891294117,389.71107195232946,1.0,0.0,0.0,1.0
0,55,67,389.89817842357763,390.0702473885153,1.0,0.0,0.0,1.0
0,55,68,389.55033793421404,390.4294228247012,1.0,0.0,0.0,1.0
0,55,69,389.20249744485045,390.78859826088706,1.0,0.0,0.0,1.0
0,55,70,388.85465695548686,391.1477736970729,1.0,0.0,0.0,1.0
0,55,71,388.50681646612327,391.5069491332588,1.0,0.0,0.0,1.0
0,55,72,388.15897597675973,391.86612456944465,1.0,0.0,0.0,1.0
0,55,73,387.81113548739614,392.2253000056305,1.0,0.0,0.0,1.0
0,55,74,387.46329499803255,392.5844754418164,1.0,0.0,0.0,1.0
0,55,75,387.11545450866896,392.94365087800225,1.0,0.0,0.0,1.0
0,55,76,386.76761401930537,393.30282631418805,1.0,0.0,0.0,1.0
0,55,77,386.4197735299418,393.6620017503739,1.0,0.0,0.0,1.0
0,55,78,386.07193304057824,394.0211771865598,1.0,0.0,0.0,1.0
0,55,79,385.72409255121465,394.38035262274565,1.0,0.0,0.0,1.0
0,55,80,385.37625206185106,394.7395280589315,1.0,0.0,0.0,1.0
0,55,81,385.02841157248747,395.0987034951174,1.0,0.0,0.0,1.0
0,55,82,384.6805710831239,395.45787893130324,1.0,0.0,0.0,1.0
0,56,0,398.80657958984375,380.8715515136719,1.0,0.0,0.0,1.0
0,56,1,399.15099925936767,380.50909449381294,1.0,0.0,0.0,1.0
0,56,2,399.39624366876467,380.25100656901475,1.0,0.0,0.0,1.0
0,56,3,399.05182399924075,380.61346358887374,1.0,0.0,0.0,1.0
0,57,0,399.4458312988281,380.1988220214844,1.0,0.0,0.0,1.0
0,58,0,399.48492431640625,380.152587890625,1.0,0.0,0.0,1.0
0,58,1,399.783979344788,379.75188090291505,1.0,0.0,0.0,1.0
0,58,2,400.08303437316977,379.3511739152051,1.0,0.0,0.0,1.0
0,58,3,400.38208940155147,378.9504669274951,1.0,0.0,0.0,1.0
0,58,4,400.6811444299332,378.54975993978513,1.0,0.0,0.0,1.0
0,58,5,400.980199458315,378.1490529520752,1.0,0.0,0.0,1.0
0,58,6,401.27925448669674,377.7483459643652,1.0,0.0,0.0,1.0
0,58,7,401.5783095150785,377.3476389766553,1.0,0.0,0.0,1.0
0,58,8,401.8773645434602,376.9469319889453,1.0,0.0,0.0,1.0
0,58,9,402.17641957184196,376.5462250012353,1.0,0.0,0.0,1.0
0,58,10,402.4754746002237,376.14551801352536,1.0,0.0,0.0,1.0
0,58,11,402.7745296286055,375.7448110258154,1.0,0.0,0.0,1.0
0,58,12,403.07358465698724,375.34410403810546,1.0,0.0,0.0,1.0
0,58,13,403.37263968536894,374.9433970503955,1.0,0.0,0.0,1.0
0,58,14,403.6716947137507,374.5426900626855,1.0,0.0,0.0,1.0
0,58,15,403.97074974213245,374.14198307497554,1.0,0.0,0.0,1.0
0,58,16,404.2698047705142,373.7412760872656,1.0,0.0,0.0,1.0
0,58,17,404.56885979889597,373.34056909955564,1.0,0.0,0.0,1.0
0,58,18,404.8679148272777,372.9398621118457,1.0,0.0,0.0,1.0
0,58,19,405.16696985565943,372.53915512413573,1.0,0.0,0.0,1.0
0,58,20,405.4660248840412,372.1384481364257,1.0,0.0,0.0,1.0
0,58,21,405.76507991242295,371.73774114871577,1.0,0.0,0.0,1.0
0,58,22,406.0641349408047,371.3370341610058,1.0,0.0,0.0,1.0
0,58,23,406.36318996918646,370.93632717329587,1.0,0.0,0.0,1.0
0,58,24,406.66224499756817,370.5356201855859,1.0,0.0,0.0,1.0
0,58,25,406.9613000259499,370.1349131978759,1.0,0.0,0.0,1.0
0,58,26,407.2603550543317,369.73420621016595,1.0,0.0,0.0,1.0
0,58,27,407.55941008271344,369.333499222456,1.0,0.0,0.0,1.0
0,58,28,407.8584651110952,368.93279223474605,1.0,0.0,0.0,1.0
0,58,29,408.1575201394769,368.5320852470361,1.0,0.0,0.0,1.0
0,58,30,408.45657516785866,368.13137825932614,1.0,0.0,0.0,1.0
0,58,31,408.7556301962404,367.73067127161613,1.0,0.0,0.0,1.0
0,58,32,409.0546852246222,367.3299642839062,1.0,0.0,0.0,1.0
0,58,33,409.35374025300393,366.9292572961962,1.0,0.0,0.0,1.0
0,58,34,409.65279528138564,366.5285503084863,1.0,0.0,0.0,1.0
0,58,35,409.9518503097674,366.1278433207763,1.0,0.0,0.0,1.0
0,58,36,410.25090533814915,365.7271363330663,1.0,0.0,0.0,1.0
0,58,37,410.5499603665309,365.32642934535636,1.0,0.0,0.0,1.0
0,58,38,410.84901539491267,364.9257223576464,1.0,0.0,0.0,1.0
0,58,39,411.14807042329437,364.52501536993645,1.0,0.0,0.0,1.0
0,58,40,411.44712545167613,364.1243083822265,1.0,0.0,0.0,1.0
0,58,41,411.7461804800579,363.72360139451655,1.0,0.0,0.0,1.0
0,58,42,411.67998421812285,363.8122984642872,1.0,0.0,0.0,1.0
0,58,43,411.3809291897411,364.21300545199716,1.0,0.0,0.0,1.0
0,58,44,411.0818741613594,364.6137124397071,1.0,0.0,0.0,1.0
0,58,45,410.78281913297764,365.01441942741707,1.0,0.0,0.0,1.0
0,58,46,410.4837641045959,365.415126415127,1.0,0.0,0.0,1.0
0,58,47,410.1847090762141,365.81583340283703,1.0,0.0,0.0,1.0
0,58,48,409.88565404783236,366.216540390547,1.0,0.0,0.0,1.0
0,58,49,409.5865990194506,366.61724737825693,1.0,0.0,0.0,1.0
0,58,50,409.2875439910689,367.0179543659669,1.0,0.0,0.0,1.0
0,58,51,408.98848896268714,367.41866135367684,1.0,0.0,0.0,1.0
0,58,52,408.6894339343054,367.8193683413868,1.0,0.0,0.0,1.0
0,58,53,408.3903789059236,368.2200753290968,1.0,0.0,0.0,1.0
0,58,54,408.09132387754187,368.62078231680675,1.0,0.0,0.0,1.0
0,58,55,407.79226884916017,369.0214893045167,1.0,0.0,0.0,1.0
0,58,56,407.4932138207784,369.42219629222666,1.0,0.0,0.0,1.0
0,58,57,407.19415879239665,369.8229032799366,1.0,0.0,0.0,1.0
0,58,58,406.8951037640149,370.2236102676466,1.0,0.0,0.0,1.0
0,58,59,406.59604873563313,370.6243172553566,1.0,0.0,0.0,1.0
0,58,60,406.29699370725143,371.0250242430665,1.0,0.0,0.0,1.0
0,58,61,405.9979386788697,371.4257312307765,1.0,0.0,0.0,1.0
0,58,62,405.6988836504879,371.82643821848643,1.0,0.0,0.0,1.0
0,58,63,405.39982862210616,372.2271452061964,1.0,0.0,0.0,1.0
0,58,64,405.1007735937244,372.6278521939064,1.0,0.0,0.0,1.0
0,58,65,404.8017185653427,373.02855918161634,1.0,0.0,0.0,1.0
0,58,66,404.50266353696094,373.4292661693263,1.0,0.0,0.0,1.0
0,58,67,404.2036085085792,373.82997315703625,1.0,0.0,0.0,1.0
0,58,68,403.9045534801974,374.2306801447462,1.0,0.0,0.0,1.0
0,58,69,403.60549845181566,374.6313871324562,1.0,0.0,0.0,1.0
0,58,70,403.30644342343396,375.03209412016616,1.0,0.0,0.0,1.0
0,58,71,403.0073883950522,375.4328011078761,1.0,0.0,0.0,1.0
0,58,72,402.70833336667044,375.83350809558607,1.0,0.0,0.0,1.0
0,58,73,402.4092783382887,376.234215083296,1.0,0.0,0.0,1.0
0,58,74,402.1102233099069,376.634922071006,1.0,0.0,0.0,1.0
0,58,75,401.8111682815252,377.035629058716,1.0,0.0,0.0,1.0
0,58,76,401.51211325314347,377.43633604642594,1.0,0.0,0.0,1.0
0,58,77,401.2130582247617,377.8370430341359,1.0,0.0,0.0,1.0
0,58,78,400.91400319637995,378.23775002184584,1.0,0.0,0.0,1.0
0,58,79,400.6149481679982,378.6384570095558,1.0,0.0,0.0,1.0
0,58,80,400.3158931396165,379.0391639972658,1.0,0.0,0.0,1.0
0,58,81,400.01683811123473,379.43987098497576,1.0,0.0,0.0,1.0
0,58,82,399.717783082853,379.8405779726857,1.0,0.0,0.0,1.0
0,59,0,411.86260986328125,363.5675964355469,1.0,0.0,0.0,1.0
0,59,1,412.16118778994866,363.16653381985327,1.0,0.0,0.0,1.0
0,59,2,412.44599600213394,362.78396727240283,1.0,0.0,0.0,1.0
0,59,3,412.14741807546653,363.18502988809644,1.0,0.0,0.0,1.0
0,60,0,412.9471130371094,361.9186706542969,1.0,0.0,0.0,1.0
0,60,1,413.19247253203605,361.4830117071268,1.0,0.0,0.0,1.0
0,60,2,413.4378320269628,361.04735275995677,1.0,0.0,0.0,1.0
0,60,3,413.68319152188946,360.6116938127867,1.0,0.0,0.0,1.0
0,60,4,413.9285510168162,360.17603486561666,1.0,0.0,0.0,1.0
0,60,5,414.17391051174286,359.7403759184466,1.0,0.0,0.0,1.0
0,60,6,414.41927000666954,359.3047169712766,1.0,0.0,0.0,1.0
0,60,7,414.66462950159627,358.86905802410655,1.0,0.0,0.0,1.0
0,60,8,414.90998899652294,358.4333990769365,1.0,0.0,0.0,1.0
0,60,9,415.1553484914497,357.99774012976644,1.0,0.0,0.0,1.0
0,60,10,415.40070798637635,357.5620811825964,1.0,0.0,0.0,1.0
0,60,11,415.646067481303,357.12642223542633,1.0,0.0,0.0,1.0
0,60,12,415.89142697622975,356.6907632882563,1.0,0.0,0.0,1.0
0,60,13,416.1367864711564,356.2551043410862,1.0,0.0,0.0,1.0
0,60,14,416.38214596608316,355.81944539391617,1.0,0.0,0.0,1.0
0,60,15,416.62750546100983,355.3837864467461,1.0,0.0,0.0,1.0
0,60,16,416.8728649559365,354.94812749957606,1.0,0.0,0.0,1.0
0,60,17,417.11822445086324,354.512468552406,1.0,0.0,0.0,1.0
0,60,18,417.3635839457899,354.076809605236,1.0,0.0,0.0,1.0
0,60,19,417.60894344071664,353.64115065806595,1.0,0.0,0.0,1.0
0,60,20,417.8543029356433,353.2054917108959,1.0,0.0,0.0,1.0
0,60,21,418.09966243057,352.76983276372584,1.0,0.0,0.0,1.0
0,60,22,418.3450219254967,352.3341738165558,1.0,0.0,0.0,1.0
0,60,23,418.5903814204234,351.89851486938574,1.0,0.0,0.0,1.0
0,60,24,418.83574091535013,351.4628559222157,1.0,0.0,0.0,1.0
0,60,25,419.0811004102768,351.0271969750456,1.0,0.0,0.0,1.0
0,60,26,419.3264599052035,350.5915380278756,1.0,0.0,0.0,1.0
0,60,27,419.5718194001302,350.1558790807055,1.0,0.0,0.0,1.0
0,60,28,419.8171788950569,349.72022013353546,1.0,0.0,0.0,1.0
0,60,29,420.0625383899836,349.2845611863654,1.0,0.0,0.0,1.0
0,60,30,420.3078978849103,348.8489022391954,1.0,0.0,0.0,1.0
0,60,31,420.55325737983696,348.41324329202536,1.0,0.0,0.0,1.0
0,60,32,420.7986168747637,347.9775843448553,1.0,0.0,0.0,1.0
0,60,33,421.04397636969037,347.54192539768525,1.0,0.0,0.0,1.0
0,60,34,421.28933586461704,347.1062664505152,1.0,0.0,0.0,1.0
0,60,35,421.5346953595438,346.67060750334514,1.0,0.0,0.0,1.0
0,60,36,421.78005485447045,346.2349485561751,1.0,0.0,0.0,1.0
0,60,37,422.0254143493972,345.79928960900503,1.0,0.0,0.0,1.0
0,60,38,422.27077384432386,345.363630661835,1.0,0.0,0.0,1.0
0,60,39,422.51613333925053,344.9279717146649,1.0,0.0,0.0,1.0
0,60,40,422.76149283417726,344.49231276749487,1.0,0.0,0.0,1.0
0,60,41,423.00685232910394,344.0566538203248,1.0,0.0,0.0,1.0
0,60,42,422.9525611251881,344.1530529784077,1.0,0.0,0.0,1.0
0,60,43,422.7072016302614,344.58871192557774,1.0,0.0,0.0,1.0
0,60,44,422.46184213533473,345.0243708727478,1.0,0.0,0.0,1.0
0,60,45,422.216482640408,345.46002981991785,1.0,0.0,0.0,1.0
0,60,46,421.97112314548133,345.8956887670879,1.0,0.0,0.0,1.0
0,60,47,421.7257636505546,346.33134771425796,1.0,0.0,0.0,1.0
0,60,48,421.4804041556279,346.767006661428,1.0,0.0,0.0,1.0
0,60,49,421.23504466070125,347.20266560859807,1.0,0.0,0.0,1.0
0,60,50,420.9896851657745,347.6383245557681,1.0,0.0,0.0,1.0
0,60,51,420.74432567084784,348.0739835029382,1.0,0.0,0.0,1.0
0,60,52,420.4989661759211,348.50964245010823,1.0,0.0,0.0,1.0
0,60,53,420.25360668099444,348.9453013972783,1.0,0.0,0.0,1.0
0,60,54,420.00824718606776,349.3809603444483,1.0,0.0,0.0,1.0
0,60,55,419.76288769114103,349.81661929161834,1.0,0.0,0.0,1.0
0,60,56,419.51752819621436,350.2522782387884,1.0,0.0,0.0,1.0
0,60,57,419.2721687012876,350.68793718595845,1.0,0.0,0.0,1.0
0,60,58,419.02680920636095,351.1235961331285,1.0,0.0,0.0,1.0
0,60,59,418.7814497114343,351.55925508029856,1.0,0.0,0.0,1.0
0,60,60,418.53609021650755,351.9949140274686,1.0,0.0,0.0,1.0
0,60,61,418.29073072158087,352.43057297463866,1.0,0.0,0.0,1.0
0,60,62,418.04537122665414,352.8662319218087,1.0,0.0,0.0,1.0
0,60,63,417.80001173172747,353.3018908689788,1.0,0.0,0.0,1.0
0,60,64,417.5546522368008,353.7375498161488,1.0,0.0,0.0,1.0
0,60,65,417.30929274187406,354.1732087633188,1.0,0.0,0.0,1.0
0,60,66,417.0639332469474,354.6088677104889,1.0,0.0,0.0,1.0
0,60,67,416.81857375202065,355.04452665765893,1.0,0.0,0.0,1.0
0,60,68,416.573214257094,355.480185604829,1.0,0.0,0.0,1.0
0,60,69,416.3278547621673,355.91584455199904,1.0,0.0,0.0,1.0
0,60,70,416.0824952672406,356.3515034991691,1.0,0.0,0.0,1.0
0,60,71,415.8371357723139,356.78716244633915,1.0,0.0,0.0,1.0
0,60,72,415.59177627738717,357.2228213935092,1.0,0.0,0.0,1.0
0,60,73,415.3464167824605,357.65848034067926,1.0,0.0,0.0,1.0
0,60,74,415.1010572875338,358.0941392878493,1.0,0.0,0.0,1.0
0,60,75,414.8556977926071,358.52979823501937,1.0,0.0,0.0,1.0
0,60,76,414.6103382976804,358.9654571821894,1.0,0.0,0.0,1.0
0,60,77,414.3649788027537,359.4011161293595,1.0,0.0,0.0,1.0
0,60,78,414.119619307827,359.8367750765295,1.0,0.0,0.0,1.0
0,60,79,413.87425981290033,360.27243402369953,1.0,0.0,0.0,1.0
0,60,80,413.6289003179736,360.7080929708696,1.0,0.0,0.0,1.0
0,60,81,413.3835408230469,361.14375191803964,1.0,0.0,0.0,1.0
0,60,82,413.1381813281202,361.5794108652097,1.0,0.0,0.0,1.0
0,61,0,412.4749755859375,362.7409362792969,1.0,0.0,0.0,1.0
0,61,1,412.723947448972,362.30733160748497,1.0,0.0,0.0,1.0
0,61,2,412.9213067622122,361.9636143729207,1.0,0.0,0.0,1.0
0,61,3,412.6723348991777,362.39721904473265,1.0,0.0,0.0,1.0
0,62,0,412.452880859375,362.77471923828125,1.0,0.0,0.0,1.0
0,63,0,423.493896484375,342.9794006347656,1.0,0.0,0.0,1.0
0,63,1,423.6815293815254,342.5159420110386,1.0,0.0,0.0,1.0
0,63,2,423.86916227867584,342.0524833873116,1.0,0.0,0.0,1.0
0,63,3,424.05679517582627,341.5890247635846,1.0,0.0,0.0,1.0
0,63,4,424.2444280729767,341.12556613985754,1.0,0.0,0.0,1.0
0,63,5,424.43206097012705,340.66210751613056,1.0,0.0,0.0,1.0
0,63,6,424.6196938672775,340.1986488924035,1.0,0.0,0.0,1.0
0,63,7,424.8073267644279,339.7351902686765,1.0,0.0,0.0,1.0
0,63,8,424.9949596615783,339.27173164494945,1.0,0.0,0.0,1.0
0,63,9,425.18259255872874,338.8082730212225,1.0,0.0,0.0,1.0
0,63,10,425.37022545587917,338.34481439749544,1.0,0.0,0.0,1.0
0,63,11,425.5578583530296,337.8813557737684,1.0,0.0,0.0,1.0
0,63,12,425.74549125018,337.4178971500414,1.0,0.0,0.0,1.0
0,63,13,425.9331241473304,336.9544385263144,1.0,0.0,0.0,1.0
0,63,14,426.1207570444808,336.49097990258736,1.0,0.0,0.0,1.0
0,63,15,426.3083899416312,336.0275212788604,1.0,0.0,0.0,1.0
0,63,16,426.49602283878164,335.56406265513334,1.0,0.0,0.0,1.0
0,63,17,426.68365573593206,335.1006040314063,1.0,0.0,0.0,1.0
0,63,18,426.8712886330825,334.6371454076793,1.0,0.0,0.0,1.0
0,63,19,427.0589215302329,334.1736867839523,1.0,0.0,0.0,1.0
0,63,20,427.24655442738333,333.71022816022526,1.0,0.0,0.0,1.0
0,63,21,427.43418732453375,333.2467695364983,1.0,0.0,0.0,1.0
0,63,22,427.6218202216841,332.78331091277124,1.0,0.0,0.0,1.0
0,63,23,427.80945311883454,332.3198522890442,1.0,0.0,0.0,1.0
0,63,24,427.99708601598496,331.85639366531717,1.0,0.0,0.0,1.0
0,63,25,428.1847189131354,331.3929350415902,1.0,0.0,0.0,1.0
0,63,26,428.3723518102858,330.92947641786316,1.0,0.0,0.0,1.0
0,63,27,428.55998470743623,330.4660177941361,1.0,0.0,0.0,1.0
0,63,28,428.74761760458665,330.00255917040914,1.0,0.0,0.0,1.0
0,63,29,428.9352505017371,329.5391005466821,1.0,0.0,0.0,1.0
0,63,30,429.12288339888744,329.07564192295507,1.0,0.0,0.0,1.0
0,63,31,429.31051629603786,328.6121832992281,1.0,0.0,0.0,1.0
0,63,32,429.4981491931883,328.14872467550106,1.0,0.0,0.0,1.0
0,63,33,429.6857820903387,327.685266051774,1.0,0.0,0.0,1.0
0,63,34,429.8734149874891,327.221807428047,1.0,0.0,0.0,1.0
0,63,35,430.06104788463955,326.75834880432,1.0,0.0,0.0,1.0
0,63,36,430.24868078179,326.294890180593,1.0,0.0,0.0,1.0
0,63,37,430.4363136789404,325.83143155686594,1.0,0.0,0.0,1.0
0,63,38,430.6239465760908,325.36797293313896,1.0,0.0,0.0,1.0
0,63,39,430.8115794732412,324.9045143094119,1.0,0.0,0.0,1.0
0,63,40,430.9992123703916,324.4410556856849,1.0,0.0,0.0,1.0
0,63,41,431.186845267542,323.9775970619579,1.0,0.0,0.0,1.0
0,63,42,431.14529722593255,324.0802219133316,1.0,0.0,0.0,1.0
0,63,43,430.95766432878213,324.54368053705866,1.0,0.0,0.0,1.0
0,63,44,430.7700314316317,325.00713916078564,1.0,0.0,0.0,1.0
0,63,45,430.5823985344813,325.4705977845127,1.0,0.0,0.0,1.0
0,63,46,430.39476563733086,325.9340564082397,1.0,0.0,0.0,1.0
0,63,47,430.2071327401805,326.39751503196675,1.0,0.0,0.0,1.0
0,63,48,430.0194998430301,326.8609736556937,1.0,0.0,0.0,1.0
0,63,49,429.83186694587965,327.32443227942076,1.0,0.0,0.0,1.0
0,63,50,429.64423404872923,327.7878909031478,1.0,0.0,0.0,1.0
0,63,51,429.4566011515788,328.2513495268748,1.0,0.0,0.0,1.0
0,63,52,429.2689682544284,328.7148081506018,1.0,0.0,0.0,1.0
0,63,53,429.08133535727796,329.17826677432885,1.0,0.0,0.0,1.0
0,63,54,428.89370246012754,329.6417253980558,1.0,0.0,0.0,1.0
0,63,55,428.7060695629771,330.10518402178286,1.0,0.0,0.0,1.0
0,63,56,428.51843666582675,330.5686426455099,1.0,0.0,0.0,1.0
0,63,57,428.33080376867633,331.0321012692369,1.0,0.0,0.0,1.0
0,63,58,428.1431708715259,331.4955598929639,1.0,0.0,0.0,1.0
0,63,59,427.9555379743755,331.95901851669095,1.0,0.0,0.0,1.0
0,63,60,427.76790507722507,332.422477140418,1.0,0.0,0.0,1.0
0,63,61,427.58027218007464,332.88593576414496,1.0,0.0,0.0,1.0
0,63,62,427.3926392829242,333.349394387872,1.0,0.0,0.0,1.0
0,63,63,427.2050063857738,333.81285301159903,1.0,0.0,0.0,1.0
0,63,64,427.01737348862343,334.276311635326,1.0,0.0,0.0,1.0
0,63,65,426.829740591473,334.73977025905305,1.0,0.0,0.0,1.0
0,63,66,426.6421076943226,335.2032288827801,1.0,0.0,0.0,1.0
0,63,67,426.45447479717217,335.66668750650706,1.0,0.0,0.0,1.0
0,63,68,426.26684190002175,336.1301461302341,1.0,0.0,0.0,1.0
0,63,69,426.0792090028713,336.59360475396113,1.0,0.0,0.0,1.0
0,63,70,425.8915761057209,337.0570633776881,1.0,0.0,0.0,1.0
0,63,71,425.7039432085705,337.52052200141515,1.0,0.0,0.0,1.0
0,63,72,425.51631031142006,337.9839806251422,1.0,0.0,0.0,1.0
0,63,73,425.3286774142697,338.44743924886916,1.0,0.0,0.0,1.0
0,63,74,425.14104451711927,338.9108978725962,1.0,0.0,0.0,1.0
0,63,75,424.95341161996885,339.37435649632323,1.0,0.0,0.0,1.0
0,63,76,424.7657787228184,339.83781512005027,1.0,0.0,0.0,1.0
0,63,77,424.578145825668,340.30127374377724,1.0,0.0,0.0,1.0
0,63,78,424.3905129285176,340.7647323675043,1.0,0.0,0.0,1.0
0,63,79,424.20288003136716,341.2281909912313,1.0,0.0,0.0,1.0
0,63,80,424.01524713421674,341.6916496149583,1.0,0.0,0.0,1.0
0,63,81,423.82761423706637,342.15510823868533,1.0,0.0,0.0,1.0
0,63,82,423.63998133991595,342.61856686241237,1.0,0.0,0.0,1.0
0,64,0,423.16473388671875,343.76025390625,1.0,0.0,0.0,1.0
0,64,1,423.3589539610768,343.29951692844554,1.0,0.0,0.0,1.0
0,64,2,423.4346189333152,343.1200213188901,1.0,0.0,0.0,1.0
0,64,3,423.2403988589572,343.58075829669457,1.0,0.0,0.0,1.0
0,65,0,423.1023864746094,343.88702392578125,1.0,0.0,0.0,1.0
0,66,0,431.54339599609375,322.8502197265625,1.0,0.0,0.0,1.0
0,66,1,431.67022326383767,322.36657228869416,1.0,0.0,0.0,1.0
0,66,2,431.79705053158165,321.8829248508258,1.0,0.0,0.0,1.0
0,66,3,431.92387779932557,321.3992774129575,1.0,0.0,0.0,1.0
0,66,4,432.0507050670695,320.91562997508913,1.0,0.0,0.0,1.0
0,66,5,432.1775323348134,320.4319825372208,1.0,0.0,0.0,1.0
0,66,6,432.3043596025574,319.94833509935245,1.0,0.0,0.0,1.0
0,66,7,432.4311868703013,319.4646876614841,1.0,0.0,0.0,1.0
0,66,8,432.5580141380452,318.98104022361576,1.0,0.0,0.0,1.0
0,66,9,432.68484140578914,318.4973927857475,1.0,0.0,0.0,1.0
0,66,10,432.8116686735331,318.01374534787914,1.0,0.0,0.0,1.0
0,66,11,432.93849594127704,317.5300979100108,1.0,0.0,0.0,1.0
0,66,12,433.06532320902096,317.04645047214245,1.0,0.0,0.0,1.0
0,66,13,433.1921504767649,316.5628030342741,1.0,0.0,0.0,1.0
0,66,14,433.31897774450886,316.07915559640577,1.0,0.0,0.0,1.0
0,66,15,433.4458050122528,315.5955081585374,1.0,0.0,0.0,1.0
0,66,16,433.5726322799967,315.1118607206691,1.0,0.0,0.0,1.0
0,66,17,433.6994595477406,314.62821328280074,1.0,0.0,0.0,1.0
0,66,18,433.8262868154846,314.1445658449324,1.0,0.0,0.0,1.0
0,66,19,433.9531140832285,313.66091840706406,1.0,0.0,0.0,1.0
0,66,20,434.07994135097243,313.1772709691957,1.0,0.0,0.0,1.0
0,66,21,434.20676861871635,312.6936235313274,1.0,0.0,0.0,1.0
0,66,22,434.33359588646033,312.20997609345903,1.0,0.0,0.0,1.0
0,66,23,434.46042315420425,311.7263286555907,1.0,0.0,0.0,1.0
0,66,24,434.58725042194817,311.24268121772235,1.0,0.0,0.0,1.0
0,66,25,434.7140776896921,310.759033779854,1.0,0.0,0.0,1.0
0,66,26,434.84090495743607,310.2753863419857,1.0,0.0,0.0,1.0
0,66,27,434.96773222518,309.7917389041174,1.0,0.0,0.0,1.0
0,66,28,435.0945594929239,309.30809146624904,1.0,0.0,0.0,1.0
0,66,29,435.2213867606678,308.8244440283807,1.0,0.0,0.0,1.0
0,66,30,435.3482140284118,308.34079659051235,1.0,0.0,0.0,1.0
0,66,31,435.4750412961557,307.857149152644,1.0,0.0,0.0,1.0
0,66,32,435.60186856389964,307.37350171477567,1.0,0.0,0.0,1.0
0,66,33,435.72869583164356,306.88985427690733,1.0,0.0,0.0,1.0
0,66,34,435.85552309938754,306.406206839039,1.0,0.0,0.0,1.0
0,66,35,435.98235036713146,305.92255940117064,1.0,0.0,0.0,1.0
0,66,36,436.1091776348754,305.4389119633023,1.0,0.0,0.0,1.0
0,66,37,436.2360049026193,304.95526452543396,1.0,0.0,0.0,1.0
0,66,38,436.3628321703633,304.4716170875656,1.0,0.0,0.0,1.0
0,66,39,436.4896594381072,303.9879696496973,1.0,0.0,0.0,1.0
0,66,40,436.6164867058511,303.50432221182893,1.0,0.0,0.0,1.0
0,66,41,436.74331397359504,303.0206747739606,1.0,0.0,0.0,1.0
0,66,42,436.71524694225474,303.12770655062644,1.0,0.0,0.0,1.0
0,66,43,436.5884196745108,303.6113539884948,1.0,0.0,0.0,1.0
0,66,44,436.4615924067669,304.0950014263631,1.0,0.0,0.0,1.0
0,66,45,436.334765139023,304.57864886423147,1.0,0.0,0.0,1.0
0,66,46,436.207937871279,305.0622963020998,1.0,0.0,0.0,1.0
0,66,47,436.0811106035351,305.54594373996815,1.0,0.0,0.0,1.0
0,66,48,435.95428333579116,306.0295911778365,1.0,0.0,0.0,1.0
0,66,49,435.82745606804724,306.51323861570484,1.0,0.0,0.0,1.0
0,66,50,435.70062880030326,306.9968860535732,1.0,0.0,0.0,1.0
0,66,51,435.57380153255934,307.4805334914415,1.0,0.0,0.0,1.0
0,66,52,435.4469742648154,307.96418092930986,1.0,0.0,0.0,1.0
0,66,53,435.3201469970715,308.4478283671782,1.0,0.0,0.0,1.0
0,66,54,435.1933197293275,308.93147580504655,1.0,0.0,0.0,1.0
0,66,55,435.0664924615836,309.4151232429149,1.0,0.0,0.0,1.0
0,66,56,434.9396651938397,309.89877068078323,1.0,0.0,0.0,1.0
0,66,57,434.81283792609577,310.3824181186516,1.0,0.0,0.0,1.0
0,66,58,434.6860106583518,310.86606555651986,1.0,0.0,0.0,1.0
0,66,59,434.55918339060787,311.3497129943882,1.0,0.0,0.0,1.0
0,66,60,434.43235612286395,311.83336043225654,1.0,0.0,0.0,1.0
0,66,61,434.30552885512,312.3170078701249,1.0,0.0,0.0,1.0
0,66,62,434.17870158737605,312.8006553079932,1.0,0.0,0.0,1.0
0,66,63,434.05187431963213,313.28430274586157,1.0,0.0,0.0,1.0
0,66,64,433.9250470518882,313.7679501837299,1.0,0.0,0.0,1.0
0,66,65,433.79821978414424,314.25159762159825,1.0,0.0,0.0,1.0
0,66,66,433.6713925164003,314.7352450594666,1.0,0.0,0.0,1.0
0,66,67,433.5445652486564,315.21889249733493,1.0,0.0,0.0,1.0
0,66,68,433.4177379809125,315.7025399352033,1.0,0.0,0.0,1.0
0,66,69,433.2909107131685,316.1861873730716,1.0,0.0,0.0,1.0
0,66,70,433.1640834454246,316.66983481093996,1.0,0.0,0.0,1.0
0,66,71,433.03725617768066,317.1534822488083,1.0,0.0,0.0,1.0
0,66,72,432.91042890993674,317.63712968667664,1.0,0.0,0.0,1.0
0,66,73,432.78360164219276,318.120777124545,1.0,0.0,0.0,1.0
0,66,74,432.65677437444884,318.6044245624133,1.0,0.0,0.0,1.0
0,66,75,432.5299471067049,319.0880720002816,1.0,0.0,0.0,1.0
0,66,76,432.403119838961,319.57171943814996,1.0,0.0,0.0,1.0
0,66,77,432.276292571217,320.0553668760183,1.0,0.0,0.0,1.0
0,66,78,432.1494653034731,320.53901431388664,1.0,0.0,0.0,1.0
0,66,79,432.0226380357292,321.022661751755,1.0,0.0,0.0,1.0
0,66,80,431.89581076798527,321.5063091896233,1.0,0.0,0.0,1.0
0,66,81,431.7689835002413,321.98995662749167,1.0,0.0,0.0,1.0
0,66,82,431.64215623249737,322.47360406536,1.0,0.0,0.0,1.0
0,67,0,431.3394775390625,323.56842041015625,1.0,0.0,0.0,1.0
0,67,1,431.4760443041802,323.0874323451637,1.0,0.0,0.0,1.0
0,67,2,431.47418092288956,323.09399517295384,1.0,0.0,0.0,1.0
0,68,0,431.2598876953125,323.79718017578125,1.0,0.0,0.0,1.0
0,69,0,436.9643249511719,301.8589172363281,1.0,0.0,0.0,1.0
0,69,1,437.02826389931533,301.36302227677487,1.0,0.0,0.0,1.0
0,69,2,437.0922028474588,300.8671273172217,1.0,0.0,0.0,1.0
0,69,3,437.15614179560225,300.3712323576684,1.0,0.0,0.0,1.0
0,69,4,437.22008074374577,299.87533739811516,1.0,0.0,0.0,1.0
0,69,5,437.2840196918892,299.3794424385619,1.0,0.0,0.0,1.0
0,69,6,437.3479586400327,298.8835474790087,1.0,0.0,0.0,1.0
0,69,7,437.41189758817615,298.38765251945546,1.0,0.0,0.0,1.0
0,69,8,437.4758365363196,297.8917575599022,1.0,0.0,0.0,1.0
0,69,9,437.53977548446306,297.395862600349,1.0,0.0,0.0,1.0
0,69,10,437.6037144326066,296.89996764079575,1.0,0.0,0.0,1.0
0,69,11,437.66765338075004,296.4040726812425,1.0,0.0,0.0,1.0
0,69,12,437.7315923288935,295.9081777216893,1.0,0.0,0.0,1.0
0,69,13,437.79553127703696,295.41228276213604,1.0,0.0,0.0,1.0
0,69,14,437.8594702251804,294.9163878025828,1.0,0.0,0.0,1.0
0,69,15,437.9234091733239,294.4204928430296,1.0,0.0,0.0,1.0
0,69,16,437.98734812146733,293.92459788347634,1.0,0.0,0.0,1.0
0,69,17,438.05128706961085,293.4287029239231,1.0,0.0,0.0,1.0
0,69,18,438.1152260177543,292.93280796436983,1.0,0.0,0.0,1.0
0,69,19,438.17916496589777,292.43691300481663,1.0,0.0,0.0,1.0
0,69,20,438.2431039140412,291.9410180452634,1.0,0.0,0.0,1.0
0,69,21,438.3070428621847,291.4451230857101,1.0,0.0,0.0,1.0
0,69,22,438.37098181032815,290.9492281261569,1.0,0.0,0.0,1.0
0,69,23,438.4349207584716,290.45333316660367,1.0,0.0,0.0,1.0
0,69,24,438.4988597066151,289.9574382070504,1.0,0.0,0.0,1.0
0,69,25,438.5627986547586,289.4615432474972,1.0,0.0,0.0,1.0
0,69,26,438.62673760290204,288.96564828794396,1.0,0.0,0.0,1.0
0,69,27,438.6906765510455,288.4697533283907,1.0,0.0,0.0,1.0
0,69,28,438.75461549918896,287.97385836883745,1.0,0.0,0.0,1.0
0,69,29,438.8185544473324,287.47796340928426,1.0,0.0,0.0,1.0
0,69,30,438.88249339547593,286.982068449731,1.0,0.0,0.0,1.0
0,69,31,438.9464323436194,286.48617349017775,1.0,0.0,0.0,1.0
0,69,32,439.01037129176285,285.99027853062455,1.0,0.0,0.0,1.0
0,69,33,439.0743102399063,285.4943835710713,1.0,0.0,0.0,1.0
0,69,34,439.13824918804977,284.99848861151804,1.0,0.0,0.0,1.0
0,69,35,439.20218813619323,284.50259365196484,1.0,0.0,0.0,1.0
0,69,36,439.2661270843367,284.0066986924116,1.0,0.0,0.0,1.0
0,69,37,439.3300660324802,283.51080373285834,1.0,0.0,0.0,1.0
0,69,38,439.39400498062366,283.0149087733051,1.0,0.0,0.0,1.0
0,69,39,439.4579439287671,282.5190138137519,1.0,0.0,0.0,1.0
0,69,40,439.5218828769106,282.02311885419863,1.0,0.0,0.0,1.0
0,69,41,439.58582182505404,281.5272238946454,1.0,0.0,0.0,1.0
0,69,42,439.5716747736775,281.6369449906891,1.0,0.0,0.0,1.0
0,69,43,439.507735825534,282.1328399502423,1.0,0.0,0.0,1.0
0,69,44,439.4437968773905,282.6287349097956,1.0,0.0,0.0,1.0
0,69,45,439.37985792924707,283.1246298693488,1.0,0.0,0.0,1.0
0,69,46,439.3159189811036,283.62052482890203,1.0,0.0,0.0,1.0
0,69,47,439.25198003296015,284.1164197884553,1.0,0.0,0.0,1.0
0,69,48,439.1880410848167,284.61231474800854,1.0,0.0,0.0,1.0
0,69,49,439.12410213667323,285.10820970756174,1.0,0.0,0.0,1.0
0,69,50,439.0601631885297,285.604104667115,1.0,0.0,0.0,1.0
0,69,51,438.99622424038625,286.09999962666825,1.0,0.0,0.0,1.0
0,69,52,438.9322852922428,286.59589458622145,1.0,0.0,0.0,1.0
0,69,53,438.86834634409934,287.0917895457747,1.0,0.0,0.0,1.0
0,69,54,438.8044073959559,287.58768450532796,1.0,0.0,0.0,1.0
0,69,55,438.7404684478124,288.08357946488115,1.0,0.0,0.0,1.0
0,69,56,438.67652949966896,288.5794744244344,1.0,0.0,0.0,1.0
0,69,57,438.61259055152544,289.07536938398766,1.0,0.0,0.0,1.0
0,69,58,438.548651603382,289.5712643435409,1.0,0.0,0.0,1.0
0,69,59,438.4847126552385,290.0671593030941,1.0,0.0,0.0,1.0
0,69,60,438.42077370709507,290.56305426264737,1.0,0.0,0.0,1.0
0,69,61,438.3568347589516,291.0589492222006,1.0,0.0,0.0,1.0
0,69,62,438.29289581080815,291.5548441817538,1.0,0.0,0.0,1.0
0,69,63,438.22895686266463,292.0507391413071,1.0,0.0,0.0,1.0
0,69,64,438.1650179145212,292.54663410086033,1.0,0.0,0.0,1.0
0,69,65,438.1010789663777,293.04252906041353,1.0,0.0,0.0,1.0
0,69,66,438.03714001823425,293.5384240199668,1.0,0.0,0.0,1.0
0,69,67,437.9732010700908,294.03431897952004,1.0,0.0,0.0,1.0
0,69,68,437.90926212194734,294.5302139390733,1.0,0.0,0.0,1.0
0,69,69,437.8453231738039,295.0261088986265,1.0,0.0,0.0,1.0
0,69,70,437.78138422566036,295.52200385817974,1.0,0.0,0.0,1.0
0,69,71,437.7174452775169,296.017898817733,1.0,0.0,0.0,1.0
0,69,72,437.65350632937344,296.5137937772862,1.0,0.0,0.0,1.0
0,69,73,437.58956738123,297.00968873683945,1.0,0.0,0.0,1.0
0,69,74,437.5256284330865,297.5055836963927,1.0,0.0,0.0,1.0
0,69,75,437.46168948494307,298.0014786559459,1.0,0.0,0.0,1.0
0,69,76,437.39775053679955,298.49737361549916,1.0,0.0,0.0,1.0
0,69,77,437.3338115886561,298.9932685750524,1.0,0.0,0.0,1.0
0,69,78,437.26987264051263,299.4891635346056,1.0,0.0,0.0,1.0
0,69,79,437.2059336923692,299.98505849415886,1.0,0.0,0.0,1.0
0,69,80,437.1419947442257,300.4809534537121,1.0,0.0,0.0,1.0
0,69,81,437.07805579608225,300.9768484132654,1.0,0.0,0.0,1.0
0,69,82,437.0141168479388,301.47274337281857,1.0,0.0,0.0,1.0
0,70,0,436.86505126953125,302.4969787597656,1.0,0.0,0.0,1.0
0,70,1,436.9419196410764,302.0029228383802,1.0,0.0,0.0,1.0
0,70,2,436.90986188972215,302.20896755566145,1.0,0.0,0.0,1.0
0,71,0,436.7926940917969,302.8323669433594,1.0,0.0,0.0,1.0
0,71,1,436.83196368052387,302.65034552618954,1.0,0.0,0.0,1.0
0,72,0,439.6681823730469,280.34735107421875,1.0,0.0,0.0,1.0
0,72,1,439.6681823730469,279.84735107421875,1.0,0.0,0.0,1.0
0,72,2,439.6681823730469,279.34735107421875,1.0,0.0,0.0,1.0
0,72,3,439.6681823730469,278.84735107421875,1.0,0.0,0.0,1.0
0,72,4,439.6681823730469,278.34735107421875,1.0,0.0,0.0,1.0
0,72,5,439.6681823730469,277.84735107421875,1.0,0.0,0.0,1.0
0,72,6,439.6681823730469,277.34735107421875,1.0,0.0,0.0,1.0
0,72,7,439.6681823730469,276.84735107421875,1.0,0.0,0.0,1.0
0,72,8,439.6681823730469,276.34735107421875,1.0,0.0,0.0,1.0
0,72,9,439.6681823730469,275.84735107421875,1.0,0.0,0.0,1.0
0,72,10,439.6681823730469,275.34735107421875,1.0,0.0,0.0,1.0
0,72,11,439.6681823730469,274.84735107421875,1.0,0.0,0.0,1.0
0,72,12,439.6681823730469,274.34735107421875,1.0,0.0,0.0,1.0
0,72,13,439.6681823730469,273.84735107421875,1.0,0.0,0.0,1.0
0,72,14,439.6681823730469,273.34735107421875,1.0,0.0,0.0,1.0
0,72,15,439.6681823730469,272.84735107421875,1.0,0.0,0.0,1.0
0,72,16,439.6681823730469,272.34735107421875,1.0,0.0,0.0,1.0
0,72,17,439.6681823730469,271.84735107421875,1.0,0.0,0.0,1.0
0,72,18,439.6681823730469,271.34735107421875,1.0,0.0,0.0,1.0
0,72,19,439.6681823730469,270.84735107421875,1.0,0.0,0.0,1.0
0,72,20,439.6681823730469,270.34735107421875,1.0,0.0,0.0,1.0
0,72,21,439.6681823730469,269.84735107421875,1.0,0.0,0.0,1.0
0,72,22,439.6681823730469,269.34735107421875,1.0,0.0,0.0,1.0
0,72,23,439.6681823730469,268.84735107421875,1.0,0.0,0.0,1.0
0,72,24,439.6681823730469,268.34735107421875,1.0,0.0,0.0,1.0
0,72,25,439.6681823730469,267.84735107421875,1.0,0.0,0.0,1.0
0,72,26,439.6681823730469,267.34735107421875,1.0,0.0,0.0,1.0
0,72,27,439.6681823730469,266.84735107421875,1.0,0.0,0.0,1.0
0,72,28,439.6681823730469,266.34735107421875,1.0,0.0,0.0,1.0
0,72,29,439.6681823730469,265.84735107421875,1.0,0.0,0.0,1.0
0,72,30,439.6681823730469,265.34735107421875,1.0,0.0,0.0,1.0
0,72,31,439.6681823730469,264.84735107421875,1.0,0.0,0.0,1.0
0,72,32,439.6681823730469,264.34735107421875,1.0,0.0,0.0,1.0
0,72,33,439.6681823730469,263.84735107421875,1.0,0.0,0.0,1.0
0,72,34,439.6681823730469,263.34735107421875,1.0,0.0,0.0,1.0
0,72,35,439.6681823730469,262.84735107421875,1.0,0.0,0.0,1.0
0,72,36,439.6681823730469,262.34735107421875,1.0,0.0,0.0,1.0
0,72,37,439.6681823730469,261.84735107421875,1.0,0.0,0.0,1.0
0,72,38,439.6681823730469,261.34735107421875,1.0,0.0,0.0,1.0
0,72,39,439.6681823730469,260.84735107421875,1.0,0.0,0.0,1.0
0,72,40,439.6681823730469,260.34735107421875,1.0,0.0,0.0,1.0
0,72,41,439.6681823730469,259.84735107421875,1.0,0.0,0.0,1.0
0,72,42,439.6681823730469,259.95794677734375,1.0,0.0,0.0,1.0
0,72,43,439.6681823730469,260.45794677734375,1.0,0.0,0.0,1.0
0,72,44,439.6681823730469,260.95794677734375,1.0,0.0,0.0,1.0
0,72,45,439.6681823730469,261.45794677734375,1.0,0.0,0.0,1.0
0,72,46,439.6681823730469,261.95794677734375,1.0,0.0,0.0,1.0
0,72,47,439.6681823730469,262.45794677734375,1.0,0.0,0.0,1.0
0,72,48,439.6681823730469,262.95794677734375,1.0,0.0,0.0,1.0
0,72,49,439.6681823730469,263.45794677734375,1.0,0.0,0.0,1.0
0,72,50,439.6681823730469,263.95794677734375,1.0,0.0,0.0,1.0
0,72,51,439.6681823730469,264.45794677734375,1.0,0.0,0.0,1.0
0,72,52,439.6681823730469,264.95794677734375,1.0,0.0,0.0,1.0
0,72,53,439.6681823730469,265.45794677734375,1.0,0.0,0.0,1.0
0,72,54,439.6681823730469,265.95794677734375,1.0,0.0,0.0,1.0
0,72,55,439.6681823730469,266.45794677734375,1.0,0.0,0.0,1.0
0,72,56,439.6681823730469,266.95794677734375,1.0,0.0,0.0,1.0
0,72,57,439.6681823730469,267.45794677734375,1.0,0.0,0.0,1.0
0,72,58,439.6681823730469,267.95794677734375,1.0,0.0,0.0,1.0
0,72,59,439.6681823730469,268.45794677734375,1.0,0.0,0.0,1.0
0,72,60,439.6681823730469,268.95794677734375,1.0,0.0,0.0,1.0
0,72,61,439.6681823730469,269.45794677734375,1.0,0.0,0.0,1.0
0,72,62,439.6681823730469,269.95794677734375,1.0,0.0,0.0,1.0
0,72,63,439.6681823730469,270.45794677734375,1.0,0.0,0.0,1.0
0,72,64,439.6681823730469,270.95794677734375,1.0,0.0,0.0,1.0
0,72,65,439.6681823730469,271.45794677734375,1.0,0.0,0.0,1.0
0,72,66,439.6681823730469,271.95794677734375,1.0,0.0,0.0,1.0
0,72,67,439.6681823730469,272.45794677734375,1.0,0.0,0.0,1.0
0,72,68,439.6681823730469,272.95794677734375,1.0,0.0,0.0,1.0
0,72,69,439.6681823730469,273.45794677734375,1.0,0.0,0.0,1.0
0,72,70,439.6681823730469,273.95794677734375,1.0,0.0,0.0,1.0
0,72,71,439.6681823730469,274.45794677734375,1.0,0.0,0.0,1.0
0,72,72,439.6681823730469,274.95794677734375,1.0,0.0,0.0,1.0
0,72,73,439.6681823730469,275.45794677734375,1.0,0.0,0.0,1.0
0,72,74,439.6681823730469,275.95794677734375,1.0,0.0,0.0,1.0
0,72,75,439.6681823730469,276.45794677734375,1.0,0.0,0.0,1.0
0,72,76,439.6681823730469,276.95794677734375,1.0,0.0,0.0,1.0
0,72,77,439.6681823730469,277.45794677734375,1.0,0.0,0.0,1.0
0,72,78,439.6681823730469,277.95794677734375,1.0,0.0,0.0,1.0
0,72,79,439.6681823730469,278.45794677734375,1.0,0.0,0.0,1.0
0,72,80,439.6681823730469,278.95794677734375,1.0,0.0,0.0,1.0
0,72,81,439.6681823730469,279.45794677734375,1.0,0.0,0.0,1.0
0,72,82,439.6681823730469,279.95794677734375,1.0,0.0,0.0,1.0
0,73,0,439.6507263183594,280.8919372558594,1.0,0.0,0.0,1.0
0,73,1,439.666744989604,280.3921939195641,1.0,0.0,0.0,1.0
0,73,2,439.65360108524504,280.8022515651687,1.0,0.0,0.0,1.0
0,74,0,439.6107177734375,281.3341369628906,1.0,0.0,0.0,1.0
0,74,1,439.64568079716236,280.94770354277364,1.0,0.0,0.0,1.0
0,75,0,439.6107177734375,258.6658630371094,1.0,0.0,0.0,1.0
0,75,1,439.54677873177997,258.1699680896135,1.0,0.0,0.0,1.0
0,75,2,439.4828396901224,257.67407314211766,1.0,0.0,0.0,1.0
0,75,3,439.41890064846484,257.1781781946218,1.0,0.0,0.0,1.0
0,75,4,439.35496160680725,256.68228324712595,1.0,0.0,0.0,1.0
0,75,5,439.2910225651497,256.1863882996301,1.0,0.0,0.0,1.0
0,75,6,439.2270835234922,255.69049335213427,1.0,0.0,0.0,1.0
0,75,7,439.1631444818346,255.1945984046384,1.0,0.0,0.0,1.0
0,75,8,439.09920544017706,254.69870345714256,1.0,0.0,0.0,1.0
0,75,9,439.03526639851947,254.2028085096467,1.0,0.0,0.0,1.0
0,75,10,438.97132735686193,253.70691356215087,1.0,0.0,0.0,1.0
0,75,11,438.9073883152044,253.21101861465502,1.0,0.0,0.0,1.0
0,75,12,438.8434492735468,252.71512366715916,1.0,0.0,0.0,1.0
0,75,13,438.7795102318893,252.2192287196633,1.0,0.0,0.0,1.0
0,75,14,438.7155711902317,251.72333377216745,1.0,0.0,0.0,1.0
0,75,15,438.65163214857415,251.2274388246716,1.0,0.0,0.0,1.0
0,75,16,438.5876931069166,250.73154387717574,1.0,0.0,0.0,1.0
0,75,17,438.523754065259,250.2356489296799,1.0,0.0,0.0,1.0
0,75,18,438.4598150236015,249.73975398218406,1.0,0.0,0.0,1.0
0,75,19,438.39587598194396,249.2438590346882,1.0,0.0,0.0,1.0
0,75,20,438.33193694028637,248.74796408719234,1.0,0.0,0.0,1.0
0,75,21,438.26799789862883,248.2520691396965,1.0,0.0,0.0,1.0
0,75,22,438.20405885697124,247.75617419220063,1.0,0.0,0.0,1.0
0,75,23,438.1401198153137,247.2602792447048,1.0,0.0,0.0,1.0
0,75,24,438.0761807736562,246.76438429720895,1.0,0.0,0.0,1.0
0,75,25,438.0122417319986,246.2684893497131,1.0,0.0,0.0,1.0
0,75,26,437.94830269034105,245.77259440221724,1.0,0.0,0.0,1.0
0,75,27,437.88436364868346,245.27669945472138,1.0,0.0,0.0,1.0
0,75,28,437.8204246070259,244.78080450722553,1.0,0.0,0.0,1.0
0,75,29,437.7564855653684,244.28490955972967,1.0,0.0,0.0,1.0
0,75,30,437.6925465237108,243.78901461223384,1.0,0.0,0.0,1.0
0,75,31,437.62860748205327,243.293119664738,1.0,0.0,0.0,1.0
0,75,32,437.5646684403957,242.79722471724213,1.0,0.0,0.0,1.0
0,75,33,437.50072939873814,242.30132976974627,1.0,0.0,0.0,1.0
0,75,34,437.4367903570806,241.80543482225042,1.0,0.0,0.0,1.0
0,75,35,437.372851315423,241.30953987475456,1.0,0.0,0.0,1.0
0,75,36,437.3089122737655,240.81364492725874,1.0,0.0,0.0,1.0
0,75,37,437.2449732321079,240.31774997976288,1.0,0.0,0.0,1.0
0,75,38,437.18103419045036,239.82185503226702,1.0,0.0,0.0,1.0
0,75,39,437.1170951487928,239.32596008477117,1.0,0.0,0.0,1.0
0,75,40,437.05315610713524,238.8300651372753,1.0,0.0,0.0,1.0
0,75,41,436.9892170654777,238.33417018977946,1.0,0.0,0.0,1.0
0,75,42,437.00337187852364,238.4439513202164,1.0,0.0,0.0,1.0
0,75,43,437.06731092018117,238.93984626771223,1.0,0.0,0.0,1.0
0,75,44,437.1312499618387,239.43574121520808,1.0,0.0,0.0,1.0
0,75,45,437.1951890034963,239.93163616270394,1.0,0.0,0.0,1.0
0,75,46,437.25912804515383,240.4275311101998,1.0,0.0,0.0,1.0
0,75,47,437.3230670868114,240.92342605769565,1.0,0.0,0.0,1.0
0,75,48,437.38700612846895,241.4193210051915,1.0,0.0,0.0,1.0
0,75,49,437.4509451701265,241.91521595268736,1.0,0.0,0.0,1.0
0,75,50,437.5148842117841,242.4111109001832,1.0,0.0,0.0,1.0
0,75,51,437.5788232534416,242.90700584767905,1.0,0.0,0.0,1.0
0,75,52,437.6427622950992,243.4029007951749,1.0,0.0,0.0,1.0
0,75,53,437.70670133675674,243.89879574267076,1.0,0.0,0.0,1.0
0,75,54,437.77064037841427,244.3946906901666,1.0,0.0,0.0,1.0
0,75,55,437.83457942007186,244.89058563766247,1.0,0.0,0.0,1.0
0,75,56,437.8985184617294,245.3864805851583,1.0,0.0,0.0,1.0
0,75,57,437.96245750338693,245.88237553265415,1.0,0.0,0.0,1.0
0,75,58,438.0263965450445,246.37827048015,1.0,0.0,0.0,1.0
0,75,59,438.09033558670205,246.87416542764586,1.0,0.0,0.0,1.0
0,75,60,438.15427462835964,247.37006037514172,1.0,0.0,0.0,1.0
0,75,61,438.2182136700172,247.86595532263757,1.0,0.0,0.0,1.0
0,75,62,438.2821527116747,248.36185027013343,1.0,0.0,0.0,1.0
0,75,63,438.3460917533323,248.85774521762926,1.0,0.0,0.0,1.0
0,75,64,438.41003079498984,249.3536401651251,1.0,0.0,0.0,1.0
0,75,65,438.4739698366474,249.84953511262097,1.0,0.0,0.0,1.0
0,75,66,438.53790887830496,250.34543006011683,1.0,0.0,0.0,1.0
0,75,67,438.6018479199625,250.84132500761268,1.0,0.0,0.0,1.0
0,75,68,438.6657869616201,251.33721995510854,1.0,0.0,0.0,1.0
0,75,69,438.7297260032776,251.8331149026044,1.0,0.0,0.0,1.0
0,75,70,438.7936650449352,252.32900985010022,1.0,0.0,0.0,1.0
0,75,71,438.85760408659274,252.82490479759608,1.0,0.0,0.0,1.0
0,75,72,438.9215431282503,253.32079974509193,1.0,0.0,0.0,1.0
0,75,73,438.98548216990787,253.8166946925878,1.0,0.0,0.0,1.0
0,75,74,439.0494212115654,254.31258964008364,1.0,0.0,0.0,1.0
0,75,75,439.113360253223,254.80848458757947,1.0,0.0,0.0,1.0
0,75,76,439.1772992948805,255.30437953507533,1.0,0.0,0.0,1.0
0,75,77,439.24123833653806,255.80027448257118,1.0,0.0,0.0,1.0
0,75,78,439.30517737819565,256.29616943006704,1.0,0.0,0.0,1.0
0,75,79,439.3691164198532,256.7920643775629,1.0,0.0,0.0,1.0
0,75,80,439.4330554615108,257.28795932505875,1.0,0.0,0.0,1.0
0,75,81,439.4969945031683,257.7838542725546,1.0,0.0,0.0,1.0
0,75,82,439.56093354482584,258.27974922005046,1.0,0.0,0.0,1.0
0,76,0,439.6507263183594,259.1080627441406,1.0,0.0,0.0,1.0
0,76,1,439.6157632946345,258.72162932402364,1.0,0.0,0.0,1.0
0,77,0,439.6681823730469,259.65264892578125,1.0,0.0,0.0,1.0
0,77,1,439.65216370180224,259.15290558948595,1.0,0.0,0.0,1.0
0,77,2,439.6653076061612,259.5629632350906,1.0,0.0,0.0,1.0
0,78,0,436.7926940917969,237.16766357421875,1.0,0.0,0.0,1.0
0,78,1,436.66586691450794,236.68401611263033,1.0,0.0,0.0,1.0
0,78,2,436.53903973721907,236.2003686510419,1.0,0.0,0.0,1.0
0,78,3,436.41221255993014,235.71672118945347,1.0,0.0,0.0,1.0
0,78,4,436.2853853826412,235.23307372786505,1.0,0.0,0.0,1.0
0,78,5,436.15855820535234,234.74942626627663,1.0,0.0,0.0,1.0
0,78,6,436.0317310280634,234.2657788046882,1.0,0.0,0.0,1.0
0,78,7,435.9049038507745,233.78213134309976,1.0,0.0,0.0,1.0
0,78,8,435.7780766734856,233.29848388151134,1.0,0.0,0.0,1.0
0,78,9,435.65124949619667,232.81483641992293,1.0,0.0,0.0,1.0
0,78,10,435.52442231890774,232.3311889583345,1.0,0.0,0.0,1.0
0,78,11,435.39759514161887,231.84754149674606,1.0,0.0,0.0,1.0
0,78,12,435.27076796432993,231.36389403515764,1.0,0.0,0.0,1.0
0,78,13,435.143940787041,230.88024657356922,1.0,0.0,0.0,1.0
0,78,14,435.01711360975213,230.3965991119808,1.0,0.0,0.0,1.0
0,78,15,434.8902864324632,229.9129516503924,1.0,0.0,0.0,1.0
0,78,16,434.7634592551743,229.42930418880394,1.0,0.0,0.0,1.0
0,78,17,434.6366320778854,228.94565672721552,1.0,0.0,0.0,1.0
0,78,18,434.50980490059646,228.4620092656271,1.0,0.0,0.0,1.0
0,78,19,434.3829777233076,227.97836180403868,1.0,0.0,0.0,1.0
0,78,20,434.25615054601866,227.49471434245024,1.0,0.0,0.0,1.0
0,78,21,434.12932336872973,227.01106688086182,1.0,0.0,0.0,1.0
0,78,22,434.00249619144086,226.5274194192734,1.0,0.0,0.0,1.0
0,78,23,433.8756690141519,226.04377195768498,1.0,0.0,0.0,1.0
0,78,24,433.748841836863,225.56012449609653,1.0,0.0,0.0,1.0
0,78,25,433.6220146595741,225.07647703450812,1.0,0.0,0.0,1.0
0,78,26,433.4951874822852,224.5928295729197,1.0,0.0,0.0,1.0
0,78,27,433.36836030499626,224.10918211133128,1.0,0.0,0.0,1.0
0,78,28,433.2415331277074,223.62553464974286,1.0,0.0,0.0,1.0
0,78,29,433.11470595041845,223.1418871881544,1.0,0.0,0.0,1.0
0,78,30,432.9878787731295,222.658239726566,1.0,0.0,0.0,1.0
0,78,31,432.86105159584065,222.17459226497758,1.0,0.0,0.0,1.0
0,78,32,432.7342244185517,221.69094480338916,1.0,0.0,0.0,1.0
0,78,33,432.6073972412628,221.2072973418007,1.0,0.0,0.0,1.0
0,78,34,432.4805700639739,220.7236498802123,1.0,0.0,0.0,1.0
0,78,35,432.353742886685,220.24000241862387,1.0,0.0,0.0,1.0
0,78,36,432.22691570939605,219.75635495703546,1.0,0.0,0.0,1.0
0,78,37,432.1000885321072,219.27270749544704,1.0,0.0,0.0,1.0
0,78,38,431.97326135481825,218.7890600338586,1.0,0.0,0.0,1.0
0,78,39,431.8464341775293,218.30541257227017,1.0,0.0,0.0,1.0
0,78,40,431.71960700024044,217.82176511068175,1.0,0.0,0.0,1.0
0,78,41,431.5927798229515,217.33811764909333,1.0,0.0,0.0,1.0
0,78,42,431.6208393465249,217.44512087694824,1.0,0.0,0.0,1.0
0,78,43,431.7476665238138,217.92876833853666,1.0,0.0,0.0,1.0
0,78,44,431.8744937011027,218.41241580012507,1.0,0.0,0.0,1.0
0,78,45,432.0013208783916,218.8960632617135,1.0,0.0,0.0,1.0
0,78,46,432.1281480556805,219.37971072330194,1.0,0.0,0.0,1.0
0,78,47,432.25497523296946,219.86335818489036,1.0,0.0,0.0,1.0
0,78,48,432.38180241025833,220.34700564647878,1.0,0.0,0.0,1.0
0,78,49,432.50862958754726,220.8306531080672,1.0,0.0,0.0,1.0
0,78,50,432.6354567648362,221.31430056965564,1.0,0.0,0.0,1.0
0,78,51,432.76228394212507,221.79794803124406,1.0,0.0,0.0,1.0
0,78,52,432.889111119414,222.28159549283248,1.0,0.0,0.0,1.0
0,78,53,433.0159382967029,222.7652429544209,1.0,0.0,0.0,1.0
0,78,54,433.1427654739918,223.24889041600932,1.0,0.0,0.0,1.0
0,78,55,433.26959265128073,223.73253787759776,1.0,0.0,0.0,1.0
0,78,56,433.39641982856966,224.21618533918618,1.0,0.0,0.0,1.0
0,78,57,433.52324700585854,224.6998328007746,1.0,0.0,0.0,1.0
0,78,58,433.65007418314747,225.18348026236302,1.0,0.0,0.0,1.0
0,78,59,433.7769013604364,225.66712772395147,1.0,0.0,0.0,1.0
0,78,60,433.90372853772527,226.15077518553989,1.0,0.0,0.0,1.0
0,78,61,434.0305557150142,226.6344226471283,1.0,0.0,0.0,1.0
0,78,62,434.15738289230313,227.11807010871672,1.0,0.0,0.0,1.0
0,78,63,434.284210069592,227.60171757030514,1.0,0.0,0.0,1.0
0,78,64,434.41103724688094,228.0853650318936,1.0,0.0,0.0,1.0
0,78,65,434.53786442416987,228.569012493482,1.0,0.0,0.0,1.0
0,78,66,434.66469160145874,229.05265995507042,1.0,0.0,0.0,1.0
0,78,67,434.7915187787477,229.53630741665884,1.0,0.0,0.0,1.0
0,78,68,434.9183459560366,230.0199548782473,1.0,0.0,0.0,1.0
0,78,69,435.0451731333255,230.5036023398357,1.0,0.0,0.0,1.0
0,78,70,435.1720003106144,230.98724980142413,1.0,0.0,0.0,1.0
0,78,71,435.29882748790334,231.47089726301255,1.0,0.0,0.0,1.0
0,78,72,435.4256546651922,231.954544724601,1.0,0.0,0.0,1.0
0,78,73,435.55248184248114,232.4381921861894,1.0,0.0,0.0,1.0
0,78,74,435.67930901977,232.92183964777783,1.0,0.0,0.0,1.0
0,78,75,435.80613619705895,233.40548710936625,1.0,0.0,0.0,1.0
0,78,76,435.9329633743479,233.8891345709547,1.0,0.0,0.0,1.0
0,78,77,436.05979055163675,234.3727820325431,1.0,0.0,0.0,1.0
0,78,78,436.1866177289257,234.85642949413153,1.0,0.0,0.0,1.0
0,78,79,436.3134449062146,235.34007695571995,1.0,0.0,0.0,1.0
0,78,80,436.4402720835035,235.82372441730837,1.0,0.0,0.0,1.0
0,78,81,436.5670992607924,236.30737187889682,1.0,0.0,0.0,1.0
0,78,82,436.69392643808135,236.79101934048524,1.0,0.0,0.0,1.0
0,79,0,436.86505126953125,237.5030517578125,1.0,0.0,0.0,1.0
0,79,1,436.82578168080425,237.32103034064266,1.0,0.0,0.0,1.0
0,80,0,436.9643249511719,238.14111328125,1.0,0.0,0.0,1.0
0,80,1,436.8874565796267,237.6470573598646,1.0,0.0,0.0,1.0
0,80,2,436.919514330981,237.85310207714582,1.0,0.0,0.0,1.0
0,81,0,431.2598876953125,216.20286560058594,1.0,0.0,0.0,1.0
0,81,1,431.07225505463504,215.73940687302502,1.0,0.0,0.0,1.0
0,81,2,430.8846224139576,215.27594814546407,1.0,0.0,0.0,1.0
0,81,3,430.69698977328005,214.81248941790315,1.0,0.0,0.0,1.0
0,81,4,430.5093571326026,214.3490306903422,1.0,0.0,0.0,1.0
0,81,5,430.3217244919251,213.88557196278128,1.0,0.0,0.0,1.0
0,81,6,430.13409185124766,213.42211323522034,1.0,0.0,0.0,1.0
0,81,7,429.9464592105702,212.95865450765942,1.0,0.0,0.0,1.0
0,81,8,429.75882656989273,212.49519578009847,1.0,0.0,0.0,1.0
0,81,9,429.5711939292152,212.03173705253755,1.0,0.0,0.0,1.0
0,81,10,429.38356128853775,211.56827832497663,1.0,0.0,0.0,1.0
0,81,11,429.1959286478603,211.10481959741568,1.0,0.0,0.0,1.0
0,81,12,429.0082960071828,210.64136086985476,1.0,0.0,0.0,1.0
0,81,13,428.82066336650536,210.17790214229382,1.0,0.0,0.0,1.0
0,81,14,428.6330307258279,209.7144434147329,1.0,0.0,0.0,1.0
0,81,15,428.4453980851504,209.25098468717195,1.0,0.0,0.0,1.0
0,81,16,428.2577654444729,208.78752595961103,1.0,0.0,0.0,1.0
0,81,17,428.07013280379545,208.32406723205008,1.0,0.0,0.0,1.0
0,81,18,427.882500163118,207.86060850448916,1.0,0.0,0.0,1.0
0,81,19,427.6948675224405,207.39714977692825,1.0,0.0,0.0,1.0
0,81,20,427.507234881763,206.9336910493673,1.0,0.0,0.0,1.0
0,81,21,427.31960224108553,206.47023232180638,1.0,0.0,0.0,1.0
0,81,22,427.13196960040807,206.00677359424543,1.0,0.0,0.0,1.0
0,81,23,426.9443369597306,205.5433148666845,1.0,0.0,0.0,1.0
0,81,24,426.75670431905314,205.07985613912356,1.0,0.0,0.0,1.0
0,81,25,426.5690716783757,204.61639741156264,1.0,0.0,0.0,1.0
0,81,26,426.38143903769816,204.1529386840017,1.0,0.0,0.0,1.0
0,81,27,426.1938063970207,203.68947995644078,1.0,0.0,0.0,1.0
0,81,28,426.00617375634323,203.22602122887986,1.0,0.0,0.0,1.0
0,81,29,425.81854111566577,202.7625625013189,1.0,0.0,0.0,1.0
0,81,30,425.6309084749883,202.299103773758,1.0,0.0,0.0,1.0
0,81,31,425.44327583431084,201.83564504619704,1.0,0.0,0.0,1.0
0,81,32,425.2556431936333,201.37218631863612,1.0,0.0,0.0,1.0
0,81,33,425.06801055295585,200.90872759107518,1.0,0.0,0.0,1.0
0,81,34,424.8803779122784,200.44526886351426,1.0,0.0,0.0,1.0
0,81,35,424.6927452716009,199.9818101359533,1.0,0.0,0.0,1.0
0,81,36,424.50511263092346,199.5183514083924,1.0,0.0,0.0,1.0
0,81,37,424.31747999024594,199.05489268083147,1.0,0.0,0.0,1.0
0,81,38,424.1298473495685,198.59143395327052,1.0,0.0,0.0,1.0
0,81,39,423.942214708891,198.1279752257096,1.0,0.0,0.0,1.0
0,81,40,423.75458206821355,197.66451649814866,1.0,0.0,0.0,1.0
0,81,41,423.5669494275361,197.20105777058774,1.0,0.0,0.0,1.0
0,81,42,423.6084761818914,197.30363020502008,1.0,0.0,0.0,1.0
0,81,43,423.7961088225689,197.767088932581,1.0,0.0,0.0,1.0
0,81,44,423.98374146324636,198.23054766014192,1.0,0.0,0.0,1.0
0,81,45,424.1713741039238,198.69400638770287,1.0,0.0,0.0,1.0
0,81,46,424.3590067446013,199.1574651152638,1.0,0.0,0.0,1.0
0,81,47,424.54663938527875,199.62092384282474,1.0,0.0,0.0,1.0
0,81,48,424.7342720259563,200.08438257038566,1.0,0.0,0.0,1.0
0,81,49,424.92190466663374,200.5478412979466,1.0,0.0,0.0,1.0
0,81,50,425.1095373073112,201.01130002550752,1.0,0.0,0.0,1.0
0,81,51,425.29716994798866,201.47475875306847,1.0,0.0,0.0,1.0
0,81,52,425.4848025886661,201.9382174806294,1.0,0.0,0.0,1.0
0,81,53,425.6724352293436,202.4016762081903,1.0,0.0,0.0,1.0
0,81,54,425.8600678700211,202.86513493575126,1.0,0.0,0.0,1.0
0,81,55,426.0477005106986,203.32859366331218,1.0,0.0,0.0,1.0
0,81,56,426.23533315137604,203.79205239087312,1.0,0.0,0.0,1.0
0,81,57,426.4229657920535,204.25551111843404,1.0,0.0,0.0,1.0
0,81,58,426.61059843273097,204.718969845995,1.0,0.0,0.0,1.0
0,81,59,426.79823107340843,205.1824285735559,1.0,0.0,0.0,1.0
0,81,60,426.98586371408595,205.64588730111686,1.0,0.0,0.0,1.0
0,81,61,427.1734963547634,206.10934602867778,1.0,0.0,0.0,1.0
0,81,62,427.3611289954409,206.5728047562387,1.0,0.0,0.0,1.0
0,81,63,427.54876163611834,207.03626348379964,1.0,0.0,0.0,1.0
0,81,64,427.7363942767958,207.49972221136056,1.0,0.0,0.0,1.0
0,81,65,427.9240269174733,207.9631809389215,1.0,0.0,0.0,1.0
0,81,66,428.1116595581508,208.42663966648243,1.0,0.0,0.0,1.0
0,81,67,428.29929219882825,208.89009839404338,1.0,0.0,0.0,1.0
0,81,68,428.4869248395057,209.3535571216043,1.0,0.0,0.0,1.0
0,81,69,428.6745574801832,209.81701584916524,1.0,0.0,0.0,1.0
0,81,70,428.86219012086065,210.28047457672616,1.0,0.0,0.0,1.0
0,81,71,429.04982276153817,210.74393330428708,1.0,0.0,0.0,1.0
0,81,72,429.23745540221563,211.20739203184803,1.0,0.0,0.0,1.0
0,81,73,429.4250880428931,211.67085075940895,1.0,0.0,0.0,1.0
0,81,74,429.61272068357056,212.1343094869699,1.0,0.0,0.0,1.0
0,81,75,429.800353324248,212.59776821453082,1.0,0.0,0.0,1.0
0,81,76,429.9879859649255,213.06122694209176,1.0,0.0,0.0,1.0
0,81,77,430.175618605603,213.52468566965268,1.0,0.0,0.0,1.0
0,81,78,430.36325124628047,213.9881443972136,1.0,0.0,0.0,1.0
0,81,79,430.55088388695793,214.45160312477455,1.0,0.0,0.0,1.0
0,81,80,430.7385165276354,214.91506185233547,1.0,0.0,0.0,1.0
0,81,81,430.92614916831286,215.37852057989642,1.0,0.0,0.0,1.0
0,81,82,431.1137818089904,215.84197930745734,1.0,0.0,0.0,1.0
0,82,0,431.3394775390625,216.43161010742188,1.0,0.0,0.0,1.0
0,83,0,431.54339599609375,217.14979553222656,1.0,0.0,0.0,1.0
0,83,1,431.40682654590324,216.66880822961383,1.0,0.0,0.0,1.0
0,83,2,431.40869798241226,216.67539928784262,1.0,0.0,0.0,1.0
0,84,0,423.1023864746094,196.1129913330078,1.0,0.0,0.0,1.0
0,84,1,422.8570271373133,195.67733229706155,1.0,0.0,0.0,1.0
0,84,2,422.61166780001724,195.2416732611153,1.0,0.0,0.0,1.0
0,84,3,422.3663084627211,194.806014225169,1.0,0.0,0.0,1.0
0,84,4,422.12094912542506,194.37035518922275,1.0,0.0,0.0,1.0
0,84,5,421.875589788129,193.9346961532765,1.0,0.0,0.0,1.0
0,84,6,421.6302304508329,193.49903711733023,1.0,0.0,0.0,1.0
0,84,7,421.3848711135368,193.06337808138395,1.0,0.0,0.0,1.0
0,84,8,421.13951177624074,192.6277190454377,1.0,0.0,0.0,1.0
0,84,9,420.8941524389447,192.19206000949143,1.0,0.0,0.0,1.0
0,84,10,420.6487931016486,191.75640097354517,1.0,0.0,0.0,1.0
0,84,11,420.4034337643525,191.32074193759888,1.0,0.0,0.0,1.0
0,84,12,420.1580744270564,190.88508290165262,1.0,0.0,0.0,1.0
0,84,13,419.91271508976035,190.44942386570636,1.0,0.0,0.0,1.0
0,84,14,419.6673557524643,190.0137648297601,1.0,0.0,0.0,1.0
0,84,15,419.4219964151682,189.57810579381385,1.0,0.0,0.0,1.0
0,84,16,419.1766370778721,189.14244675786756,1.0,0.0,0.0,1.0
0,84,17,418.93127774057604,188.7067877219213,1.0,0.0,0.0,1.0
0,84,18,418.68591840327997,188.27112868597504,1.0,0.0,0.0,1.0
0,84,19,418.4405590659839,187.83546965002878,1.0,0.0,0.0,1.0
0,84,20,418.1951997286878,187.3998106140825,1.0,0.0,0.0,1.0
0,84,21,417.9498403913917,186.96415157813624,1.0,0.0,0.0,1.0
0,84,22,417.70448105409565,186.52849254218998,1.0,0.0,0.0,1.0
0,84,23,417.4591217167996,186.09283350624372,1.0,0.0,0.0,1.0
0,84,24,417.2137623795035,185.65717447029743,1.0,0.0,0.0,1.0
0,84,25,416.9684030422074,185.22151543435118,1.0,0.0,0.0,1.0
0,84,26,416.72304370491133,184.78585639840492,1.0,0.0,0.0,1.0
0,84,27,416.47768436761527,184.35019736245866,1.0,0.0,0.0,1.0
0,84,28,416.2323250303192,183.9145383265124,1.0,0.0,0.0,1.0
0,84,29,415.9869656930231,183.4788792905661,1.0,0.0,0.0,1.0
0,84,30,415.741606355727,183.04322025461985,1.0,0.0,0.0,1.0
0,84,31,415.49624701843095,182.6075612186736,1.0,0.0,0.0,1.0
0,84,32,415.2508876811349,182.17190218272734,1.0,0.0,0.0,1.0
0,84,33,415.0055283438388,181.73624314678105,1.0,0.0,0.0,1.0
0,84,34,414.7601690065427,181.3005841108348,1.0,0.0,0.0,1.0
0,84,35,414.51480966924663,180.86492507488853,1.0,0.0,0.0,1.0
0,84,36,414.26945033195057,180.42926603894227,1.0,0.0,0.0,1.0
0,84,37,414.0240909946545,179.993607002996,1.0,0.0,0.0,1.0
0,84,38,413.7787316573584,179.55794796704973,1.0,0.0,0.0,1.0
0,84,39,413.5333723200623,179.12228893110347,1.0,0.0,0.0,1.0
0,84,40,413.28801298276625,178.6866298951572,1.0,0.0,0.0,1.0
0,84,41,413.0426536454702,178.25097085921095,1.0,0.0,0.0,1.0
0,84,42,413.0969317660447,178.34734686814159,1.0,0.0,0.0,1.0
0,84,43,413.34229110334076,178.78300590408784,1.0,0.0,0.0,1.0
0,84,44,413.5876504406368,179.2186649400341,1.0,0.0,0.0,1.0
0,84,45,413.8330097779329,179.65432397598036,1.0,0.0,0.0,1.0
0,84,46,414.07836911522895,180.08998301192665,1.0,0.0,0.0,1.0
0,84,47,414.3237284525251,180.5256420478729,1.0,0.0,0.0,1.0
0,84,48,414.56908778982114,180.96130108381917,1.0,0.0,0.0,1.0
0,84,49,414.8144471271172,181.39696011976542,1.0,0.0,0.0,1.0
0,84,50,415.05980646441327,181.8326191557117,1.0,0.0,0.0,1.0
0,84,51,415.3051658017094,182.26827819165797,1.0,0.0,0.0,1.0
0,84,52,415.55052513900546,182.70393722760423,1.0,0.0,0.0,1.0
0,84,53,415.7958844763015,183.1395962635505,1.0,0.0,0.0,1.0
0,84,54,416.0412438135976,183.57525529949675,1.0,0.0,0.0,1.0
0,84,55,416.2866031508937,184.01091433544303,1.0,0.0,0.0,1.0
0,84,56,416.5319624881898,184.4465733713893,1.0,0.0,0.0,1.0
0,84,57,416.77732182548584,184.88223240733555,1.0,0.0,0.0,1.0
0,84,58,417.0226811627819,185.3178914432818,1.0,0.0,0.0,1.0
0,84,59,417.268040500078,185.7535504792281,1.0,0.0,0.0,1.0
0,84,60,417.5133998373741,186.18920951517435,1.0,0.0,0.0,1.0
0,84,61,417.75875917467016,186.6248685511206,1.0,0.0,0.0,1.0
0,84,62,418.0041185119662,187.06052758706687,1.0,0.0,0.0,1.0
0,84,63,418.2494778492623,187.49618662301316,1.0,0.0,0.0,1.0
0,84,64,418.4948371865584,187.93184565895942,1.0,0.0,0.0,1.0
0,84,65,418.7401965238545,188.36750469490568,1.0,0.0,0.0,1.0
0,84,66,418.98555586115054,188.80316373085194,1.0,0.0,0.0,1.0
0,84,67,419.2309151984466,189.23882276679822,1.0,0.0,0.0,1.0
0,84,68,419.4762745357427,189.67448180274448,1.0,0.0,0.0,1.0
0,84,69,419.7216338730388,190.11014083869074,1.0,0.0,0.0,1.0
0,84,70,419.96699321033486,190.545799874637,1.0,0.0,0.0,1.0
0,84,71,420.2123525476309,190.98145891058326,1.0,0.0,0.0,1.0
0,84,72,420.457711884927,191.41711794652954,1.0,0.0,0.0,1.0
0,84,73,420.7030712222231,191.8527769824758,1.0,0.0,0.0,1.0
0,84,74,420.9484305595192,192.28843601842206,1.0,0.0,0.0,1.0
0,84,75,421.19378989681525,192.72409505436832,1.0,0.0,0.0,1.0
0,84,76,421.4391492341113,193.1597540903146,1.0,0.0,0.0,1.0
0,84,77,421.68450857140743,193.59541312626087,1.0,0.0,0.0,1.0
0,84,78,421.9298679087035,194.03107216220712,1.0,0.0,0.0,1.0
0,84,79,422.17522724599957,194.46673119815338,1.0,0.0,0.0,1.0
0,84,80,422.42058658329563,194.90239023409964,1.0,0.0,0.0,1.0
0,84,81,422.6659459205917,195.33804927004593,1.0,0.0,0.0,1.0
0,84,82,422.9113052578878,195.7737083059922,1.0,0.0,0.0,1.0
0,85,0,423.16473388671875,196.23977661132812,1.0,0.0,0.0,1.0
0,86,0,423.493896484375,197.02061462402344,1.0,0.0,0.0,1.0
0,86,1,423.29967318733503,196.55987900472869,1.0,0.0,0.0,1.0
0,86,2,423.22401788314244,196.38040983722232,1.0,0.0,0.0,1.0
0,86,3,423.4182411801824,196.84114545651707,1.0,0.0,0.0,1.0
0,87,0,399.48492431640625,159.84742736816406,1.0,0.0,0.0,1.0
0,88,0,400.0751953125,160.64028930664062,1.0,0.0,0.0,1.0
0,88,1,399.7766136887421,160.2392294433358,1.0,0.0,0.0,1.0
0,88,2,399.4918165678283,159.85668515629717,1.0,0.0,0.0,1.0
0,88,3,399.7903981915862,160.257745019602,1.0,0.0,0.0,1.0
0,89,0,412.452880859375,177.2252960205078,1.0,0.0,0.0,1.0
0,89,1,412.1538260077067,176.8245889009134,1.0,0.0,0.0,1.0
0,89,2,411.8547711560384,176.423881781319,1.0,0.0,0.0,1.0
0,89,3,411.55571630437004,176.0231746617246,1.0,0.0,0.0,1.0
0,89,4,411.25666145270174,175.6224675421302,1.0,0.0,0.0,1.0
0,89,5,410.95760660103343,175.2217604225358,1.0,0.0,0.0,1.0
0,89,6,410.65855174936513,174.8210533029414,1.0,0.0,0.0,1.0
0,89,7,410.35949689769683,174.420346183347,1.0,0.0,0.0,1.0
0,89,8,410.06044204602847,174.0196390637526,1.0,0.0,0.0,1.0
0,89,9,409.76138719436017,173.6189319441582,1.0,0.0,0.0,1.0
0,89,10,409.46233234269187,173.21822482456378,1.0,0.0,0.0,1.0
0,89,11,409.16327749102356,172.8175177049694,1.0,0.0,0.0,1.0
0,89,12,408.8642226393552,172.41681058537498,1.0,0.0,0.0,1.0
0,89,13,408.5651677876869,172.0161034657806,1.0,0.0,0.0,1.0
0,89,14,408.2661129360186,171.61539634618617,1.0,0.0,0.0,1.0
0,89,15,407.9670580843503,171.2146892265918,1.0,0.0,0.0,1.0
0,89,16,407.668003232682,170.81398210699737,1.0,0.0,0.0,1.0
0,89,17,407.36894838101364,170.41327498740299,1.0,0.0,0.0,1.0
0,89,18,407.06989352934534,170.01256786780857,1.0,0.0,0.0,1.0
0,89,19,406.77083867767703,169.61186074821416,1.0,0.0,0.0,1.0
0,89,20,406.47178382600873,169.21115362861977,1.0,0.0,0.0,1.0
0,89,21,406.17272897434043,168.81044650902535,1.0,0.0,0.0,1.0
0,89,22,405.87367412267207,168.40973938943097,1.0,0.0,0.0,1.0
0,89,23,405.57461927100377,168.00903226983655,1.0,0.0,0.0,1.0
0,89,24,405.27556441933547,167.60832515024217,1.0,0.0,0.0,1.0
0,89,25,404.97650956766716,167.20761803064775,1.0,0.0,0.0,1.0
0,89,26,404.6774547159988,166.80691091105336,1.0,0.0,0.0,1.0
0,89,27,404.3783998643305,166.40620379145895,1.0,0.0,0.0,1.0
0,89,28,404.0793450126622,166.00549667186453,1.0,0.0,0.0,1.0
0,89,29,403.7802901609939,165.60478955227015,1.0,0.0,0.0,1.0
0,89,30,403.4812353093256,165.20408243267573,1.0,0.0,0.0,1.0
0,89,31,403.18218045765724,164.80337531308135,1.0,0.0,0.0,1.0
0,89,32,402.88312560598894,164.40266819348693,1.0,0.0,0.0,1.0
0,89,33,402.58407075432063,164.00196107389255,1.0,0.0,0.0,1.0
0,89,34,402.28501590265233,163.60125395429813,1.0,0.0,0.0,1.0
0,89,35,401.98596105098403,163.20054683470374,1.0,0.0,0.0,1.0
0,89,36,401.6869061993157,162.79983971510933,1.0,0.0,0.0,1.0
0,89,37,401.38785134764737,162.3991325955149,1.0,0.0,0.0,1.0
0,89,38,401.08879649597907,161.99842547592053,1.0,0.0,0.0,1.0
0,89,39,400.78974164431077,161.5977183563261,1.0,0.0,0.0,1.0
0,89,40,400.49068679264246,161.19701123673173,1.0,0.0,0.0,1.0
0,89,41,400.1916319409741,160.7963041171373,1.0,0.0,0.0,1.0
0,89,42,400.2578135356942,160.88498161573833,1.0,0.0,0.0,1.0
0,89,43,400.5568683873625,161.28568873533274,1.0,0.0,0.0,1.0
0,89,44,400.8559232390308,161.68639585492713,1.0,0.0,0.0,1.0
0,89,45,401.15497809069916,162.08710297452154,1.0,0.0,0.0,1.0
0,89,46,401.45403294236746,162.48781009411596,1.0,0.0,0.0,1.0
0,89,47,401.75308779403576,162.88851721371034,1.0,0.0,0.0,1.0
0,89,48,402.05214264570407,163.28922433330476,1.0,0.0,0.0,1.0
0,89,49,402.35119749737237,163.68993145289915,1.0,0.0,0.0,1.0
0,89,50,402.6502523490407,164.09063857249356,1.0,0.0,0.0,1.0
0,89,51,402.94930720070903,164.49134569208795,1.0,0.0,0.0,1.0
0,89,52,403.24836205237733,164.89205281168236,1.0,0.0,0.0,1.0
0,89,53,403.54741690404563,165.29275993127675,1.0,0.0,0.0,1.0
0,89,54,403.84647175571394,165.69346705087116,1.0,0.0,0.0,1.0
0,89,55,404.1455266073823,166.09417417046558,1.0,0.0,0.0,1.0
0,89,56,404.4445814590506,166.49488129005996,1.0,0.0,0.0,1.0
0,89,57,404.7436363107189,166.89558840965438,1.0,0.0,0.0,1.0
0,89,58,405.0426911623872,167.29629552924877,1.0,0.0,0.0,1.0
0,89,59,405.34174601405556,167.69700264884318,1.0,0.0,0.0,1.0
0,89,60,405.64080086572386,168.09770976843757,1.0,0.0,0.0,1.0
0,89,61,405.93985571739216,168.49841688803198,1.0,0.0,0.0,1.0
0,89,62,406.23891056906047,168.89912400762637,1.0,0.0,0.0,1.0
0,89,63,406.53796542072877,169.29983112722078,1.0,0.0,0.0,1.0
0,89,64,406.8370202723971,169.7005382468152,1.0,0.0,0.0,1.0
0,89,65,407.1360751240654,170.1012453664096,1.0,0.0,0.0,1.0
0,89,66,407.43512997573373,170.501952486004,1.0,0.0,0.0,1.0
0,89,67,407.73418482740203,170.9026596055984,1.0,0.0,0.0,1.0
0,89,68,408.03323967907033,171.3033667251928,1.0,0.0,0.0,1.0
0,89,69,408.3322945307387,171.7040738447872,1.0,0.0,0.0,1.0
0,89,70,408.631349382407,172.1047809643816,1.0,0.0,0.0,1.0
0,89,71,408.9304042340753,172.505488083976,1.0,0.0,0.0,1.0
0,89,72,409.2294590857436,172.9061952035704,1.0,0.0,0.0,1.0
0,89,73,409.52851393741196,173.3069023231648,1.0,0.0,0.0,1.0
0,89,74,409.82756878908026,173.7076094427592,1.0,0.0,0.0,1.0
0,89,75,410.12662364074856,174.10831656235362,1.0,0.0,0.0,1.0
0,89,76,410.42567849241686,174.509023681948,1.0,0.0,0.0,1.0
0,89,77,410.72473334408517,174.90973080154242,1.0,0.0,0.0,1.0
0,89,78,411.0237881957535,175.3104379211368,1.0,0.0,0.0,1.0
0,89,79,411.3228430474218,175.71114504073122,1.0,0.0,0.0,1.0
0,89,80,411.62189789909013,176.1118521603256,1.0,0.0,0.0,1.0
0,89,81,411.92095275075843,176.51255927992003,1.0,0.0,0.0,1.0
0,89,82,412.22000760242673,176.91326639951444,1.0,0.0,0.0,1.0
0,90,0,412.4749755859375,177.2590789794922,1.0,0.0,0.0,1.0
0,91,0,412.9471130371094,178.08132934570312,1.0,0.0,0.0,1.0
0,91,1,412.6981376994241,177.64772666902263,1.0,0.0,0.0,1.0
0,91,2,412.5007888101362,177.30403396664224,1.0,0.0,0.0,1.0
0,91,3,412.7497641478215,177.73763664332273,1.0,0.0,0.0,1.0
0,92,0,399.4458312988281,159.80117797851562,1.0,0.0,0.0,1.0
0,92,1,399.1014116293042,159.4387209586567,1.0,0.0,0.0,1.0
0,92,2,398.8561672199072,159.18063303385853,1.0,0.0,0.0,1.0
0,92,3,399.2005868894311,159.54309005371746,1.0,0.0,0.0,1.0
0,93,0,398.80657958984375,159.12844848632812,1.0,0.0,0.0,1.0
0,93,1,398.4587387320053,158.76927340698907,1.0,0.0,0.0,1.0
0,93,2,398.1108978741669,158.41009832765,1.0,0.0,0.0,1.0
0,93,3,397.76305701632845,158.05092324831094,1.0,0.0,0.0,1.0
0,93,4,397.41521615849,157.69174816897188,1.0,0.0,0.0,1.0
0,93,5,397.0673753006516,157.3325730896328,1.0,0.0,0.0,1.0
0,93,6,396.71953444281314,156.97339801029375,1.0,0.0,0.0,1.0
0,93,7,396.3716935849747,156.6142229309547,1.0,0.0,0.0,1.0
0,93,8,396.0238527271363,156.25504785161564,1.0,0.0,0.0,1.0
0,93,9,395.67601186929784,155.89587277227656,1.0,0.0,0.0,1.0
0,93,10,395.3281710114594,155.5366976929375,1.0,0.0,0.0,1.0
0,93,11,394.98033015362097,155.17752261359846,1.0,0.0,0.0,1.0
0,93,12,394.63248929578253,154.81834753425937,1.0,0.0,0.0,1.0
0,93,13,394.2846484379441,154.45917245492032,1.0,0.0,0.0,1.0
0,93,14,393.93680758010566,154.09999737558127,1.0,0.0,0.0,1.0
0,93,15,393.58896672226723,153.7408222962422,1.0,0.0,0.0,1.0
0,93,16,393.2411258644288,153.38164721690313,1.0,0.0,0.0,1.0
0,93,17,392.89328500659036,153.02247213756408,1.0,0.0,0.0,1.0
0,93,18,392.5454441487519,152.66329705822503,1.0,0.0,0.0,1.0
0,93,19,392.1976032909135,152.30412197888595,1.0,0.0,0.0,1.0
0,93,20,391.84976243307506,151.9449468995469,1.0,0.0,0.0,1.0
0,93,21,391.5019215752366,151.58577182020784,1.0,0.0,0.0,1.0
0,93,22,391.1540807173982,151.22659674086876,1.0,0.0,0.0,1.0
0,93,23,390.80623985955975,150.8674216615297,1.0,0.0,0.0,1.0
0,93,24,390.4583990017213,150.50824658219065,1.0,0.0,0.0,1.0
0,93,25,390.1105581438829,150.14907150285157,1.0,0.0,0.0,1.0
0,93,26,389.76271728604445,149.78989642351252,1.0,0.0,0.0,1.0
0,93,27,389.414876428206,149.43072134417346,1.0,0.0,0.0,1.0
0,93,28,389.0670355703676,149.0715462648344,1.0,0.0,0.0,1.0
0,93,29,388.71919471252914,148.71237118549533,1.0,0.0,0.0,1.0
0,93,30,388.3713538546907,148.35319610615628,1.0,0.0,0.0,1.0
0,93,31,388.0235129968523,147.99402102681722,1.0,0.0,0.0,1.0
0,93,32,387.67567213901384,147.63484594747814,1.0,0.0,0.0,1.0
0,93,33,387.32783128117535,147.2756708681391,1.0,0.0,0.0,1.0
0,93,34,386.979990423337,146.91649578880003,1.0,0.0,0.0,1.0
0,93,35,386.6321495654985,146.55732070946095,1.0,0.0,0.0,1.0
0,93,36,386.28430870766005,146.1981456301219,1.0,0.0,0.0,1.0
0,93,37,385.9364678498216,145.83897055078285,1.0,0.0,0.0,1.0
0,93,38,385.5886269919832,145.47979547144377,1.0,0.0,0.0,1.0
0,93,39,385.24078613414474,145.1206203921047,1.0,0.0,0.0,1.0
0,93,40,384.8929452763063,144.76144531276566,1.0,0.0,0.0,1.0
0,93,41,384.5451044184679,144.4022702334266,1.0,0.0,0.0,1.0
0,93,42,384.62207237687056,144.48174615450623,1.0,0.0,0.0,1.0
0,93,43,384.969913234709,144.84092123384528,1.0,0.0,0.0,1.0
0,93,44,385.31775409254743,145.20009631318433,1.0,0.0,0.0,1.0
0,93,45,385.66559495038587,145.5592713925234,1.0,0.0,0.0,1.0
0,93,46,386.0134358082243,145.91844647186247,1.0,0.0,0.0,1.0
0,93,47,386.36127666606274,146.27762155120152,1.0,0.0,0.0,1.0
0,93,48,386.70911752390117,146.6367966305406,1.0,0.0,0.0,1.0
0,93,49,387.0569583817396,146.99597170987965,1.0,0.0,0.0,1.0
0,93,50,387.40479923957804,147.3551467892187,1.0,0.0,0.0,1.0
0,93,51,387.7526400974165,147.7143218685578,1.0,0.0,0.0,1.0
0,93,52,388.1004809552549,148.07349694789684,1.0,0.0,0.0,1.0
0,93,53,388.44832181309334,148.4326720272359,1.0,0.0,0.0,1.0
0,93,54,388.7961626709318,148.79184710657495,1.0,0.0,0.0,1.0
0,93,55,389.1440035287702,149.15102218591403,1.0,0.0,0.0,1.0
0,93,56,389.49184438660865,149.51019726525308,1.0,0.0,0.0,1.0
0,93,57,389.8396852444471,149.86937234459214,1.0,0.0,0.0,1.0
0,93,58,390.1875261022855,150.22854742393122,1.0,0.0,0.0,1.0
0,93,59,390.53536696012395,150.58772250327027,1.0,0.0,0.0,1.0
0,93,60,390.8832078179624,150.94689758260932,1.0,0.0,0.0,1.0
0,93,61,391.2310486758008,151.3060726619484,1.0,0.0,0.0,1.0
0,93,62,391.57888953363926,151.66524774128746,1.0,0.0,0.0,1.0
0,93,63,391.9267303914777,152.0244228206265,1.0,0.0,0.0,1.0
0,93,64,392.2745712493161,152.3835978999656,1.0,0.0,0.0,1.0
0,93,65,392.62241210715456,152.74277297930465,1.0,0.0,0.0,1.0
0,93,66,392.970252964993,153.1019480586437,1.0,0.0,0.0,1.0
0,93,67,393.31809382283143,153.46112313798275,1.0,0.0,0.0,1.0
0,93,68,393.66593468066986,153.82029821732183,1.0,0.0,0.0,1.0
0,93,69,394.0137755385083,154.1794732966609,1.0,0.0,0.0,1.0
0,93,70,394.36161639634673,154.53864837599994,1.0,0.0,0.0,1.0
0,93,71,394.70945725418517,154.89782345533902,1.0,0.0,0.0,1.0
0,93,72,395.0572981120236,155.25699853467808,1.0,0.0,0.0,1.0
0,93,73,395.40513896986204,155.61617361401713,1.0,0.0,0.0,1.0
0,93,74,395.75297982770047,155.97534869335618,1.0,0.0,0.0,1.0
0,93,75,396.1008206855389,156.33452377269526,1.0,0.0,0.0,1.0
0,93,76,396.44866154337734,156.69369885203432,1.0,0.0,0.0,1.0
0,93,77,396.7965024012158,157.05287393137337,1.0,0.0,0.0,1.0
0,93,78,397.1443432590542,157.41204901071245,1.0,0.0,0.0,1.0
0,93,79,397.49218411689264,157.7712240900515,1.0,0.0,0.0,1.0
0,93,80,397.8400249747311,158.13039916939056,1.0,0.0,0.0,1.0
0,93,81,398.1878658325695,158.48957424872964,1.0,0.0,0.0,1.0
0,93,82,398.53570669040795,158.8487493280687,1.0,0.0,0.0,1.0
0,94,0,384.40966796875,144.26242065429688,1.0,0.0,0.0,1.0
0,95,0,384.2911682128906,144.15274047851562,1.0,0.0,0.0,1.0
0,95,1,383.9051112613797,143.83499839727662,1.0,0.0,0.0,1.0
0,95,2,383.7858773307562,143.7368635570093,1.0,0.0,0.0,1.0
0,95,3,384.1719342822671,144.0546056382483,1.0,0.0,0.0,1.0
0,96,0,383.6524658203125,143.62705993652344,1.0,0.0,0.0,1.0
0,96,1,383.2615501342961,143.3153149663534,1.0,0.0,0.0,1.0
0,96,2,382.87063444827965,143.0035699961834,1.0,0.0,0.0,1.0
0,96,3,382.47971876226325,142.69182502601336,1.0,0.0,0.0,1.0
0,96,4,382.0888030762468,142.38008005584334,1.0,0.0,0.0,1.0
0,96,5,381.6978873902304,142.0683350856733,1.0,0.0,0.0,1.0
0,96,6,381.30697170421394,141.75659011550331,1.0,0.0,0.0,1.0
0,96,7,380.91605601819754,141.4448451453333,1.0,0.0,0.0,1.0
0,96,8,380.5251403321811,141.13310017516326,1.0,0.0,0.0,1.0
0,96,9,380.1342246461647,140.82135520499324,1.0,0.0,0.0,1.0
0,96,10,379.7433089601483,140.5096102348232,1.0,0.0,0.0,1.0
0,96,11,379.3523932741318,140.1978652646532,1.0,0.0,0.0,1.0
0,96,12,378.96147758811543,139.88612029448316,1.0,0.0,0.0,1.0
0,96,13,378.570561902099,139.57437532431314,1.0,0.0,0.0,1.0
0,96,14,378.1796462160826,139.2626303541431,1.0,0.0,0.0,1.0
0,96,15,377.7887305300661,138.9508853839731,1.0,0.0,0.0,1.0
0,96,16,377.3978148440497,138.63914041380306,1.0,0.0,0.0,1.0
0,96,17,377.00689915803326,138.32739544363307,1.0,0.0,0.0,1.0
0,96,18,376.61598347201686,138.01565047346304,1.0,0.0,0.0,1.0
0,96,19,376.2250677860004,137.70390550329302,1.0,0.0,0.0,1.0
0,96,20,375.834152099984,137.392160533123,1.0,0.0,0.0,1.0
0,96,21,375.4432364139676,137.08041556295296,1.0,0.0,0.0,1.0
0,96,22,375.05232072795116,136.76867059278294,1.0,0.0,0.0,1.0
0,96,23,374.66140504193476,136.4569256226129,1.0,0.0,0.0,1.0
0,96,24,374.2704893559183,136.1451806524429,1.0,0.0,0.0,1.0
0,96,25,373.8795736699019,135.83343568227286,1.0,0.0,0.0,1.0
0,96,26,373.48865798388545,135.52169071210284,1.0,0.0,0.0,1.0
0,96,27,373.09774229786905,135.2099457419328,1.0,0.0,0.0,1.0
0,96,28,372.70682661185265,134.89820077176282,1.0,0.0,0.0,1.0
0,96,29,372.3159109258362,134.5864558015928,1.0,0.0,0.0,1.0
0,96,30,371.9249952398198,134.27471083142277,1.0,0.0,0.0,1.0
0,96,31,371.53407955380334,133.96296586125274,1.0,0.0,0.0,1.0
0,96,32,371.14316386778694,133.65122089108272,1.0,0.0,0.0,1.0
0,96,33,370.7522481817705,133.3394759209127,1.0,0.0,0.0,1.0
0,96,34,370.3613324957541,133.02773095074267,1.0,0.0,0.0,1.0
0,96,35,369.9704168097376,132.71598598057264,1.0,0.0,0.0,1.0
0,96,36,369.57950112372123,132.40424101040261,1.0,0.0,0.0,1.0
0,96,37,369.1885854377048,132.0924960402326,1.0,0.0,0.0,1.0
0,96,38,368.7976697516884,131.78075107006256,1.0,0.0,0.0,1.0
0,96,39,368.406754065672,131.46900609989257,1.0,0.0,0.0,1.0
0,96,40,368.0158383796555,131.15726112972254,1.0,0.0,0.0,1.0
0,96,41,367.6249226936391,130.84551615955252,1.0,0.0,0.0,1.0
0,96,42,367.71142756268983,130.91450151569563,1.0,0.0,0.0,1.0
0,96,43,368.10234324870623,131.22624648586566,1.0,0.0,0.0,1.0
0,96,44,368.4932589347227,131.53799145603568,1.0,0.0,0.0,1.0
0,96,45,368.8841746207391,131.8497364262057,1.0,0.0,0.0,1.0
0,96,46,369.27509030675554,132.16148139637573,1.0,0.0,0.0,1.0
0,96,47,369.66600599277194,132.47322636654576,1.0,0.0,0.0,1.0
0,96,48,370.05692167878834,132.78497133671578,1.0,0.0,0.0,1.0
0,96,49,370.4478373648048,133.0967163068858,1.0,0.0,0.0,1.0
0,96,50,370.8387530508212,133.4084612770558,1.0,0.0,0.0,1.0
0,96,51,371.22966873683765,133.72020624722583,1.0,0.0,0.0,1.0
0,96,52,371.62058442285405,134.03195121739586,1.0,0.0,0.0,1.0
0,96,53,372.0115001088705,134.34369618756588,1.0,0.0,0.0,1.0
0,96,54,372.4024157948869,134.6554411577359,1.0,0.0,0.0,1.0
0,96,55,372.79333148090336,134.96718612790593,1.0,0.0,0.0,1.0
0,96,56,373.18424716691976,135.27893109807596,1.0,0.0,0.0,1.0
0,96,57,373.57516285293616,135.59067606824598,1.0,0.0,0.0,1.0
0,96,58,373.9660785389526,135.902421038416,1.0,0.0,0.0,1.0
0,96,59,374.356994224969,136.21416600858603,1.0,0.0,0.0,1.0
0,96,60,374.74790991098547,136.52591097875606,1.0,0.0,0.0,1.0
0,96,61,375.13882559700187,136.83765594892606,1.0,0.0,0.0,1.0
0,96,62,375.5297412830183,137.14940091909608,1.0,0.0,0.0,1.0
0,96,63,375.9206569690347,137.4611458892661,1.0,0.0,0.0,1.0
0,96,64,376.3115726550512,137.77289085943613,1.0,0.0,0.0,1.0
0,96,65,376.7024883410676,138.08463582960616,1.0,0.0,0.0,1.0
0,96,66,377.09340402708403,138.39638079977618,1.0,0.0,0.0,1.0
0,96,67,377.48431971310043,138.7081257699462,1.0,0.0,0.0,1.0
0,96,68,377.87523539911683,139.01987074011623,1.0,0.0,0.0,1.0
0,96,69,378.2661510851333,139.33161571028626,1.0,0.0,0.0,1.0
0,96,70,378.6570667711497,139.64336068045628,1.0,0.0,0.0,1.0
0,96,71,379.04798245716614,139.9551056506263,1.0,0.0,0.0,1.0
0,96,72,379.43889814318254,140.2668506207963,1.0,0.0,0.0,1.0
0,96,73,379.829813829199,140.57859559096633,1.0,0.0,0.0,1.0
0,96,74,380.2207295152154,140.89034056113636,1.0,0.0,0.0,1.0
0,96,75,380.61164520123185,141.20208553130638,1.0,0.0,0.0,1.0
0,96,76,381.00256088724825,141.5138305014764,1.0,0.0,0.0,1.0
0,96,77,381.39347657326465,141.82557547164643,1.0,0.0,0.0,1.0
0,96,78,381.7843922592811,142.13732044181646,1.0,0.0,0.0,1.0
0,96,79,382.1753079452975,142.44906541198648,1.0,0.0,0.0,1.0
0,96,80,382.56622363131396,142.7608103821565,1.0,0.0,0.0,1.0
0,96,81,382.95713931733036,143.07255535232653,1.0,0.0,0.0,1.0
0,96,82,383.3480550033468,143.38430032249656,1.0,0.0,0.0,1.0
0,97,0,367.47271728515625,130.72413635253906,1.0,0.0,0.0,1.0
0,97,1,367.45262631582443,130.70965645249163,1.0,0.0,0.0,1.0
0,98,0,367.2598571777344,130.5707244873047,1.0,0.0,0.0,1.0
0,98,1,366.8379205127185,130.3024532612754,1.0,0.0,0.0,1.0
0,98,2,366.8777173241724,130.3277564413164,1.0,0.0,0.0,1.0
0,99,0,366.6468505859375,130.18096923828125,1.0,0.0,0.0,1.0
0,99,1,366.21927914291246,129.9217730556136,1.0,0.0,0.0,1.0
0,99,2,365.7917076998874,129.66257687294595,1.0,0.0,0.0,1.0
0,99,3,365.36413625686237,129.4033806902783,1.0,0.0,0.0,1.0
0,99,4,364.9365648138373,129.14418450761067,1.0,0.0,0.0,1.0
0,99,5,364.5089933708123,128.88498832494304,1.0,0.0,0.0,1.0
0,99,6,364.08142192778723,128.62579214227537,1.0,0.0,0.0,1.0
0,99,7,363.6538504847622,128.36659595960774,1.0,0.0,0.0,1.0
0,99,8,363.22627904173714,128.1073997769401,1.0,0.0,0.0,1.0
0,99,9,362.7987075987121,127.84820359427245,1.0,0.0,0.0,1.0
0,99,10,362.37113615568705,127.5890074116048,1.0,0.0,0.0,1.0
0,99,11,361.943564712662,127.32981122893716,1.0,0.0,0.0,1.0
0,99,12,361.51599326963697,127.07061504626951,1.0,0.0,0.0,1.0
0,99,13,361.0884218266119,126.81141886360186,1.0,0.0,0.0,1.0
0,99,14,360.6608503835868,126.55222268093422,1.0,0.0,0.0,1.0
0,99,15,360.2332789405618,126.29302649826657,1.0,0.0,0.0,1.0
0,99,16,359.80570749753673,126.03383031559893,1.0,0.0,0.0,1.0
0,99,17,359.3781360545117,125.77463413293128,1.0,0.0,0.0,1.0
0,99,18,358.95056461148664,125.51543795026365,1.0,0.0,0.0,1.0
0,99,19,358.5229931684616,125.256241767596,1.0,0.0,0.0,1.0
0,99,20,358.09542172543655,124.99704558492834,1.0,0.0,0.0,1.0
0,99,21,357.6678502824115,124.73784940226071,1.0,0.0,0.0,1.0
0,99,22,357.24027883938646,124.47865321959306,1.0,0.0,0.0,1.0
0,99,23,356.8127073963614,124.21945703692542,1.0,0.0,0.0,1.0
0,99,24,356.3851359533364,123.96026085425777,1.0,0.0,0.0,1.0
0,99,25,355.95756451031133,123.70106467159012,1.0,0.0,0.0,1.0
0,99,26,355.5299930672863,123.44186848892248,1.0,0.0,0.0,1.0
0,99,27,355.10242162426124,123.18267230625483,1.0,0.0,0.0,1.0
0,99,28,354.6748501812362,122.92347612358719,1.0,0.0,0.0,1.0
0,99,29,354.24727873821115,122.66427994091954,1.0,0.0,0.0,1.0
0,99,30,353.8197072951861,122.4050837582519,1.0,0.0,0.0,1.0
0,99,31,353.39213585216106,122.14588757558425,1.0,0.0,0.0,1.0
0,99,32,352.964564409136,121.8866913929166,1.0,0.0,0.0,1.0
0,99,33,352.536992966111,121.62749521024897,1.0,0.0,0.0,1.0
0,99,34,352.1094215230859,121.36829902758132,1.0,0.0,0.0,1.0
0,99,35,351.6818500800609,121.10910284491368,1.0,0.0,0.0,1.0
0,99,36,351.25427863703584,120.84990666224603,1.0,0.0,0.0,1.0
0,99,37,350.8267071940108,120.59071047957838,1.0,0.0,0.0,1.0
0,99,38,350.39913575098575,120.33151429691074,1.0,0.0,0.0,1.0
0,99,39,349.97156430796065,120.07231811424309,1.0,0.0,0.0,1.0
0,99,40,349.5439928649356,119.81312193157545,1.0,0.0,0.0,1.0
0,99,41,349.11642142191056,119.5539257489078,1.0,0.0,0.0,1.0
0,99,42,349.2110523648645,119.6112915519239,1.0,0.0,0.0,1.0
0,99,43,349.63862380788953,119.87048773459155,1.0,0.0,0.0,1.0
0,99,44,350.0661952509146,120.1296839172592,1.0,0.0,0.0,1.0
0,99,45,350.4937666939396,120.38888009992684,1.0,0.0,0.0,1.0
0,99,46,350.92133813696466,120.64807628259449,1.0,0.0,0.0,1.0
0,99,47,351.3489095799897,120.90727246526212,1.0,0.0,0.0,1.0
0,99,48,351.77648102301475,121.16646864792978,1.0,0.0,0.0,1.0
0,99,49,352.2040524660398,121.42566483059743,1.0,0.0,0.0,1.0
0,99,50,352.63162390906484,121.68486101326506,1.0,0.0,0.0,1.0
0,99,51,353.0591953520899,121.94405719593271,1.0,0.0,0.0,1.0
0,99,52,353.48676679511493,122.20325337860035,1.0,0.0,0.0,1.0
0,99,53,353.91433823814,122.462449561268,1.0,0.0,0.0,1.0
0,99,54,354.341909681165,122.72164574393565,1.0,0.0,0.0,1.0
0,99,55,354.76948112419007,122.98084192660329,1.0,0.0,0.0,1.0
0,99,56,355.1970525672151,123.24003810927094,1.0,0.0,0.0,1.0
0,99,57,355.62462401024015,123.49923429193858,1.0,0.0,0.0,1.0
0,99,58,356.0521954532652,123.75843047460623,1.0,0.0,0.0,1.0
0,99,59,356.47976689629024,124.01762665727387,1.0,0.0,0.0,1.0
0,99,60,356.9073383393153,124.27682283994152,1.0,0.0,0.0,1.0
0,99,61,357.33490978234033,124.53601902260917,1.0,0.0,0.0,1.0
0,99,62,357.7624812253654,124.7952152052768,1.0,0.0,0.0,1.0
0,99,63,358.1900526683904,125.05441138794446,1.0,0.0,0.0,1.0
0,99,64,358.61762411141547,125.31360757061209,1.0,0.0,0.0,1.0
0,99,65,359.0451955544405,125.57280375327974,1.0,0.0,0.0,1.0
0,99,66,359.4727669974656,125.83199993594738,1.0,0.0,0.0,1.0
0,99,67,359.90033844049066,126.09119611861503,1.0,0.0,0.0,1.0
0,99,68,360.3279098835157,126.35039230128268,1.0,0.0,0.0,1.0
0,99,69,360.75548132654075,126.60958848395032,1.0,0.0,0.0,1.0
0,99,70,361.1830527695658,126.86878466661797,1.0,0.0,0.0,1.0
0,99,71,361.61062421259084,127.1279808492856,1.0,0.0,0.0,1.0
0,99,72,362.0381956556159,127.38717703195326,1.0,0.0,0.0,1.0
0,99,73,362.4657670986409,127.64637321462091,1.0,0.0,0.0,1.0
0,99,74,362.89333854166597,127.90556939728855,1.0,0.0,0.0,1.0
0,99,75,363.320909984691,128.1647655799562,1.0,0.0,0.0,1.0
0,99,76,363.74848142771606,128.42396176262383,1.0,0.0,0.0,1.0
0,99,77,364.1760528707411,128.68315794529147,1.0,0.0,0.0,1.0
0,99,78,364.60362431376615,128.94235412795913,1.0,0.0,0.0,1.0
0,99,79,365.0311957567912,129.20155031062677,1.0,0.0,0.0,1.0
0,99,80,365.45876719981624,129.4607464932944,1.0,0.0,0.0,1.0
0,99,81,365.8863386428413,129.71994267596207,1.0,0.0,0.0,1.0
0,99,82,366.3139100858663,129.9791388586297,1.0,0.0,0.0,1.0
0,100,0,348.949951171875,119.45301055908203,1.0,0.0,0.0,1.0
0,100,1,348.7513636625221,119.34394349732752,1.0,0.0,0.0,1.0
0,101,0,348.63153076171875,119.27812957763672,1.0,0.0,0.0,1.0
0,101,1,348.18001994293445,119.06333204385035,1.0,0.0,0.0,1.0
0,101,2,348.40473062194366,119.17023380048289,1.0,0.0,0.0,1.0
0,102,0,348.0666198730469,119.00938415527344,1.0,0.0,0.0,1.0
0,102,1,347.6094134290851,118.80699278292806,1.0,0.0,0.0,1.0
0,102,2,347.15220698512337,118.60460141058269,1.0,0.0,0.0,1.0
0,102,3,346.6950005411616,118.4022100382373,1.0,0.0,0.0,1.0
0,102,4,346.23779409719987,118.19981866589193,1.0,0.0,0.0,1.0
0,102,5,345.7805876532381,117.99742729354655,1.0,0.0,0.0,1.0
0,102,6,345.32338120927636,117.79503592120118,1.0,0.0,0.0,1.0
0,102,7,344.86617476531455,117.5926445488558,1.0,0.0,0.0,1.0
0,102,8,344.4089683213528,117.39025317651041,1.0,0.0,0.0,1.0
0,102,9,343.95176187739105,117.18786180416504,1.0,0.0,0.0,1.0
0,102,10,343.4945554334293,116.98547043181966,1.0,0.0,0.0,1.0
0,102,11,343.03734898946755,116.78307905947429,1.0,0.0,0.0,1.0
0,102,12,342.5801425455058,116.5806876871289,1.0,0.0,0.0,1.0
0,102,13,342.12293610154404,116.37829631478353,1.0,0.0,0.0,1.0
0,102,14,341.6657296575823,116.17590494243815,1.0,0.0,0.0,1.0
0,102,15,341.20852321362054,115.97351357009278,1.0,0.0,0.0,1.0
0,102,16,340.7513167696588,115.7711221977474,1.0,0.0,0.0,1.0
0,102,17,340.29411032569703,115.56873082540201,1.0,0.0,0.0,1.0
0,102,18,339.8369038817353,115.36633945305664,1.0,0.0,0.0,1.0
0,102,19,339.37969743777353,115.16394808071126,1.0,0.0,0.0,1.0
0,102,20,338.9224909938117,114.96155670836589,1.0,0.0,0.0,1.0
0,102,21,338.46528454984997,114.75916533602052,1.0,0.0,0.0,1.0
0,102,22,338.0080781058882,114.55677396367513,1.0,0.0,0.0,1.0
0,102,23,337.55087166192646,114.35438259132975,1.0,0.0,0.0,1.0
0,102,24,337.0936652179647,114.15199121898438,1.0,0.0,0.0,1.0
0,102,25,336.63645877400296,113.949599846639,1.0,0.0,0.0,1.0
0,102,26,336.1792523300412,113.74720847429361,1.0,0.0,0.0,1.0
0,102,27,335.72204588607946,113.54481710194824,1.0,0.0,0.0,1.0
0,102,28,335.2648394421177,113.34242572960287,1.0,0.0,0.0,1.0
0,102,29,334.80763299815595,113.14003435725749,1.0,0.0,0.0,1.0
0,102,30,334.3504265541942,112.93764298491212,1.0,0.0,0.0,1.0
0,102,31,333.89322011023245,112.73525161256673,1.0,0.0,0.0,1.0
0,102,32,333.4360136662707,112.53286024022135,1.0,0.0,0.0,1.0
0,102,33,332.9788072223089,112.33046886787598,1.0,0.0,0.0,1.0
0,102,34,332.52160077834714,112.1280774955306,1.0,0.0,0.0,1.0
0,102,35,332.0643943343854,111.92568612318523,1.0,0.0,0.0,1.0
0,102,36,331.60718789042363,111.72329475083984,1.0,0.0,0.0,1.0
0,102,37,331.1499814464619,111.52090337849447,1.0,0.0,0.0,1.0
0,102,38,330.6927750025001,111.31851200614909,1.0,0.0,0.0,1.0
0,102,39,330.2355685585384,111.11612063380372,1.0,0.0,0.0,1.0
0,102,40,329.7783621145766,110.91372926145834,1.0,0.0,0.0,1.0
0,102,41,329.32115567061487,110.71133788911295,1.0,0.0,0.0,1.0
0,102,42,329.4223056561594,110.75611390803711,1.0,0.0,0.0,1.0
0,102,43,329.87951210012113,110.95850528038248,1.0,0.0,0.0,1.0
0,102,44,330.3367185440829,111.16089665272786,1.0,0.0,0.0,1.0
0,102,45,330.79392498804464,111.36328802507323,1.0,0.0,0.0,1.0
0,102,46,331.25113143200645,111.56567939741862,1.0,0.0,0.0,1.0
0,102,47,331.7083378759682,111.768070769764,1.0,0.0,0.0,1.0
0,102,48,332.16554431992995,111.97046214210937,1.0,0.0,0.0,1.0
0,102,49,332.6227507638917,112.17285351445474,1.0,0.0,0.0,1.0
0,102,50,333.07995720785345,112.37524488680013,1.0,0.0,0.0,1.0
0,102,51,333.5371636518152,112.5776362591455,1.0,0.0,0.0,1.0
0,102,52,333.99437009577696,112.78002763149088,1.0,0.0,0.0,1.0
0,102,53,334.4515765397387,112.98241900383626,1.0,0.0,0.0,1.0
0,102,54,334.90878298370046,113.18481037618163,1.0,0.0,0.0,1.0
0,102,55,335.3659894276622,113.38720174852702,1.0,0.0,0.0,1.0
0,102,56,335.82319587162397,113.5895931208724,1.0,0.0,0.0,1.0
0,102,57,336.2804023155857,113.79198449321777,1.0,0.0,0.0,1.0
0,102,58,336.73760875954747,113.99437586556314,1.0,0.0,0.0,1.0
0,102,59,337.1948152035093,114.19676723790852,1.0,0.0,0.0,1.0
0,102,60,337.65202164747103,114.3991586102539,1.0,0.0,0.0,1.0
0,102,61,338.1092280914328,114.60154998259928,1.0,0.0,0.0,1.0
0,102,62,338.56643453539454,114.80394135494466,1.0,0.0,0.0,1.0
0,102,63,339.0236409793563,115.00633272729003,1.0,0.0,0.0,1.0
0,102,64,339.48084742331804,115.20872409963542,1.0,0.0,0.0,1.0
0,102,65,339.9380538672798,115.41111547198079,1.0,0.0,0.0,1.0
0,102,66,340.39526031124154,115.61350684432617,1.0,0.0,0.0,1.0
0,102,67,340.8524667552033,115.81589821667154,1.0,0.0,0.0,1.0
0,102,68,341.30967319916505,116.01828958901692,1.0,0.0,0.0,1.0
0,102,69,341.7668796431268,116.2206809613623,1.0,0.0,0.0,1.0
0,102,70,342.22408608708855,116.42307233370768,1.0,0.0,0.0,1.0
0,102,71,342.6812925310503,116.62546370605305,1.0,0.0,0.0,1.0
0,102,72,343.1384989750121,116.82785507839843,1.0,0.0,0.0,1.0
0,102,73,343.59570541897386,117.0302464507438,1.0,0.0,0.0,1.0
0,102,74,344.0529118629356,117.23263782308919,1.0,0.0,0.0,1.0
0,102,75,344.51011830689737,117.43502919543457,1.0,0.0,0.0,1.0
0,102,76,344.9673247508591,117.63742056777994,1.0,0.0,0.0,1.0
0,102,77,345.4245311948209,117.83981194012532,1.0,0.0,0.0,1.0
0,102,78,345.8817376387826,118.04220331247069,1.0,0.0,0.0,1.0
0,102,79,346.3389440827444,118.24459468481608,1.0,0.0,0.0,1.0
0,102,80,346.7961505267061,118.44698605716145,1.0,0.0,0.0,1.0
0,102,81,347.2533569706679,118.64937742950683,1.0,0.0,0.0,1.0
0,102,82,347.71056341462963,118.8517688018522,1.0,0.0,0.0,1.0
0,103,0,329.14312744140625,110.63253021240234,1.0,0.0,0.0,1.0
0,103,1,328.7453489870513,110.47367932274551,1.0,0.0,0.0,1.0
0,104,0,328.7120666503906,110.46038818359375,1.0,0.0,0.0,1.0
0,104,1,328.23772718248216,110.30226775738535,1.0,0.0,0.0,1.0
0,104,2,328.6652011526138,110.44476563269023,1.0,0.0,0.0,1.0
0,105,0,328.21429443359375,110.2944564819336,1.0,0.0,0.0,1.0
0,105,1,327.73496060088127,110.15219237255548,1.0,0.0,0.0,1.0
0,105,2,327.2556267681688,110.00992826317734,1.0,0.0,0.0,1.0
0,105,3,326.77629293545624,109.86766415379923,1.0,0.0,0.0,1.0
0,105,4,326.29695910274376,109.72540004442111,1.0,0.0,0.0,1.0
0,105,5,325.8176252700313,109.58313593504298,1.0,0.0,0.0,1.0
0,105,6,325.3382914373188,109.44087182566486,1.0,0.0,0.0,1.0
0,105,7,324.8589576046063,109.29860771628674,1.0,0.0,0.0,1.0
0,105,8,324.3796237718938,109.15634360690862,1.0,0.0,0.0,1.0
0,105,9,323.9002899391813,109.01407949753049,1.0,0.0,0.0,1.0
0,105,10,323.4209561064688,108.87181538815237,1.0,0.0,0.0,1.0
0,105,11,322.9416222737563,108.72955127877425,1.0,0.0,0.0,1.0
0,105,12,322.4622884410438,108.58728716939612,1.0,0.0,0.0,1.0
0,105,13,321.98295460833134,108.445023060018,1.0,0.0,0.0,1.0
0,105,14,321.50362077561886,108.30275895063988,1.0,0.0,0.0,1.0
0,105,15,321.0242869429063,108.16049484126177,1.0,0.0,0.0,1.0
0,105,16,320.54495311019383,108.01823073188363,1.0,0.0,0.0,1.0
0,105,17,320.06561927748135,107.87596662250552,1.0,0.0,0.0,1.0
0,105,18,319.58628544476886,107.7337025131274,1.0,0.0,0.0,1.0
0,105,19,319.1069516120564,107.59143840374927,1.0,0.0,0.0,1.0
0,105,20,318.62761777934384,107.44917429437115,1.0,0.0,0.0,1.0
0,105,21,318.14828394663135,107.30691018499303,1.0,0.0,0.0,1.0
0,105,22,317.66895011391887,107.1646460756149,1.0,0.0,0.0,1.0
0,105,23,317.1896162812064,107.02238196623678,1.0,0.0,0.0,1.0
0,105,24,316.7102824484939,106.88011785685866,1.0,0.0,0.0,1.0
0,105,25,316.2309486157814,106.73785374748053,1.0,0.0,0.0,1.0
0,105,26,315.7516147830689,106.59558963810241,1.0,0.0,0.0,1.0
0,105,27,315.2722809503564,106.45332552872429,1.0,0.0,0.0,1.0
0,105,28,314.7929471176439,106.31106141934617,1.0,0.0,0.0,1.0
0,105,29,314.3136132849314,106.16879730996804,1.0,0.0,0.0,1.0
0,105,30,313.83427945221894,106.02653320058992,1.0,0.0,0.0,1.0
0,105,31,313.3549456195064,105.8842690912118,1.0,0.0,0.0,1.0
0,105,32,312.8756117867939,105.74200498183367,1.0,0.0,0.0,1.0
0,105,33,312.3962779540814,105.59974087245556,1.0,0.0,0.0,1.0
0,105,34,311.91694412136894,105.45747676307744,1.0,0.0,0.0,1.0
0,105,35,311.43761028865646,105.31521265369932,1.0,0.0,0.0,1.0
0,105,36,310.958276455944,105.17294854432119,1.0,0.0,0.0,1.0
0,105,37,310.47894262323143,105.03068443494307,1.0,0.0,0.0,1.0
0,105,38,309.99960879051895,104.88842032556495,1.0,0.0,0.0,1.0
0,105,39,309.52027495780646,104.74615621618682,1.0,0.0,0.0,1.0
0,105,40,309.040941125094,104.6038921068087,1.0,0.0,0.0,1.0
0,105,41,308.5616072923815,104.46162799743058,1.0,0.0,0.0,1.0
0,105,42,308.6676655051748,104.49310559436942,1.0,0.0,0.0,1.0
0,105,43,309.1469993378873,104.63536970374754,1.0,0.0,0.0,1.0
0,105,44,309.62633317059976,104.77763381312566,1.0,0.0,0.0,1.0
0,105,45,310.10566700331225,104.91989792250378,1.0,0.0,0.0,1.0
0,105,46,310.58500083602473,105.06216203188191,1.0,0.0,0.0,1.0
0,105,47,311.0643346687372,105.20442614126003,1.0,0.0,0.0,1.0
0,105,48,311.54366850144976,105.34669025063815,1.0,0.0,0.0,1.0
0,105,49,312.02300233416224,105.48895436001628,1.0,0.0,0.0,1.0
0,105,50,312.5023361668747,105.6312184693944,1.0,0.0,0.0,1.0
0,105,51,312.9816699995872,105.77348257877252,1.0,0.0,0.0,1.0
0,105,52,313.4610038322997,105.91574668815065,1.0,0.0,0.0,1.0
0,105,53,313.9403376650122,106.05801079752877,1.0,0.0,0.0,1.0
0,105,54,314.4196714977247,106.20027490690688,1.0,0.0,0.0,1.0
0,105,55,314.8990053304372,106.342539016285,1.0,0.0,0.0,1.0
0,105,56,315.3783391631497,106.48480312566313,1.0,0.0,0.0,1.0
0,105,57,315.8576729958622,106.62706723504125,1.0,0.0,0.0,1.0
0,105,58,316.33700682857466,106.76933134441937,1.0,0.0,0.0,1.0
0,105,59,316.8163406612872,106.9115954537975,1.0,0.0,0.0,1.0
0,105,60,317.2956744939997,107.05385956317562,1.0,0.0,0.0,1.0
0,105,61,317.77500832671217,107.19612367255374,1.0,0.0,0.0,1.0
0,105,62,318.25434215942465,107.33838778193187,1.0,0.0,0.0,1.0
0,105,63,318.73367599213714,107.48065189130999,1.0,0.0,0.0,1.0
0,105,64,319.2130098248496,107.62291600068811,1.0,0.0,0.0,1.0
0,105,65,319.69234365756216,107.76518011006623,1.0,0.0,0.0,1.0
0,105,66,320.17167749027465,107.90744421944436,1.0,0.0,0.0,1.0
0,105,67,320.65101132298713,108.04970832882248,1.0,0.0,0.0,1.0
0,105,68,321.1303451556996,108.1919724382006,1.0,0.0,0.0,1.0
0,105,69,321.6096789884121,108.33423654757873,1.0,0.0,0.0,1.0
0,105,70,322.08901282112464,108.47650065695684,1.0,0.0,0.0,1.0
0,105,71,322.5683466538371,108.61876476633496,1.0,0.0,0.0,1.0
0,105,72,323.0476804865496,108.7610288757131,1.0,0.0,0.0,1.0
0,105,73,323.5270143192621,108.90329298509121,1.0,0.0,0.0,1.0
0,105,74,324.0063481519746,109.04555709446933,1.0,0.0,0.0,1.0
0,105,75,324.48568198468706,109.18782120384745,1.0,0.0,0.0,1.0
0,105,76,324.9650158173996,109.33008531322558,1.0,0.0,0.0,1.0
0,105,77,325.4443496501121,109.4723494226037,1.0,0.0,0.0,1.0
0,105,78,325.9236834828246,109.61461353198182,1.0,0.0,0.0,1.0
0,105,79,326.40301731553706,109.75687764135995,1.0,0.0,0.0,1.0
0,105,80,326.88235114824954,109.89914175073807,1.0,0.0,0.0,1.0
0,105,81,327.3616849809621,110.04140586011619,1.0,0.0,0.0,1.0
0,105,82,327.84101881367457,110.1836699694943,1.0,0.0,0.0,1.0
0,106,0,308.3749694824219,104.40623474121094,1.0,0.0,0.0,1.0
0,106,1,307.89147325351723,104.27883224266789,1.0,0.0,0.0,1.0
0,106,2,308.2491885027311,104.3730911298986,1.0,0.0,0.0,1.0
0,107,0,307.8285827636719,104.26226043701172,1.0,0.0,0.0,1.0
0,107,1,307.4878582870619,104.19338087643932,1.0,0.0,0.0,1.0
0,108,0,307.4131774902344,104.17828369140625,1.0,0.0,0.0,1.0
0,108,1,306.9195865318187,104.0984841565059,1.0,0.0,0.0,1.0
0,108,2,306.42599557340304,104.01868462160556,1.0,0.0,0.0,1.0
0,108,3,305.9324046149874,103.9388850867052,1.0,0.0,0.0,1.0
0,108,4,305.43881365657177,103.85908555180485,1.0,0.0,0.0,1.0
0,108,5,304.9452226981561,103.7792860169045,1.0,0.0,0.0,1.0
0,108,6,304.45163173974044,103.69948648200416,1.0,0.0,0.0,1.0
0,108,7,303.95804078132477,103.61968694710382,1.0,0.0,0.0,1.0
0,108,8,303.4644498229091,103.53988741220347,1.0,0.0,0.0,1.0
0,108,9,302.97085886449344,103.46008787730311,1.0,0.0,0.0,1.0
0,108,10,302.47726790607777,103.38028834240276,1.0,0.0,0.0,1.0
0,108,11,301.98367694766216,103.30048880750242,1.0,0.0,0.0,1.0
0,108,12,301.4900859892465,103.22068927260207,1.0,0.0,0.0,1.0
0,108,13,300.99649503083083,103.14088973770173,1.0,0.0,0.0,1.0
0,108,14,300.50290407241516,103.06109020280138,1.0,0.0,0.0,1.0
0,108,15,300.0093131139995,102.98129066790102,1.0,0.0,0.0,1.0
0,108,16,299.51572215558383,102.90149113300068,1.0,0.0,0.0,1.0
0,108,17,299.02213119716816,102.82169159810033,1.0,0.0,0.0,1.0
0,108,18,298.5285402387525,102.74189206319998,1.0,0.0,0.0,1.0
0,108,19,298.0349492803369,102.66209252829964,1.0,0.0,0.0,1.0
0,108,20,297.5413583219212,102.58229299339929,1.0,0.0,0.0,1.0
0,108,21,297.04776736350556,102.50249345849893,1.0,0.0,0.0,1.0
0,108,22,296.5541764050899,102.42269392359859,1.0,0.0,0.0,1.0
0,108,23,296.0605854466742,102.34289438869824,1.0,0.0,0.0,1.0
0,108,24,295.56699448825856,102.2630948537979,1.0,0.0,0.0,1.0
0,108,25,295.0734035298429,102.18329531889755,1.0,0.0,0.0,1.0
0,108,26,294.5798125714273,102.1034957839972,1.0,0.0,0.0,1.0
0,108,27,294.0862216130116,102.02369624909684,1.0,0.0,0.0,1.0
0,108,28,293.59263065459595,101.9438967141965,1.0,0.0,0.0,1.0
0,108,29,293.0990396961803,101.86409717929615,1.0,0.0,0.0,1.0
0,108,30,292.6054487377646,101.7842976443958,1.0,0.0,0.0,1.0
0,108,31,292.11185777934895,101.70449810949546,1.0,0.0,0.0,1.0
0,108,32,291.6182668209333,101.62469857459512,1.0,0.0,0.0,1.0
0,108,33,291.1246758625176,101.54489903969476,1.0,0.0,0.0,1.0
0,108,34,290.631084904102,101.46509950479441,1.0,0.0,0.0,1.0
0,108,35,290.13749394568634,101.38529996989406,1.0,0.0,0.0,1.0
0,108,36,289.6439029872707,101.30550043499372,1.0,0.0,0.0,1.0
0,108,37,289.150312028855,101.22570090009337,1.0,0.0,0.0,1.0
0,108,38,288.65672107043935,101.14590136519303,1.0,0.0,0.0,1.0
0,108,39,288.1631301120237,101.06610183029267,1.0,0.0,0.0,1.0
0,108,40,287.66953915360807,100.98630229539232,1.0,0.0,0.0,1.0
0,108,41,287.1759481951924,100.90650276049197,1.0,0.0,0.0,1.0
0,108,42,287.285111024942,100.92415126659587,1.0,0.0,0.0,1.0
0,108,43,287.7787019833577,101.00395080149622,1.0,0.0,0.0,1.0
0,108,44,288.27229294177334,101.08375033639656,1.0,0.0,0.0,1.0
0,108,45,288.765883900189,101.16354987129692,1.0,0.0,0.0,1.0
0,108,46,289.2594748586047,101.24334940619727,1.0,0.0,0.0,1.0
0,108,47,289.75306581702034,101.32314894109761,1.0,0.0,0.0,1.0
0,108,48,290.24665677543595,101.40294847599796,1.0,0.0,0.0,1.0
0,108,49,290.7402477338516,101.4827480108983,1.0,0.0,0.0,1.0
0,108,50,291.2338386922673,101.56254754579865,1.0,0.0,0.0,1.0
0,108,51,291.72742965068295,101.64234708069901,1.0,0.0,0.0,1.0
0,108,52,292.2210206090986,101.72214661559936,1.0,0.0,0.0,1.0
0,108,53,292.7146115675143,101.8019461504997,1.0,0.0,0.0,1.0
0,108,54,293.20820252592995,101.88174568540005,1.0,0.0,0.0,1.0
0,108,55,293.70179348434556,101.9615452203004,1.0,0.0,0.0,1.0
0,108,56,294.1953844427612,102.04134475520075,1.0,0.0,0.0,1.0
0,108,57,294.6889754011769,102.1211442901011,1.0,0.0,0.0,1.0
0,108,58,295.18256635959256,102.20094382500145,1.0,0.0,0.0,1.0
0,108,59,295.6761573180082,102.28074335990179,1.0,0.0,0.0,1.0
0,108,60,296.1697482764239,102.36054289480214,1.0,0.0,0.0,1.0
0,108,61,296.66333923483955,102.44034242970248,1.0,0.0,0.0,1.0
0,108,62,297.15693019325516,102.52014196460284,1.0,0.0,0.0,1.0
0,108,63,297.65052115167083,102.59994149950319,1.0,0.0,0.0,1.0
0,108,64,298.1441121100865,102.67974103440353,1.0,0.0,0.0,1.0
0,108,65,298.63770306850216,102.75954056930388,1.0,0.0,0.0,1.0
0,108,66,299.13129402691783,102.83934010420423,1.0,0.0,0.0,1.0
0,108,67,299.6248849853335,102.91913963910457,1.0,0.0,0.0,1.0
0,108,68,300.11847594374916,102.99893917400493,1.0,0.0,0.0,1.0
0,108,69,300.6120669021648,103.07873870890528,1.0,0.0,0.0,1.0
0,108,70,301.10565786058044,103.15853824380562,1.0,0.0,0.0,1.0
0,108,71,301.5992488189961,103.23833777870597,1.0,0.0,0.0,1.0
0,108,72,302.09283977741177,103.31813731360631,1.0,0.0,0.0,1.0
0,108,73,302.58643073582743,103.39793684850666,1.0,0.0,0.0,1.0
0,108,74,303.0800216942431,103.47773638340702,1.0,0.0,0.0,1.0
0,108,75,303.57361265265877,103.55753591830737,1.0,0.0,0.0,1.0
0,108,76,304.06720361107443,103.63733545320771,1.0,0.0,0.0,1.0
0,108,77,304.56079456949004,103.71713498810806,1.0,0.0,0.0,1.0
0,108,78,305.0543855279057,103.7969345230084,1.0,0.0,0.0,1.0
0,108,79,305.5479764863214,103.87673405790875,1.0,0.0,0.0,1.0
0,108,80,306.04156744473704,103.95653359280911,1.0,0.0,0.0,1.0
0,108,81,306.5351584031527,104.03633312770945,1.0,0.0,0.0,1.0
0,108,82,307.0287493615684,104.1161326626098,1.0,0.0,0.0,1.0
0,109,0,286.9837341308594,100.87542724609375,1.0,0.0,0.0,1.0
0,109,1,286.48830734157474,100.80795653793739,1.0,0.0,0.0,1.0
0,109,2,286.6549465961474,100.83065064482834,1.0,0.0,0.0,1.0
0,110,0,286.32391357421875,100.78556823730469,1.0,0.0,0.0,1.0
0,110,1,286.1785046612511,100.77432488936599,1.0,0.0,0.0,1.0
0,111,0,286.001953125,100.76067352294922,1.0,0.0,0.0,1.0
0,111,1,285.5022100245754,100.74464749480786,1.0,0.0,0.0,1.0
0,111,2,285.0024669241508,100.72862146666651,1.0,0.0,0.0,1.0
0,111,3,284.5027238237261,100.71259543852517,1.0,0.0,0.0,1.0
0,111,4,284.0029807233015,100.69656941038382,1.0,0.0,0.0,1.0
0,111,5,283.5032376228769,100.68054338224246,1.0,0.0,0.0,1.0
0,111,6,283.0034945224523,100.66451735410111,1.0,0.0,0.0,1.0
0,111,7,282.5037514220277,100.64849132595977,1.0,0.0,0.0,1.0
0,111,8,282.004008321603,100.63246529781841,1.0,0.0,0.0,1.0
0,111,9,281.5042652211784,100.61643926967706,1.0,0.0,0.0,1.0
0,111,10,281.0045221207538,100.6004132415357,1.0,0.0,0.0,1.0
0,111,11,280.5047790203292,100.58438721339435,1.0,0.0,0.0,1.0
0,111,12,280.00503591990457,100.56836118525301,1.0,0.0,0.0,1.0
0,111,13,279.5052928194799,100.55233515711166,1.0,0.0,0.0,1.0
0,111,14,279.0055497190553,100.5363091289703,1.0,0.0,0.0,1.0
0,111,15,278.5058066186307,100.52028310082895,1.0,0.0,0.0,1.0
0,111,16,278.0060635182061,100.50425707268761,1.0,0.0,0.0,1.0
0,111,17,277.50632041778147,100.48823104454625,1.0,0.0,0.0,1.0
0,111,18,277.0065773173568,100.4722050164049,1.0,0.0,0.0,1.0
0,111,19,276.5068342169322,100.45617898826355,1.0,0.0,0.0,1.0
0,111,20,276.0070911165076,100.44015296012219,1.0,0.0,0.0,1.0
0,111,21,275.507348016083,100.42412693198085,1.0,0.0,0.0,1.0
0,111,22,275.00760491565836,100.4081009038395,1.0,0.0,0.0,1.0
0,111,23,274.5078618152337,100.39207487569814,1.0,0.0,0.0,1.0
0,111,24,274.0081187148091,100.37604884755679,1.0,0.0,0.0,1.0
0,111,25,273.5083756143845,100.36002281941545,1.0,0.0,0.0,1.0
0,111,26,273.00863251395987,100.3439967912741,1.0,0.0,0.0,1.0
0,111,27,272.50888941353526,100.32797076313274,1.0,0.0,0.0,1.0
0,111,28,272.0091463131106,100.31194473499139,1.0,0.0,0.0,1.0
0,111,29,271.509403212686,100.29591870685003,1.0,0.0,0.0,1.0
0,111,30,271.0096601122614,100.27989267870869,1.0,0.0,0.0,1.0
0,111,31,270.50991701183676,100.26386665056734,1.0,0.0,0.0,1.0
0,111,32,270.01017391141215,100.24784062242598,1.0,0.0,0.0,1.0
0,111,33,269.5104308109875,100.23181459428463,1.0,0.0,0.0,1.0
0,111,34,269.0106877105629,100.21578856614329,1.0,0.0,0.0,1.0
0,111,35,268.51094461013827,100.19976253800193,1.0,0.0,0.0,1.0
0,111,36,268.01120150971366,100.18373650986058,1.0,0.0,0.0,1.0
0,111,37,267.51145840928905,100.16771048171923,1.0,0.0,0.0,1.0
0,111,38,267.0117153088644,100.15168445357787,1.0,0.0,0.0,1.0
0,111,39,266.5119722084398,100.13565842543653,1.0,0.0,0.0,1.0
0,111,40,266.01222910801516,100.11963239729518,1.0,0.0,0.0,1.0
0,111,41,265.51248600759055,100.10360636915382,1.0,0.0,0.0,1.0
0,111,42,265.6230603154903,100.10715232500316,1.0,0.0,0.0,1.0
0,111,43,266.1228034159149,100.12317835314451,1.0,0.0,0.0,1.0
0,111,44,266.6225465163396,100.13920438128585,1.0,0.0,0.0,1.0
0,111,45,267.1222896167642,100.1552304094272,1.0,0.0,0.0,1.0
0,111,46,267.6220327171888,100.17125643756856,1.0,0.0,0.0,1.0
0,111,47,268.1217758176134,100.18728246570991,1.0,0.0,0.0,1.0
0,111,48,268.621518918038,100.20330849385125,1.0,0.0,0.0,1.0
0,111,49,269.1212620184627,100.21933452199261,1.0,0.0,0.0,1.0
0,111,50,269.6210051188873,100.23536055013396,1.0,0.0,0.0,1.0
0,111,51,270.1207482193119,100.25138657827532,1.0,0.0,0.0,1.0
0,111,52,270.6204913197365,100.26741260641667,1.0,0.0,0.0,1.0
0,111,53,271.1202344201611,100.28343863455801,1.0,0.0,0.0,1.0
0,111,54,271.6199775205858,100.29946466269936,1.0,0.0,0.0,1.0
0,111,55,272.1197206210104,100.31549069084072,1.0,0.0,0.0,1.0
0,111,56,272.619463721435,100.33151671898207,1.0,0.0,0.0,1.0
0,111,57,273.1192068218596,100.34754274712341,1.0,0.0,0.0,1.0
0,111,58,273.61894992228423,100.36356877526477,1.0,0.0,0.0,1.0
0,111,59,274.1186930227089,100.37959480340612,1.0,0.0,0.0,1.0
0,111,60,274.6184361231335,100.39562083154748,1.0,0.0,0.0,1.0
0,111,61,275.1181792235581,100.41164685968883,1.0,0.0,0.0,1.0
0,111,62,275.6179223239827,100.42767288783017,1.0,0.0,0.0,1.0
0,111,63,276.11766542440733,100.44369891597152,1.0,0.0,0.0,1.0
0,111,64,276.617408524832,100.45972494411288,1.0,0.0,0.0,1.0
0,111,65,277.1171516252566,100.47575097225423,1.0,0.0,0.0,1.0
0,111,66,277.6168947256812,100.49177700039557,1.0,0.0,0.0,1.0
0,111,67,278.11663782610583,100.50780302853693,1.0,0.0,0.0,1.0
0,111,68,278.61638092653044,100.52382905667828,1.0,0.0,0.0,1.0
0,111,69,279.1161240269551,100.53985508481964,1.0,0.0,0.0,1.0
0,111,70,279.6158671273797,100.55588111296099,1.0,0.0,0.0,1.0
0,111,71,280.1156102278043,100.57190714110233,1.0,0.0,0.0,1.0
0,111,72,280.61535332822893,100.58793316924368,1.0,0.0,0.0,1.0
0,111,73,281.11509642865354,100.60395919738504,1.0,0.0,0.0,1.0
0,111,74,281.6148395290782,100.61998522552639,1.0,0.0,0.0,1.0
0,111,75,282.1145826295028,100.63601125366773,1.0,0.0,0.0,1.0
0,111,76,282.61432572992743,100.65203728180909,1.0,0.0,0.0,1.0
0,111,77,283.11406883035204,100.66806330995044,1.0,0.0,0.0,1.0
0,111,78,283.61381193077665,100.6840893380918,1.0,0.0,0.0,1.0
0,111,79,284.1135550312013,100.70011536623315,1.0,0.0,0.0,1.0
0,111,80,284.6132981316259,100.71614139437449,1.0,0.0,0.0,1.0
0,111,81,285.11304123205053,100.73216742251584,1.0,0.0,0.0,1.0
0,111,82,285.61278433247514,100.7481934506572,1.0,0.0,0.0,1.0
0,112,0,265.3179016113281,100.09736633300781,1.0,0.0,0.0,1.0
0,112,1,264.817944222527,100.09083874668798,1.0,0.0,0.0,1.0
0,112,2,264.7844911936179,100.09040197439747,1.0,0.0,0.0,1.0
0,112,3,265.284448582419,100.0969295607173,1.0,0.0,0.0,1.0
0,113,0,264.5512390136719,100.08735656738281,1.0,0.0,0.0,1.0
0,114,0,264.3294372558594,100.09736633300781,1.0,0.0,0.0,1.0
0,114,1,263.83174770465115,100.14537790055323,1.0,0.0,0.0,1.0
0,114,2,263.3340581534429,100.19338946809864,1.0,0.0,0.0,1.0
0,114,3,262.83636860223476,100.24140103564407,1.0,0.0,0.0,1.0
0,114,4,262.33867905102653,100.28941260318949,1.0,0.0,0.0,1.0
0,114,5,261.8409894998183,100.3374241707349,1.0,0.0,0.0,1.0
0,114,6,261.3432999486101,100.38543573828032,1.0,0.0,0.0,1.0
0,114,7,260.8456103974019,100.43344730582574,1.0,0.0,0.0,1.0
0,114,8,260.3479208461937,100.48145887337117,1.0,0.0,0.0,1.0
0,114,9,259.85023129498546,100.52947044091658,1.0,0.0,0.0,1.0
0,114,10,259.35254174377724,100.577482008462,1.0,0.0,0.0,1.0
0,114,11,258.85485219256907,100.62549357600741,1.0,0.0,0.0,1.0
0,114,12,258.35716264136084,100.67350514355283,1.0,0.0,0.0,1.0
0,114,13,257.8594730901526,100.72151671109826,1.0,0.0,0.0,1.0
0,114,14,257.3617835389444,100.76952827864368,1.0,0.0,0.0,1.0
0,114,15,256.86409398773617,100.81753984618909,1.0,0.0,0.0,1.0
0,114,16,256.366404436528,100.86555141373451,1.0,0.0,0.0,1.0
0,114,17,255.86871488531978,100.91356298127992,1.0,0.0,0.0,1.0
0,114,18,255.37102533411155,100.96157454882535,1.0,0.0,0.0,1.0
0,114,19,254.87333578290335,101.00958611637077,1.0,0.0,0.0,1.0
0,114,20,254.37564623169513,101.05759768391619,1.0,0.0,0.0,1.0
0,114,21,253.87795668048693,101.1056092514616,1.0,0.0,0.0,1.0
0,114,22,253.3802671292787,101.15362081900702,1.0,0.0,0.0,1.0
0,114,23,252.88257757807048,101.20163238655245,1.0,0.0,0.0,1.0
0,114,24,252.38488802686228,101.24964395409786,1.0,0.0,0.0,1.0
0,114,25,251.88719847565406,101.29765552164328,1.0,0.0,0.0,1.0
0,114,26,251.38950892444586,101.3456670891887,1.0,0.0,0.0,1.0
0,114,27,250.89181937323764,101.39367865673411,1.0,0.0,0.0,1.0
0,114,28,250.39412982202944,101.44169022427954,1.0,0.0,0.0,1.0
0,114,29,249.89644027082122,101.48970179182496,1.0,0.0,0.0,1.0
0,114,30,249.39875071961302,101.53771335937037,1.0,0.0,0.0,1.0
0,114,31,248.9010611684048,101.58572492691579,1.0,0.0,0.0,1.0
0,114,32,248.40337161719657,101.6337364944612,1.0,0.0,0.0,1.0
0,114,33,247.90568206598837,101.68174806200663,1.0,0.0,0.0,1.0
0,114,34,247.40799251478018,101.72975962955205,1.0,0.0,0.0,1.0
0,114,35,246.91030296357195,101.77777119709747,1.0,0.0,0.0,1.0
0,114,36,246.41261341236373,101.82578276464288,1.0,0.0,0.0,1.0
0,114,37,245.91492386115553,101.8737943321883,1.0,0.0,0.0,1.0
0,114,38,245.4172343099473,101.92180589973373,1.0,0.0,0.0,1.0
0,114,39,244.9195447587391,101.96981746727914,1.0,0.0,0.0,1.0
0,114,40,244.42185520753088,102.01782903482456,1.0,0.0,0.0,1.0
0,114,41,243.92416565632269,102.06584060236997,1.0,0.0,0.0,1.0
0,114,42,244.03430880699491,102.05521521289711,1.0,0.0,0.0,1.0
0,114,43,244.5319983582031,102.00720364535168,1.0,0.0,0.0,1.0
0,114,44,245.02968790941134,101.95919207780626,1.0,0.0,0.0,1.0
0,114,45,245.52737746061956,101.91118051026085,1.0,0.0,0.0,1.0
0,114,46,246.02506701182776,101.86316894271543,1.0,0.0,0.0,1.0
0,114,47,246.52275656303598,101.81515737517002,1.0,0.0,0.0,1.0
0,114,48,247.02044611424418,101.76714580762459,1.0,0.0,0.0,1.0
0,114,49,247.5181356654524,101.71913424007917,1.0,0.0,0.0,1.0
0,114,50,248.0158252166606,101.67112267253376,1.0,0.0,0.0,1.0
0,114,51,248.51351476786883,101.62311110498834,1.0,0.0,0.0,1.0
0,114,52,249.01120431907702,101.57509953744292,1.0,0.0,0.0,1.0
0,114,53,249.50889387028525,101.5270879698975,1.0,0.0,0.0,1.0
0,114,54,250.00658342149345,101.47907640235208,1.0,0.0,0.0,1.0
0,114,55,250.50427297270167,101.43106483480666,1.0,0.0,0.0,1.0
0,114,56,251.0019625239099,101.38305326726125,1.0,0.0,0.0,1.0
0,114,57,251.4996520751181,101.33504169971583,1.0,0.0,0.0,1.0
0,114,58,251.99734162632632,101.2870301321704,1.0,0.0,0.0,1.0
0,114,59,252.4950311775345,101.23901856462498,1.0,0.0,0.0,1.0
0,114,60,252.99272072874274,101.19100699707957,1.0,0.0,0.0,1.0
0,114,61,253.49041027995094,101.14299542953415,1.0,0.0,0.0,1.0
0,114,62,253.98809983115916,101.09498386198874,1.0,0.0,0.0,1.0
0,114,63,254.48578938236736,101.04697229444332,1.0,0.0,0.0,1.0
0,114,64,254.98347893357558,100.99896072689789,1.0,0.0,0.0,1.0
0,114,65,255.48116848478378,100.95094915935248,1.0,0.0,0.0,1.0
0,114,66,255.978858035992,100.90293759180706,1.0,0.0,0.0,1.0
0,114,67,256.47654758720023,100.85492602426164,1.0,0.0,0.0,1.0
0,114,68,256.97423713840845,100.80691445671623,1.0,0.0,0.0,1.0
0,114,69,257.4719266896166,100.7589028891708,1.0,0.0,0.0,1.0
0,114,70,257.96961624082485,100.71089132162538,1.0,0.0,0.0,1.0
0,114,71,258.4673057920331,100.66287975407997,1.0,0.0,0.0,1.0
0,114,72,258.9649953432413,100.61486818653455,1.0,0.0,0.0,1.0
0,114,73,259.46268489444947,100.56685661898914,1.0,0.0,0.0,1.0
0,114,74,259.9603744456577,100.5188450514437,1.0,0.0,0.0,1.0
0,114,75,260.4580639968659,100.47083348389829,1.0,0.0,0.0,1.0
0,114,76,260.95575354807414,100.42282191635287,1.0,0.0,0.0,1.0
0,114,77,261.45344309928237,100.37481034880746,1.0,0.0,0.0,1.0
0,114,78,261.95113265049054,100.32679878126204,1.0,0.0,0.0,1.0
0,114,79,262.44882220169876,100.27878721371661,1.0,0.0,0.0,1.0
0,114,80,262.946511752907,100.2307756461712,1.0,0.0,0.0,1.0
0,114,81,263.4442013041152,100.18276407862578,1.0,0.0,0.0,1.0
0,114,82,263.9418908553234,100.13475251108036,1.0,0.0,0.0,1.0
0,115,0,243.7303924560547,102.08453369140625,1.0,0.0,0.0,1.0
0,115,1,243.23337237381492,102.13904091891213,1.0,0.0,0.0,1.0
0,115,2,242.99970117522173,102.16466718561325,1.0,0.0,0.0,1.0
0,115,3,243.49672125746147,102.11015995810737,1.0,0.0,0.0,1.0
0,116,0,242.86802673339844,102.17910766601562,1.0,0.0,0.0,1.0
0,117,0,242.7486114501953,102.19928741455078,1.0,0.0,0.0,1.0
0,117,1,242.26114748546152,102.31054784366202,1.0,0.0,0.0,1.0
0,117,2,241.77368352072773,102.42180827277326,1.0,0.0,0.0,1.0
0,117,3,241.28621955599394,102.5330687018845,1.0,0.0,0.0,1.0
0,117,4,240.79875559126017,102.64432913099574,1.0,0.0,0.0,1.0
0,117,5,240.31129162652638,102.75558956010698,1.0,0.0,0.0,1.0
0,117,6,239.8238276617926,102.86684998921822,1.0,0.0,0.0,1.0
0,117,7,239.3363636970588,102.97811041832946,1.0,0.0,0.0,1.0
0,117,8,238.848899732325,103.0893708474407,1.0,0.0,0.0,1.0
0,117,9,238.36143576759122,103.20063127655195,1.0,0.0,0.0,1.0
0,117,10,237.87397180285745,103.31189170566317,1.0,0.0,0.0,1.0
0,117,11,237.38650783812366,103.42315213477441,1.0,0.0,0.0,1.0
0,117,12,236.89904387338987,103.53441256388565,1.0,0.0,0.0,1.0
0,117,13,236.41157990865608,103.6456729929969,1.0,0.0,0.0,1.0
0,117,14,235.9241159439223,103.75693342210813,1.0,0.0,0.0,1.0
0,117,15,235.4366519791885,103.86819385121937,1.0,0.0,0.0,1.0
0,117,16,234.9491880144547,103.97945428033061,1.0,0.0,0.0,1.0
0,117,17,234.46172404972094,104.09071470944185,1.0,0.0,0.0,1.0
0,117,18,233.97426008498715,104.2019751385531,1.0,0.0,0.0,1.0
0,117,19,233.48679612025336,104.31323556766434,1.0,0.0,0.0,1.0
0,117,20,232.99933215551957,104.42449599677558,1.0,0.0,0.0,1.0
0,117,21,232.51186819078578,104.53575642588682,1.0,0.0,0.0,1.0
0,117,22,232.024404226052,104.64701685499806,1.0,0.0,0.0,1.0
0,117,23,231.53694026131822,104.7582772841093,1.0,0.0,0.0,1.0
0,117,24,231.04947629658443,104.86953771322054,1.0,0.0,0.0,1.0
0,117,25,230.56201233185064,104.98079814233178,1.0,0.0,0.0,1.0
0,117,26,230.07454836711685,105.09205857144302,1.0,0.0,0.0,1.0
0,117,27,229.58708440238306,105.20331900055426,1.0,0.0,0.0,1.0
0,117,28,229.09962043764926,105.31457942966549,1.0,0.0,0.0,1.0
0,117,29,228.6121564729155,105.42583985877673,1.0,0.0,0.0,1.0
0,117,30,228.1246925081817,105.53710028788797,1.0,0.0,0.0,1.0
0,117,31,227.63722854344792,105.6483607169992,1.0,0.0,0.0,1.0
0,117,32,227.14976457871413,105.75962114611045,1.0,0.0,0.0,1.0
0,117,33,226.66230061398034,105.87088157522169,1.0,0.0,0.0,1.0
0,117,34,226.17483664924654,105.98214200433293,1.0,0.0,0.0,1.0
0,117,35,225.68737268451275,106.09340243344417,1.0,0.0,0.0,1.0
0,117,36,225.199908719779,106.20466286255541,1.0,0.0,0.0,1.0
0,117,37,224.7124447550452,106.31592329166665,1.0,0.0,0.0,1.0
0,117,38,224.2249807903114,106.42718372077789,1.0,0.0,0.0,1.0
0,117,39,223.73751682557761,106.53844414988913,1.0,0.0,0.0,1.0
0,117,40,223.25005286084382,106.64970457900037,1.0,0.0,0.0,1.0
0,117,41,222.76258889611003,106.76096500811161,1.0,0.0,0.0,1.0
0,117,42,222.8704744338581,106.73634084695684,1.0,0.0,0.0,1.0
0,117,43,223.3579383985919,106.6250804178456,1.0,0.0,0.0,1.0
0,117,44,223.8454023633257,106.51381998873435,1.0,0.0,0.0,1.0
0,117,45,224.33286632805948,106.40255955962311,1.0,0.0,0.0,1.0
0,117,46,224.82033029279327,106.29129913051187,1.0,0.0,0.0,1.0
0,117,47,225.30779425752706,106.18003870140065,1.0,0.0,0.0,1.0
0,117,48,225.79525822226083,106.0687782722894,1.0,0.0,0.0,1.0
0,117,49,226.28272218699462,105.95751784317817,1.0,0.0,0.0,1.0
0,117,50,226.7701861517284,105.84625741406693,1.0,0.0,0.0,1.0
0,117,51,227.2576501164622,105.73499698495569,1.0,0.0,0.0,1.0
0,117,52,227.745114081196,105.62373655584445,1.0,0.0,0.0,1.0
0,117,53,228.23257804592978,105.5124761267332,1.0,0.0,0.0,1.0
0,117,54,228.72004201066358,105.40121569762196,1.0,0.0,0.0,1.0
0,117,55,229.20750597539734,105.28995526851072,1.0,0.0,0.0,1.0
0,117,56,229.69496994013113,105.17869483939948,1.0,0.0,0.0,1.0
0,117,57,230.18243390486492,105.06743441028824,1.0,0.0,0.0,1.0
0,117,58,230.6698978695987,104.956173981177,1.0,0.0,0.0,1.0
0,117,59,231.1573618343325,104.84491355206576,1.0,0.0,0.0,1.0
0,117,60,231.6448257990663,104.73365312295452,1.0,0.0,0.0,1.0
0,117,61,232.13228976380006,104.62239269384328,1.0,0.0,0.0,1.0
0,117,62,232.61975372853385,104.51113226473204,1.0,0.0,0.0,1.0
0,117,63,233.10721769326764,104.3998718356208,1.0,0.0,0.0,1.0
0,117,64,233.59468165800143,104.28861140650956,1.0,0.0,0.0,1.0
0,117,65,234.08214562273523,104.17735097739832,1.0,0.0,0.0,1.0
0,117,66,234.56960958746902,104.0660905482871,1.0,0.0,0.0,1.0
0,117,67,235.05707355220278,103.95483011917585,1.0,0.0,0.0,1.0
0,117,68,235.54453751693657,103.84356969006461,1.0,0.0,0.0,1.0
0,117,69,236.03200148167036,103.73230926095337,1.0,0.0,0.0,1.0
0,117,70,236.51946544640415,103.62104883184213,1.0,0.0,0.0,1.0
0,117,71,237.00692941113795,103.50978840273089,1.0,0.0,0.0,1.0
0,117,72,237.49439337587174,103.39852797361965,1.0,0.0,0.0,1.0
0,117,73,237.98185734060553,103.28726754450841,1.0,0.0,0.0,1.0
0,117,74,238.4693213053393,103.17600711539717,1.0,0.0,0.0,1.0
0,117,75,238.95678527007308,103.06474668628593,1.0,0.0,0.0,1.0
0,117,76,239.44424923480688,102.95348625717469,1.0,0.0,0.0,1.0
0,117,77,239.93171319954067,102.84222582806345,1.0,0.0,0.0,1.0
0,117,78,240.41917716427446,102.73096539895221,1.0,0.0,0.0,1.0
0,117,79,240.90664112900825,102.61970496984097,1.0,0.0,0.0,1.0
0,117,80,241.39410509374204,102.50844454072973,1.0,0.0,0.0,1.0
0,117,81,241.8815690584758,102.39718411161849,1.0,0.0,0.0,1.0
0,117,82,242.3690330232096,102.28592368250725,1.0,0.0,0.0,1.0
0,118,0,222.5727996826172,106.80428314208984,1.0,0.0,0.0,1.0
0,118,1,222.08614089878972,106.91901425436365,1.0,0.0,0.0,1.0
0,118,2,221.66116851980334,107.01920263140943,1.0,0.0,0.0,1.0
0,118,3,222.1478273036308,106.90447151913564,1.0,0.0,0.0,1.0
0,119,0,221.6303253173828,107.02647399902344,1.0,0.0,0.0,1.0
0,120,0,221.61097717285156,107.03224182128906,1.0,0.0,0.0,1.0
0,120,1,221.1417429229224,107.20492424278414,1.0,0.0,0.0,1.0
0,120,2,220.67250867299322,107.37760666427921,1.0,0.0,0.0,1.0
0,120,3,220.20327442306404,107.5502890857743,1.0,0.0,0.0,1.0
0,120,4,219.73404017313484,107.72297150726936,1.0,0.0,0.0,1.0
0,120,5,219.26480592320567,107.89565392876445,1.0,0.0,0.0,1.0
0,120,6,218.7955716732765,108.06833635025953,1.0,0.0,0.0,1.0
0,120,7,218.32633742334733,108.2410187717546,1.0,0.0,0.0,1.0
0,120,8,217.85710317341815,108.41370119324968,1.0,0.0,0.0,1.0
0,120,9,217.38786892348898,108.58638361474475,1.0,0.0,0.0,1.0
0,120,10,216.9186346735598,108.75906603623983,1.0,0.0,0.0,1.0
0,120,11,216.44940042363064,108.93174845773491,1.0,0.0,0.0,1.0
0,120,12,215.98016617370143,109.10443087922998,1.0,0.0,0.0,1.0
0,120,13,215.51093192377226,109.27711330072506,1.0,0.0,0.0,1.0
0,120,14,215.0416976738431,109.44979572222013,1.0,0.0,0.0,1.0
0,120,15,214.57246342391392,109.62247814371521,1.0,0.0,0.0,1.0
0,120,16,214.10322917398474,109.7951605652103,1.0,0.0,0.0,1.0
0,120,17,213.63399492405557,109.96784298670536,1.0,0.0,0.0,1.0
0,120,18,213.1647606741264,110.14052540820045,1.0,0.0,0.0,1.0
0,120,19,212.69552642419723,110.31320782969551,1.0,0.0,0.0,1.0
0,120,20,212.22629217426802,110.4858902511906,1.0,0.0,0.0,1.0
0,120,21,211.75705792433885,110.65857267268568,1.0,0.0,0.0,1.0
0,120,22,211.28782367440968,110.83125509418075,1.0,0.0,0.0,1.0
0,120,23,210.8185894244805,111.00393751567583,1.0,0.0,0.0,1.0
0,120,24,210.34935517455133,111.1766199371709,1.0,0.0,0.0,1.0
0,120,25,209.88012092462216,111.34930235866598,1.0,0.0,0.0,1.0
0,120,26,209.410886674693,111.52198478016106,1.0,0.0,0.0,1.0
0,120,27,208.9416524247638,111.69466720165613,1.0,0.0,0.0,1.0
0,120,28,208.47241817483462,111.86734962315121,1.0,0.0,0.0,1.0
0,120,29,208.00318392490544,112.04003204464628,1.0,0.0,0.0,1.0
0,120,30,207.53394967497627,112.21271446614136,1.0,0.0,0.0,1.0
0,120,31,207.0647154250471,112.38539688763645,1.0,0.0,0.0,1.0
0,120,32,206.59548117511792,112.55807930913151,1.0,0.0,0.0,1.0
0,120,33,206.12624692518875,112.7307617306266,1.0,0.0,0.0,1.0
0,120,34,205.65701267525958,112.90344415212166,1.0,0.0,0.0,1.0
0,120,35,205.1877784253304,113.07612657361675,1.0,0.0,0.0,1.0
0,120,36,204.7185441754012,113.24880899511183,1.0,0.0,0.0,1.0
0,120,37,204.24930992547203,113.4214914166069,1.0,0.0,0.0,1.0
0,120,38,203.78007567554286,113.59417383810198,1.0,0.0,0.0,1.0
0,120,39,203.3108414256137,113.76685625959705,1.0,0.0,0.0,1.0
0,120,40,202.84160717568452,113.93953868109213,1.0,0.0,0.0,1.0
0,120,41,202.37237292575534,114.11222110258721,1.0,0.0,0.0,1.0
0,120,42,202.47619482026758,114.07401371224584,1.0,0.0,0.0,1.0
0,120,43,202.94542907019678,113.90133129075076,1.0,0.0,0.0,1.0
0,120,44,203.41466332012595,113.7286488692557,1.0,0.0,0.0,1.0
0,120,45,203.88389757005513,113.55596644776061,1.0,0.0,0.0,1.0
0,120,46,204.3531318199843,113.38328402626553,1.0,0.0,0.0,1.0
0,120,47,204.82236606991347,113.21060160477046,1.0,0.0,0.0,1.0
0,120,48,205.29160031984264,113.03791918327538,1.0,0.0,0.0,1.0
0,120,49,205.76083456977182,112.86523676178031,1.0,0.0,0.0,1.0
0,120,50,206.230068819701,112.69255434028523,1.0,0.0,0.0,1.0
0,120,51,206.6993030696302,112.51987191879014,1.0,0.0,0.0,1.0
0,120,52,207.16853731955936,112.34718949729508,1.0,0.0,0.0,1.0
0,120,53,207.63777156948854,112.1745070758,1.0,0.0,0.0,1.0
0,120,54,208.1070058194177,112.00182465430493,1.0,0.0,0.0,1.0
0,120,55,208.57624006934688,111.82914223280984,1.0,0.0,0.0,1.0
0,120,56,209.04547431927605,111.65645981131476,1.0,0.0,0.0,1.0
0,120,57,209.51470856920523,111.48377738981969,1.0,0.0,0.0,1.0
0,120,58,209.9839428191344,111.31109496832461,1.0,0.0,0.0,1.0
0,120,59,210.4531770690636,111.13841254682954,1.0,0.0,0.0,1.0
0,120,60,210.92241131899277,110.96573012533446,1.0,0.0,0.0,1.0
0,120,61,211.39164556892194,110.79304770383938,1.0,0.0,0.0,1.0
0,120,62,211.86087981885112,110.62036528234431,1.0,0.0,0.0,1.0
0,120,63,212.3301140687803,110.44768286084923,1.0,0.0,0.0,1.0
0,120,64,212.79934831870946,110.27500043935416,1.0,0.0,0.0,1.0
0,120,65,213.26858256863864,110.10231801785908,1.0,0.0,0.0,1.0
0,120,66,213.7378168185678,109.929635596364,1.0,0.0,0.0,1.0
0,120,67,214.207051068497,109.75695317486893,1.0,0.0,0.0,1.0
0,120,68,214.67628531842618,109.58427075337384,1.0,0.0,0.0,1.0
0,120,69,215.14551956835535,109.41158833187878,1.0,0.0,0.0,1.0
0,120,70,215.61475381828453,109.23890591038369,1.0,0.0,0.0,1.0
0,120,71,216.0839880682137,109.06622348888861,1.0,0.0,0.0,1.0
0,120,72,216.55322231814287,108.89354106739354,1.0,0.0,0.0,1.0
0,120,73,217.02245656807204,108.72085864589846,1.0,0.0,0.0,1.0
0,120,74,217.49169081800125,108.54817622440339,1.0,0.0,0.0,1.0
0,120,75,217.96092506793042,108.37549380290831,1.0,0.0,0.0,1.0
0,120,76,218.4301593178596,108.20281138141323,1.0,0.0,0.0,1.0
0,120,77,218.89939356778876,108.03012895991816,1.0,0.0,0.0,1.0
0,120,78,219.36862781771794,107.85744653842308,1.0,0.0,0.0,1.0
0,120,79,219.8378620676471,107.68476411692801,1.0,0.0,0.0,1.0
0,120,80,220.30709631757628,107.51208169543293,1.0,0.0,0.0,1.0
0,120,81,220.77633056750545,107.33939927393784,1.0,0.0,0.0,1.0
0,120,82,221.24556481743463,107.16671685244278,1.0,0.0,0.0,1.0
0,121,0,202.18966674804688,114.17945861816406,1.0,0.0,0.0,1.0
0,121,1,201.71982053670584,114.35046896196955,1.0,0.0,0.0,1.0
0,121,2,201.27166263752582,114.51358539149057,1.0,0.0,0.0,1.0
0,121,3,201.74150884886686,114.34257504768507,1.0,0.0,0.0,1.0
0,122,0,200.37750244140625,114.96115112304688,1.0,0.0,0.0,1.0
0,122,1,199.93420281396703,115.19242031752002,1.0,0.0,0.0,1.0
0,122,2,199.49090318652785,115.42368951199317,1.0,0.0,0.0,1.0
0,122,3,199.04760355908863,115.65495870646632,1.0,0.0,0.0,1.0
0,122,4,198.6043039316494,115.88622790093947,1.0,0.0,0.0,1.0
0,122,5,198.1610043042102,116.11749709541262,1.0,0.0,0.0,1.0
0,122,6,197.717704676771,116.34876628988577,1.0,0.0,0.0,1.0
0,122,7,197.2744050493318,116.58003548435892,1.0,0.0,0.0,1.0
0,122,8,196.83110542189257,116.81130467883206,1.0,0.0,0.0,1.0
0,122,9,196.38780579445339,117.04257387330522,1.0,0.0,0.0,1.0
0,122,10,195.94450616701417,117.27384306777836,1.0,0.0,0.0,1.0
0,122,11,195.50120653957495,117.50511226225152,1.0,0.0,0.0,1.0
0,122,12,195.05790691213576,117.73638145672466,1.0,0.0,0.0,1.0
0,122,13,194.61460728469655,117.96765065119781,1.0,0.0,0.0,1.0
0,122,14,194.17130765725733,118.19891984567096,1.0,0.0,0.0,1.0
0,122,15,193.7280080298181,118.43018904014411,1.0,0.0,0.0,1.0
0,122,16,193.28470840237893,118.66145823461726,1.0,0.0,0.0,1.0
0,122,17,192.8414087749397,118.8927274290904,1.0,0.0,0.0,1.0
0,122,18,192.3981091475005,119.12399662356356,1.0,0.0,0.0,1.0
0,122,19,191.9548095200613,119.3552658180367,1.0,0.0,0.0,1.0
0,122,20,191.5115098926221,119.58653501250986,1.0,0.0,0.0,1.0
0,122,21,191.06821026518287,119.817804206983,1.0,0.0,0.0,1.0
0,122,22,190.62491063774365,120.04907340145616,1.0,0.0,0.0,1.0
0,122,23,190.18161101030447,120.2803425959293,1.0,0.0,0.0,1.0
0,122,24,189.73831138286525,120.51161179040244,1.0,0.0,0.0,1.0
0,122,25,189.29501175542603,120.7428809848756,1.0,0.0,0.0,1.0
0,122,26,188.85171212798684,120.97415017934874,1.0,0.0,0.0,1.0
0,122,27,188.40841250054763,121.2054193738219,1.0,0.0,0.0,1.0
0,122,28,187.9651128731084,121.43668856829504,1.0,0.0,0.0,1.0
0,122,29,187.52181324566922,121.6679577627682,1.0,0.0,0.0,1.0
0,122,30,187.07851361823,121.89922695724134,1.0,0.0,0.0,1.0
0,122,31,186.6352139907908,122.13049615171448,1.0,0.0,0.0,1.0
0,122,32,186.19191436335157,122.36176534618764,1.0,0.0,0.0,1.0
0,122,33,185.74861473591238,122.59303454066078,1.0,0.0,0.0,1.0
0,122,34,185.30531510847317,122.82430373513394,1.0,0.0,0.0,1.0
0,122,35,184.86201548103395,123.05557292960708,1.0,0.0,0.0,1.0
0,122,36,184.41871585359476,123.28684212408024,1.0,0.0,0.0,1.0
0,122,37,183.97541622615555,123.51811131855338,1.0,0.0,0.0,1.0
0,122,38,183.53211659871633,123.74938051302652,1.0,0.0,0.0,1.0
0,122,39,183.08881697127714,123.98064970749968,1.0,0.0,0.0,1.0
0,122,40,182.64551734383792,124.21191890197282,1.0,0.0,0.0,1.0
0,122,41,182.2022177163987,124.44318809644598,1.0,0.0,0.0,1.0
0,122,42,182.30031653018114,124.39200999423713,1.0,0.0,0.0,1.0
0,122,43,182.74361615762032,124.16074079976397,1.0,0.0,0.0,1.0
0,122,44,183.18691578505954,123.92947160529083,1.0,0.0,0.0,1.0
0,122,45,183.63021541249876,123.69820241081767,1.0,0.0,0.0,1.0
0,122,46,184.07351503993794,123.46693321634453,1.0,0.0,0.0,1.0
0,122,47,184.51681466737716,123.23566402187139,1.0,0.0,0.0,1.0
0,122,48,184.96011429481638,123.00439482739823,1.0,0.0,0.0,1.0
0,122,49,185.40341392225557,122.77312563292509,1.0,0.0,0.0,1.0
0,122,50,185.84671354969478,122.54185643845193,1.0,0.0,0.0,1.0
0,122,51,186.290013177134,122.31058724397879,1.0,0.0,0.0,1.0
0,122,52,186.73331280457322,122.07931804950563,1.0,0.0,0.0,1.0
0,122,53,187.1766124320124,121.84804885503249,1.0,0.0,0.0,1.0
0,122,54,187.61991205945162,121.61677966055935,1.0,0.0,0.0,1.0
0,122,55,188.06321168689084,121.38551046608619,1.0,0.0,0.0,1.0
0,122,56,188.50651131433003,121.15424127161305,1.0,0.0,0.0,1.0
0,122,57,188.94981094176924,120.92297207713989,1.0,0.0,0.0,1.0
0,122,58,189.39311056920846,120.69170288266675,1.0,0.0,0.0,1.0
0,122,59,189.83641019664768,120.46043368819359,1.0,0.0,0.0,1.0
0,122,60,190.27970982408686,120.22916449372045,1.0,0.0,0.0,1.0
0,122,61,190.72300945152608,119.99789529924729,1.0,0.0,0.0,1.0
0,122,62,191.1663090789653,119.76662610477415,1.0,0.0,0.0,1.0
0,122,63,191.6096087064045,119.535356910301,1.0,0.0,0.0,1.0
0,122,64,192.0529083338437,119.30408771582785,1.0,0.0,0.0,1.0
0,122,65,192.49620796128292,119.0728185213547,1.0,0.0,0.0,1.0
0,122,66,192.9395075887221,118.84154932688155,1.0,0.0,0.0,1.0
0,122,67,193.38280721616132,118.6102801324084,1.0,0.0,0.0,1.0
0,122,68,193.82610684360054,118.37901093793525,1.0,0.0,0.0,1.0
0,122,69,194.26940647103976,118.1477417434621,1.0,0.0,0.0,1.0
0,122,70,194.71270609847895,117.91647254898896,1.0,0.0,0.0,1.0
0,122,71,195.15600572591816,117.6852033545158,1.0,0.0,0.0,1.0
0,122,72,195.59930535335738,117.45393416004266,1.0,0.0,0.0,1.0
0,122,73,196.04260498079657,117.2226649655695,1.0,0.0,0.0,1.0
0,122,74,196.48590460823578,116.99139577109636,1.0,0.0,0.0,1.0
0,122,75,196.929204235675,116.76012657662321,1.0,0.0,0.0,1.0
0,122,76,197.37250386311422,116.52885738215006,1.0,0.0,0.0,1.0
0,122,77,197.8158034905534,116.29758818767692,1.0,0.0,0.0,1.0
0,122,78,198.25910311799262,116.06631899320377,1.0,0.0,0.0,1.0
0,122,79,198.70240274543184,115.83504979873062,1.0,0.0,0.0,1.0
0,122,80,199.14570237287103,115.60378060425747,1.0,0.0,0.0,1.0
0,122,81,199.58900200031024,115.37251140978432,1.0,0.0,0.0,1.0
0,122,82,200.03230162774946,115.14124221531117,1.0,0.0,0.0,1.0
0,123,0,201.1868438720703,114.54985809326172,1.0,0.0,0.0,1.0
0,123,1,200.74109869222062,114.77637792603747,1.0,0.0,0.0,1.0
0,123,2,200.4596513704416,114.91940448728052,1.0,0.0,0.0,1.0
0,123,3,200.9053965502913,114.69288465450477,1.0,0.0,0.0,1.0
0,124,0,201.2608184814453,114.51753234863281,1.0,0.0,0.0,1.0
0,125,0,181.20376586914062,125.07640838623047,1.0,0.0,0.0,1.0
0,125,1,180.7936795874512,125.36246649496042,1.0,0.0,0.0,1.0
0,125,2,180.3835933057618,125.64852460369036,1.0,0.0,0.0,1.0
0,125,3,179.9735070240724,125.93458271242031,1.0,0.0,0.0,1.0
0,125,4,179.563420742383,126.22064082115024,1.0,0.0,0.0,1.0
0,125,5,179.15333446069357,126.50669892988019,1.0,0.0,0.0,1.0
0,125,6,178.74324817900415,126.79275703861013,1.0,0.0,0.0,1.0
0,125,7,178.33316189731474,127.07881514734008,1.0,0.0,0.0,1.0
0,125,8,177.92307561562532,127.36487325607003,1.0,0.0,0.0,1.0
0,125,9,177.51298933393593,127.65093136479997,1.0,0.0,0.0,1.0
0,125,10,177.10290305224652,127.9369894735299,1.0,0.0,0.0,1.0
0,125,11,176.6928167705571,128.22304758225985,1.0,0.0,0.0,1.0
0,125,12,176.28273048886768,128.5091056909898,1.0,0.0,0.0,1.0
0,125,13,175.87264420717827,128.79516379971975,1.0,0.0,0.0,1.0
0,125,14,175.46255792548885,129.0812219084497,1.0,0.0,0.0,1.0
0,125,15,175.05247164379946,129.36728001717964,1.0,0.0,0.0,1.0
0,125,16,174.64238536211005,129.65333812590958,1.0,0.0,0.0,1.0
0,125,17,174.23229908042063,129.93939623463953,1.0,0.0,0.0,1.0
0,125,18,173.82221279873121,130.22545434336948,1.0,0.0,0.0,1.0
0,125,19,173.4121265170418,130.5115124520994,1.0,0.0,0.0,1.0
0,125,20,173.00204023535238,130.79757056082934,1.0,0.0,0.0,1.0
0,125,21,172.591953953663,131.0836286695593,1.0,0.0,0.0,1.0
0,125,22,172.18186767197358,131.36968677828924,1.0,0.0,0.0,1.0
0,125,23,171.77178139028416,131.65574488701918,1.0,0.0,0.0,1.0
0,125,24,171.36169510859474,131.94180299574913,1.0,0.0,0.0,1.0
0,125,25,170.95160882690533,132.22786110447908,1.0,0.0,0.0,1.0
0,125,26,170.5415225452159,132.51391921320902,1.0,0.0,0.0,1.0
0,125,27,170.13143626352652,132.79997732193897,1.0,0.0,0.0,1.0
0,125,28,169.7213499818371,133.08603543066891,1.0,0.0,0.0,1.0
0,125,29,169.3112637001477,133.37209353939886,1.0,0.0,0.0,1.0
0,125,30,168.90117741845827,133.6581516481288,1.0,0.0,0.0,1.0
0,125,31,168.49109113676886,133.94420975685875,1.0,0.0,0.0,1.0
0,125,32,168.08100485507947,134.2302678655887,1.0,0.0,0.0,1.0
0,125,33,167.67091857339005,134.51632597431862,1.0,0.0,0.0,1.0
0,125,34,167.26083229170064,134.80238408304857,1.0,0.0,0.0,1.0
0,125,35,166.85074601001122,135.0884421917785,1.0,0.0,0.0,1.0
0,125,36,166.4406597283218,135.37450030050846,1.0,0.0,0.0,1.0
0,125,37,166.0305734466324,135.6605584092384,1.0,0.0,0.0,1.0
0,125,38,165.620487164943,135.94661651796835,1.0,0.0,0.0,1.0
0,125,39,165.21040088325358,136.2326746266983,1.0,0.0,0.0,1.0
0,125,40,164.80031460156417,136.51873273542824,1.0,0.0,0.0,1.0
0,125,41,164.39022831987475,136.8047908441582,1.0,0.0,0.0,1.0
0,125,42,164.48097856728342,136.7414874728931,1.0,0.0,0.0,1.0
0,125,43,164.89106484897283,136.45542936416317,1.0,0.0,0.0,1.0
0,125,44,165.30115113066222,136.16937125543322,1.0,0.0,0.0,1.0
0,125,45,165.71123741235164,135.8833131467033,1.0,0.0,0.0,1.0
0,125,46,166.12132369404105,135.59725503797335,1.0,0.0,0.0,1.0
0,125,47,166.53140997573047,135.3111969292434,1.0,0.0,0.0,1.0
0,125,48,166.94149625741989,135.02513882051346,1.0,0.0,0.0,1.0
0,125,49,167.3515825391093,134.73908071178352,1.0,0.0,0.0,1.0
0,125,50,167.7616688207987,134.45302260305357,1.0,0.0,0.0,1.0
0,125,51,168.1717551024881,134.16696449432362,1.0,0.0,0.0,1.0
0,125,52,168.58184138417752,133.88090638559368,1.0,0.0,0.0,1.0
0,125,53,168.99192766586694,133.59484827686373,1.0,0.0,0.0,1.0
0,125,54,169.40201394755636,133.30879016813378,1.0,0.0,0.0,1.0
0,125,55,169.81210022924574,133.02273205940384,1.0,0.0,0.0,1.0
0,125,56,170.22218651093516,132.7366739506739,1.0,0.0,0.0,1.0
0,125,57,170.63227279262458,132.45061584194394,1.0,0.0,0.0,1.0
0,125,58,171.042359074314,132.16455773321402,1.0,0.0,0.0,1.0
0,125,59,171.4524453560034,131.87849962448408,1.0,0.0,0.0,1.0
0,125,60,171.86253163769283,131.59244151575413,1.0,0.0,0.0,1.0
0,125,61,172.27261791938224,131.30638340702419,1.0,0.0,0.0,1.0
0,125,62,172.68270420107163,131.02032529829424,1.0,0.0,0.0,1.0
0,125,63,173.09279048276105,130.7342671895643,1.0,0.0,0.0,1.0
0,125,64,173.50287676445046,130.44820908083435,1.0,0.0,0.0,1.0
0,125,65,173.91296304613988,130.1621509721044,1.0,0.0,0.0,1.0
0,125,66,174.3230493278293,129.87609286337445,1.0,0.0,0.0,1.0
0,125,67,174.73313560951868,129.5900347546445,1.0,0.0,0.0,1.0
0,125,68,175.1432218912081,129.30397664591456,1.0,0.0,0.0,1.0
0,125,69,175.55330817289752,129.0179185371846,1.0,0.0,0.0,1.0
0,125,70,175.96339445458693,128.7318604284547,1.0,0.0,0.0,1.0
0,125,71,176.37348073627635,128.44580231972475,1.0,0.0,0.0,1.0
0,125,72,176.78356701796577,128.1597442109948,1.0,0.0,0.0,1.0
0,125,73,177.19365329965515,127.87368610226486,1.0,0.0,0.0,1.0
0,125,74,177.60373958134457,127.58762799353491,1.0,0.0,0.0,1.0
0,125,75,178.013825863034,127.30156988480496,1.0,0.0,0.0,1.0
0,125,76,178.4239121447234,127.01551177607502,1.0,0.0,0.0,1.0
0,125,77,178.83399842641282,126.72945366734507,1.0,0.0,0.0,1.0
0,125,78,179.2440847081022,126.44339555861512,1.0,0.0,0.0,1.0
0,125,79,179.65417098979162,126.15733744988518,1.0,0.0,0.0,1.0
0,125,80,180.06425727148104,125.87127934115523,1.0,0.0,0.0,1.0
0,125,81,180.47434355317046,125.5852212324253,1.0,0.0,0.0,1.0
0,125,82,180.88442983485987,125.29916312369535,1.0,0.0,0.0,1.0
0,126,0,181.87327575683594,124.62574005126953,1.0,0.0,0.0,1.0
0,126,1,181.45849240973428,124.90494387460858,1.0,0.0,0.0,1.0
0,126,2,181.36382267564863,124.9686690745133,1.0,0.0,0.0,1.0
0,126,3,181.7786060227503,124.68946525117425,1.0,0.0,0.0,1.0
0,127,0,182.0296173095703,124.53323364257812,1.0,0.0,0.0,1.0
0,128,0,163.47335815429688,137.55154418945312,1.0,0.0,0.0,1.0
0,128,1,163.10321911252836,137.8876945869818,1.0,0.0,0.0,1.0
0,128,2,162.73308007075983,138.22384498451046,1.0,0.0,0.0,1.0
0,128,3,162.36294102899132,138.55999538203915,1.0,0.0,0.0,1.0
0,128,4,161.9928019872228,138.8961457795678,1.0,0.0,0.0,1.0
0,128,5,161.6226629454543,139.2322961770965,1.0,0.0,0.0,1.0
0,128,6,161.25252390368576,139.56844657462514,1.0,0.0,0.0,1.0
0,128,7,160.88238486191725,139.90459697215383,1.0,0.0,0.0,1.0
0,128,8,160.51224582014873,140.24074736968248,1.0,0.0,0.0,1.0
0,128,9,160.14210677838022,140.57689776721116,1.0,0.0,0.0,1.0
0,128,10,159.77196773661169,140.91304816473982,1.0,0.0,0.0,1.0
0,128,11,159.40182869484318,141.2491985622685,1.0,0.0,0.0,1.0
0,128,12,159.03168965307466,141.58534895979716,1.0,0.0,0.0,1.0
0,128,13,158.66155061130615,141.92149935732584,1.0,0.0,0.0,1.0
0,128,14,158.29141156953762,142.25764975485453,1.0,0.0,0.0,1.0
0,128,15,157.9212725277691,142.59380015238318,1.0,0.0,0.0,1.0
0,128,16,157.5511334860006,142.92995054991187,1.0,0.0,0.0,1.0
0,128,17,157.18099444423206,143.26610094744052,1.0,0.0,0.0,1.0
0,128,18,156.81085540246355,143.6022513449692,1.0,0.0,0.0,1.0
0,128,19,156.44071636069503,143.93840174249786,1.0,0.0,0.0,1.0
0,128,20,156.07057731892652,144.27455214002654,1.0,0.0,0.0,1.0
0,128,21,155.70043827715799,144.6107025375552,1.0,0.0,0.0,1.0
0,128,22,155.33029923538948,144.94685293508388,1.0,0.0,0.0,1.0
0,128,23,154.96016019362096,145.28300333261254,1.0,0.0,0.0,1.0
0,128,24,154.59002115185245,145.61915373014122,1.0,0.0,0.0,1.0
0,128,25,154.21988211008392,145.95530412766988,1.0,0.0,0.0,1.0
0,128,26,153.8497430683154,146.29145452519856,1.0,0.0,0.0,1.0
0,128,27,153.4796040265469,146.62760492272724,1.0,0.0,0.0,1.0
0,128,28,153.10946498477838,146.9637553202559,1.0,0.0,0.0,1.0
0,128,29,152.73932594300985,147.29990571778458,1.0,0.0,0.0,1.0
0,128,30,152.36918690124133,147.63605611531324,1.0,0.0,0.0,1.0
0,128,31,151.99904785947282,147.97220651284192,1.0,0.0,0.0,1.0
0,128,32,151.6289088177043,148.30835691037058,1.0,0.0,0.0,1.0
0,128,33,151.25876977593578,148.64450730789926,1.0,0.0,0.0,1.0
0,128,34,150.88863073416726,148.98065770542792,1.0,0.0,0.0,1.0
0,128,35,150.51849169239875,149.3168081029566,1.0,0.0,0.0,1.0
0,128,36,150.14835265063022,149.65295850048525,1.0,0.0,0.0,1.0
0,128,37,149.7782136088617,149.98910889801394,1.0,0.0,0.0,1.0
0,128,38,149.4080745670932,150.32525929554262,1.0,0.0,0.0,1.0
0,128,39,149.03793552532468,150.66140969307128,1.0,0.0,0.0,1.0
0,128,40,148.66779648355615,150.99756009059996,1.0,0.0,0.0,1.0
0,128,41,148.29765744178763,151.33371048812862,1.0,0.0,0.0,1.0
0,128,42,148.37954947107463,151.2593383330927,1.0,0.0,0.0,1.0
0,128,43,148.74968851284314,150.92318793556404,1.0,0.0,0.0,1.0
0,128,44,149.11982755461167,150.58703753803536,1.0,0.0,0.0,1.0
0,128,45,149.48996659638019,150.2508871405067,1.0,0.0,0.0,1.0
0,128,46,149.8601056381487,149.91473674297802,1.0,0.0,0.0,1.0
0,128,47,150.23024467991723,149.57858634544937,1.0,0.0,0.0,1.0
0,128,48,150.60038372168574,149.24243594792068,1.0,0.0,0.0,1.0
0,128,49,150.97052276345426,148.90628555039203,1.0,0.0,0.0,1.0
0,128,50,151.34066180522277,148.57013515286334,1.0,0.0,0.0,1.0
0,128,51,151.7108008469913,148.23398475533466,1.0,0.0,0.0,1.0
0,128,52,152.08093988875981,147.897834357806,1.0,0.0,0.0,1.0
0,128,53,152.45107893052833,147.56168396027732,1.0,0.0,0.0,1.0
0,128,54,152.82121797229684,147.22553356274867,1.0,0.0,0.0,1.0
0,128,55,153.19135701406537,146.88938316521998,1.0,0.0,0.0,1.0
0,128,56,153.56149605583389,146.55323276769133,1.0,0.0,0.0,1.0
0,128,57,153.9316350976024,146.21708237016264,1.0,0.0,0.0,1.0
0,128,58,154.3017741393709,145.880931972634,1.0,0.0,0.0,1.0
0,128,59,154.67191318113944,145.5447815751053,1.0,0.0,0.0,1.0
0,128,60,155.04205222290796,145.20863117757665,1.0,0.0,0.0,1.0
0,128,61,155.41219126467647,144.87248078004797,1.0,0.0,0.0,1.0
0,128,62,155.78233030644498,144.53633038251928,1.0,0.0,0.0,1.0
0,128,63,156.15246934821351,144.20017998499063,1.0,0.0,0.0,1.0
0,128,64,156.52260838998203,143.86402958746194,1.0,0.0,0.0,1.0
0,128,65,156.89274743175054,143.5278791899333,1.0,0.0,0.0,1.0
0,128,66,157.26288647351907,143.1917287924046,1.0,0.0,0.0,1.0
0,128,67,157.63302551528758,142.85557839487595,1.0,0.0,0.0,1.0
0,128,68,158.0031645570561,142.51942799734726,1.0,0.0,0.0,1.0
0,128,69,158.3733035988246,142.1832775998186,1.0,0.0,0.0,1.0
0,128,70,158.74344264059314,141.84712720228993,1.0,0.0,0.0,1.0
0,128,71,159.11358168236166,141.51097680476127,1.0,0.0,0.0,1.0
0,128,72,159.48372072413017,141.1748264072326,1.0,0.0,0.0,1.0
0,128,73,159.85385976589868,140.83867600970393,1.0,0.0,0.0,1.0
0,128,74,160.22399880766721,140.50252561217525,1.0,0.0,0.0,1.0
0,128,75,160.59413784943573,140.16637521464656,1.0,0.0,0.0,1.0
0,128,76,160.96427689120424,139.8302248171179,1.0,0.0,0.0,1.0
0,128,77,161.33441593297277,139.49407441958923,1.0,0.0,0.0,1.0
0,128,78,161.70455497474128,139.15792402206057,1.0,0.0,0.0,1.0
0,128,79,162.0746940165098,138.8217736245319,1.0,0.0,0.0,1.0
0,128,80,162.4448330582783,138.48562322700323,1.0,0.0,0.0,1.0
0,128,81,162.81497210004684,138.14947282947455,1.0,0.0,0.0,1.0
0,128,82,163.18511114181536,137.8133224319459,1.0,0.0,0.0,1.0
0,129,0,164.00674438476562,137.08865356445312,1.0,0.0,0.0,1.0
0,129,1,163.62911806909767,137.41637046318593,1.0,0.0,0.0,1.0
0,129,2,163.69522455516406,137.35900101698755,1.0,0.0,0.0,1.0
0,130,0,164.23056030273438,136.91616821289062,1.0,0.0,0.0,1.0
0,130,1,164.17896728932809,136.95592874081157,1.0,0.0,0.0,1.0
0,131,0,147.47520446777344,152.18357849121094,1.0,0.0,0.0,1.0
0,131,1,147.15109048163168,152.56430165045833,1.0,0.0,0.0,1.0
0,131,2,146.82697649548996,152.9450248097057,1.0,0.0,0.0,1.0
0,131,3,146.5028625093482,153.3257479689531,1.0,0.0,0.0,1.0
0,131,4,146.17874852320645,153.7064711282005,1.0,0.0,0.0,1.0
0,131,5,145.85463453706473,154.08719428744786,1.0,0.0,0.0,1.0
0,131,6,145.53052055092297,154.46791744669525,1.0,0.0,0.0,1.0
0,131,7,145.20640656478125,154.84864060594262,1.0,0.0,0.0,1.0
0,131,8,144.8822925786395,155.22936376519002,1.0,0.0,0.0,1.0
0,131,9,144.55817859249774,155.6100869244374,1.0,0.0,0.0,1.0
0,131,10,144.23406460635601,155.99081008368478,1.0,0.0,0.0,1.0
0,131,11,143.90995062021426,156.37153324293217,1.0,0.0,0.0,1.0
0,131,12,143.5858366340725,156.75225640217957,1.0,0.0,0.0,1.0
0,131,13,143.26172264793078,157.13297956142694,1.0,0.0,0.0,1.0
0,131,14,142.93760866178903,157.51370272067433,1.0,0.0,0.0,1.0
0,131,15,142.6134946756473,157.89442587992173,1.0,0.0,0.0,1.0
0,131,16,142.28938068950555,158.2751490391691,1.0,0.0,0.0,1.0
0,131,17,141.9652667033638,158.6558721984165,1.0,0.0,0.0,1.0
0,131,18,141.64115271722207,159.03659535766388,1.0,0.0,0.0,1.0
0,131,19,141.31703873108032,159.41731851691125,1.0,0.0,0.0,1.0
0,131,20,140.99292474493856,159.79804167615865,1.0,0.0,0.0,1.0
0,131,21,140.66881075879684,160.178764835406,1.0,0.0,0.0,1.0
0,131,22,140.34469677265508,160.5594879946534,1.0,0.0,0.0,1.0
0,131,23,140.02058278651333,160.9402111539008,1.0,0.0,0.0,1.0
0,131,24,139.6964688003716,161.32093431314817,1.0,0.0,0.0,1.0
0,131,25,139.37235481422985,161.70165747239557,1.0,0.0,0.0,1.0
0,131,26,139.04824082808813,162.08238063164296,1.0,0.0,0.0,1.0
0,131,27,138.72412684194637,162.46310379089033,1.0,0.0,0.0,1.0
0,131,28,138.40001285580462,162.84382695013772,1.0,0.0,0.0,1.0
0,131,29,138.0758988696629,163.22455010938512,1.0,0.0,0.0,1.0
0,131,30,137.75178488352114,163.6052732686325,1.0,0.0,0.0,1.0
0,131,31,137.4276708973794,163.98599642787988,1.0,0.0,0.0,1.0
0,131,32,137.10355691123766,164.36671958712728,1.0,0.0,0.0,1.0
0,131,33,136.7794429250959,164.74744274637465,1.0,0.0,0.0,1.0
0,131,34,136.45532893895418,165.12816590562204,1.0,0.0,0.0,1.0
0,131,35,136.13121495281243,165.50888906486944,1.0,0.0,0.0,1.0
0,131,36,135.80710096667067,165.8896122241168,1.0,0.0,0.0,1.0
0,131,37,135.48298698052895,166.2703353833642,1.0,0.0,0.0,1.0
0,131,38,135.1588729943872,166.65105854261157,1.0,0.0,0.0,1.0
0,131,39,134.83475900824544,167.03178170185896,1.0,0.0,0.0,1.0
0,131,40,134.51064502210372,167.41250486110636,1.0,0.0,0.0,1.0
0,131,41,134.18653103596196,167.79322802035372,1.0,0.0,0.0,1.0
0,131,42,134.258249454086,167.70898339071138,1.0,0.0,0.0,1.0
0,131,43,134.58236344022777,167.328260231464,1.0,0.0,0.0,1.0
0,131,44,134.90647742636952,166.94753707221662,1.0,0.0,0.0,1.0
0,131,45,135.23059141251125,166.56681391296922,1.0,0.0,0.0,1.0
0,131,46,135.554705398653,166.18609075372183,1.0,0.0,0.0,1.0
0,131,47,135.87881938479475,165.80536759447446,1.0,0.0,0.0,1.0
0,131,48,136.20293337093648,165.42464443522707,1.0,0.0,0.0,1.0
0,131,49,136.52704735707823,165.0439212759797,1.0,0.0,0.0,1.0
0,131,50,136.85116134321999,164.6631981167323,1.0,0.0,0.0,1.0
0,131,51,137.1752753293617,164.2824749574849,1.0,0.0,0.0,1.0
0,131,52,137.49938931550346,163.90175179823754,1.0,0.0,0.0,1.0
0,131,53,137.8235033016452,163.52102863899015,1.0,0.0,0.0,1.0
0,131,54,138.14761728778694,163.14030547974275,1.0,0.0,0.0,1.0
0,131,55,138.4717312739287,162.75958232049538,1.0,0.0,0.0,1.0
0,131,56,138.79584526007042,162.378859161248,1.0,0.0,0.0,1.0
0,131,57,139.11995924621218,161.9981360020006,1.0,0.0,0.0,1.0
0,131,58,139.44407323235393,161.61741284275323,1.0,0.0,0.0,1.0
0,131,59,139.76818721849565,161.23668968350583,1.0,0.0,0.0,1.0
0,131,60,140.0923012046374,160.85596652425843,1.0,0.0,0.0,1.0
0,131,61,140.41641519077916,160.47524336501107,1.0,0.0,0.0,1.0
0,131,62,140.7405291769209,160.09452020576367,1.0,0.0,0.0,1.0
0,131,63,141.06464316306264,159.7137970465163,1.0,0.0,0.0,1.0
0,131,64,141.38875714920437,159.3330738872689,1.0,0.0,0.0,1.0
0,131,65,141.71287113534612,158.95235072802151,1.0,0.0,0.0,1.0
0,131,66,142.03698512148787,158.57162756877415,1.0,0.0,0.0,1.0
0,131,67,142.3610991076296,158.19090440952675,1.0,0.0,0.0,1.0
0,131,68,142.68521309377135,157.81018125027936,1.0,0.0,0.0,1.0
0,131,69,143.00932707991308,157.429458091032,1.0,0.0,0.0,1.0
0,131,70,143.33344106605483,157.0487349317846,1.0,0.0,0.0,1.0
0,131,71,143.65755505219659,156.6680117725372,1.0,0.0,0.0,1.0
0,131,72,143.9816690383383,156.28728861328983,1.0,0.0,0.0,1.0
0,131,73,144.30578302448006,155.90656545404244,1.0,0.0,0.0,1.0
0,131,74,144.62989701062182,155.52584229479504,1.0,0.0,0.0,1.0
0,131,75,144.95401099676354,155.14511913554767,1.0,0.0,0.0,1.0
0,131,76,145.2781249829053,154.76439597630028,1.0,0.0,0.0,1.0
0,131,77,145.60223896904705,154.3836728170529,1.0,0.0,0.0,1.0
0,131,78,145.92635295518878,154.00294965780552,1.0,0.0,0.0,1.0
0,131,79,146.25046694133053,153.62222649855812,1.0,0.0,0.0,1.0
0,131,80,146.57458092747225,153.24150333931075,1.0,0.0,0.0,1.0
0,131,81,146.898694913614,152.86078018006336,1.0,0.0,0.0,1.0
0,131,82,147.22280889975576,152.48005702081596,1.0,0.0,0.0,1.0
0,132,0,147.880615234375,151.73397827148438,1.0,0.0,0.0,1.0
0,132,1,147.54578140364058,152.10530872511794,1.0,0.0,0.0,1.0
0,132,2,147.73946136264075,151.89051780367038,1.0,0.0,0.0,1.0
0,133,0,148.15353393554688,151.464599609375,1.0,0.0,0.0,1.0
0,133,1,147.96355028749622,151.6521189721552,1.0,0.0,0.0,1.0
0,134,0,133.47006225585938,168.73434448242188,1.0,0.0,0.0,1.0
0,134,1,133.19729500257736,169.15338866331095,1.0,0.0,0.0,1.0
0,134,2,132.92452774929535,169.5724328442,1.0,0.0,0.0,1.0
0,134,3,132.65176049601334,169.99147702508907,1.0,0.0,0.0,1.0
0,134,4,132.3789932427313,170.4105212059781,1.0,0.0,0.0,1.0
0,134,5,132.10622598944929,170.8295653868672,1.0,0.0,0.0,1.0
0,134,6,131.83345873616727,171.24860956775623,1.0,0.0,0.0,1.0
0,134,7,131.56069148288526,171.6676537486453,1.0,0.0,0.0,1.0
0,134,8,131.28792422960325,172.08669792953435,1.0,0.0,0.0,1.0
0,134,9,131.01515697632124,172.50574211042343,1.0,0.0,0.0,1.0
0,134,10,130.7423897230392,172.92478629131247,1.0,0.0,0.0,1.0
0,134,11,130.46962246975718,173.34383047220155,1.0,0.0,0.0,1.0
0,134,12,130.19685521647517,173.76287465309062,1.0,0.0,0.0,1.0
0,134,13,129.92408796319316,174.18191883397967,1.0,0.0,0.0,1.0
0,134,14,129.65132070991115,174.60096301486874,1.0,0.0,0.0,1.0
0,134,15,129.37855345662913,175.02000719575778,1.0,0.0,0.0,1.0
0,134,16,129.1057862033471,175.43905137664686,1.0,0.0,0.0,1.0
0,134,17,128.83301895006508,175.8580955575359,1.0,0.0,0.0,1.0
0,134,18,128.56025169678307,176.27713973842498,1.0,0.0,0.0,1.0
0,134,19,128.28748444350106,176.69618391931402,1.0,0.0,0.0,1.0
0,134,20,128.01471719021905,177.1152281002031,1.0,0.0,0.0,1.0
0,134,21,127.74194993693702,177.53427228109214,1.0,0.0,0.0,1.0
0,134,22,127.469182683655,177.95331646198122,1.0,0.0,0.0,1.0
0,134,23,127.19641543037298,178.3723606428703,1.0,0.0,0.0,1.0
0,134,24,126.92364817709097,178.79140482375934,1.0,0.0,0.0,1.0
0,134,25,126.65088092380896,179.2104490046484,1.0,0.0,0.0,1.0
0,134,26,126.37811367052694,179.62949318553746,1.0,0.0,0.0,1.0
0,134,27,126.10534641724492,180.04853736642653,1.0,0.0,0.0,1.0
0,134,28,125.8325791639629,180.46758154731558,1.0,0.0,0.0,1.0
0,134,29,125.55981191068089,180.88662572820465,1.0,0.0,0.0,1.0
0,134,30,125.28704465739887,181.3056699090937,1.0,0.0,0.0,1.0
0,134,31,125.01427740411685,181.72471408998277,1.0,0.0,0.0,1.0
0,134,32,124.74151015083484,182.14375827087184,1.0,0.0,0.0,1.0
0,134,33,124.46874289755281,182.5628024517609,1.0,0.0,0.0,1.0
0,134,34,124.1959756442708,182.98184663264996,1.0,0.0,0.0,1.0
0,134,35,123.92320839098879,183.400890813539,1.0,0.0,0.0,1.0
0,134,36,123.65044113770676,183.81993499442808,1.0,0.0,0.0,1.0
0,134,37,123.37767388442475,184.23897917531713,1.0,0.0,0.0,1.0
0,134,38,123.10490663114274,184.6580233562062,1.0,0.0,0.0,1.0
0,134,39,122.83213937786071,185.07706753709525,1.0,0.0,0.0,1.0
0,134,40,122.5593721245787,185.49611171798432,1.0,0.0,0.0,1.0
0,134,41,122.28660487129669,185.91515589887337,1.0,0.0,0.0,1.0
0,134,42,122.34697170815721,185.82241613117506,1.0,0.0,0.0,1.0
0,134,43,122.61973896143923,185.40337195028602,1.0,0.0,0.0,1.0
0,134,44,122.89250621472124,184.98432776939694,1.0,0.0,0.0,1.0
0,134,45,123.16527346800326,184.56528358850787,1.0,0.0,0.0,1.0
0,134,46,123.43804072128528,184.14623940761882,1.0,0.0,0.0,1.0
0,134,47,123.71080797456729,183.72719522672975,1.0,0.0,0.0,1.0
0,134,48,123.98357522784931,183.3081510458407,1.0,0.0,0.0,1.0
0,134,49,124.25634248113133,182.88910686495163,1.0,0.0,0.0,1.0
0,134,50,124.52910973441334,182.47006268406258,1.0,0.0,0.0,1.0
0,134,51,124.80187698769537,182.0510185031735,1.0,0.0,0.0,1.0
0,134,52,125.07464424097738,181.63197432228446,1.0,0.0,0.0,1.0
0,134,53,125.34741149425939,181.2129301413954,1.0,0.0,0.0,1.0
0,134,54,125.62017874754142,180.79388596050632,1.0,0.0,0.0,1.0
0,134,55,125.89294600082343,180.37484177961727,1.0,0.0,0.0,1.0
0,134,56,126.16571325410544,179.9557975987282,1.0,0.0,0.0,1.0
0,134,57,126.43848050738745,179.53675341783915,1.0,0.0,0.0,1.0
0,134,58,126.71124776066948,179.11770923695008,1.0,0.0,0.0,1.0
0,134,59,126.98401501395149,178.69866505606103,1.0,0.0,0.0,1.0
0,134,60,127.2567822672335,178.27962087517196,1.0,0.0,0.0,1.0
0,134,61,127.52954952051553,177.8605766942829,1.0,0.0,0.0,1.0
0,134,62,127.80231677379754,177.44153251339384,1.0,0.0,0.0,1.0
0,134,63,128.07508402707955,177.0224883325048,1.0,0.0,0.0,1.0
0,134,64,128.34785128036157,176.60344415161572,1.0,0.0,0.0,1.0
0,134,65,128.6206185336436,176.18439997072664,1.0,0.0,0.0,1.0
0,134,66,128.89338578692562,175.7653557898376,1.0,0.0,0.0,1.0
0,134,67,129.16615304020763,175.34631160894853,1.0,0.0,0.0,1.0
0,134,68,129.43892029348964,174.92726742805948,1.0,0.0,0.0,1.0
0,134,69,129.71168754677166,174.5082232471704,1.0,0.0,0.0,1.0
0,134,70,129.98445480005367,174.08917906628136,1.0,0.0,0.0,1.0
0,134,71,130.25722205333568,173.6701348853923,1.0,0.0,0.0,1.0
0,134,72,130.52998930661772,173.25109070450324,1.0,0.0,0.0,1.0
0,134,73,130.80275655989973,172.83204652361417,1.0,0.0,0.0,1.0
0,134,74,131.07552381318175,172.41300234272512,1.0,0.0,0.0,1.0
0,134,75,131.34829106646376,171.99395816183605,1.0,0.0,0.0,1.0
0,134,76,131.62105831974577,171.57491398094697,1.0,0.0,0.0,1.0
0,134,77,131.8938255730278,171.15586980005793,1.0,0.0,0.0,1.0
0,134,78,132.16659282630982,170.73682561916885,1.0,0.0,0.0,1.0
0,134,79,132.43936007959184,170.3177814382798,1.0,0.0,0.0,1.0
0,134,80,132.71212733287385,169.89873725739074,1.0,0.0,0.0,1.0
0,134,81,132.98489458615586,169.4796930765017,1.0,0.0,0.0,1.0
0,134,82,133.25766183943787,169.06064889561262,1.0,0.0,0.0,1.0
0,135,0,133.7596893310547,168.32122802734375,1.0,0.0,0.0,1.0
0,135,1,133.47266188665176,168.7306364373203,1.0,0.0,0.0,1.0
0,135,2,133.7544900694699,168.3286441175469,1.0,0.0,0.0,1.0
0,136,0,134.06033325195312,167.94146728515625,1.0,0.0,0.0,1.0
0,136,1,133.76939688233904,168.30896585730036,1.0,0.0,0.0,1.0
0,137,0,121.68617248535156,186.93434143066406,1.0,0.0,0.0,1.0
0,137,1,121.4692302811682,187.3848257034684,1.0,0.0,0.0,1.0
0,137,2,121.25228807698483,187.83530997627275,1.0,0.0,0.0,1.0
0,137,3,121.03534587280144,188.2857942490771,1.0,0.0,0.0,1.0
0,137,4,120.81840366861807,188.73627852188145,1.0,0.0,0.0,1.0
0,137,5,120.6014614644347,189.1867627946858,1.0,0.0,0.0,1.0
0,137,6,120.38451926025134,189.63724706749014,1.0,0.0,0.0,1.0
0,137,7,120.16757705606796,190.08773134029448,1.0,0.0,0.0,1.0
0,137,8,119.95063485188459,190.53821561309883,1.0,0.0,0.0,1.0
0,137,9,119.73369264770122,190.98869988590317,1.0,0.0,0.0,1.0
0,137,10,119.51675044351785,191.43918415870752,1.0,0.0,0.0,1.0
0,137,11,119.29980823933447,191.88966843151186,1.0,0.0,0.0,1.0
0,137,12,119.0828660351511,192.3401527043162,1.0,0.0,0.0,1.0
0,137,13,118.86592383096773,192.79063697712056,1.0,0.0,0.0,1.0
0,137,14,118.64898162678436,193.2411212499249,1.0,0.0,0.0,1.0
0,137,15,118.43203942260098,193.69160552272925,1.0,0.0,0.0,1.0
0,137,16,118.21509721841761,194.1420897955336,1.0,0.0,0.0,1.0
0,137,17,117.99815501423424,194.59257406833794,1.0,0.0,0.0,1.0
0,137,18,117.78121281005087,195.04305834114228,1.0,0.0,0.0,1.0
0,137,19,117.56427060586749,195.49354261394663,1.0,0.0,0.0,1.0
0,137,20,117.34732840168412,195.94402688675098,1.0,0.0,0.0,1.0
0,137,21,117.13038619750075,196.39451115955532,1.0,0.0,0.0,1.0
0,137,22,116.91344399331739,196.84499543235967,1.0,0.0,0.0,1.0
0,137,23,116.696501789134,197.295479705164,1.0,0.0,0.0,1.0
0,137,24,116.47955958495064,197.74596397796836,1.0,0.0,0.0,1.0
0,137,25,116.26261738076727,198.1964482507727,1.0,0.0,0.0,1.0
0,137,26,116.0456751765839,198.64693252357705,1.0,0.0,0.0,1.0
0,137,27,115.82873297240053,199.0974167963814,1.0,0.0,0.0,1.0
0,137,28,115.61179076821715,199.54790106918574,1.0,0.0,0.0,1.0
0,137,29,115.39484856403378,199.9983853419901,1.0,0.0,0.0,1.0
0,137,30,115.17790635985041,200.44886961479443,1.0,0.0,0.0,1.0
0,137,31,114.96096415566704,200.89935388759878,1.0,0.0,0.0,1.0
0,137,32,114.74402195148366,201.34983816040312,1.0,0.0,0.0,1.0
0,137,33,114.52707974730029,201.80032243320747,1.0,0.0,0.0,1.0
0,137,34,114.31013754311692,202.25080670601182,1.0,0.0,0.0,1.0
0,137,35,114.09319533893355,202.70129097881616,1.0,0.0,0.0,1.0
0,137,36,113.87625313475017,203.1517752516205,1.0,0.0,0.0,1.0
0,137,37,113.6593109305668,203.60225952442485,1.0,0.0,0.0,1.0
0,137,38,113.44236872638344,204.0527437972292,1.0,0.0,0.0,1.0
0,137,39,113.22542652220007,204.50322807003354,1.0,0.0,0.0,1.0
0,137,40,113.00848431801668,204.9537123428379,1.0,0.0,0.0,1.0
0,137,41,112.79154211383332,205.40419661564223,1.0,0.0,0.0,1.0
0,137,42,112.83955414308443,205.30449879905342,1.0,0.0,0.0,1.0
0,137,43,113.0564963472678,204.85401452624907,1.0,0.0,0.0,1.0
0,137,44,113.27343855145118,204.40353025344473,1.0,0.0,0.0,1.0
0,137,45,113.49038075563455,203.95304598064038,1.0,0.0,0.0,1.0
0,137,46,113.70732295981792,203.50256170783604,1.0,0.0,0.0,1.0
0,137,47,113.92426516400128,203.0520774350317,1.0,0.0,0.0,1.0
0,137,48,114.14120736818467,202.60159316222735,1.0,0.0,0.0,1.0
0,137,49,114.35814957236803,202.151108889423,1.0,0.0,0.0,1.0
0,137,50,114.5750917765514,201.70062461661865,1.0,0.0,0.0,1.0
0,137,51,114.79203398073477,201.2501403438143,1.0,0.0,0.0,1.0
0,137,52,115.00897618491815,200.79965607100996,1.0,0.0,0.0,1.0
0,137,53,115.22591838910152,200.34917179820562,1.0,0.0,0.0,1.0
0,137,54,115.44286059328489,199.89868752540127,1.0,0.0,0.0,1.0
0,137,55,115.65980279746826,199.44820325259693,1.0,0.0,0.0,1.0
0,137,56,115.87674500165164,198.99771897979258,1.0,0.0,0.0,1.0
0,137,57,116.09368720583501,198.54723470698823,1.0,0.0,0.0,1.0
0,137,58,116.31062941001838,198.0967504341839,1.0,0.0,0.0,1.0
0,137,59,116.52757161420175,197.64626616137954,1.0,0.0,0.0,1.0
0,137,60,116.74451381838512,197.1957818885752,1.0,0.0,0.0,1.0
0,137,61,116.9614560225685,196.74529761577085,1.0,0.0,0.0,1.0
0,137,62,117.17839822675187,196.2948133429665,1.0,0.0,0.0,1.0
0,137,63,117.39534043093524,195.84432907016216,1.0,0.0,0.0,1.0
0,137,64,117.6122826351186,195.39384479735781,1.0,0.0,0.0,1.0
0,137,65,117.82922483930199,194.94336052455347,1.0,0.0,0.0,1.0
0,137,66,118.04616704348535,194.49287625174912,1.0,0.0,0.0,1.0
0,137,67,118.26310924766872,194.04239197894478,1.0,0.0,0.0,1.0
0,137,68,118.48005145185209,193.59190770614043,1.0,0.0,0.0,1.0
0,137,69,118.69699365603547,193.1414234333361,1.0,0.0,0.0,1.0
0,137,70,118.91393586021884,192.69093916053174,1.0,0.0,0.0,1.0
0,137,71,119.13087806440221,192.2404548877274,1.0,0.0,0.0,1.0
0,137,72,119.34782026858558,191.78997061492305,1.0,0.0,0.0,1.0
0,137,73,119.56476247276896,191.3394863421187,1.0,0.0,0.0,1.0
0,137,74,119.78170467695233,190.88900206931436,1.0,0.0,0.0,1.0
0,137,75,119.9986468811357,190.43851779651,1.0,0.0,0.0,1.0
0,137,76,120.21558908531907,189.98803352370567,1.0,0.0,0.0,1.0
0,137,77,120.43253128950245,189.53754925090132,1.0,0.0,0.0,1.0
0,137,78,120.64947349368582,189.08706497809698,1.0,0.0,0.0,1.0
0,137,79,120.86641569786919,188.63658070529263,1.0,0.0,0.0,1.0
0,137,80,121.08335790205255,188.18609643248828,1.0,0.0,0.0,1.0
0,137,81,121.30030010623594,187.73561215968394,1.0,0.0,0.0,1.0
0,137,82,121.5172423104193,187.2851278868796,1.0,0.0,0.0,1.0
0,138,0,121.87583923339844,186.57803344726562,1.0,0.0,0.0,1.0
0,138,1,121.73144856987527,186.84928577099285,1.0,0.0,0.0,1.0
0,139,0,122.18040466308594,186.07830810546875,1.0,0.0,0.0,1.0
0,139,1,121.92019135464524,186.5052613044383,1.0,0.0,0.0,1.0
0,139,2,122.09170042059232,186.22385239112336,1.0,0.0,0.0,1.0
0,140,0,112.31556701660156,206.48721313476562,1.0,0.0,0.0,1.0
0,140,1,112.15801293154577,206.9617410162249,1.0,0.0,0.0,1.0
0,140,2,112.00045884648998,207.4362688976842,1.0,0.0,0.0,1.0
0,140,3,111.84290476143418,207.91079677914345,1.0,0.0,0.0,1.0
0,140,4,111.68535067637839,208.38532466060275,1.0,0.0,0.0,1.0
0,140,5,111.5277965913226,208.85985254206201,1.0,0.0,0.0,1.0
0,140,6,111.3702425062668,209.3343804235213,1.0,0.0,0.0,1.0
0,140,7,111.21268842121101,209.80890830498058,1.0,0.0,0.0,1.0
0,140,8,111.05513433615522,210.28343618643987,1.0,0.0,0.0,1.0
0,140,9,110.89758025109943,210.75796406789914,1.0,0.0,0.0,1.0
0,140,10,110.74002616604363,211.2324919493584,1.0,0.0,0.0,1.0
0,140,11,110.58247208098784,211.7070198308177,1.0,0.0,0.0,1.0
0,140,12,110.42491799593205,212.18154771227697,1.0,0.0,0.0,1.0
0,140,13,110.26736391087626,212.65607559373626,1.0,0.0,0.0,1.0
0,140,14,110.10980982582046,213.13060347519553,1.0,0.0,0.0,1.0
0,140,15,109.95225574076467,213.60513135665482,1.0,0.0,0.0,1.0
0,140,16,109.79470165570888,214.0796592381141,1.0,0.0,0.0,1.0
0,140,17,109.63714757065308,214.55418711957338,1.0,0.0,0.0,1.0
0,140,18,109.47959348559729,215.02871500103265,1.0,0.0,0.0,1.0
0,140,19,109.3220394005415,215.50324288249195,1.0,0.0,0.0,1.0
0,140,20,109.1644853154857,215.9777707639512,1.0,0.0,0.0,1.0
0,140,21,109.00693123042991,216.45229864541048,1.0,0.0,0.0,1.0
0,140,22,108.84937714537412,216.92682652686977,1.0,0.0,0.0,1.0
0,140,23,108.69182306031833,217.40135440832904,1.0,0.0,0.0,1.0
0,140,24,108.53426897526253,217.87588228978834,1.0,0.0,0.0,1.0
0,140,25,108.37671489020674,218.3504101712476,1.0,0.0,0.0,1.0
0,140,26,108.21916080515095,218.8249380527069,1.0,0.0,0.0,1.0
0,140,27,108.06160672009516,219.29946593416616,1.0,0.0,0.0,1.0
0,140,28,107.90405263503936,219.77399381562546,1.0,0.0,0.0,1.0
0,140,29,107.74649854998357,220.24852169708473,1.0,0.0,0.0,1.0
0,140,30,107.58894446492778,220.72304957854402,1.0,0.0,0.0,1.0
0,140,31,107.43139037987197,221.1975774600033,1.0,0.0,0.0,1.0
0,140,32,107.27383629481619,221.67210534146255,1.0,0.0,0.0,1.0
0,140,33,107.11628220976039,222.14663322292185,1.0,0.0,0.0,1.0
0,140,34,106.9587281247046,222.62116110438112,1.0,0.0,0.0,1.0
0,140,35,106.8011740396488,223.0956889858404,1.0,0.0,0.0,1.0
0,140,36,106.64361995459302,223.57021686729968,1.0,0.0,0.0,1.0
0,140,37,106.48606586953721,224.04474474875897,1.0,0.0,0.0,1.0
0,140,38,106.32851178448142,224.51927263021824,1.0,0.0,0.0,1.0
0,140,39,106.17095769942563,224.99380051167753,1.0,0.0,0.0,1.0
0,140,40,106.01340361436984,225.4683283931368,1.0,0.0,0.0,1.0
0,140,41,105.85584952931404,225.94285627459607,1.0,0.0,0.0,1.0
0,140,42,105.89070907234331,225.83786486738214,1.0,0.0,0.0,1.0
0,140,43,106.0482631573991,225.36333698592287,1.0,0.0,0.0,1.0
0,140,44,106.2058172424549,224.88880910446358,1.0,0.0,0.0,1.0
0,140,45,106.36337132751069,224.4142812230043,1.0,0.0,0.0,1.0
0,140,46,106.52092541256648,223.939753341545,1.0,0.0,0.0,1.0
0,140,47,106.67847949762228,223.46522546008575,1.0,0.0,0.0,1.0
0,140,48,106.83603358267807,222.99069757862645,1.0,0.0,0.0,1.0
0,140,49,106.99358766773386,222.5161696971672,1.0,0.0,0.0,1.0
0,140,50,107.15114175278966,222.0416418157079,1.0,0.0,0.0,1.0
0,140,51,107.30869583784545,221.56711393424862,1.0,0.0,0.0,1.0
0,140,52,107.46624992290124,221.09258605278936,1.0,0.0,0.0,1.0
0,140,53,107.62380400795703,220.61805817133006,1.0,0.0,0.0,1.0
0,140,54,107.78135809301283,220.1435302898708,1.0,0.0,0.0,1.0
0,140,55,107.93891217806862,219.6690024084115,1.0,0.0,0.0,1.0
0,140,56,108.09646626312441,219.19447452695223,1.0,0.0,0.0,1.0
0,140,57,108.2540203481802,218.71994664549294,1.0,0.0,0.0,1.0
0,140,58,108.411574433236,218.24541876403367,1.0,0.0,0.0,1.0
0,140,59,108.56912851829179,217.77089088257438,1.0,0.0,0.0,1.0
0,140,60,108.72668260334758,217.2963630011151,1.0,0.0,0.0,1.0
0,140,61,108.88423668840338,216.82183511965582,1.0,0.0,0.0,1.0
0,140,62,109.04179077345917,216.34730723819655,1.0,0.0,0.0,1.0
0,140,63,109.19934485851496,215.87277935673728,1.0,0.0,0.0,1.0
0,140,64,109.35689894357076,215.398251475278,1.0,0.0,0.0,1.0
0,140,65,109.51445302862655,214.92372359381872,1.0,0.0,0.0,1.0
0,140,66,109.67200711368234,214.44919571235943,1.0,0.0,0.0,1.0
0,140,67,109.82956119873813,213.97466783090016,1.0,0.0,0.0,1.0
0,140,68,109.98711528379393,213.50013994944086,1.0,0.0,0.0,1.0
0,140,69,110.14466936884972,213.0256120679816,1.0,0.0,0.0,1.0
0,140,70,110.30222345390551,212.5510841865223,1.0,0.0,0.0,1.0
0,140,71,110.4597775389613,212.07655630506304,1.0,0.0,0.0,1.0
0,140,72,110.6173316240171,211.60202842360377,1.0,0.0,0.0,1.0
0,140,73,110.77488570907289,211.12750054214447,1.0,0.0,0.0,1.0
0,140,74,110.93243979412868,210.6529726606852,1.0,0.0,0.0,1.0
0,140,75,111.08999387918448,210.1784447792259,1.0,0.0,0.0,1.0
0,140,76,111.24754796424027,209.70391689776665,1.0,0.0,0.0,1.0
0,140,77,111.40510204929606,209.22938901630735,1.0,0.0,0.0,1.0
0,140,78,111.56265613435185,208.75486113484808,1.0,0.0,0.0,1.0
0,140,79,111.72021021940765,208.2803332533888,1.0,0.0,0.0,1.0
0,140,80,111.87776430446344,207.80580537192952,1.0,0.0,0.0,1.0
0,140,81,112.03531838951923,207.33127749047023,1.0,0.0,0.0,1.0
0,140,82,112.19287247457503,206.85674960901096,1.0,0.0,0.0,1.0
0,141,0,112.42416381835938,206.20462036132812,1.0,0.0,0.0,1.0
0,141,1,112.38632633729598,206.3030818126832,1.0,0.0,0.0,1.0
0,142,0,112.70707702636719,205.57958984375,1.0,0.0,0.0,1.0
0,142,1,112.50089550963185,206.0350996484268,1.0,0.0,0.0,1.0
0,142,2,112.55361364382225,205.9186312695526,1.0,0.0,0.0,1.0
0,143,0,105.5110092163086,227.07456970214844,1.0,0.0,0.0,1.0
0,143,1,105.41542996865516,227.56534929363326,1.0,0.0,0.0,1.0
0,143,2,105.31985072100171,228.05612888511806,1.0,0.0,0.0,1.0
0,143,3,105.22427147334828,228.54690847660288,1.0,0.0,0.0,1.0
0,143,4,105.12869222569485,229.0376880680877,1.0,0.0,0.0,1.0
0,143,5,105.03311297804142,229.52846765957253,1.0,0.0,0.0,1.0
0,143,6,104.93753373038797,230.01924725105732,1.0,0.0,0.0,1.0
0,143,7,104.84195448273454,230.51002684254215,1.0,0.0,0.0,1.0
0,143,8,104.7463752350811,231.00080643402697,1.0,0.0,0.0,1.0
0,143,9,104.65079598742766,231.4915860255118,1.0,0.0,0.0,1.0
0,143,10,104.55521673977422,231.9823656169966,1.0,0.0,0.0,1.0
0,143,11,104.45963749212079,232.4731452084814,1.0,0.0,0.0,1.0
0,143,12,104.36405824446736,232.96392479996624,1.0,0.0,0.0,1.0
0,143,13,104.26847899681391,233.45470439145106,1.0,0.0,0.0,1.0
0,143,14,104.17289974916048,233.94548398293585,1.0,0.0,0.0,1.0
0,143,15,104.07732050150705,234.43626357442068,1.0,0.0,0.0,1.0
0,143,16,103.98174125385361,234.9270431659055,1.0,0.0,0.0,1.0
0,143,17,103.88616200620017,235.4178227573903,1.0,0.0,0.0,1.0
0,143,18,103.79058275854673,235.90860234887512,1.0,0.0,0.0,1.0
0,143,19,103.6950035108933,236.39938194035994,1.0,0.0,0.0,1.0
0,143,20,103.59942426323985,236.89016153184477,1.0,0.0,0.0,1.0
0,143,21,103.50384501558642,237.38094112332956,1.0,0.0,0.0,1.0
0,143,22,103.40826576793299,237.8717207148144,1.0,0.0,0.0,1.0
0,143,23,103.31268652027956,238.3625003062992,1.0,0.0,0.0,1.0
0,143,24,103.21710727262611,238.85327989778403,1.0,0.0,0.0,1.0
0,143,25,103.12152802497268,239.34405948926883,1.0,0.0,0.0,1.0
0,143,26,103.02594877731924,239.83483908075365,1.0,0.0,0.0,1.0
0,143,27,102.9303695296658,240.32561867223848,1.0,0.0,0.0,1.0
0,143,28,102.83479028201236,240.8163982637233,1.0,0.0,0.0,1.0
0,143,29,102.73921103435893,241.3071778552081,1.0,0.0,0.0,1.0
0,143,30,102.6436317867055,241.79795744669292,1.0,0.0,0.0,1.0
0,143,31,102.54805253905205,242.28873703817774,1.0,0.0,0.0,1.0
0,143,32,102.45247329139862,242.77951662966257,1.0,0.0,0.0,1.0
0,143,33,102.35689404374519,243.27029622114736,1.0,0.0,0.0,1.0
0,143,34,102.26131479609175,243.76107581263219,1.0,0.0,0.0,1.0
0,143,35,102.1657355484383,244.251855404117,1.0,0.0,0.0,1.0
0,143,36,102.07015630078487,244.7426349956018,1.0,0.0,0.0,1.0
0,143,37,101.97457705313144,245.23341458708663,1.0,0.0,0.0,1.0
0,143,38,101.878997805478,245.72419417857145,1.0,0.0,0.0,1.0
0,143,39,101.78341855782456,246.21497377005628,1.0,0.0,0.0,1.0
0,143,40,101.68783931017113,246.70575336154107,1.0,0.0,0.0,1.0
0,143,41,101.5922600625177,247.1965329530259,1.0,0.0,0.0,1.0
0,143,42,101.61341134822169,247.08792549259866,1.0,0.0,0.0,1.0
0,143,43,101.70899059587512,246.59714590111383,1.0,0.0,0.0,1.0
0,143,44,101.80456984352855,246.10636630962904,1.0,0.0,0.0,1.0
0,143,45,101.900149091182,245.61558671814421,1.0,0.0,0.0,1.0
0,143,46,101.99572833883543,245.1248071266594,1.0,0.0,0.0,1.0
0,143,47,102.09130758648887,244.63402753517457,1.0,0.0,0.0,1.0
0,143,48,102.1868868341423,244.14324794368977,1.0,0.0,0.0,1.0
0,143,49,102.28246608179575,243.65246835220495,1.0,0.0,0.0,1.0
0,143,50,102.37804532944918,243.16168876072012,1.0,0.0,0.0,1.0
0,143,51,102.47362457710261,242.67090916923533,1.0,0.0,0.0,1.0
0,143,52,102.56920382475606,242.1801295777505,1.0,0.0,0.0,1.0
0,143,53,102.66478307240949,241.68934998626568,1.0,0.0,0.0,1.0
0,143,54,102.76036232006292,241.19857039478086,1.0,0.0,0.0,1.0
0,143,55,102.85594156771636,240.70779080329606,1.0,0.0,0.0,1.0
0,143,56,102.9515208153698,240.21701121181124,1.0,0.0,0.0,1.0
0,143,57,103.04710006302324,239.72623162032642,1.0,0.0,0.0,1.0
0,143,58,103.14267931067667,239.2354520288416,1.0,0.0,0.0,1.0
0,143,59,103.2382585583301,238.7446724373568,1.0,0.0,0.0,1.0
0,143,60,103.33383780598355,238.25389284587197,1.0,0.0,0.0,1.0
0,143,61,103.42941705363698,237.76311325438715,1.0,0.0,0.0,1.0
0,143,62,103.52499630129041,237.27233366290233,1.0,0.0,0.0,1.0
0,143,63,103.62057554894386,236.78155407141753,1.0,0.0,0.0,1.0
0,143,64,103.7161547965973,236.2907744799327,1.0,0.0,0.0,1.0
0,143,65,103.81173404425073,235.79999488844788,1.0,0.0,0.0,1.0
0,143,66,103.90731329190416,235.3092152969631,1.0,0.0,0.0,1.0
0,143,67,104.0028925395576,234.81843570547827,1.0,0.0,0.0,1.0
0,143,68,104.09847178721104,234.32765611399344,1.0,0.0,0.0,1.0
0,143,69,104.19405103486447,233.83687652250862,1.0,0.0,0.0,1.0
0,143,70,104.28963028251792,233.34609693102382,1.0,0.0,0.0,1.0
0,143,71,104.38520953017135,232.855317339539,1.0,0.0,0.0,1.0
0,143,72,104.48078877782478,232.36453774805418,1.0,0.0,0.0,1.0
0,143,73,104.57636802547822,231.87375815656935,1.0,0.0,0.0,1.0
0,143,74,104.67194727313166,231.38297856508456,1.0,0.0,0.0,1.0
0,143,75,104.7675265207851,230.89219897359973,1.0,0.0,0.0,1.0
0,143,76,104.86310576843853,230.4014193821149,1.0,0.0,0.0,1.0
0,143,77,104.95868501609198,229.91063979063009,1.0,0.0,0.0,1.0
0,143,78,105.05426426374541,229.4198601991453,1.0,0.0,0.0,1.0
0,143,79,105.14984351139884,228.92908060766047,1.0,0.0,0.0,1.0
0,143,80,105.24542275905227,228.43830101617564,1.0,0.0,0.0,1.0
0,143,81,105.34100200670572,227.94752142469082,1.0,0.0,0.0,1.0
0,143,82,105.43658125435915,227.45674183320602,1.0,0.0,0.0,1.0
0,144,0,105.55988311767578,226.8787384033203,1.0,0.0,0.0,1.0
0,145,0,105.79450225830078,226.12762451171875,1.0,0.0,0.0,1.0
0,145,1,105.64542493684759,226.6048833012956,1.0,0.0,0.0,1.0
0,145,2,105.62341861995716,226.6753347157682,1.0,0.0,0.0,1.0
0,145,3,105.77249594141036,226.1980759261914,1.0,0.0,0.0,1.0
0,146,0,100.00000762939453,270.0,1.0,0.0,0.0,1.0
0,146,1,100.02907928557833,270.4991541232993,1.0,0.0,0.0,1.0
0,146,2,100.05680877503472,270.97526353074505,1.0,0.0,0.0,1.0
0,146,3,100.02773711885092,270.47610940744573,1.0,0.0,0.0,1.0
0,147,0,100.05747985839844,269.0132141113281,1.0,0.0,0.0,1.0
0,147,1,100.02840820221464,269.51236823462744,1.0,0.0,0.0,1.0
0,147,2,100.00067871275824,269.9884776420732,1.0,0.0,0.0,1.0
0,147,3,100.02975036894205,269.48932351877386,1.0,0.0,0.0,1.0
0,148,0,101.3833999633789,248.36105346679688,1.0,0.0,0.0,1.0
0,148,1,101.35136467534338,248.86002615174112,1.0,0.0,0.0,1.0
0,148,2,101.31932938730783,249.3589988366854,1.0,0.0,0.0,1.0
0,148,3,101.2872940992723,249.85797152162965,1.0,0.0,0.0,1.0
0,148,4,101.25525881123677,250.3569442065739,1.0,0.0,0.0,1.0
0,148,5,101.22322352320124,250.85591689151815,1.0,0.0,0.0,1.0
0,148,6,101.1911882351657,251.35488957646243,1.0,0.0,0.0,1.0
0,148,7,101.15915294713017,251.85386226140668,1.0,0.0,0.0,1.0
0,148,8,101.12711765909464,252.35283494635092,1.0,0.0,0.0,1.0
0,148,9,101.0950823710591,252.85180763129517,1.0,0.0,0.0,1.0
0,148,10,101.06304708302356,253.35078031623945,1.0,0.0,0.0,1.0
0,148,11,101.03101179498803,253.8497530011837,1.0,0.0,0.0,1.0
0,148,12,100.9989765069525,254.34872568612795,1.0,0.0,0.0,1.0
0,148,13,100.96694121891697,254.8476983710722,1.0,0.0,0.0,1.0
0,148,14,100.93490593088143,255.34667105601648,1.0,0.0,0.0,1.0
0,148,15,100.9028706428459,255.84564374096072,1.0,0.0,0.0,1.0
0,148,16,100.87083535481037,256.344616425905,1.0,0.0,0.0,1.0
0,148,17,100.83880006677484,256.8435891108492,1.0,0.0,0.0,1.0
0,148,18,100.80676477873929,257.3425617957935,1.0,0.0,0.0,1.0
0,148,19,100.77472949070376,257.8415344807378,1.0,0.0,0.0,1.0
0,148,20,100.74269420266823,258.340507165682,1.0,0.0,0.0,1.0
0,148,21,100.71065891463269,258.8394798506263,1.0,0.0,0.0,1.0
0,148,22,100.67862362659716,259.3384525355705,1.0,0.0,0.0,1.0
0,148,23,100.64658833856163,259.8374252205148,1.0,0.0,0.0,1.0
0,148,24,100.6145530505261,260.336397905459,1.0,0.0,0.0,1.0
0,148,25,100.58251776249055,260.8353705904033,1.0,0.0,0.0,1.0
0,148,26,100.55048247445502,261.3343432753475,1.0,0.0,0.0,1.0
0,148,27,100.5184471864195,261.8333159602918,1.0,0.0,0.0,1.0
0,148,28,100.48641189838396,262.3322886452361,1.0,0.0,0.0,1.0
0,148,29,100.45437661034842,262.8312613301803,1.0,0.0,0.0,1.0
0,148,30,100.42234132231289,263.3302340151246,1.0,0.0,0.0,1.0
0,148,31,100.39030603427736,263.8292067000688,1.0,0.0,0.0,1.0
0,148,32,100.35827074624183,264.3281793850131,1.0,0.0,0.0,1.0
0,148,33,100.32623545820628,264.8271520699573,1.0,0.0,0.0,1.0
0,148,34,100.29420017017075,265.32612475490157,1.0,0.0,0.0,1.0
0,148,35,100.26216488213522,265.8250974398459,1.0,0.0,0.0,1.0
0,148,36,100.2301295940997,266.3240701247901,1.0,0.0,0.0,1.0
0,148,37,100.19809430606415,266.8230428097344,1.0,0.0,0.0,1.0
0,148,38,100.16605901802862,267.3220154946786,1.0,0.0,0.0,1.0
0,148,39,100.13402372999309,267.8209881796229,1.0,0.0,0.0,1.0
0,148,40,100.10198844195756,268.3199608645671,1.0,0.0,0.0,1.0
0,148,41,100.06995315392201,268.81893354951137,1.0,0.0,0.0,1.0
0,148,42,100.07704185091039,268.7085219882006,1.0,0.0,0.0,1.0
0,148,43,100.10907713894592,268.2095493032563,1.0,0.0,0.0,1.0
0,148,44,100.14111242698146,267.7105766183121,1.0,0.0,0.0,1.0
0,148,45,100.173147715017,267.2116039333678,1.0,0.0,0.0,1.0
0,148,46,100.20518300305253,266.7126312484236,1.0,0.0,0.0,1.0
0,148,47,100.23721829108806,266.2136585634793,1.0,0.0,0.0,1.0
0,148,48,100.2692535791236,265.7146858785351,1.0,0.0,0.0,1.0
0,148,49,100.30128886715913,265.2157131935908,1.0,0.0,0.0,1.0
0,148,50,100.33332415519466,264.7167405086465,1.0,0.0,0.0,1.0
0,148,51,100.36535944323019,264.2177678237023,1.0,0.0,0.0,1.0
0,148,52,100.39739473126573,263.718795138758,1.0,0.0,0.0,1.0
0,148,53,100.42943001930126,263.2198224538138,1.0,0.0,0.0,1.0
0,148,54,100.4614653073368,262.7208497688695,1.0,0.0,0.0,1.0
0,148,55,100.49350059537232,262.2218770839253,1.0,0.0,0.0,1.0
0,148,56,100.52553588340787,261.72290439898103,1.0,0.0,0.0,1.0
0,148,57,100.5575711714434,261.2239317140367,1.0,0.0,0.0,1.0
0,148,58,100.58960645947893,260.7249590290925,1.0,0.0,0.0,1.0
0,148,59,100.62164174751446,260.2259863441482,1.0,0.0,0.0,1.0
0,148,60,100.65367703555,259.727013659204,1.0,0.0,0.0,1.0
0,148,61,100.68571232358553,259.2280409742597,1.0,0.0,0.0,1.0
0,148,62,100.71774761162106,258.7290682893155,1.0,0.0,0.0,1.0
0,148,63,100.74978289965661,258.23009560437123,1.0,0.0,0.0,1.0
0,148,64,100.78181818769214,257.7311229194269,1.0,0.0,0.0,1.0
0,148,65,100.81385347572767,257.2321502344827,1.0,0.0,0.0,1.0
0,148,66,100.8458887637632,256.7331775495384,1.0,0.0,0.0,1.0
0,148,67,100.87792405179874,256.2342048645942,1.0,0.0,0.0,1.0
0,148,68,100.90995933983427,255.73523217964993,1.0,0.0,0.0,1.0
0,148,69,100.9419946278698,255.23625949470568,1.0,0.0,0.0,1.0
0,148,70,100.97402991590533,254.7372868097614,1.0,0.0,0.0,1.0
0,148,71,101.00606520394088,254.23831412481715,1.0,0.0,0.0,1.0
0,148,72,101.03810049197641,253.7393414398729,1.0,0.0,0.0,1.0
0,148,73,101.07013578001194,253.24036875492865,1.0,0.0,0.0,1.0
0,148,74,101.10217106804747,252.74139606998438,1.0,0.0,0.0,1.0
0,148,75,101.13420635608301,252.24242338504013,1.0,0.0,0.0,1.0
0,148,76,101.16624164411854,251.74345070009588,1.0,0.0,0.0,1.0
0,148,77,101.19827693215407,251.24447801515163,1.0,0.0,0.0,1.0
0,148,78,101.2303122201896,250.74550533020735,1.0,0.0,0.0,1.0
0,148,79,101.26234750822515,250.2465326452631,1.0,0.0,0.0,1.0
0,148,80,101.29438279626068,249.74755996031885,1.0,0.0,0.0,1.0
0,148,81,101.32641808429621,249.24858727537458,1.0,0.0,0.0,1.0
0,148,82,101.35845337233175,248.74961459043033,1.0,0.0,0.0,1.0
0,149,0,101.39571380615234,248.26089477539062,1.0,0.0,0.0,1.0
0,150,0,101.55504608154297,247.3876190185547,1.0,0.0,0.0,1.0
0,150,1,101.46530084801984,247.87949887488128,1.0,0.0,0.0,1.0
0,150,2,101.41587199780798,248.15041081957335,1.0,0.0,0.0,1.0
0,150,3,101.50561723133112,247.65853096324676,1.0,0.0,0.0,1.0
0,151,0,1.4310479164123535,297.7616882324219,1.0,0.0,0.0,1.0
0,151,1,1.4053083129667063,297.2623511991323,1.0,0.0,0.0,1.0
0,151,2,1.3795687095210591,296.76301416584266,1.0,0.0,0.0,1.0
0,151,3,1.353829106075412,296.2636771325531,1.0,0.0,0.0,1.0
0,151,4,1.328089502629765,295.76434009926345,1.0,0.0,0.0,1.0
0,151,5,1.3023498991841178,295.2650030659739,1.0,0.0,0.0,1.0
0,151,6,1.2766102957384706,294.76566603268424,1.0,0.0,0.0,1.0
0,151,7,1.2508706922928234,294.26632899939466,1.0,0.0,0.0,1.0
0,151,8,1.2251310888471763,293.7669919661051,1.0,0.0,0.0,1.0
0,151,9,1.199391485401529,293.26765493281545,1.0,0.0,0.0,1.0
0,151,10,1.173651881955882,292.76831789952587,1.0,0.0,0.0,1.0
0,151,11,1.1479122785102347,292.26898086623623,1.0,0.0,0.0,1.0
0,151,12,1.1221726750645877,291.76964383294666,1.0,0.0,0.0,1.0
0,151,13,1.0964330716189405,291.2703067996571,1.0,0.0,0.0,1.0
0,151,14,1.0706934681732934,290.77096976636744,1.0,0.0,0.0,1.0
0,151,15,1.0449538647276462,290.27163273307787,1.0,0.0,0.0,1.0
0,151,16,1.019214261281999,289.77229569978823,1.0,0.0,0.0,1.0
0,151,17,0.9934746578363519,289.27295866649865,1.0,0.0,0.0,1.0
0,151,18,0.9677350543907048,288.773621633209,1.0,0.0,0.0,1.0
0,151,19,0.9419954509450577,288.27428459991944,1.0,0.0,0.0,1.0
0,151,20,0.9162558474994105,287.77494756662986,1.0,0.0,0.0,1.0
0,151,21,0.8905162440537633,287.2756105333402,1.0,0.0,0.0,1.0
0,151,22,0.8647766406081161,286.77627350005065,1.0,0.0,0.0,1.0
0,151,23,0.839037037162469,286.276936466761,1.0,0.0,0.0,1.0
0,151,24,0.8132974337168218,285.77759943347144,1.0,0.0,0.0,1.0
0,151,25,0.7875578302711748,285.27826240018186,1.0,0.0,0.0,1.0
0,151,26,0.7618182268255276,284.7789253668922,1.0,0.0,0.0,1.0
0,151,27,0.7360786233798804,284.27958833360265,1.0,0.0,0.0,1.0
0,151,28,0.7103390199342332,283.780251300313,1.0,0.0,0.0,1.0
0,151,29,0.6845994164885861,283.28091426702343,1.0,0.0,0.0,1.0
0,151,30,0.658859813042939,282.7815772337338,1.0,0.0,0.0,1.0
0,151,31,0.6331202095972918,282.2822402004442,1.0,0.0,0.0,1.0
0,151,32,0.6073806061516447,281.78290316715464,1.0,0.0,0.0,1.0
0,151,33,0.5816410027059975,281.283566133865,1.0,0.0,0.0,1.0
0,151,34,0.5559013992603503,280.78422910057543,1.0,0.0,0.0,1.0
0,151,35,0.5301617958147032,280.2848920672858,1.0,0.0,0.0,1.0
0,151,36,0.504422192369056,279.7855550339962,1.0,0.0,0.0,1.0
0,151,37,0.478682588923409,279.28621800070664,1.0,0.0,0.0,1.0
0,151,38,0.4529429854777618,278.786880967417,1.0,0.0,0.0,1.0
0,151,39,0.4272033820321146,278.2875439341274,1.0,0.0,0.0,1.0
0,151,40,0.4014637785864674,277.7882069008378,1.0,0.0,0.0,1.0
0,151,41,0.37572417514082046,277.2888698675482,1.0,0.0,0.0,1.0
0,151,42,0.34998457169517305,276.7895328342586,1.0,0.0,0.0,1.0
0,151,43,0.32424496824952587,276.290195800969,1.0,0.0,0.0,1.0
0,151,44,0.2985053648038787,275.7908587676794,1.0,0.0,0.0,1.0
0,151,45,0.2727657613582317,275.2915217343898,1.0,0.0,0.0,1.0
0,151,46,0.24702615791258453,274.7921847011002,1.0,0.0,0.0,1.0
0,151,47,0.22128655446693735,274.2928476678106,1.0,0.0,0.0,1.0
0,151,48,0.19554695102129016,273.793510634521,1.0,0.0,0.0,1.0
0,151,49,0.16980734757564298,273.29417360123136,1.0,0.0,0.0,1.0
0,151,50,0.144067744129996,272.7948365679418,1.0,0.0,0.0,1.0
0,151,51,0.11832814068434883,272.2954995346522,1.0,0.0,0.0,1.0
0,151,52,0.09258853723870164,271.7961625013626,1.0,0.0,0.0,1.0
0,151,53,0.06684893379305445,271.296825468073,1.0,0.0,0.0,1.0
0,151,54,0.04110933034740727,270.79748843478336,1.0,0.0,0.0,1.0
0,151,55,0.015369726901760306,270.2981514014938,1.0,0.0,0.0,1.0
0,151,56,0.024680355708010505,270.4787735224208,1.0,0.0,0.0,1.0
0,151,57,0.050419959153657656,270.97811055571043,1.0,0.0,0.0,1.0
0,151,58,0.07615956259930481,271.477447589,1.0,0.0,0.0,1.0
0,151,59,0.10189916604495197,271.97678462228964,1.0,0.0,0.0,1.0
0,151,60,0.1276387694905991,272.4761216555792,1.0,0.0,0.0,1.0
0,151,61,0.15337837293624626,272.97545868886886,1.0,0.0,0.0,1.0
0,151,62,0.17911797638189342,273.47479572215843,1.0,0.0,0.0,1.0
0,151,63,0.20485757982754055,273.974132755448,1.0,0.0,0.0,1.0
0,151,64,0.2305971832731877,274.47346978873765,1.0,0.0,0.0,1.0
0,151,65,0.25633678671883486,274.9728068220272,1.0,0.0,0.0,1.0
0,151,66,0.28207639016448205,275.47214385531686,1.0,0.0,0.0,1.0
0,151,67,0.3078159936101292,275.97148088860644,1.0,0.0,0.0,1.0
0,151,68,0.3335555970557763,276.470817921896,1.0,0.0,0.0,1.0
0,151,69,0.3592952005014235,276.97015495518565,1.0,0.0,0.0,1.0
0,151,70,0.38503480394707057,277.4694919884752,1.0,0.0,0.0,1.0
0,151,71,0.4107744073927178,277.96882902176486,1.0,0.0,0.0,1.0
0,151,72,0.43651401083836494,278.46816605505444,1.0,0.0,0.0,1.0
0,151,73,0.4622536142840121,278.9675030883441,1.0,0.0,0.0,1.0
0,151,74,0.48799321772965926,279.46684012163365,1.0,0.0,0.0,1.0
0,151,75,0.5137328211753064,279.96617715492323,1.0,0.0,0.0,1.0
0,151,76,0.5394724246209536,280.46551418821286,1.0,0.0,0.0,1.0
0,151,77,0.5652120280666006,280.96485122150244,1.0,0.0,0.0,1.0
0,151,78,0.5909516315122478,281.4641882547921,1.0,0.0,0.0,1.0
0,151,79,0.616691234957895,281.96352528808166,1.0,0.0,0.0,1.0
0,151,80,0.6424308384035422,282.4628623213713,1.0,0.0,0.0,1.0
0,151,81,0.6681704418491893,282.96219935466087,1.0,0.0,0.0,1.0
0,151,82,0.6939100452948365,283.46153638795045,1.0,0.0,0.0,1.0
0,151,83,0.7196496487404836,283.9608734212401,1.0,0.0,0.0,1.0
0,151,84,0.7453892521861307,284.46021045452966,1.0,0.0,0.0,1.0
0,151,85,0.7711288556317779,284.9595474878193,1.0,0.0,0.0,1.0
0,151,86,0.796868459077425,285.45888452110887,1.0,0.0,0.0,1.0
0,151,87,0.8226080625230722,285.95822155439845,1.0,0.0,0.0,1.0
0,151,88,0.8483476659687194,286.4575585876881,1.0,0.0,0.0,1.0
0,151,89,0.8740872694143664,286.95689562097766,1.0,0.0,0.0,1.0
0,151,90,0.8998268728600136,287.4562326542673,1.0,0.0,0.0,1.0
0,151,91,0.9255664763056607,287.9555696875569,1.0,0.0,0.0,1.0
0,151,92,0.951306079751308,288.4549067208465,1.0,0.0,0.0,1.0
0,151,93,0.9770456831969552,288.9542437541361,1.0,0.0,0.0,1.0
0,151,94,1.0027852866426024,289.45358078742566,1.0,0.0,0.0,1.0
0,151,95,1.0285248900882495,289.9529178207153,1.0,0.0,0.0,1.0
0,151,96,1.0542644935338965,290.4522548540049,1.0,0.0,0.0,1.0
0,151,97,1.0800040969795437,290.9515918872945,1.0,0.0,0.0,1.0
0,151,98,1.1057437004251909,291.4509289205841,1.0,0.0,0.0,1.0
0,151,99,1.131483303870838,291.95026595387367,1.0,0.0,0.0,1.0
0,151,100,1.1572229073164852,292.4496029871633,1.0,0.0,0.0,1.0
0,151,101,1.1829625107621322,292.9489400204529,1.0,0.0,0.0,1.0
0,151,102,1.2087021142077794,293.4482770537425,1.0,0.0,0.0,1.0
0,151,103,1.2344417176534266,293.9476140870321,1.0,0.0,0.0,1.0
0,151,104,1.2601813210990738,294.4469511203217,1.0,0.0,0.0,1.0
0,151,105,1.285920924544721,294.9462881536113,1.0,0.0,0.0,1.0
0,151,106,1.311660527990368,295.4456251869009,1.0,0.0,0.0,1.0
0,151,107,1.337400131436015,295.9449622201905,1.0,0.0,0.0,1.0
0,151,108,1.3631397348816625,296.4442992534801,1.0,0.0,0.0,1.0
0,151,109,1.3888793383273097,296.94363628676973,1.0,0.0,0.0,1.0
0,151,110,1.4146189417729567,297.4429733200593,1.0,0.0,0.0,1.0
0,152,0,1.4524375200271606,297.8990173339844,1.0,0.0,0.0,1.0
0,153,0,5.708962440490723,325.22906494140625,1.0,0.0,0.0,1.0
0,153,1,5.632017438537892,324.73502094875533,1.0,0.0,0.0,1.0
0,153,2,5.5550724365850614,324.24097695610436,1.0,0.0,0.0,1.0
0,153,3,5.478127434632231,323.74693296345345,1.0,0.0,0.0,1.0
0,153,4,5.4011824326794,323.25288897080253,1.0,0.0,0.0,1.0
0,153,5,5.32423743072657,322.75884497815156,1.0,0.0,0.0,1.0
0,153,6,5.247292428773739,322.26480098550064,1.0,0.0,0.0,1.0
0,153,7,5.170347426820909,321.77075699284967,1.0,0.0,0.0,1.0
0,153,8,5.093402424868078,321.27671300019875,1.0,0.0,0.0,1.0
0,153,9,5.016457422915248,320.78266900754784,1.0,0.0,0.0,1.0
0,153,10,4.939512420962417,320.28862501489687,1.0,0.0,0.0,1.0
0,153,11,4.8625674190095864,319.79458102224595,1.0,0.0,0.0,1.0
0,153,12,4.785622417056755,319.30053702959503,1.0,0.0,0.0,1.0
0,153,13,4.708677415103924,318.80649303694406,1.0,0.0,0.0,1.0
0,153,14,4.631732413151094,318.31244904429315,1.0,0.0,0.0,1.0
0,153,15,4.554787411198264,317.8184050516422,1.0,0.0,0.0,1.0
0,153,16,4.477842409245433,317.32436105899126,1.0,0.0,0.0,1.0
0,153,17,4.400897407292602,316.83031706634034,1.0,0.0,0.0,1.0
0,153,18,4.323952405339772,316.33627307368937,1.0,0.0,0.0,1.0
0,153,19,4.247007403386942,315.84222908103845,1.0,0.0,0.0,1.0
0,153,20,4.1700624014341106,315.34818508838754,1.0,0.0,0.0,1.0
0,153,21,4.09311739948128,314.85414109573657,1.0,0.0,0.0,1.0
0,153,22,4.016172397528449,314.36009710308565,1.0,0.0,0.0,1.0
0,153,23,3.9392273955756187,313.8660531104347,1.0,0.0,0.0,1.0
0,153,24,3.862282393622788,313.37200911778376,1.0,0.0,0.0,1.0
0,153,25,3.7853373916699575,312.87796512513285,1.0,0.0,0.0,1.0
0,153,26,3.708392389717127,312.3839211324819,1.0,0.0,0.0,1.0
0,153,27,3.6314473877642963,311.88987713983096,1.0,0.0,0.0,1.0
0,153,28,3.5545023858114657,311.39583314718004,1.0,0.0,0.0,1.0
0,153,29,3.477557383858635,310.90178915452907,1.0,0.0,0.0,1.0
0,153,30,3.4006123819058045,310.40774516187815,1.0,0.0,0.0,1.0
0,153,31,3.323667379952974,309.9137011692272,1.0,0.0,0.0,1.0
0,153,32,3.2467223780001433,309.41965717657627,1.0,0.0,0.0,1.0
0,153,33,3.1697773760473127,308.92561318392535,1.0,0.0,0.0,1.0
0,153,34,3.092832374094482,308.4315691912744,1.0,0.0,0.0,1.0
0,153,35,3.015887372141652,307.93752519862346,1.0,0.0,0.0,1.0
0,153,36,2.9389423701888213,307.44348120597255,1.0,0.0,0.0,1.0
0,153,37,2.8619973682359907,306.9494372133216,1.0,0.0,0.0,1.0
0,153,38,2.78505236628316,306.45539322067066,1.0,0.0,0.0,1.0
0,153,39,2.7081073643303295,305.9613492280197,1.0,0.0,0.0,1.0
0,153,40,2.631162362377499,305.46730523536877,1.0,0.0,0.0,1.0
0,153,41,2.5542173604246683,304.97326124271785,1.0,0.0,0.0,1.0
0,153,42,2.4772723584718377,304.4792172500669,1.0,0.0,0.0,1.0
0,153,43,2.400327356519007,303.98517325741597,1.0,0.0,0.0,1.0
0,153,44,2.323382354566176,303.49112926476505,1.0,0.0,0.0,1.0
0,153,45,2.2464373526133454,302.9970852721141,1.0,0.0,0.0,1.0
0,153,46,2.169492350660515,302.50304127946316,1.0,0.0,0.0,1.0
0,153,47,2.092547348707684,302.00899728681225,1.0,0.0,0.0,1.0
0,153,48,2.0156023467548536,301.5149532941613,1.0,0.0,0.0,1.0
0,153,49,1.938657344802023,301.02090930151036,1.0,0.0,0.0,1.0
0,153,50,1.8617123428491924,300.5268653088594,1.0,0.0,0.0,1.0
0,153,51,1.7847673408963618,300.03282131620847,1.0,0.0,0.0,1.0
0,153,52,1.7078223389435312,299.53877732355755,1.0,0.0,0.0,1.0
0,153,53,1.630877336990701,299.0447333309066,1.0,0.0,0.0,1.0
0,153,54,1.55393233503787,298.55068933825567,1.0,0.0,0.0,1.0
0,153,55,1.4769873330850398,298.05664534560475,1.0,0.0,0.0,1.0
0,153,56,1.5048327089221123,298.235433315015,1.0,0.0,0.0,1.0
0,153,57,1.581777710874943,298.7294773076659,1.0,0.0,0.0,1.0
0,153,58,1.6587227128277735,299.22352130031686,1.0,0.0,0.0,1.0
0,153,59,1.735667714780604,299.7175652929678,1.0,0.0,0.0,1.0
0,153,60,1.8126127167334347,300.2116092856187,1.0,0.0,0.0,1.0
0,153,61,1.8895577186862653,300.70565327826966,1.0,0.0,0.0,1.0
0,153,62,1.966502720639096,301.1996972709206,1.0,0.0,0.0,1.0
0,153,63,2.0434477225919263,301.6937412635715,1.0,0.0,0.0,1.0
0,153,64,2.1203927245447574,302.18778525622247,1.0,0.0,0.0,1.0
0,153,65,2.1973377264975875,302.6818292488734,1.0,0.0,0.0,1.0
0,153,66,2.2742827284504186,303.17587324152436,1.0,0.0,0.0,1.0
0,153,67,2.3512277304032487,303.6699172341753,1.0,0.0,0.0,1.0
0,153,68,2.4281727323560793,304.1639612268262,1.0,0.0,0.0,1.0
0,153,69,2.50511773430891,304.65800521947716,1.0,0.0,0.0,1.0
0,153,70,2.582062736261741,305.1520492121281,1.0,0.0,0.0,1.0
0,153,71,2.659007738214571,305.646093204779,1.0,0.0,0.0,1.0
0,153,72,2.735952740167402,306.14013719742996,1.0,0.0,0.0,1.0
0,153,73,2.8128977421202324,306.6341811900809,1.0,0.0,0.0,1.0
0,153,74,2.8898427440730634,307.12822518273185,1.0,0.0,0.0,1.0
0,153,75,2.9667877460258936,307.62226917538277,1.0,0.0,0.0,1.0
0,153,76,3.043732747978724,308.1163131680337,1.0,0.0,0.0,1.0
0,153,77,3.120677749931555,308.61035716068466,1.0,0.0,0.0,1.0
0,153,78,3.1976227518843854,309.1044011533356,1.0,0.0,0.0,1.0
0,153,79,3.274567753837216,309.5984451459865,1.0,0.0,0.0,1.0
0,153,80,3.3515127557900466,310.09248913863746,1.0,0.0,0.0,1.0
0,153,81,3.428457757742877,310.5865331312884,1.0,0.0,0.0,1.0
0,153,82,3.505402759695708,311.0805771239393,1.0,0.0,0.0,1.0
0,153,83,3.5823477616485384,311.57462111659027,1.0,0.0,0.0,1.0
0,153,84,3.659292763601369,312.0686651092412,1.0,0.0,0.0,1.0
0,153,85,3.7362377655541996,312.56270910189215,1.0,0.0,0.0,1.0
0,153,86,3.8131827675070302,313.05675309454307,1.0,0.0,0.0,1.0
0,153,87,3.890127769459861,313.550797087194,1.0,0.0,0.0,1.0
0,153,88,3.9670727714126914,314.04484107984496,1.0,0.0,0.0,1.0
0,153,89,4.044017773365522,314.5388850724959,1.0,0.0,0.0,1.0
0,153,90,4.120962775318352,315.0329290651468,1.0,0.0,0.0,1.0
0,153,91,4.197907777271183,315.52697305779776,1.0,0.0,0.0,1.0
0,153,92,4.274852779224014,316.0210170504487,1.0,0.0,0.0,1.0
0,153,93,4.3517977811768445,316.51506104309965,1.0,0.0,0.0,1.0
0,153,94,4.428742783129675,317.00910503575057,1.0,0.0,0.0,1.0
0,153,95,4.505687785082506,317.5031490284015,1.0,0.0,0.0,1.0
0,153,96,4.582632787035337,317.99719302105245,1.0,0.0,0.0,1.0
0,153,97,4.659577788988167,318.49123701370337,1.0,0.0,0.0,1.0
0,153,98,4.736522790940997,318.9852810063543,1.0,0.0,0.0,1.0
0,153,99,4.813467792893828,319.47932499900526,1.0,0.0,0.0,1.0
0,153,100,4.890412794846659,319.9733689916562,1.0,0.0,0.0,1.0
0,153,101,4.967357796799489,320.4674129843071,1.0,0.0,0.0,1.0
0,153,102,5.04430279875232,320.96145697695806,1.0,0.0,0.0,1.0
0,153,103,5.1212478007051505,321.455500969609,1.0,0.0,0.0,1.0
0,153,104,5.198192802657982,321.94954496225995,1.0,0.0,0.0,1.0
0,153,105,5.275137804610813,322.44358895491087,1.0,0.0,0.0,1.0
0,153,106,5.352082806563642,322.9376329475618,1.0,0.0,0.0,1.0
0,153,107,5.429027808516473,323.43167694021275,1.0,0.0,0.0,1.0
0,153,108,5.505972810469304,323.92572093286367,1.0,0.0,0.0,1.0
0,153,109,5.582917812422134,324.41976492551464,1.0,0.0,0.0,1.0
0,153,110,5.659862814374965,324.91380891816556,1.0,0.0,0.0,1.0
0,154,0,5.744359970092773,325.36346435546875,1.0,0.0,0.0,1.0
0,155,0,12.788444519042969,352.11102294921875,1.0,0.0,0.0,1.0
0,155,1,12.661109057797447,351.6275090607839,1.0,0.0,0.0,1.0
0,155,2,12.533773596551926,351.14399517234904,1.0,0.0,0.0,1.0
0,155,3,12.406438135306404,350.6604812839142,1.0,0.0,0.0,1.0
0,155,4,12.279102674060884,350.1769673954793,1.0,0.0,0.0,1.0
0,155,5,12.151767212815361,349.69345350704447,1.0,0.0,0.0,1.0
0,155,6,12.02443175156984,349.20993961860967,1.0,0.0,0.0,1.0
0,155,7,11.897096290324319,348.7264257301748,1.0,0.0,0.0,1.0
0,155,8,11.769760829078797,348.24291184173995,1.0,0.0,0.0,1.0
0,155,9,11.642425367833276,347.7593979533051,1.0,0.0,0.0,1.0
0,155,10,11.515089906587754,347.27588406487024,1.0,0.0,0.0,1.0
0,155,11,11.387754445342232,346.7923701764354,1.0,0.0,0.0,1.0
0,155,12,11.260418984096711,346.3088562880005,1.0,0.0,0.0,1.0
0,155,13,11.133083522851189,345.82534239956567,1.0,0.0,0.0,1.0
0,155,14,11.005748061605669,345.3418285111308,1.0,0.0,0.0,1.0
0,155,15,10.878412600360146,344.85831462269596,1.0,0.0,0.0,1.0
0,155,16,10.751077139114624,344.3748007342611,1.0,0.0,0.0,1.0
0,155,17,10.623741677869104,343.89128684582624,1.0,0.0,0.0,1.0
0,155,18,10.496406216623582,343.40777295739144,1.0,0.0,0.0,1.0
0,155,19,10.369070755378061,342.9242590689566,1.0,0.0,0.0,1.0
0,155,20,10.241735294132539,342.44074518052173,1.0,0.0,0.0,1.0
0,155,21,10.114399832887017,341.9572312920869,1.0,0.0,0.0,1.0
0,155,22,9.987064371641496,341.473717403652,1.0,0.0,0.0,1.0
0,155,23,9.859728910395974,340.99020351521716,1.0,0.0,0.0,1.0
0,155,24,9.732393449150454,340.5066896267823,1.0,0.0,0.0,1.0
0,155,25,9.605057987904932,340.02317573834745,1.0,0.0,0.0,1.0
0,155,26,9.47772252665941,339.5396618499126,1.0,0.0,0.0,1.0
0,155,27,9.350387065413889,339.05614796147773,1.0,0.0,0.0,1.0
0,155,28,9.223051604168369,338.5726340730429,1.0,0.0,0.0,1.0
0,155,29,9.095716142922846,338.0891201846081,1.0,0.0,0.0,1.0
0,155,30,8.968380681677324,337.6056062961732,1.0,0.0,0.0,1.0
0,155,31,8.841045220431802,337.12209240773836,1.0,0.0,0.0,1.0
0,155,32,8.713709759186282,336.6385785193035,1.0,0.0,0.0,1.0
0,155,33,8.58637429794076,336.15506463086865,1.0,0.0,0.0,1.0
0,155,34,8.459038836695239,335.6715507424338,1.0,0.0,0.0,1.0
0,155,35,8.331703375449717,335.18803685399894,1.0,0.0,0.0,1.0
0,155,36,8.204367914204195,334.7045229655641,1.0,0.0,0.0,1.0
0,155,37,8.077032452958674,334.2210090771292,1.0,0.0,0.0,1.0
0,155,38,7.949696991713153,333.73749518869437,1.0,0.0,0.0,1.0
0,155,39,7.8223615304676315,333.2539813002595,1.0,0.0,0.0,1.0
0,155,40,7.69502606922211,332.77046741182465,1.0,0.0,0.0,1.0
0,155,41,7.567690607976589,332.2869535233898,1.0,0.0,0.0,1.0
0,155,42,7.440355146731067,331.803439634955,1.0,0.0,0.0,1.0
0,155,43,7.3130196854855445,331.31992574652014,1.0,0.0,0.0,1.0
0,155,44,7.185684224240023,330.8364118580853,1.0,0.0,0.0,1.0
0,155,45,7.058348762994502,330.3528979696504,1.0,0.0,0.0,1.0
0,155,46,6.931013301748981,329.86938408121557,1.0,0.0,0.0,1.0
0,155,47,6.803677840503459,329.3858701927807,1.0,0.0,0.0,1.0
0,155,48,6.676342379257938,328.90235630434586,1.0,0.0,0.0,1.0
0,155,49,6.549006918012417,328.418842415911,1.0,0.0,0.0,1.0
0,155,50,6.421671456766895,327.93532852747614,1.0,0.0,0.0,1.0
0,155,51,6.294335995521373,327.4518146390413,1.0,0.0,0.0,1.0
0,155,52,6.167000534275852,326.96830075060643,1.0,0.0,0.0,1.0
0,155,53,6.0396650730303305,326.48478686217163,1.0,0.0,0.0,1.0
0,155,54,5.912329611784808,326.0012729737368,1.0,0.0,0.0,1.0
0,155,55,5.784994150539287,325.5177590853019,1.0,0.0,0.0,1.0
0,155,56,5.831061250891781,325.69268351407044,1.0,0.0,0.0,1.0
0,155,57,5.9583967121373025,326.1761974025053,1.0,0.0,0.0,1.0
0,155,58,6.085732173382824,326.65971129094015,1.0,0.0,0.0,1.0
0,155,59,6.213067634628345,327.143225179375,1.0,0.0,0.0,1.0
0,155,60,6.340403095873867,327.62673906780986,1.0,0.0,0.0,1.0
0,155,61,6.467738557119389,328.1102529562447,1.0,0.0,0.0,1.0
0,155,62,6.59507401836491,328.5937668446796,1.0,0.0,0.0,1.0
0,155,63,6.722409479610431,329.07728073311443,1.0,0.0,0.0,1.0
0,155,64,6.8497449408559525,329.5607946215493,1.0,0.0,0.0,1.0
0,155,65,6.977080402101475,330.0443085099841,1.0,0.0,0.0,1.0
0,155,66,7.104415863346995,330.52782239841895,1.0,0.0,0.0,1.0
0,155,67,7.231751324592517,331.0113362868538,1.0,0.0,0.0,1.0
0,155,68,7.359086785838039,331.49485017528866,1.0,0.0,0.0,1.0
0,155,69,7.48642224708356,331.9783640637235,1.0,0.0,0.0,1.0
0,155,70,7.613757708329082,332.4618779521584,1.0,0.0,0.0,1.0
0,155,71,7.741093169574603,332.94539184059323,1.0,0.0,0.0,1.0
0,155,72,7.868428630820125,333.4289057290281,1.0,0.0,0.0,1.0
0,155,73,7.995764092065646,333.91241961746294,1.0,0.0,0.0,1.0
0,155,74,8.123099553311167,334.3959335058978,1.0,0.0,0.0,1.0
0,155,75,8.25043501455669,334.87944739433266,1.0,0.0,0.0,1.0
0,155,76,8.37777047580221,335.3629612827675,1.0,0.0,0.0,1.0
0,155,77,8.505105937047732,335.8464751712023,1.0,0.0,0.0,1.0
0,155,78,8.632441398293253,336.32998905963717,1.0,0.0,0.0,1.0
0,155,79,8.759776859538775,336.813502948072,1.0,0.0,0.0,1.0
0,155,80,8.887112320784297,337.2970168365069,1.0,0.0,0.0,1.0
0,155,81,9.014447782029817,337.78053072494174,1.0,0.0,0.0,1.0
0,155,82,9.14178324327534,338.2640446133766,1.0,0.0,0.0,1.0
0,155,83,9.26911870452086,338.74755850181145,1.0,0.0,0.0,1.0
0,155,84,9.396454165766382,339.2310723902463,1.0,0.0,0.0,1.0
0,155,85,9.523789627011904,339.71458627868117,1.0,0.0,0.0,1.0
0,155,86,9.651125088257425,340.198100167116,1.0,0.0,0.0,1.0
0,155,87,9.778460549502945,340.6816140555509,1.0,0.0,0.0,1.0
0,155,88,9.905796010748467,341.1651279439857,1.0,0.0,0.0,1.0
0,155,89,10.03313147199399,341.64864183242054,1.0,0.0,0.0,1.0
0,155,90,10.160466933239512,342.1321557208554,1.0,0.0,0.0,1.0
0,155,91,10.287802394485034,342.61566960929025,1.0,0.0,0.0,1.0
0,155,92,10.415137855730555,343.0991834977251,1.0,0.0,0.0,1.0
0,155,93,10.542473316976075,343.58269738615996,1.0,0.0,0.0,1.0
0,155,94,10.669808778221597,344.0662112745948,1.0,0.0,0.0,1.0
0,155,95,10.79714423946712,344.5497251630297,1.0,0.0,0.0,1.0
0,155,96,10.92447970071264,345.03323905146453,1.0,0.0,0.0,1.0
0,155,97,11.05181516195816,345.5167529398994,1.0,0.0,0.0,1.0
0,155,98,11.179150623203682,346.00026682833425,1.0,0.0,0.0,1.0
0,155,99,11.306486084449205,346.4837807167691,1.0,0.0,0.0,1.0
0,155,100,11.433821545694727,346.9672946052039,1.0,0.0,0.0,1.0
0,155,101,11.561157006940249,347.45080849363876,1.0,0.0,0.0,1.0
0,155,102,11.68849246818577,347.9343223820736,1.0,0.0,0.0,1.0
0,155,103,11.81582792943129,348.4178362705085,1.0,0.0,0.0,1.0
0,155,104,11.943163390676812,348.90135015894333,1.0,0.0,0.0,1.0
0,155,105,12.070498851922334,349.3848640473782,1.0,0.0,0.0,1.0
0,155,106,12.197834313167855,349.86837793581304,1.0,0.0,0.0,1.0
0,155,107,12.325169774413375,350.3518918242479,1.0,0.0,0.0,1.0
0,155,108,12.452505235658897,350.83540571268276,1.0,0.0,0.0,1.0
0,155,109,12.57984069690442,351.3189196011176,1.0,0.0,0.0,1.0
0,155,110,12.707176158149942,351.80243348955247,1.0,0.0,0.0,1.0
0,156,0,12.837474822998047,352.2410888671875,1.0,0.0,0.0,1.0
0,157,0,22.594451904296875,378.12255859375,1.0,0.0,0.0,1.0
0,157,1,22.418075436306474,377.6547003443419,1.0,0.0,0.0,1.0
0,157,2,22.24169896831607,377.18684209493375,1.0,0.0,0.0,1.0
0,157,3,22.065322500325667,376.71898384552566,1.0,0.0,0.0,1.0
0,157,4,21.888946032335266,376.2511255961175,1.0,0.0,0.0,1.0
0,157,5,21.712569564344864,375.7832673467094,1.0,0.0,0.0,1.0
0,157,6,21.53619309635446,375.31540909730126,1.0,0.0,0.0,1.0
0,157,7,21.359816628364058,374.84755084789316,1.0,0.0,0.0,1.0
0,157,8,21.183440160373657,374.37969259848506,1.0,0.0,0.0,1.0
0,157,9,21.007063692383255,373.9118343490769,1.0,0.0,0.0,1.0
0,157,10,20.83068722439285,373.4439760996688,1.0,0.0,0.0,1.0
0,157,11,20.65431075640245,372.97611785026066,1.0,0.0,0.0,1.0
0,157,12,20.477934288412047,372.50825960085257,1.0,0.0,0.0,1.0
0,157,13,20.301557820421646,372.0404013514444,1.0,0.0,0.0,1.0
0,157,14,20.12518135243124,371.5725431020363,1.0,0.0,0.0,1.0
0,157,15,19.94880488444084,371.1046848526282,1.0,0.0,0.0,1.0
0,157,16,19.77242841645044,370.6368266032201,1.0,0.0,0.0,1.0
0,157,17,19.596051948460037,370.168968353812,1.0,0.0,0.0,1.0
0,157,18,19.419675480469632,369.7011101044038,1.0,0.0,0.0,1.0
0,157,19,19.24329901247923,369.23325185499573,1.0,0.0,0.0,1.0
0,157,20,19.06692254448883,368.7653936055876,1.0,0.0,0.0,1.0
0,157,21,18.890546076498428,368.2975353561795,1.0,0.0,0.0,1.0
0,157,22,18.714169608508023,367.8296771067714,1.0,0.0,0.0,1.0
0,157,23,18.53779314051762,367.36181885736323,1.0,0.0,0.0,1.0
0,157,24,18.36141667252722,366.89396060795514,1.0,0.0,0.0,1.0
0,157,25,18.18504020453682,366.426102358547,1.0,0.0,0.0,1.0
0,157,26,18.008663736546414,365.9582441091389,1.0,0.0,0.0,1.0
0,157,27,17.832287268556012,365.49038585973074,1.0,0.0,0.0,1.0
0,157,28,17.65591080056561,365.02252761032264,1.0,0.0,0.0,1.0
0,157,29,17.479534332575206,364.55466936091454,1.0,0.0,0.0,1.0
0,157,30,17.303157864584804,364.0868111115064,1.0,0.0,0.0,1.0
0,157,31,17.126781396594403,363.6189528620983,1.0,0.0,0.0,1.0
0,157,32,16.950404928604,363.15109461269014,1.0,0.0,0.0,1.0
0,157,33,16.774028460613597,362.68323636328205,1.0,0.0,0.0,1.0
0,157,34,16.597651992623195,362.2153781138739,1.0,0.0,0.0,1.0
0,157,35,16.421275524632794,361.7475198644658,1.0,0.0,0.0,1.0
0,157,36,16.24489905664239,361.2796616150577,1.0,0.0,0.0,1.0
0,157,37,16.068522588651987,360.81180336564955,1.0,0.0,0.0,1.0
0,157,38,15.892146120661586,360.34394511624146,1.0,0.0,0.0,1.0
0,157,39,15.715769652671185,359.8760868668333,1.0,0.0,0.0,1.0
0,157,40,15.539393184680781,359.4082286174252,1.0,0.0,0.0,1.0
0,157,41,15.363016716690378,358.94037036801706,1.0,0.0,0.0,1.0
0,157,42,15.186640248699977,358.47251211860896,1.0,0.0,0.0,1.0
0,157,43,15.010263780709575,358.00465386920087,1.0,0.0,0.0,1.0
0,157,44,14.833887312719174,357.5367956197927,1.0,0.0,0.0,1.0
0,157,45,14.657510844728769,357.0689373703846,1.0,0.0,0.0,1.0
0,157,46,14.481134376738368,356.60107912097646,1.0,0.0,0.0,1.0
0,157,47,14.304757908747966,356.13322087156837,1.0,0.0,0.0,1.0
0,157,48,14.128381440757563,355.6653626221602,1.0,0.0,0.0,1.0
0,157,49,13.952004972767162,355.1975043727521,1.0,0.0,0.0,1.0
0,157,50,13.775628504776758,354.729646123344,1.0,0.0,0.0,1.0
0,157,51,13.599252036786355,354.2617878739359,1.0,0.0,0.0,1.0
0,157,52,13.422875568795954,353.7939296245278,1.0,0.0,0.0,1.0
0,157,53,13.24649910080555,353.3260713751196,1.0,0.0,0.0,1.0
0,157,54,13.07012263281515,352.85821312571153,1.0,0.0,0.0,1.0
0,157,55,12.893746164824746,352.3903548763034,1.0,0.0,0.0,1.0
0,157,56,12.95757994916175,352.5596811074797,1.0,0.0,0.0,1.0
0,157,57,13.133956417152152,353.0275393568878,1.0,0.0,0.0,1.0
0,157,58,13.310332885142554,353.49539760629597,1.0,0.0,0.0,1.0
0,157,59,13.486709353132957,353.96325585570406,1.0,0.0,0.0,1.0
0,157,60,13.663085821123358,354.4311141051122,1.0,0.0,0.0,1.0
0,157,61,13.839462289113762,354.8989723545203,1.0,0.0,0.0,1.0
0,157,62,14.015838757104163,355.36683060392846,1.0,0.0,0.0,1.0
0,157,63,14.192215225094566,355.83468885333656,1.0,0.0,0.0,1.0
0,157,64,14.368591693084968,356.30254710274465,1.0,0.0,0.0,1.0
0,157,65,14.54496816107537,356.7704053521528,1.0,0.0,0.0,1.0
0,157,66,14.721344629065772,357.2382636015609,1.0,0.0,0.0,1.0
0,157,67,14.897721097056175,357.70612185096905,1.0,0.0,0.0,1.0
0,157,68,15.074097565046577,358.17398010037715,1.0,0.0,0.0,1.0
0,157,69,15.25047403303698,358.6418383497853,1.0,0.0,0.0,1.0
0,157,70,15.426850501027381,359.1096965991934,1.0,0.0,0.0,1.0
0,157,71,15.603226969017784,359.5775548486015,1.0,0.0,0.0,1.0
0,157,72,15.779603437008188,360.04541309800965,1.0,0.0,0.0,1.0
0,157,73,15.955979904998589,360.51327134741774,1.0,0.0,0.0,1.0
0,157,74,16.13235637298899,360.9811295968259,1.0,0.0,0.0,1.0
0,157,75,16.308732840979395,361.448987846234,1.0,0.0,0.0,1.0
0,157,76,16.485109308969797,361.91684609564214,1.0,0.0,0.0,1.0
0,157,77,16.6614857769602,362.38470434505024,1.0,0.0,0.0,1.0
0,157,78,16.8378622449506,362.85256259445833,1.0,0.0,0.0,1.0
0,157,79,17.014238712941,363.3204208438665,1.0,0.0,0.0,1.0
0,157,80,17.190615180931406,363.7882790932746,1.0,0.0,0.0,1.0
0,157,81,17.366991648921807,364.25613734268273,1.0,0.0,0.0,1.0
0,157,82,17.543368116912212,364.72399559209083,1.0,0.0,0.0,1.0
0,157,83,17.719744584902614,365.191853841499,1.0,0.0,0.0,1.0
0,157,84,17.896121052893015,365.6597120909071,1.0,0.0,0.0,1.0
0,157,85,18.072497520883417,366.1275703403152,1.0,0.0,0.0,1.0
0,157,86,18.248873988873818,366.5954285897233,1.0,0.0,0.0,1.0
0,157,87,18.42525045686422,367.0632868391314,1.0,0.0,0.0,1.0
0,157,88,18.601626924854624,367.5311450885396,1.0,0.0,0.0,1.0
0,157,89,18.778003392845026,367.99900333794767,1.0,0.0,0.0,1.0
0,157,90,18.95437986083543,368.4668615873558,1.0,0.0,0.0,1.0
0,157,91,19.130756328825832,368.9347198367639,1.0,0.0,0.0,1.0
0,157,92,19.307132796816234,369.402578086172,1.0,0.0,0.0,1.0
0,157,93,19.483509264806635,369.87043633558017,1.0,0.0,0.0,1.0
0,157,94,19.659885732797036,370.33829458498826,1.0,0.0,0.0,1.0
0,157,95,19.83626220078744,370.8061528343964,1.0,0.0,0.0,1.0
0,157,96,20.012638668777843,371.2740110838045,1.0,0.0,0.0,1.0
0,157,97,20.189015136768244,371.74186933321266,1.0,0.0,0.0,1.0
0,157,98,20.36539160475865,372.20972758262076,1.0,0.0,0.0,1.0
0,157,99,20.54176807274905,372.67758583202885,1.0,0.0,0.0,1.0
0,157,100,20.718144540739452,373.145444081437,1.0,0.0,0.0,1.0
0,157,101,20.894521008729853,373.6133023308451,1.0,0.0,0.0,1.0
0,157,102,21.070897476720255,374.08116058025325,1.0,0.0,0.0,1.0
0,157,103,21.24727394471066,374.54901882966135,1.0,0.0,0.0,1.0
0,157,104,21.42365041270106,375.0168770790695,1.0,0.0,0.0,1.0
0,157,105,21.600026880691466,375.4847353284776,1.0,0.0,0.0,1.0
0,157,106,21.776403348681868,375.95259357788575,1.0,0.0,0.0,1.0
0,157,107,21.95277981667227,376.42045182729385,1.0,0.0,0.0,1.0
0,157,108,22.12915628466267,376.88831007670194,1.0,0.0,0.0,1.0
0,157,109,22.305532752653072,377.3561683261101,1.0,0.0,0.0,1.0
0,157,110,22.481909220643473,377.8240265755182,1.0,0.0,0.0,1.0
0,158,0,22.65659523010254,378.24688720703125,1.0,0.0,0.0,1.0
0,159,0,35.022987365722656,402.98797607421875,1.0,0.0,0.0,1.0
0,159,1,34.799440618720126,402.5407324583844,1.0,0.0,0.0,1.0
0,159,2,34.5758938717176,402.09348884255,1.0,0.0,0.0,1.0
0,159,3,34.35234712471507,401.6462452267157,1.0,0.0,0.0,1.0
0,159,4,34.12880037771254,401.19900161088134,1.0,0.0,0.0,1.0
0,159,5,33.90525363071001,400.751757995047,1.0,0.0,0.0,1.0
0,159,6,33.68170688370748,400.3045143792126,1.0,0.0,0.0,1.0
0,159,7,33.45816013670495,399.85727076337827,1.0,0.0,0.0,1.0
0,159,8,33.234613389702425,399.41002714754393,1.0,0.0,0.0,1.0
0,159,9,33.011066642699895,398.9627835317096,1.0,0.0,0.0,1.0
0,159,10,32.787519895697365,398.5155399158752,1.0,0.0,0.0,1.0
0,159,11,32.563973148694835,398.06829630004086,1.0,0.0,0.0,1.0
0,159,12,32.340426401692305,397.6210526842065,1.0,0.0,0.0,1.0
0,159,13,32.116879654689775,397.1738090683721,1.0,0.0,0.0,1.0
0,159,14,31.893332907687245,396.7265654525378,1.0,0.0,0.0,1.0
0,159,15,31.669786160684716,396.27932183670345,1.0,0.0,0.0,1.0
0,159,16,31.446239413682186,395.8320782208691,1.0,0.0,0.0,1.0
0,159,17,31.222692666679656,395.3848346050347,1.0,0.0,0.0,1.0
0,159,18,30.999145919677126,394.9375909892004,1.0,0.0,0.0,1.0
0,159,19,30.7755991726746,394.49034737336603,1.0,0.0,0.0,1.0
0,159,20,30.55205242567207,394.0431037575317,1.0,0.0,0.0,1.0
0,159,21,30.32850567866954,393.5958601416973,1.0,0.0,0.0,1.0
0,159,22,30.10495893166701,393.14861652586296,1.0,0.0,0.0,1.0
0,159,23,29.881412184664484,392.7013729100286,1.0,0.0,0.0,1.0
0,159,24,29.657865437661954,392.25412929419423,1.0,0.0,0.0,1.0
0,159,25,29.434318690659424,391.8068856783599,1.0,0.0,0.0,1.0
0,159,26,29.210771943656894,391.35964206252555,1.0,0.0,0.0,1.0
0,159,27,28.987225196654364,390.9123984466912,1.0,0.0,0.0,1.0
0,159,28,28.763678449651835,390.4651548308568,1.0,0.0,0.0,1.0
0,159,29,28.540131702649305,390.0179112150225,1.0,0.0,0.0,1.0
0,159,30,28.316584955646775,389.57066759918814,1.0,0.0,0.0,1.0
0,159,31,28.093038208644245,389.1234239833538,1.0,0.0,0.0,1.0
0,159,32,27.86949146164172,388.6761803675194,1.0,0.0,0.0,1.0
0,159,33,27.64594471463919,388.22893675168507,1.0,0.0,0.0,1.0
0,159,34,27.42239796763666,387.78169313585073,1.0,0.0,0.0,1.0
0,159,35,27.19885122063413,387.3344495200164,1.0,0.0,0.0,1.0
0,159,36,26.9753044736316,386.887205904182,1.0,0.0,0.0,1.0
0,159,37,26.751757726629073,386.43996228834766,1.0,0.0,0.0,1.0
0,159,38,26.528210979626543,385.9927186725133,1.0,0.0,0.0,1.0
0,159,39,26.304664232624013,385.5454750566789,1.0,0.0,0.0,1.0
0,159,40,26.081117485621483,385.0982314408446,1.0,0.0,0.0,1.0
0,159,41,25.857570738618953,384.65098782501025,1.0,0.0,0.0,1.0
0,159,42,25.634023991616424,384.2037442091759,1.0,0.0,0.0,1.0
0,159,43,25.410477244613894,383.7565005933415,1.0,0.0,0.0,1.0
0,159,44,25.186930497611364,383.3092569775072,1.0,0.0,0.0,1.0
0,159,45,24.963383750608834,382.86201336167284,1.0,0.0,0.0,1.0
0,159,46,24.739837003606308,382.4147697458385,1.0,0.0,0.0,1.0
0,159,47,24.516290256603774,381.9675261300041,1.0,0.0,0.0,1.0
0,159,48,24.292743509601248,381.52028251416976,1.0,0.0,0.0,1.0
0,159,49,24.069196762598718,381.0730388983354,1.0,0.0,0.0,1.0
0,159,50,23.84565001559619,380.62579528250103,1.0,0.0,0.0,1.0
0,159,51,23.622103268593662,380.1785516666667,1.0,0.0,0.0,1.0
0,159,52,23.398556521591132,379.73130805083235,1.0,0.0,0.0,1.0
0,159,53,23.175009774588602,379.284064434998,1.0,0.0,0.0,1.0
0,159,54,22.951463027586072,378.8368208191636,1.0,0.0,0.0,1.0
0,159,55,22.727916280583543,378.3895772033293,1.0,0.0,0.0,1.0
0,159,56,22.808820926624065,378.55144082656756,1.0,0.0,0.0,1.0
0,159,57,23.032367673626595,378.99868444240195,1.0,0.0,0.0,1.0
0,159,58,23.255914420629125,379.4459280582363,1.0,0.0,0.0,1.0
0,159,59,23.479461167631655,379.89317167407063,1.0,0.0,0.0,1.0
0,159,60,23.70300791463418,380.34041528990497,1.0,0.0,0.0,1.0
0,159,61,23.92655466163671,380.78765890573936,1.0,0.0,0.0,1.0
0,159,62,24.15010140863924,381.2349025215737,1.0,0.0,0.0,1.0
0,159,63,24.37364815564177,381.68214613740804,1.0,0.0,0.0,1.0
0,159,64,24.5971949026443,382.1293897532424,1.0,0.0,0.0,1.0
0,159,65,24.82074164964683,382.5766333690768,1.0,0.0,0.0,1.0
0,159,66,25.044288396649357,383.0238769849111,1.0,0.0,0.0,1.0
0,159,67,25.267835143651887,383.47112060074545,1.0,0.0,0.0,1.0
0,159,68,25.491381890654417,383.9183642165798,1.0,0.0,0.0,1.0
0,159,69,25.714928637656946,384.3656078324142,1.0,0.0,0.0,1.0
0,159,70,25.938475384659476,384.8128514482485,1.0,0.0,0.0,1.0
0,159,71,26.162022131662006,385.26009506408286,1.0,0.0,0.0,1.0
0,159,72,26.385568878664536,385.70733867991726,1.0,0.0,0.0,1.0
0,159,73,26.609115625667066,386.1545822957516,1.0,0.0,0.0,1.0
0,159,74,26.832662372669596,386.60182591158593,1.0,0.0,0.0,1.0
0,159,75,27.056209119672122,387.0490695274203,1.0,0.0,0.0,1.0
0,159,76,27.279755866674652,387.49631314325467,1.0,0.0,0.0,1.0
0,159,77,27.50330261367718,387.943556759089,1.0,0.0,0.0,1.0
0,159,78,27.72684936067971,388.39080037492334,1.0,0.0,0.0,1.0
0,159,79,27.950396107682238,388.8380439907577,1.0,0.0,0.0,1.0
0,159,80,28.173942854684768,389.2852876065921,1.0,0.0,0.0,1.0
0,159,81,28.397489601687298,389.7325312224264,1.0,0.0,0.0,1.0
0,159,82,28.621036348689827,390.17977483826076,1.0,0.0,0.0,1.0
0,159,83,28.844583095692357,390.62701845409515,1.0,0.0,0.0,1.0
0,159,84,29.068129842694887,391.0742620699295,1.0,0.0,0.0,1.0
0,159,85,29.291676589697417,391.5215056857638,1.0,0.0,0.0,1.0
0,159,86,29.515223336699947,391.96874930159817,1.0,0.0,0.0,1.0
0,159,87,29.738770083702477,392.41599291743256,1.0,0.0,0.0,1.0
0,159,88,29.962316830705003,392.8632365332669,1.0,0.0,0.0,1.0
0,159,89,30.185863577707533,393.31048014910124,1.0,0.0,0.0,1.0
0,159,90,30.409410324710063,393.7577237649356,1.0,0.0,0.0,1.0
0,159,91,30.632957071712593,394.20496738077,1.0,0.0,0.0,1.0
0,159,92,30.856503818715122,394.6522109966043,1.0,0.0,0.0,1.0
0,159,93,31.08005056571765,395.09945461243865,1.0,0.0,0.0,1.0
0,159,94,31.30359731272018,395.54669822827304,1.0,0.0,0.0,1.0
0,159,95,31.52714405972271,395.9939418441074,1.0,0.0,0.0,1.0
0,159,96,31.75069080672524,396.4411854599417,1.0,0.0,0.0,1.0
0,159,97,31.974237553727768,396.88842907577606,1.0,0.0,0.0,1.0
0,159,98,32.1977843007303,397.33567269161045,1.0,0.0,0.0,1.0
0,159,99,32.42133104773283,397.7829163074448,1.0,0.0,0.0,1.0
0,159,100,32.64487779473536,398.23015992327913,1.0,0.0,0.0,1.0
0,159,101,32.86842454173789,398.67740353911347,1.0,0.0,0.0,1.0
0,159,102,33.09197128874041,399.12464715494787,1.0,0.0,0.0,1.0
0,159,103,33.31551803574295,399.5718907707822,1.0,0.0,0.0,1.0
0,159,104,33.53906478274547,400.01913438661654,1.0,0.0,0.0,1.0
0,159,105,33.762611529748,400.46637800245094,1.0,0.0,0.0,1.0
0,159,106,33.98615827675053,400.9136216182853,1.0,0.0,0.0,1.0
0,159,107,34.20970502375306,401.3608652341196,1.0,0.0,0.0,1.0
0,159,108,34.43325177075559,401.80810884995395,1.0,0.0,0.0,1.0
0,159,109,34.65679851775812,402.25535246578835,1.0,0.0,0.0,1.0
0,159,110,34.88034526476065,402.7025960816227,1.0,0.0,0.0,1.0
0,160,0,35.09758377075195,403.1052551269531,1.0,0.0,0.0,1.0
0,161,0,49.942359924316406,426.4437255859375,1.0,0.0,0.0,1.0
0,161,1,49.67401196397869,426.0218377191025,1.0,0.0,0.0,1.0
0,161,2,49.40566400364098,425.5999498522675,1.0,0.0,0.0,1.0
0,161,3,49.137316043303265,425.17806198543246,1.0,0.0,0.0,1.0
0,161,4,48.86896808296555,424.75617411859747,1.0,0.0,0.0,1.0
0,161,5,48.60062012262784,424.3342862517625,1.0,0.0,0.0,1.0
0,161,6,48.332272162290124,423.9123983849275,1.0,0.0,0.0,1.0
0,161,7,48.06392420195242,423.4905105180925,1.0,0.0,0.0,1.0
0,161,8,47.795576241614704,423.0686226512575,1.0,0.0,0.0,1.0
0,161,9,47.52722828127699,422.64673478442245,1.0,0.0,0.0,1.0
0,161,10,47.25888032093928,422.22484691758746,1.0,0.0,0.0,1.0
0,161,11,46.99053236060156,421.80295905075246,1.0,0.0,0.0,1.0
0,161,12,46.72218440026385,421.38107118391747,1.0,0.0,0.0,1.0
0,161,13,46.453836439926135,420.9591833170825,1.0,0.0,0.0,1.0
0,161,14,46.18548847958842,420.5372954502475,1.0,0.0,0.0,1.0
0,161,15,45.91714051925071,420.11540758341243,1.0,0.0,0.0,1.0
0,161,16,45.648792558912994,419.69351971657744,1.0,0.0,0.0,1.0
0,161,17,45.38044459857528,419.27163184974245,1.0,0.0,0.0,1.0
0,161,18,45.112096638237574,418.84974398290746,1.0,0.0,0.0,1.0
0,161,19,44.84374867789986,418.42785611607246,1.0,0.0,0.0,1.0
0,161,20,44.57540071756215,418.0059682492374,1.0,0.0,0.0,1.0
0,161,21,44.30705275722443,417.5840803824024,1.0,0.0,0.0,1.0
0,161,22,44.03870479688672,417.1621925155674,1.0,0.0,0.0,1.0
0,161,23,43.770356836549006,416.74030464873243,1.0,0.0,0.0,1.0
0,161,24,43.50200887621129,416.31841678189744,1.0,0.0,0.0,1.0
0,161,25,43.23366091587358,415.89652891506245,1.0,0.0,0.0,1.0
0,161,26,42.965312955535865,415.4746410482274,1.0,0.0,0.0,1.0
0,161,27,42.69696499519815,415.0527531813924,1.0,0.0,0.0,1.0
0,161,28,42.42861703486044,414.6308653145574,1.0,0.0,0.0,1.0
0,161,29,42.16026907452273,414.2089774477224,1.0,0.0,0.0,1.0
0,161,30,41.89192111418501,413.7870895808874,1.0,0.0,0.0,1.0
0,161,31,41.6235731538473,413.36520171405243,1.0,0.0,0.0,1.0
0,161,32,41.35522519350959,412.9433138472174,1.0,0.0,0.0,1.0
0,161,33,41.086877233171876,412.5214259803824,1.0,0.0,0.0,1.0
0,161,34,40.81852927283416,412.0995381135474,1.0,0.0,0.0,1.0
0,161,35,40.55018131249645,411.6776502467124,1.0,0.0,0.0,1.0
0,161,36,40.281833352158735,411.2557623798774,1.0,0.0,0.0,1.0
0,161,37,40.01348539182102,410.8338745130424,1.0,0.0,0.0,1.0
0,161,38,39.74513743148331,410.41198664620737,1.0,0.0,0.0,1.0
0,161,39,39.476789471145594,409.9900987793724,1.0,0.0,0.0,1.0
0,161,40,39.20844151080789,409.5682109125374,1.0,0.0,0.0,1.0
0,161,41,38.940093550470166,409.1463230457024,1.0,0.0,0.0,1.0
0,161,42,38.67174559013246,408.7244351788674,1.0,0.0,0.0,1.0
0,161,43,38.403397629794746,408.3025473120324,1.0,0.0,0.0,1.0
0,161,44,38.13504966945703,407.88065944519735,1.0,0.0,0.0,1.0
0,161,45,37.86670170911932,407.45877157836236,1.0,0.0,0.0,1.0
0,161,46,37.598353748781605,407.03688371152737,1.0,0.0,0.0,1.0
0,161,47,37.33000578844389,406.6149958446924,1.0,0.0,0.0,1.0
0,161,48,37.06165782810618,406.1931079778574,1.0,0.0,0.0,1.0
0,161,49,36.793309867768464,405.77122011102233,1.0,0.0,0.0,1.0
0,161,50,36.52496190743075,405.34933224418734,1.0,0.0,0.0,1.0
0,161,51,36.25661394709304,404.92744437735234,1.0,0.0,0.0,1.0
0,161,52,35.98826598675532,404.50555651051735,1.0,0.0,0.0,1.0
0,161,53,35.719918026417616,404.08366864368236,1.0,0.0,0.0,1.0
0,161,54,35.4515700660799,403.66178077684737,1.0,0.0,0.0,1.0
0,161,55,35.18322210574219,403.2398929100123,1.0,0.0,0.0,1.0
0,161,56,35.28029339609943,403.3925052107289,1.0,0.0,0.0,1.0
0,161,57,35.548641356437145,403.8143930775639,1.0,0.0,0.0,1.0
0,161,58,35.81698931677486,404.2362809443989,1.0,0.0,0.0,1.0
0,161,59,36.08533727711257,404.6581688112339,1.0,0.0,0.0,1.0
0,161,60,36.353685237450286,405.0800566780689,1.0,0.0,0.0,1.0
0,161,61,36.622033197788,405.50194454490395,1.0,0.0,0.0,1.0
0,161,62,36.89038115812571,405.92383241173894,1.0,0.0,0.0,1.0
0,161,63,37.15872911846343,406.34572027857394,1.0,0.0,0.0,1.0
0,161,64,37.42707707880114,406.76760814540893,1.0,0.0,0.0,1.0
0,161,65,37.69542503913885,407.1894960122439,1.0,0.0,0.0,1.0
0,161,66,37.96377299947656,407.61138387907897,1.0,0.0,0.0,1.0
0,161,67,38.232120959814274,408.03327174591396,1.0,0.0,0.0,1.0
0,161,68,38.50046892015199,408.45515961274896,1.0,0.0,0.0,1.0
0,161,69,38.7688168804897,408.87704747958395,1.0,0.0,0.0,1.0
0,161,70,39.037164840827415,409.29893534641894,1.0,0.0,0.0,1.0
0,161,71,39.30551280116513,409.72082321325394,1.0,0.0,0.0,1.0
0,161,72,39.57386076150284,410.142711080089,1.0,0.0,0.0,1.0
0,161,73,39.84220872184056,410.564598946924,1.0,0.0,0.0,1.0
0,161,74,40.11055668217827,410.986486813759,1.0,0.0,0.0,1.0
0,161,75,40.37890464251598,411.40837468059397,1.0,0.0,0.0,1.0
0,161,76,40.6472526028537,411.83026254742896,1.0,0.0,0.0,1.0
0,161,77,40.915600563191404,412.25215041426395,1.0,0.0,0.0,1.0
0,161,78,41.18394852352912,412.674038281099,1.0,0.0,0.0,1.0
0,161,79,41.45229648386683,413.095926147934,1.0,0.0,0.0,1.0
0,161,80,41.720644444204545,413.517814014769,1.0,0.0,0.0,1.0
0,161,81,41.98899240454226,413.939701881604,1.0,0.0,0.0,1.0
0,161,82,42.25734036487997,414.361589748439,1.0,0.0,0.0,1.0
0,161,83,42.525688325217686,414.783477615274,1.0,0.0,0.0,1.0
0,161,84,42.7940362855554,415.205365482109,1.0,0.0,0.0,1.0
0,161,85,43.062384245893114,415.627253348944,1.0,0.0,0.0,1.0
0,161,86,43.33073220623083,416.049141215779,1.0,0.0,0.0,1.0
0,161,87,43.59908016656854,416.471029082614,1.0,0.0,0.0,1.0
0,161,88,43.86742812690625,416.892916949449,1.0,0.0,0.0,1.0
0,161,89,44.13577608724396,417.31480481628404,1.0,0.0,0.0,1.0
0,161,90,44.404124047581675,417.73669268311903,1.0,0.0,0.0,1.0
0,161,91,44.67247200791939,418.158580549954,1.0,0.0,0.0,1.0
0,161,92,44.9408199682571,418.580468416789,1.0,0.0,0.0,1.0
0,161,93,45.209167928594816,419.002356283624,1.0,0.0,0.0,1.0
0,161,94,45.47751588893253,419.424244150459,1.0,0.0,0.0,1.0
0,161,95,45.74586384927024,419.84613201729405,1.0,0.0,0.0,1.0
0,161,96,46.01421180960796,420.26801988412905,1.0,0.0,0.0,1.0
0,161,97,46.28255976994567,420.68990775096404,1.0,0.0,0.0,1.0
0,161,98,46.550907730283384,421.11179561779903,1.0,0.0,0.0,1.0
0,161,99,46.81925569062109,421.533683484634,1.0,0.0,0.0,1.0
0,161,100,47.08760365095881,421.9555713514691,1.0,0.0,0.0,1.0
0,161,101,47.35595161129652,422.37745921830407,1.0,0.0,0.0,1.0
0,161,102,47.62429957163423,422.79934708513906,1.0,0.0,0.0,1.0
0,161,103,47.892647531971946,423.22123495197405,1.0,0.0,0.0,1.0
0,161,104,48.16099549230966,423.64312281880905,1.0,0.0,0.0,1.0
0,161,105,48.42934345264737,424.06501068564404,1.0,0.0,0.0,1.0
0,161,106,48.69769141298509,424.48689855247903,1.0,0.0,0.0,1.0
0,161,107,48.9660393733228,424.9087864193141,1.0,0.0,0.0,1.0
0,161,108,49.234387333660514,425.3306742861491,1.0,0.0,0.0,1.0
0,161,109,49.50273529399823,425.75256215298407,1.0,0.0,0.0,1.0
0,161,110,49.771083254335934,426.17445001981906,1.0,0.0,0.0,1.0
0,162,0,50.028621673583984,426.5527038574219,1.0,0.0,0.0,1.0
0,163,0,67.19438934326172,448.2410888671875,1.0,0.0,0.0,1.0
0,163,1,66.88408458757387,447.8490289755925,1.0,0.0,0.0,1.0
0,163,2,66.57377983188603,447.4569690839974,1.0,0.0,0.0,1.0
0,163,3,66.26347507619818,447.0649091924024,1.0,0.0,0.0,1.0
0,163,4,65.95317032051032,446.6728493008074,1.0,0.0,0.0,1.0
0,163,5,65.64286556482249,446.28078940921233,1.0,0.0,0.0,1.0
0,163,6,65.33256080913463,445.8887295176173,1.0,0.0,0.0,1.0
0,163,7,65.02225605344678,445.4966696260223,1.0,0.0,0.0,1.0
0,163,8,64.71195129775894,445.1046097344273,1.0,0.0,0.0,1.0
0,163,9,64.40164654207109,444.71254984283223,1.0,0.0,0.0,1.0
0,163,10,64.09134178638324,444.3204899512372,1.0,0.0,0.0,1.0
0,163,11,63.781037030695394,443.9284300596422,1.0,0.0,0.0,1.0
0,163,12,63.47073227500755,443.53637016804714,1.0,0.0,0.0,1.0
0,163,13,63.160427519319704,443.14431027645213,1.0,0.0,0.0,1.0
0,163,14,62.85012276363186,442.7522503848571,1.0,0.0,0.0,1.0
0,163,15,62.53981800794401,442.36019049326205,1.0,0.0,0.0,1.0
0,163,16,62.22951325225616,441.96813060166704,1.0,0.0,0.0,1.0
0,163,17,61.91920849656832,441.57607071007203,1.0,0.0,0.0,1.0
0,163,18,61.608903740880464,441.18401081847696,1.0,0.0,0.0,1.0
0,163,19,61.29859898519262,440.79195092688195,1.0,0.0,0.0,1.0
0,163,20,60.988294229504774,440.39989103528694,1.0,0.0,0.0,1.0
0,163,21,60.67798947381692,440.00783114369193,1.0,0.0,0.0,1.0
0,163,22,60.36768471812908,439.61577125209686,1.0,0.0,0.0,1.0
0,163,23,60.05737996244123,439.22371136050185,1.0,0.0,0.0,1.0
0,163,24,59.74707520675338,438.83165146890684,1.0,0.0,0.0,1.0
0,163,25,59.436770451065534,438.4395915773118,1.0,0.0,0.0,1.0
0,163,26,59.12646569537769,438.04753168571676,1.0,0.0,0.0,1.0
0,163,27,58.81616093968984,437.65547179412175,1.0,0.0,0.0,1.0
0,163,28,58.50585618400199,437.2634119025267,1.0,0.0,0.0,1.0
0,163,29,58.19555142831415,436.8713520109317,1.0,0.0,0.0,1.0
0,163,30,57.885246672626295,436.47929211933666,1.0,0.0,0.0,1.0
0,163,31,57.57494191693845,436.08723222774165,1.0,0.0,0.0,1.0
0,163,32,57.264637161250604,435.6951723361466,1.0,0.0,0.0,1.0
0,163,33,56.95433240556275,435.3031124445516,1.0,0.0,0.0,1.0
0,163,34,56.64402764987491,434.91105255295656,1.0,0.0,0.0,1.0
0,163,35,56.33372289418706,434.5189926613615,1.0,0.0,0.0,1.0
0,163,36,56.02341813849921,434.1269327697665,1.0,0.0,0.0,1.0
0,163,37,55.713113382811365,433.7348728781715,1.0,0.0,0.0,1.0
0,163,38,55.40280862712352,433.3428129865764,1.0,0.0,0.0,1.0
0,163,39,55.09250387143567,432.9507530949814,1.0,0.0,0.0,1.0
0,163,40,54.78219911574782,432.5586932033864,1.0,0.0,0.0,1.0
0,163,41,54.47189436005998,432.1666333117913,1.0,0.0,0.0,1.0
0,163,42,54.161589604372125,431.7745734201963,1.0,0.0,0.0,1.0
0,163,43,53.85128484868428,431.3825135286013,1.0,0.0,0.0,1.0
0,163,44,53.540980092996435,430.9904536370062,1.0,0.0,0.0,1.0
0,163,45,53.23067533730858,430.5983937454112,1.0,0.0,0.0,1.0
0,163,46,52.92037058162074,430.2063338538162,1.0,0.0,0.0,1.0
0,163,47,52.61006582593289,429.8142739622212,1.0,0.0,0.0,1.0
0,163,48,52.29976107024504,429.4222140706261,1.0,0.0,0.0,1.0
0,163,49,51.989456314557195,429.0301541790311,1.0,0.0,0.0,1.0
0,163,50,51.67915155886935,428.6380942874361,1.0,0.0,0.0,1.0
0,163,51,51.3688468031815,428.24603439584104,1.0,0.0,0.0,1.0
0,163,52,51.05854204749365,427.853974504246,1.0,0.0,0.0,1.0
0,163,53,50.74823729180581,427.461914612651,1.0,0.0,0.0,1.0
0,163,54,50.437932536117955,427.06985472105595,1.0,0.0,0.0,1.0
0,163,55,50.12762778043011,426.67779482946094,1.0,0.0,0.0,1.0
0,163,56,50.239920322425704,426.8196727769778,1.0,0.0,0.0,1.0
0,163,57,50.55022507811355,427.21173266857284,1.0,0.0,0.0,1.0
0,163,58,50.8605298338014,427.6037925601679,1.0,0.0,0.0,1.0
0,163,59,51.170834589489246,427.9958524517629,1.0,0.0,0.0,1.0
0,163,60,51.48113934517709,428.3879123433579,1.0,0.0,0.0,1.0
0,163,61,51.79144410086494,428.779972234953,1.0,0.0,0.0,1.0
0,163,62,52.10174885655279,429.172032126548,1.0,0.0,0.0,1.0
0,163,63,52.41205361224063,429.564092018143,1.0,0.0,0.0,1.0
0,163,64,52.722358367928486,429.9561519097381,1.0,0.0,0.0,1.0
0,163,65,53.03266312361633,430.3482118013331,1.0,0.0,0.0,1.0
0,163,66,53.342967879304176,430.7402716929281,1.0,0.0,0.0,1.0
0,163,67,53.65327263499203,431.1323315845232,1.0,0.0,0.0,1.0
0,163,68,53.96357739067987,431.5243914761182,1.0,0.0,0.0,1.0
0,163,69,54.27388214636772,431.9164513677132,1.0,0.0,0.0,1.0
0,163,70,54.58418690205557,432.3085112593082,1.0,0.0,0.0,1.0
0,163,71,54.894491657743416,432.7005711509033,1.0,0.0,0.0,1.0
0,163,72,55.20479641343126,433.0926310424983,1.0,0.0,0.0,1.0
0,163,73,55.515101169119106,433.4846909340933,1.0,0.0,0.0,1.0
0,163,74,55.82540592480696,433.87675082568836,1.0,0.0,0.0,1.0
0,163,75,56.1357106804948,434.2688107172834,1.0,0.0,0.0,1.0
0,163,76,56.446015436182655,434.6608706088784,1.0,0.0,0.0,1.0
0,163,77,56.7563201918705,435.05293050047345,1.0,0.0,0.0,1.0
0,163,78,57.066624947558346,435.44499039206846,1.0,0.0,0.0,1.0
0,163,79,57.3769297032462,435.8370502836635,1.0,0.0,0.0,1.0
0,163,80,57.68723445893404,436.22911017525854,1.0,0.0,0.0,1.0
0,163,81,57.99753921462189,436.62117006685355,1.0,0.0,0.0,1.0
0,163,82,58.30784397030973,437.01322995844856,1.0,0.0,0.0,1.0
0,163,83,58.618148725997585,437.4052898500436,1.0,0.0,0.0,1.0
0,163,84,58.92845348168543,437.79734974163864,1.0,0.0,0.0,1.0
0,163,85,59.238758237373276,438.18940963323365,1.0,0.0,0.0,1.0
0,163,86,59.54906299306113,438.58146952482866,1.0,0.0,0.0,1.0
0,163,87,59.85936774874897,438.97352941642373,1.0,0.0,0.0,1.0
0,163,88,60.16967250443682,439.36558930801874,1.0,0.0,0.0,1.0
0,163,89,60.47997726012467,439.75764919961375,1.0,0.0,0.0,1.0
0,163,90,60.790282015812515,440.1497090912088,1.0,0.0,0.0,1.0
0,163,91,61.10058677150036,440.54176898280383,1.0,0.0,0.0,1.0
0,163,92,61.41089152718821,440.93382887439884,1.0,0.0,0.0,1.0
0,163,93,61.72119628287606,441.3258887659939,1.0,0.0,0.0,1.0
0,163,94,62.0315010385639,441.7179486575889,1.0,0.0,0.0,1.0
0,163,95,62.341805794251755,442.11000854918393,1.0,0.0,0.0,1.0
0,163,96,62.6521105499396,442.50206844077894,1.0,0.0,0.0,1.0
0,163,97,62.962415305627445,442.894128332374,1.0,0.0,0.0,1.0
0,163,98,63.2727200613153,443.286188223969,1.0,0.0,0.0,1.0
0,163,99,63.58302481700314,443.67824811556403,1.0,0.0,0.0,1.0
0,163,100,63.89332957269099,444.0703080071591,1.0,0.0,0.0,1.0
0,163,101,64.20363432837884,444.4623678987541,1.0,0.0,0.0,1.0
0,163,102,64.51393908406669,444.8544277903491,1.0,0.0,0.0,1.0
0,163,103,64.82424383975453,445.2464876819442,1.0,0.0,0.0,1.0
0,163,104,65.13454859544238,445.6385475735392,1.0,0.0,0.0,1.0
0,163,105,65.44485335113023,446.0306074651342,1.0,0.0,0.0,1.0
0,163,106,65.75515810681807,446.4226673567292,1.0,0.0,0.0,1.0
0,163,107,66.06546286250592,446.8147272483243,1.0,0.0,0.0,1.0
0,163,108,66.37576761819378,447.2067871399193,1.0,0.0,0.0,1.0
0,163,109,66.68607237388161,447.5988470315143,1.0,0.0,0.0,1.0
0,163,110,66.99637712956947,447.9909069231094,1.0,0.0,0.0,1.0
0,164,0,67.29139709472656,448.34063720703125,1.0,0.0,0.0,1.0
0,165,0,86.59620666503906,468.1490783691406,1.0,0.0,0.0,1.0
0,165,1,86.24723464080319,467.7910022231874,1.0,0.0,0.0,1.0
0,165,2,85.89826261656732,467.4329260772342,1.0,0.0,0.0,1.0
0,165,3,85.54929059233145,467.07484993128094,1.0,0.0,0.0,1.0
0,165,4,85.20031856809557,466.7167737853277,1.0,0.0,0.0,1.0
0,165,5,84.8513465438597,466.3586976393745,1.0,0.0,0.0,1.0
0,165,6,84.50237451962383,466.00062149342125,1.0,0.0,0.0,1.0
0,165,7,84.15340249538795,465.642545347468,1.0,0.0,0.0,1.0
0,165,8,83.80443047115207,465.2844692015148,1.0,0.0,0.0,1.0
0,165,9,83.45545844691621,464.92639305556156,1.0,0.0,0.0,1.0
0,165,10,83.10648642268033,464.56831690960837,1.0,0.0,0.0,1.0
0,165,11,82.75751439844446,464.2102407636551,1.0,0.0,0.0,1.0
0,165,12,82.4085423742086,463.8521646177019,1.0,0.0,0.0,1.0
0,165,13,82.05957034997272,463.4940884717487,1.0,0.0,0.0,1.0
0,165,14,81.71059832573684,463.13601232579543,1.0,0.0,0.0,1.0
0,165,15,81.36162630150098,462.7779361798422,1.0,0.0,0.0,1.0
0,165,16,81.0126542772651,462.419860033889,1.0,0.0,0.0,1.0
0,165,17,80.66368225302922,462.06178388793575,1.0,0.0,0.0,1.0
0,165,18,80.31471022879336,461.7037077419825,1.0,0.0,0.0,1.0
0,165,19,79.96573820455748,461.3456315960293,1.0,0.0,0.0,1.0
0,165,20,79.6167661803216,460.98755545007606,1.0,0.0,0.0,1.0
0,165,21,79.26779415608574,460.6294793041228,1.0,0.0,0.0,1.0
0,165,22,78.91882213184986,460.2714031581696,1.0,0.0,0.0,1.0
0,165,23,78.56985010761399,459.91332701221637,1.0,0.0,0.0,1.0
0,165,24,78.22087808337812,459.5552508662632,1.0,0.0,0.0,1.0
0,165,25,77.87190605914225,459.19717472030993,1.0,0.0,0.0,1.0
0,165,26,77.52293403490637,458.8390985743567,1.0,0.0,0.0,1.0
0,165,27,77.1739620106705,458.4810224284035,1.0,0.0,0.0,1.0
0,165,28,76.82498998643463,458.12294628245024,1.0,0.0,0.0,1.0
0,165,29,76.47601796219875,457.764870136497,1.0,0.0,0.0,1.0
0,165,30,76.12704593796288,457.4067939905438,1.0,0.0,0.0,1.0
0,165,31,75.77807391372701,457.04871784459056,1.0,0.0,0.0,1.0
0,165,32,75.42910188949114,456.6906416986373,1.0,0.0,0.0,1.0
0,165,33,75.08012986525526,456.3325655526841,1.0,0.0,0.0,1.0
0,165,34,74.73115784101938,455.97448940673087,1.0,0.0,0.0,1.0
0,165,35,74.38218581678352,455.6164132607776,1.0,0.0,0.0,1.0
0,165,36,74.03321379254764,455.2583371148244,1.0,0.0,0.0,1.0
0,165,37,73.68424176831178,454.9002609688712,1.0,0.0,0.0,1.0
0,165,38,73.3352697440759,454.542184822918,1.0,0.0,0.0,1.0
0,165,39,72.98629771984002,454.18410867696474,1.0,0.0,0.0,1.0
0,165,40,72.63732569560415,453.8260325310115,1.0,0.0,0.0,1.0
0,165,41,72.28835367136828,453.4679563850583,1.0,0.0,0.0,1.0
0,165,42,71.93938164713241,453.10988023910505,1.0,0.0,0.0,1.0
0,165,43,71.59040962289653,452.7518040931518,1.0,0.0,0.0,1.0
0,165,44,71.24143759866067,452.3937279471986,1.0,0.0,0.0,1.0
0,165,45,70.89246557442479,452.03565180124536,1.0,0.0,0.0,1.0
0,165,46,70.54349355018891,451.6775756552921,1.0,0.0,0.0,1.0
0,165,47,70.19452152595305,451.3194995093389,1.0,0.0,0.0,1.0
0,165,48,69.84554950171717,450.9614233633857,1.0,0.0,0.0,1.0
0,165,49,69.4965774774813,450.60334721743243,1.0,0.0,0.0,1.0
0,165,50,69.14760545324543,450.24527107147924,1.0,0.0,0.0,1.0
0,165,51,68.79863342900956,449.887194925526,1.0,0.0,0.0,1.0
0,165,52,68.44966140477368,449.52911877957274,1.0,0.0,0.0,1.0
0,165,53,68.1006893805378,449.17104263361955,1.0,0.0,0.0,1.0
0,165,54,67.75171735630194,448.8129664876663,1.0,0.0,0.0,1.0
0,165,55,67.40274533206606,448.4548903417131,1.0,0.0,0.0,1.0
0,165,56,67.52902088162294,448.58446021830264,1.0,0.0,0.0,1.0
0,165,57,67.8779929058588,448.9425363642559,1.0,0.0,0.0,1.0
0,165,58,68.22696493009468,449.3006125102091,1.0,0.0,0.0,1.0
0,165,59,68.57593695433056,449.6586886561623,1.0,0.0,0.0,1.0
0,165,60,68.92490897856642,450.0167648021156,1.0,0.0,0.0,1.0
0,165,61,69.2738810028023,450.37484094806877,1.0,0.0,0.0,1.0
0,165,62,69.62285302703818,450.732917094022,1.0,0.0,0.0,1.0
0,165,63,69.97182505127404,451.09099323997526,1.0,0.0,0.0,1.0
0,165,64,70.32079707550992,451.44906938592845,1.0,0.0,0.0,1.0
0,165,65,70.66976909974579,451.8071455318817,1.0,0.0,0.0,1.0
0,165,66,71.01874112398166,452.16522167783495,1.0,0.0,0.0,1.0
0,165,67,71.36771314821753,452.52329782378814,1.0,0.0,0.0,1.0
0,165,68,71.71668517245341,452.8813739697414,1.0,0.0,0.0,1.0
0,165,69,72.06565719668927,453.2394501156946,1.0,0.0,0.0,1.0
0,165,70,72.41462922092515,453.59752626164783,1.0,0.0,0.0,1.0
0,165,71,72.76360124516103,453.9556024076011,1.0,0.0,0.0,1.0
0,165,72,73.1125732693969,454.31367855355427,1.0,0.0,0.0,1.0
0,165,73,73.46154529363277,454.6717546995075,1.0,0.0,0.0,1.0
0,165,74,73.81051731786864,455.02983084546076,1.0,0.0,0.0,1.0
0,165,75,74.15948934210452,455.38790699141396,1.0,0.0,0.0,1.0
0,165,76,74.50846136634038,455.7459831373672,1.0,0.0,0.0,1.0
0,165,77,74.85743339057626,456.10405928332045,1.0,0.0,0.0,1.0
0,165,78,75.20640541481214,456.46213542927364,1.0,0.0,0.0,1.0
0,165,79,75.555377439048,456.8202115752269,1.0,0.0,0.0,1.0
0,165,80,75.90434946328388,457.17828772118014,1.0,0.0,0.0,1.0
0,165,81,76.25332148751976,457.53636386713333,1.0,0.0,0.0,1.0
0,165,82,76.60229351175562,457.8944400130866,1.0,0.0,0.0,1.0
0,165,83,76.9512655359915,458.25251615903977,1.0,0.0,0.0,1.0
0,165,84,77.30023756022737,458.610592304993,1.0,0.0,0.0,1.0
0,165,85,77.64920958446325,458.96866845094627,1.0,0.0,0.0,1.0
0,165,86,77.99818160869911,459.32674459689946,1.0,0.0,0.0,1.0
0,165,87,78.34715363293499,459.6848207428527,1.0,0.0,0.0,1.0
0,165,88,78.69612565717085,460.04289688880596,1.0,0.0,0.0,1.0
0,165,89,79.04509768140673,460.40097303475915,1.0,0.0,0.0,1.0
0,165,90,79.39406970564261,460.7590491807124,1.0,0.0,0.0,1.0
0,165,91,79.74304172987848,461.11712532666564,1.0,0.0,0.0,1.0
0,165,92,80.09201375411435,461.47520147261883,1.0,0.0,0.0,1.0
0,165,93,80.44098577835022,461.8332776185721,1.0,0.0,0.0,1.0
0,165,94,80.7899578025861,462.19135376452533,1.0,0.0,0.0,1.0
0,165,95,81.13892982682196,462.5494299104785,1.0,0.0,0.0,1.0
0,165,96,81.48790185105784,462.90750605643177,1.0,0.0,0.0,1.0
0,165,97,81.83687387529372,463.26558220238496,1.0,0.0,0.0,1.0
0,165,98,82.1858458995296,463.6236583483382,1.0,0.0,0.0,1.0
0,165,99,82.53481792376546,463.98173449429146,1.0,0.0,0.0,1.0
0,165,100,82.88378994800134,464.33981064024465,1.0,0.0,0.0,1.0
0,165,101,83.2327619722372,464.6978867861979,1.0,0.0,0.0,1.0
0,165,102,83.58173399647308,465.05596293215115,1.0,0.0,0.0,1.0
0,165,103,83.93070602070895,465.41403907810434,1.0,0.0,0.0,1.0
0,165,104,84.27967804494483,465.7721152240576,1.0,0.0,0.0,1.0
0,165,105,84.6286500691807,466.13019137001083,1.0,0.0,0.0,1.0
0,165,106,84.97762209341657,466.488267515964,1.0,0.0,0.0,1.0
0,165,107,85.32659411765245,466.8463436619173,1.0,0.0,0.0,1.0
0,165,108,85.67556614188831,467.2044198078705,1.0,0.0,0.0,1.0
0,165,109,86.02453816612419,467.5624959538237,1.0,0.0,0.0,1.0
0,165,110,86.37351019036007,467.92057209977696,1.0,0.0,0.0,1.0
0,166,0,86.70293426513672,468.2381286621094,1.0,0.0,0.0,1.0
0,167,0,107.94214630126953,485.95660400390625,1.0,0.0,0.0,1.0
0,167,1,107.5582058049323,485.63630774218547,1.0,0.0,0.0,1.0
0,167,2,107.17426530859505,485.3160114804647,1.0,0.0,0.0,1.0
0,167,3,106.79032481225782,484.9957152187439,1.0,0.0,0.0,1.0
0,167,4,106.40638431592058,484.67541895702306,1.0,0.0,0.0,1.0
0,167,5,106.02244381958334,484.35512269530227,1.0,0.0,0.0,1.0
0,167,6,105.6385033232461,484.0348264335815,1.0,0.0,0.0,1.0
0,167,7,105.25456282690887,483.7145301718607,1.0,0.0,0.0,1.0
0,167,8,104.87062233057162,483.3942339101399,1.0,0.0,0.0,1.0
0,167,9,104.48668183423439,483.07393764841913,1.0,0.0,0.0,1.0
0,167,10,104.10274133789714,482.7536413866983,1.0,0.0,0.0,1.0
0,167,11,103.71880084155991,482.4333451249775,1.0,0.0,0.0,1.0
0,167,12,103.33486034522267,482.1130488632567,1.0,0.0,0.0,1.0
0,167,13,102.95091984888543,481.79275260153594,1.0,0.0,0.0,1.0
0,167,14,102.56697935254819,481.47245633981515,1.0,0.0,0.0,1.0
0,167,15,102.18303885621096,481.15216007809437,1.0,0.0,0.0,1.0
0,167,16,101.79909835987371,480.8318638163736,1.0,0.0,0.0,1.0
0,167,17,101.41515786353648,480.51156755465274,1.0,0.0,0.0,1.0
0,167,18,101.03121736719923,480.19127129293196,1.0,0.0,0.0,1.0
0,167,19,100.647276870862,479.8709750312112,1.0,0.0,0.0,1.0
0,167,20,100.26333637452476,479.5506787694904,1.0,0.0,0.0,1.0
0,167,21,99.87939587818752,479.2303825077696,1.0,0.0,0.0,1.0
0,167,22,99.49545538185028,478.9100862460488,1.0,0.0,0.0,1.0
0,167,23,99.11151488551305,478.589789984328,1.0,0.0,0.0,1.0
0,167,24,98.7275743891758,478.2694937226072,1.0,0.0,0.0,1.0
0,167,25,98.34363389283857,477.9491974608864,1.0,0.0,0.0,1.0
0,167,26,97.95969339650132,477.6289011991656,1.0,0.0,0.0,1.0
0,167,27,97.57575290016409,477.30860493744484,1.0,0.0,0.0,1.0
0,167,28,97.19181240382684,476.98830867572406,1.0,0.0,0.0,1.0
0,167,29,96.80787190748961,476.6680124140033,1.0,0.0,0.0,1.0
0,167,30,96.42393141115237,476.34771615228243,1.0,0.0,0.0,1.0
0,167,31,96.03999091481514,476.02741989056165,1.0,0.0,0.0,1.0
0,167,32,95.65605041847789,475.70712362884086,1.0,0.0,0.0,1.0
0,167,33,95.27210992214066,475.3868273671201,1.0,0.0,0.0,1.0
0,167,34,94.88816942580341,475.0665311053993,1.0,0.0,0.0,1.0
0,167,35,94.50422892946618,474.7462348436785,1.0,0.0,0.0,1.0
0,167,36,94.12028843312893,474.42593858195767,1.0,0.0,0.0,1.0
0,167,37,93.7363479367917,474.1056423202369,1.0,0.0,0.0,1.0
0,167,38,93.35240744045447,473.7853460585161,1.0,0.0,0.0,1.0
0,167,39,92.96846694411722,473.4650497967953,1.0,0.0,0.0,1.0
0,167,40,92.58452644777998,473.1447535350745,1.0,0.0,0.0,1.0
0,167,41,92.20058595144275,472.82445727335374,1.0,0.0,0.0,1.0
0,167,42,91.81664545510552,472.50416101163296,1.0,0.0,0.0,1.0
0,167,43,91.43270495876827,472.1838647499121,1.0,0.0,0.0,1.0
0,167,44,91.04876446243102,471.86356848819133,1.0,0.0,0.0,1.0
0,167,45,90.66482396609379,471.54327222647055,1.0,0.0,0.0,1.0
0,167,46,90.28088346975656,471.22297596474976,1.0,0.0,0.0,1.0
0,167,47,89.89694297341931,470.902679703029,1.0,0.0,0.0,1.0
0,167,48,89.51300247708207,470.5823834413082,1.0,0.0,0.0,1.0
0,167,49,89.12906198074484,470.2620871795874,1.0,0.0,0.0,1.0
0,167,50,88.7451214844076,469.94179091786657,1.0,0.0,0.0,1.0
0,167,51,88.36118098807036,469.6214946561458,1.0,0.0,0.0,1.0
0,167,52,87.97724049173313,469.301198394425,1.0,0.0,0.0,1.0
0,167,53,87.59329999539588,468.9809021327042,1.0,0.0,0.0,1.0
0,167,54,87.20935949905865,468.66060587098343,1.0,0.0,0.0,1.0
0,167,55,86.8254190027214,468.34030960926265,1.0,0.0,0.0,1.0
0,167,56,86.96439002388927,468.45624397667694,1.0,0.0,0.0,1.0
0,167,57,87.34833052022651,468.77654023839773,1.0,0.0,0.0,1.0
0,167,58,87.73227101656374,469.0968365001185,1.0,0.0,0.0,1.0
0,167,59,88.11621151290099,469.4171327618393,1.0,0.0,0.0,1.0
0,167,60,88.50015200923822,469.7374290235601,1.0,0.0,0.0,1.0
0,167,61,88.88409250557547,470.05772528528087,1.0,0.0,0.0,1.0
0,167,62,89.2680330019127,470.37802154700165,1.0,0.0,0.0,1.0
0,167,63,89.65197349824994,470.6983178087225,1.0,0.0,0.0,1.0
0,167,64,90.03591399458718,471.0186140704433,1.0,0.0,0.0,1.0
0,167,65,90.41985449092442,471.33891033216406,1.0,0.0,0.0,1.0
0,167,66,90.80379498726165,471.65920659388485,1.0,0.0,0.0,1.0
0,167,67,91.1877354835989,471.97950285560563,1.0,0.0,0.0,1.0
0,167,68,91.57167597993613,472.2997991173264,1.0,0.0,0.0,1.0
0,167,69,91.95561647627338,472.62009537904726,1.0,0.0,0.0,1.0
0,167,70,92.33955697261061,472.94039164076804,1.0,0.0,0.0,1.0
0,167,71,92.72349746894785,473.2606879024888,1.0,0.0,0.0,1.0
0,167,72,93.10743796528509,473.5809841642096,1.0,0.0,0.0,1.0
0,167,73,93.49137846162233,473.9012804259304,1.0,0.0,0.0,1.0
0,167,74,93.87531895795956,474.2215766876512,1.0,0.0,0.0,1.0
0,167,75,94.2592594542968,474.54187294937196,1.0,0.0,0.0,1.0
0,167,76,94.64319995063404,474.8621692110928,1.0,0.0,0.0,1.0
0,167,77,95.02714044697129,475.1824654728136,1.0,0.0,0.0,1.0
0,167,78,95.41108094330852,475.5027617345344,1.0,0.0,0.0,1.0
0,167,79,95.79502143964575,475.82305799625516,1.0,0.0,0.0,1.0
0,167,80,96.178961935983,476.14335425797594,1.0,0.0,0.0,1.0
0,167,81,96.56290243232023,476.4636505196967,1.0,0.0,0.0,1.0
0,167,82,96.94684292865747,476.7839467814175,1.0,0.0,0.0,1.0
0,167,83,97.3307834249947,477.10424304313835,1.0,0.0,0.0,1.0
0,167,84,97.71472392133195,477.42453930485914,1.0,0.0,0.0,1.0
0,167,85,98.09866441766918,477.7448355665799,1.0,0.0,0.0,1.0
0,167,86,98.48260491400643,478.0651318283007,1.0,0.0,0.0,1.0
0,167,87,98.86654541034366,478.3854280900215,1.0,0.0,0.0,1.0
0,167,88,99.25048590668091,478.7057243517423,1.0,0.0,0.0,1.0
0,167,89,99.63442640301814,479.0260206134631,1.0,0.0,0.0,1.0
0,167,90,100.01836689935539,479.3463168751839,1.0,0.0,0.0,1.0
0,167,91,100.40230739569262,479.6666131369047,1.0,0.0,0.0,1.0
0,167,92,100.78624789202986,479.98690939862547,1.0,0.0,0.0,1.0
0,167,93,101.1701883883671,480.30720566034626,1.0,0.0,0.0,1.0
0,167,94,101.55412888470434,480.62750192206704,1.0,0.0,0.0,1.0
0,167,95,101.93806938104157,480.9477981837878,1.0,0.0,0.0,1.0
0,167,96,102.32200987737882,481.26809444550867,1.0,0.0,0.0,1.0
0,167,97,102.70595037371605,481.58839070722945,1.0,0.0,0.0,1.0
0,167,98,103.0898908700533,481.90868696895024,1.0,0.0,0.0,1.0
0,167,99,103.47383136639053,482.228983230671,1.0,0.0,0.0,1.0
0,167,100,103.85777186272777,482.5492794923918,1.0,0.0,0.0,1.0
0,167,101,104.241712359065,482.8695757541126,1.0,0.0,0.0,1.0
0,167,102,104.62565285540225,483.18987201583343,1.0,0.0,0.0,1.0
0,167,103,105.00959335173948,483.5101682775542,1.0,0.0,0.0,1.0
0,167,104,105.39353384807673,483.830464539275,1.0,0.0,0.0,1.0
0,167,105,105.77747434441396,484.1507608009958,1.0,0.0,0.0,1.0
0,167,106,106.1614148407512,484.47105706271657,1.0,0.0,0.0,1.0
0,167,107,106.54535533708844,484.79135332443735,1.0,0.0,0.0,1.0
0,167,108,106.92929583342567,485.11164958615814,1.0,0.0,0.0,1.0
0,167,109,107.31323632976292,485.431945847879,1.0,0.0,0.0,1.0
0,167,110,107.69717682610016,485.75224210959976,1.0,0.0,0.0,1.0
0,168,0,108.05746459960938,486.0342102050781,1.0,0.0,0.0,1.0
0,169,0,131.00595092773438,501.4749755859375,1.0,0.0,0.0,1.0
0,169,1,130.59111241778396,501.1958537296415,1.0,0.0,0.0,1.0
0,169,2,130.17627390783355,500.9167318733455,1.0,0.0,0.0,1.0
0,169,3,129.76143539788313,500.6376100170495,1.0,0.0,0.0,1.0
0,169,4,129.34659688793275,500.3584881607535,1.0,0.0,0.0,1.0
0,169,5,128.93175837798233,500.0793663044575,1.0,0.0,0.0,1.0
0,169,6,128.51691986803192,499.8002444481615,1.0,0.0,0.0,1.0
0,169,7,128.1020813580815,499.5211225918655,1.0,0.0,0.0,1.0
0,169,8,127.68724284813109,499.2420007355695,1.0,0.0,0.0,1.0
0,169,9,127.27240433818069,498.96287887927355,1.0,0.0,0.0,1.0
0,169,10,126.85756582823028,498.68375702297755,1.0,0.0,0.0,1.0
0,169,11,126.44272731827986,498.40463516668154,1.0,0.0,0.0,1.0
0,169,12,126.02788880832945,498.12551331038554,1.0,0.0,0.0,1.0
0,169,13,125.61305029837905,497.84639145408954,1.0,0.0,0.0,1.0
0,169,14,125.19821178842864,497.56726959779354,1.0,0.0,0.0,1.0
0,169,15,124.78337327847822,497.28814774149754,1.0,0.0,0.0,1.0
0,169,16,124.36853476852781,497.00902588520154,1.0,0.0,0.0,1.0
0,169,17,123.95369625857741,496.72990402890554,1.0,0.0,0.0,1.0
0,169,18,123.538857748627,496.45078217260954,1.0,0.0,0.0,1.0
0,169,19,123.12401923867658,496.17166031631353,1.0,0.0,0.0,1.0
0,169,20,122.70918072872618,495.89253846001753,1.0,0.0,0.0,1.0
0,169,21,122.29434221877577,495.61341660372153,1.0,0.0,0.0,1.0
0,169,22,121.87950370882535,495.33429474742553,1.0,0.0,0.0,1.0
0,169,23,121.46466519887494,495.05517289112953,1.0,0.0,0.0,1.0
0,169,24,121.04982668892454,494.77605103483353,1.0,0.0,0.0,1.0
0,169,25,120.63498817897413,494.4969291785375,1.0,0.0,0.0,1.0
0,169,26,120.22014966902371,494.2178073222416,1.0,0.0,0.0,1.0
0,169,27,119.80531115907331,493.9386854659456,1.0,0.0,0.0,1.0
0,169,28,119.3904726491229,493.6595636096496,1.0,0.0,0.0,1.0
0,169,29,118.97563413917248,493.3804417533536,1.0,0.0,0.0,1.0
0,169,30,118.56079562922208,493.1013198970576,1.0,0.0,0.0,1.0
0,169,31,118.14595711927167,492.8221980407616,1.0,0.0,0.0,1.0
0,169,32,117.73111860932126,492.5430761844656,1.0,0.0,0.0,1.0
0,169,33,117.31628009937084,492.2639543281696,1.0,0.0,0.0,1.0
0,169,34,116.90144158942044,491.9848324718736,1.0,0.0,0.0,1.0
0,169,35,116.48660307947003,491.7057106155776,1.0,0.0,0.0,1.0
0,169,36,116.07176456951962,491.4265887592816,1.0,0.0,0.0,1.0
0,169,37,115.6569260595692,491.14746690298557,1.0,0.0,0.0,1.0
0,169,38,115.2420875496188,490.86834504668957,1.0,0.0,0.0,1.0
0,169,39,114.82724903966839,490.58922319039357,1.0,0.0,0.0,1.0
0,169,40,114.41241052971797,490.31010133409757,1.0,0.0,0.0,1.0
0,169,41,113.99757201976757,490.03097947780157,1.0,0.0,0.0,1.0
0,169,42,113.58273350981716,489.75185762150556,1.0,0.0,0.0,1.0
0,169,43,113.16789499986675,489.4727357652096,1.0,0.0,0.0,1.0
0,169,44,112.75305648991633,489.1936139089136,1.0,0.0,0.0,1.0
0,169,45,112.33821797996593,488.9144920526176,1.0,0.0,0.0,1.0
0,169,46,111.92337947001552,488.6353701963216,1.0,0.0,0.0,1.0
0,169,47,111.5085409600651,488.3562483400256,1.0,0.0,0.0,1.0
0,169,48,111.0937024501147,488.0771264837296,1.0,0.0,0.0,1.0
0,169,49,110.67886394016429,487.7980046274336,1.0,0.0,0.0,1.0
0,169,50,110.26402543021388,487.5188827711376,1.0,0.0,0.0,1.0
0,169,51,109.84918692026346,487.2397609148416,1.0,0.0,0.0,1.0
0,169,52,109.43434841031306,486.9606390585456,1.0,0.0,0.0,1.0
0,169,53,109.01950990036265,486.6815172022496,1.0,0.0,0.0,1.0
0,169,54,108.60467139041224,486.4023953459536,1.0,0.0,0.0,1.0
0,169,55,108.18983288046184,486.1232734896576,1.0,0.0,0.0,1.0
0,169,56,108.33993482870733,486.22426877679464,1.0,0.0,0.0,1.0
0,169,57,108.75477333865774,486.50339063309065,1.0,0.0,0.0,1.0
0,169,58,109.16961184860816,486.78251248938665,1.0,0.0,0.0,1.0
0,169,59,109.58445035855856,487.06163434568265,1.0,0.0,0.0,1.0
0,169,60,109.99928886850897,487.3407562019786,1.0,0.0,0.0,1.0
0,169,61,110.41412737845938,487.6198780582746,1.0,0.0,0.0,1.0
0,169,62,110.82896588840978,487.8989999145706,1.0,0.0,0.0,1.0
0,169,63,111.2438043983602,488.1781217708666,1.0,0.0,0.0,1.0
0,169,64,111.65864290831061,488.4572436271626,1.0,0.0,0.0,1.0
0,169,65,112.07348141826103,488.7363654834586,1.0,0.0,0.0,1.0
0,169,66,112.48831992821142,489.0154873397546,1.0,0.0,0.0,1.0
0,169,67,112.90315843816184,489.2946091960506,1.0,0.0,0.0,1.0
0,169,68,113.31799694811225,489.5737310523466,1.0,0.0,0.0,1.0
0,169,69,113.73283545806265,489.8528529086426,1.0,0.0,0.0,1.0
0,169,70,114.14767396801307,490.1319747649386,1.0,0.0,0.0,1.0
0,169,71,114.56251247796348,490.4110966212346,1.0,0.0,0.0,1.0
0,169,72,114.9773509879139,490.6902184775306,1.0,0.0,0.0,1.0
0,169,73,115.3921894978643,490.9693403338266,1.0,0.0,0.0,1.0
0,169,74,115.80702800781471,491.2484621901226,1.0,0.0,0.0,1.0
0,169,75,116.22186651776512,491.5275840464186,1.0,0.0,0.0,1.0
0,169,76,116.63670502771552,491.8067059027146,1.0,0.0,0.0,1.0
0,169,77,117.05154353766594,492.08582775901056,1.0,0.0,0.0,1.0
0,169,78,117.46638204761635,492.36494961530656,1.0,0.0,0.0,1.0
0,169,79,117.88122055756676,492.64407147160256,1.0,0.0,0.0,1.0
0,169,80,118.29605906751716,492.92319332789856,1.0,0.0,0.0,1.0
0,169,81,118.71089757746758,493.20231518419456,1.0,0.0,0.0,1.0
0,169,82,119.12573608741799,493.48143704049056,1.0,0.0,0.0,1.0
0,169,83,119.54057459736839,493.76055889678656,1.0,0.0,0.0,1.0
0,169,84,119.9554131073188,494.03968075308256,1.0,0.0,0.0,1.0
0,169,85,120.37025161726922,494.31880260937857,1.0,0.0,0.0,1.0
0,169,86,120.78509012721963,494.59792446567457,1.0,0.0,0.0,1.0
0,169,87,121.19992863717003,494.87704632197057,1.0,0.0,0.0,1.0
0,169,88,121.61476714712045,495.15616817826657,1.0,0.0,0.0,1.0
0,169,89,122.02960565707086,495.43529003456257,1.0,0.0,0.0,1.0
0,169,90,122.44444416702126,495.71441189085857,1.0,0.0,0.0,1.0
0,169,91,122.85928267697167,495.9935337471546,1.0,0.0,0.0,1.0
0,169,92,123.27412118692209,496.2726556034506,1.0,0.0,0.0,1.0
0,169,93,123.6889596968725,496.5517774597465,1.0,0.0,0.0,1.0
0,169,94,124.1037982068229,496.8308993160425,1.0,0.0,0.0,1.0
0,169,95,124.51863671677332,497.1100211723385,1.0,0.0,0.0,1.0
0,169,96,124.93347522672373,497.3891430286345,1.0,0.0,0.0,1.0
0,169,97,125.34831373667413,497.6682648849305,1.0,0.0,0.0,1.0
0,169,98,125.76315224662454,497.9473867412265,1.0,0.0,0.0,1.0
0,169,99,126.17799075657496,498.2265085975225,1.0,0.0,0.0,1.0
0,169,100,126.59282926652537,498.5056304538185,1.0,0.0,0.0,1.0
0,169,101,127.00766777647577,498.7847523101145,1.0,0.0,0.0,1.0
0,169,102,127.42250628642618,499.0638741664105,1.0,0.0,0.0,1.0
0,169,103,127.8373447963766,499.34299602270653,1.0,0.0,0.0,1.0
0,169,104,128.252183306327,499.62211787900253,1.0,0.0,0.0,1.0
0,169,105,128.6670218162774,499.90123973529853,1.0,0.0,0.0,1.0
0,169,106,129.08186032622783,500.18036159159453,1.0,0.0,0.0,1.0
0,169,107,129.49669883617824,500.45948344789053,1.0,0.0,0.0,1.0
0,169,108,129.91153734612865,500.73860530418654,1.0,0.0,0.0,1.0
0,169,109,130.32637585607907,501.01772716048254,1.0,0.0,0.0,1.0
0,169,110,130.74121436602945,501.29684901677854,1.0,0.0,0.0,1.0
0,170,0,131.12863159179688,501.5403137207031,1.0,0.0,0.0,1.0
0,171,0,155.54312133789062,514.5396118164062,1.0,0.0,0.0,1.0
0,171,1,155.10178161970134,514.3046240440677,1.0,0.0,0.0,1.0
0,171,2,154.6604419015121,514.0696362717292,1.0,0.0,0.0,1.0
0,171,3,154.2191021833228,513.8346484993907,1.0,0.0,0.0,1.0
0,171,4,153.77776246513355,513.5996607270522,1.0,0.0,0.0,1.0
0,171,5,153.33642274694427,513.3646729547137,1.0,0.0,0.0,1.0
0,171,6,152.895083028755,513.1296851823752,1.0,0.0,0.0,1.0
0,171,7,152.45374331056573,512.8946974100367,1.0,0.0,0.0,1.0
0,171,8,152.01240359237647,512.6597096376981,1.0,0.0,0.0,1.0
0,171,9,151.5710638741872,512.4247218653596,1.0,0.0,0.0,1.0
0,171,10,151.1297241559979,512.1897340930211,1.0,0.0,0.0,1.0
0,171,11,150.68838443780865,511.95474632068266,1.0,0.0,0.0,1.0
0,171,12,150.24704471961937,511.71975854834415,1.0,0.0,0.0,1.0
0,171,13,149.8057050014301,511.48477077600563,1.0,0.0,0.0,1.0
0,171,14,149.36436528324083,511.2497830036671,1.0,0.0,0.0,1.0
0,171,15,148.92302556505157,511.0147952313286,1.0,0.0,0.0,1.0
0,171,16,148.4816858468623,510.7798074589901,1.0,0.0,0.0,1.0
0,171,17,148.040346128673,510.5448196866516,1.0,0.0,0.0,1.0
0,171,18,147.59900641048375,510.30983191431307,1.0,0.0,0.0,1.0
0,171,19,147.15766669229447,510.07484414197455,1.0,0.0,0.0,1.0
0,171,20,146.71632697410521,509.8398563696361,1.0,0.0,0.0,1.0
0,171,21,146.27498725591593,509.6048685972976,1.0,0.0,0.0,1.0
0,171,22,145.83364753772668,509.36988082495907,1.0,0.0,0.0,1.0
0,171,23,145.3923078195374,509.13489305262055,1.0,0.0,0.0,1.0
0,171,24,144.9509681013481,508.89990528028204,1.0,0.0,0.0,1.0
0,171,25,144.50962838315886,508.6649175079435,1.0,0.0,0.0,1.0
0,171,26,144.06828866496957,508.429929735605,1.0,0.0,0.0,1.0
0,171,27,143.62694894678032,508.1949419632665,1.0,0.0,0.0,1.0
0,171,28,143.18560922859103,507.959954190928,1.0,0.0,0.0,1.0
0,171,29,142.74426951040178,507.7249664185895,1.0,0.0,0.0,1.0
0,171,30,142.3029297922125,507.48997864625096,1.0,0.0,0.0,1.0
0,171,31,141.86159007402324,507.25499087391245,1.0,0.0,0.0,1.0
0,171,32,141.42025035583396,507.02000310157393,1.0,0.0,0.0,1.0
0,171,33,140.97891063764467,506.7850153292355,1.0,0.0,0.0,1.0
0,171,34,140.53757091945542,506.55002755689696,1.0,0.0,0.0,1.0
0,171,35,140.09623120126614,506.31503978455845,1.0,0.0,0.0,1.0
0,171,36,139.65489148307688,506.08005201221994,1.0,0.0,0.0,1.0
0,171,37,139.2135517648876,505.8450642398814,1.0,0.0,0.0,1.0
0,171,38,138.77221204669834,505.6100764675429,1.0,0.0,0.0,1.0
0,171,39,138.33087232850906,505.3750886952044,1.0,0.0,0.0,1.0
0,171,40,137.8895326103198,505.1401009228659,1.0,0.0,0.0,1.0
0,171,41,137.44819289213052,504.90511315052737,1.0,0.0,0.0,1.0
0,171,42,137.00685317394124,504.67012537818886,1.0,0.0,0.0,1.0
0,171,43,136.56551345575198,504.43513760585034,1.0,0.0,0.0,1.0
0,171,44,136.1241737375627,504.20014983351183,1.0,0.0,0.0,1.0
0,171,45,135.68283401937344,503.9651620611733,1.0,0.0,0.0,1.0
0,171,46,135.24149430118416,503.73017428883486,1.0,0.0,0.0,1.0
0,171,47,134.80015458299488,503.49518651649635,1.0,0.0,0.0,1.0
0,171,48,134.35881486480562,503.26019874415783,1.0,0.0,0.0,1.0
0,171,49,133.91747514661634,503.0252109718193,1.0,0.0,0.0,1.0
0,171,50,133.47613542842709,502.7902231994808,1.0,0.0,0.0,1.0
0,171,51,133.0347957102378,502.5552354271423,1.0,0.0,0.0,1.0
0,171,52,132.59345599204855,502.3202476548038,1.0,0.0,0.0,1.0
0,171,53,132.15211627385926,502.08525988246527,1.0,0.0,0.0,1.0
0,171,54,131.71077655567,501.85027211012675,1.0,0.0,0.0,1.0
0,171,55,131.26943683748073,501.61528433778824,1.0,0.0,0.0,1.0
0,171,56,131.42916606430228,501.7003308759565,1.0,0.0,0.0,1.0
0,171,57,131.87050578249156,501.93531864829504,1.0,0.0,0.0,1.0
0,171,58,132.31184550068085,502.17030642063355,1.0,0.0,0.0,1.0
0,171,59,132.7531852188701,502.405294192972,1.0,0.0,0.0,1.0
0,171,60,133.19452493705938,502.6402819653105,1.0,0.0,0.0,1.0
0,171,61,133.63586465524864,502.87526973764903,1.0,0.0,0.0,1.0
0,171,62,134.07720437343792,503.11025750998755,1.0,0.0,0.0,1.0
0,171,63,134.51854409162718,503.34524528232606,1.0,0.0,0.0,1.0
0,171,64,134.95988380981646,503.5802330546646,1.0,0.0,0.0,1.0
0,171,65,135.40122352800574,503.8152208270031,1.0,0.0,0.0,1.0
0,171,66,135.842563246195,504.0502085993416,1.0,0.0,0.0,1.0
0,171,67,136.28390296438428,504.2851963716801,1.0,0.0,0.0,1.0
0,171,68,136.72524268257354,504.52018414401863,1.0,0.0,0.0,1.0
0,171,69,137.16658240076282,504.75517191635714,1.0,0.0,0.0,1.0
0,171,70,137.60792211895208,504.99015968869566,1.0,0.0,0.0,1.0
0,171,71,138.04926183714136,505.22514746103417,1.0,0.0,0.0,1.0
0,171,72,138.4906015553306,505.4601352333726,1.0,0.0,0.0,1.0
0,171,73,138.9319412735199,505.69512300571114,1.0,0.0,0.0,1.0
0,171,74,139.37328099170918,505.93011077804965,1.0,0.0,0.0,1.0
0,171,75,139.81462070989843,506.16509855038817,1.0,0.0,0.0,1.0
0,171,76,140.25596042808772,506.4000863227267,1.0,0.0,0.0,1.0
0,171,77,140.69730014627697,506.6350740950652,1.0,0.0,0.0,1.0
0,171,78,141.13863986446626,506.8700618674037,1.0,0.0,0.0,1.0
0,171,79,141.5799795826555,507.1050496397422,1.0,0.0,0.0,1.0
0,171,80,142.0213193008448,507.34003741208073,1.0,0.0,0.0,1.0
0,171,81,142.46265901903405,507.57502518441925,1.0,0.0,0.0,1.0
0,171,82,142.90399873722333,507.81001295675776,1.0,0.0,0.0,1.0
0,171,83,143.34533845541262,508.0450007290963,1.0,0.0,0.0,1.0
0,171,84,143.78667817360187,508.2799885014348,1.0,0.0,0.0,1.0
0,171,85,144.22801789179115,508.5149762737733,1.0,0.0,0.0,1.0
0,171,86,144.6693576099804,508.74996404611176,1.0,0.0,0.0,1.0
0,171,87,145.1106973281697,508.98495181845027,1.0,0.0,0.0,1.0
0,171,88,145.55203704635895,509.2199395907888,1.0,0.0,0.0,1.0
0,171,89,145.99337676454823,509.4549273631273,1.0,0.0,0.0,1.0
0,171,90,146.4347164827375,509.6899151354658,1.0,0.0,0.0,1.0
0,171,91,146.87605620092677,509.9249029078043,1.0,0.0,0.0,1.0
0,171,92,147.31739591911605,510.15989068014284,1.0,0.0,0.0,1.0
0,171,93,147.7587356373053,510.39487845248135,1.0,0.0,0.0,1.0
0,171,94,148.2000753554946,510.62986622481986,1.0,0.0,0.0,1.0
0,171,95,148.64141507368385,510.8648539971584,1.0,0.0,0.0,1.0
0,171,96,149.08275479187313,511.0998417694969,1.0,0.0,0.0,1.0
0,171,97,149.5240945100624,511.3348295418354,1.0,0.0,0.0,1.0
0,171,98,149.96543422825167,511.5698173141739,1.0,0.0,0.0,1.0
0,171,99,150.40677394644095,511.8048050865124,1.0,0.0,0.0,1.0
0,171,100,150.8481136646302,512.0397928588509,1.0,0.0,0.0,1.0
0,171,101,151.2894533828195,512.2747806311894,1.0,0.0,0.0,1.0
0,171,102,151.73079310100874,512.5097684035279,1.0,0.0,0.0,1.0
0,171,103,152.17213281919803,512.7447561758664,1.0,0.0,0.0,1.0
0,171,104,152.61347253738728,512.9797439482049,1.0,0.0,0.0,1.0
0,171,105,153.05481225557656,513.2147317205435,1.0,0.0,0.0,1.0
0,171,106,153.49615197376585,513.449719492882,1.0,0.0,0.0,1.0
0,171,107,153.9374916919551,513.6847072652205,1.0,0.0,0.0,1.0
0,171,108,154.3788314101444,513.919695037559,1.0,0.0,0.0,1.0
0,171,109,154.82017112833364,514.1546828098975,1.0,0.0,0.0,1.0
0,171,110,155.26151084652292,514.389670582236,1.0,0.0,0.0,1.0
0,172,0,155.671875,514.5919799804688,1.0,0.0,0.0,1.0
0,173,0,181.29356384277344,525.0120849609375,1.0,0.0,0.0,1.0
0,173,1,180.83040177778463,524.8237212129516,1.0,0.0,0.0,1.0
0,173,2,180.36723971279582,524.6353574649656,1.0,0.0,0.0,1.0
0,173,3,179.90407764780701,524.4469937169797,1.0,0.0,0.0,1.0
0,173,4,179.4409155828182,524.2586299689938,1.0,0.0,0.0,1.0
0,173,5,178.97775351782943,524.0702662210078,1.0,0.0,0.0,1.0
0,173,6,178.51459145284062,523.8819024730219,1.0,0.0,0.0,1.0
0,173,7,178.0514293878518,523.693538725036,1.0,0.0,0.0,1.0
0,173,8,177.588267322863,523.50517497705,1.0,0.0,0.0,1.0
0,173,9,177.1251052578742,523.3168112290641,1.0,0.0,0.0,1.0
0,173,10,176.6619431928854,523.1284474810782,1.0,0.0,0.0,1.0
0,173,11,176.19878112789658,522.9400837330923,1.0,0.0,0.0,1.0
0,173,12,175.73561906290777,522.7517199851063,1.0,0.0,0.0,1.0
0,173,13,175.27245699791897,522.5633562371204,1.0,0.0,0.0,1.0
0,173,14,174.80929493293016,522.3749924891345,1.0,0.0,0.0,1.0
0,173,15,174.34613286794138,522.1866287411486,1.0,0.0,0.0,1.0
0,173,16,173.88297080295257,521.9982649931627,1.0,0.0,0.0,1.0
0,173,17,173.41980873796376,521.8099012451768,1.0,0.0,0.0,1.0
0,173,18,172.95664667297495,521.6215374971908,1.0,0.0,0.0,1.0
0,173,19,172.49348460798615,521.4331737492049,1.0,0.0,0.0,1.0
0,173,20,172.03032254299734,521.244810001219,1.0,0.0,0.0,1.0
0,173,21,171.56716047800853,521.056446253233,1.0,0.0,0.0,1.0
0,173,22,171.10399841301972,520.8680825052471,1.0,0.0,0.0,1.0
0,173,23,170.64083634803092,520.6797187572612,1.0,0.0,0.0,1.0
0,173,24,170.1776742830421,520.4913550092753,1.0,0.0,0.0,1.0
0,173,25,169.71451221805333,520.3029912612893,1.0,0.0,0.0,1.0
0,173,26,169.25135015306452,520.1146275133034,1.0,0.0,0.0,1.0
0,173,27,168.7881880880757,519.9262637653175,1.0,0.0,0.0,1.0
0,173,28,168.3250260230869,519.7379000173315,1.0,0.0,0.0,1.0
0,173,29,167.8618639580981,519.5495362693456,1.0,0.0,0.0,1.0
0,173,30,167.3987018931093,519.3611725213597,1.0,0.0,0.0,1.0
0,173,31,166.93553982812048,519.1728087733737,1.0,0.0,0.0,1.0
0,173,32,166.47237776313168,518.9844450253878,1.0,0.0,0.0,1.0
0,173,33,166.00921569814287,518.7960812774019,1.0,0.0,0.0,1.0
0,173,34,165.5460536331541,518.6077175294159,1.0,0.0,0.0,1.0
0,173,35,165.08289156816528,518.41935378143,1.0,0.0,0.0,1.0
0,173,36,164.61972950317647,518.2309900334441,1.0,0.0,0.0,1.0
0,173,37,164.15656743818766,518.0426262854581,1.0,0.0,0.0,1.0
0,173,38,163.69340537319886,517.8542625374722,1.0,0.0,0.0,1.0
0,173,39,163.23024330821005,517.6658987894863,1.0,0.0,0.0,1.0
0,173,40,162.76708124322124,517.4775350415003,1.0,0.0,0.0,1.0
0,173,41,162.30391917823243,517.2891712935144,1.0,0.0,0.0,1.0
0,173,42,161.84075711324363,517.1008075455285,1.0,0.0,0.0,1.0
0,173,43,161.37759504825482,516.9124437975426,1.0,0.0,0.0,1.0
0,173,44,160.914432983266,516.7240800495566,1.0,0.0,0.0,1.0
0,173,45,160.45127091827723,516.5357163015708,1.0,0.0,0.0,1.0
0,173,46,159.98810885328842,516.3473525535849,1.0,0.0,0.0,1.0
0,173,47,159.52494678829962,516.1589888055989,1.0,0.0,0.0,1.0
0,173,48,159.0617847233108,515.970625057613,1.0,0.0,0.0,1.0
0,173,49,158.598622658322,515.7822613096271,1.0,0.0,0.0,1.0
0,173,50,158.1354605933332,515.5938975616411,1.0,0.0,0.0,1.0
0,173,51,157.67229852834438,515.4055338136552,1.0,0.0,0.0,1.0
0,173,52,157.20913646335558,515.2171700656693,1.0,0.0,0.0,1.0
0,173,53,156.74597439836677,515.0288063176833,1.0,0.0,0.0,1.0
0,173,54,156.282812333378,514.8404425696974,1.0,0.0,0.0,1.0
0,173,55,155.81965026838918,514.6520788217115,1.0,0.0,0.0,1.0
0,173,56,155.98726179659963,514.720244887212,1.0,0.0,0.0,1.0
0,173,57,156.45042386158843,514.9086086351979,1.0,0.0,0.0,1.0
0,173,58,156.91358592657724,515.0969723831838,1.0,0.0,0.0,1.0
0,173,59,157.37674799156605,515.2853361311697,1.0,0.0,0.0,1.0
0,173,60,157.83991005655486,515.4736998791557,1.0,0.0,0.0,1.0
0,173,61,158.30307212154366,515.6620636271416,1.0,0.0,0.0,1.0
0,173,62,158.76623418653247,515.8504273751275,1.0,0.0,0.0,1.0
0,173,63,159.22939625152128,516.0387911231135,1.0,0.0,0.0,1.0
0,173,64,159.69255831651006,516.2271548710994,1.0,0.0,0.0,1.0
0,173,65,160.15572038149887,516.4155186190853,1.0,0.0,0.0,1.0
0,173,66,160.61888244648767,516.6038823670713,1.0,0.0,0.0,1.0
0,173,67,161.08204451147648,516.7922461150572,1.0,0.0,0.0,1.0
0,173,68,161.5452065764653,516.9806098630431,1.0,0.0,0.0,1.0
0,173,69,162.0083686414541,517.1689736110291,1.0,0.0,0.0,1.0
0,173,70,162.4715307064429,517.357337359015,1.0,0.0,0.0,1.0
0,173,71,162.9346927714317,517.5457011070009,1.0,0.0,0.0,1.0
0,173,72,163.39785483642052,517.7340648549869,1.0,0.0,0.0,1.0
0,173,73,163.8610169014093,517.9224286029728,1.0,0.0,0.0,1.0
0,173,74,164.3241789663981,518.1107923509587,1.0,0.0,0.0,1.0
0,173,75,164.78734103138692,518.2991560989445,1.0,0.0,0.0,1.0
0,173,76,165.25050309637572,518.4875198469305,1.0,0.0,0.0,1.0
0,173,77,165.71366516136453,518.6758835949164,1.0,0.0,0.0,1.0
0,173,78,166.17682722635334,518.8642473429023,1.0,0.0,0.0,1.0
0,173,79,166.63998929134215,519.0526110908883,1.0,0.0,0.0,1.0
0,173,80,167.10315135633095,519.2409748388742,1.0,0.0,0.0,1.0
0,173,81,167.56631342131976,519.4293385868601,1.0,0.0,0.0,1.0
0,173,82,168.02947548630857,519.6177023348461,1.0,0.0,0.0,1.0
0,173,83,168.49263755129735,519.806066082832,1.0,0.0,0.0,1.0
0,173,84,168.95579961628616,519.9944298308179,1.0,0.0,0.0,1.0
0,173,85,169.41896168127496,520.1827935788039,1.0,0.0,0.0,1.0
0,173,86,169.88212374626377,520.3711573267898,1.0,0.0,0.0,1.0
0,173,87,170.34528581125258,520.5595210747757,1.0,0.0,0.0,1.0
0,173,88,170.8084478762414,520.7478848227616,1.0,0.0,0.0,1.0
0,173,89,171.2716099412302,520.9362485707476,1.0,0.0,0.0,1.0
0,173,90,171.734772006219,521.1246123187335,1.0,0.0,0.0,1.0
0,173,91,172.1979340712078,521.3129760667194,1.0,0.0,0.0,1.0
0,173,92,172.66109613619662,521.5013398147054,1.0,0.0,0.0,1.0
0,173,93,173.1242582011854,521.6897035626913,1.0,0.0,0.0,1.0
0,173,94,173.5874202661742,521.8780673106772,1.0,0.0,0.0,1.0
0,173,95,174.050582331163,522.0664310586632,1.0,0.0,0.0,1.0
0,173,96,174.51374439615182,522.2547948066491,1.0,0.0,0.0,1.0
0,173,97,174.97690646114063,522.443158554635,1.0,0.0,0.0,1.0
0,173,98,175.44006852612944,522.631522302621,1.0,0.0,0.0,1.0
0,173,99,175.90323059111824,522.8198860506069,1.0,0.0,0.0,1.0
0,173,100,176.36639265610705,523.0082497985928,1.0,0.0,0.0,1.0
0,173,101,176.82955472109586,523.1966135465788,1.0,0.0,0.0,1.0
0,173,102,177.29271678608467,523.3849772945647,1.0,0.0,0.0,1.0
0,173,103,177.75587885107345,523.5733410425506,1.0,0.0,0.0,1.0
0,173,104,178.21904091606226,523.7617047905366,1.0,0.0,0.0,1.0
0,173,105,178.68220298105106,523.9500685385224,1.0,0.0,0.0,1.0
0,173,106,179.14536504603987,524.1384322865083,1.0,0.0,0.0,1.0
0,173,107,179.60852711102868,524.3267960344942,1.0,0.0,0.0,1.0
0,173,108,180.0716891760175,524.5151597824802,1.0,0.0,0.0,1.0
0,173,109,180.5348512410063,524.7035235304661,1.0,0.0,0.0,1.0
0,173,110,180.9980133059951,524.891887278452,1.0,0.0,0.0,1.0
0,174,0,181.42701721191406,525.0509033203125,1.0,0.0,0.0,1.0
0,175,0,207.98431396484375,532.7813720703125,1.0,0.0,0.0,1.0
0,175,1,207.5042391576023,532.6416288076766,1.0,0.0,0.0,1.0
0,175,2,207.0241643503609,532.5018855450409,1.0,0.0,0.0,1.0
0,175,3,206.54408954311947,532.362142282405,1.0,0.0,0.0,1.0
0,175,4,206.06401473587803,532.2223990197692,1.0,0.0,0.0,1.0
0,175,5,205.5839399286366,532.0826557571334,1.0,0.0,0.0,1.0
0,175,6,205.1038651213952,531.9429124944976,1.0,0.0,0.0,1.0
0,175,7,204.62379031415375,531.8031692318617,1.0,0.0,0.0,1.0
0,175,8,204.14371550691232,531.663425969226,1.0,0.0,0.0,1.0
0,175,9,203.66364069967088,531.5236827065901,1.0,0.0,0.0,1.0
0,175,10,203.18356589242947,531.3839394439543,1.0,0.0,0.0,1.0
0,175,11,202.70349108518803,531.2441961813184,1.0,0.0,0.0,1.0
0,175,12,202.2234162779466,531.1044529186826,1.0,0.0,0.0,1.0
0,175,13,201.74334147070516,530.9647096560468,1.0,0.0,0.0,1.0
0,175,14,201.26326666346375,530.8249663934109,1.0,0.0,0.0,1.0
0,175,15,200.78319185622232,530.6852231307752,1.0,0.0,0.0,1.0
0,175,16,200.30311704898088,530.5454798681393,1.0,0.0,0.0,1.0
0,175,17,199.82304224173944,530.4057366055035,1.0,0.0,0.0,1.0
0,175,18,199.34296743449804,530.2659933428677,1.0,0.0,0.0,1.0
0,175,19,198.8628926272566,530.1262500802319,1.0,0.0,0.0,1.0
0,175,20,198.38281782001516,529.986506817596,1.0,0.0,0.0,1.0
0,175,21,197.90274301277373,529.8467635549603,1.0,0.0,0.0,1.0
0,175,22,197.42266820553232,529.7070202923244,1.0,0.0,0.0,1.0
0,175,23,196.94259339829088,529.5672770296886,1.0,0.0,0.0,1.0
0,175,24,196.46251859104945,529.4275337670528,1.0,0.0,0.0,1.0
0,175,25,195.982443783808,529.2877905044169,1.0,0.0,0.0,1.0
0,175,26,195.5023689765666,529.1480472417811,1.0,0.0,0.0,1.0
0,175,27,195.02229416932516,529.0083039791452,1.0,0.0,0.0,1.0
0,175,28,194.54221936208373,528.8685607165095,1.0,0.0,0.0,1.0
0,175,29,194.0621445548423,528.7288174538736,1.0,0.0,0.0,1.0
0,175,30,193.58206974760088,528.5890741912378,1.0,0.0,0.0,1.0
0,175,31,193.10199494035945,528.449330928602,1.0,0.0,0.0,1.0
0,175,32,192.621920133118,528.3095876659662,1.0,0.0,0.0,1.0
0,175,33,192.14184532587657,528.1698444033303,1.0,0.0,0.0,1.0
0,175,34,191.66177051863517,528.0301011406946,1.0,0.0,0.0,1.0
0,175,35,191.18169571139373,527.8903578780587,1.0,0.0,0.0,1.0
0,175,36,190.7016209041523,527.7506146154228,1.0,0.0,0.0,1.0
0,175,37,190.22154609691086,527.6108713527871,1.0,0.0,0.0,1.0
0,175,38,189.74147128966945,527.4711280901512,1.0,0.0,0.0,1.0
0,175,39,189.261396482428,527.3313848275154,1.0,0.0,0.0,1.0
0,175,40,188.78132167518658,527.1916415648795,1.0,0.0,0.0,1.0
0,175,41,188.30124686794517,527.0518983022438,1.0,0.0,0.0,1.0
0,175,42,187.82117206070373,526.9121550396079,1.0,0.0,0.0,1.0
0,175,43,187.3410972534623,526.7724117769721,1.0,0.0,0.0,1.0
0,175,44,186.86102244622086,526.6326685143363,1.0,0.0,0.0,1.0
0,175,45,186.38094763897942,526.4929252517005,1.0,0.0,0.0,1.0
0,175,46,185.900872831738,526.3531819890646,1.0,0.0,0.0,1.0
0,175,47,185.42079802449658,526.2134387264289,1.0,0.0,0.0,1.0
0,175,48,184.94072321725514,526.073695463793,1.0,0.0,0.0,1.0
0,175,49,184.46064841001373,525.9339522011571,1.0,0.0,0.0,1.0
0,175,50,183.9805736027723,525.7942089385214,1.0,0.0,0.0,1.0
0,175,51,183.50049879553086,525.6544656758855,1.0,0.0,0.0,1.0
0,175,52,183.02042398828942,525.5147224132497,1.0,0.0,0.0,1.0
0,175,53,182.540349181048,525.3749791506139,1.0,0.0,0.0,1.0
0,175,54,182.06027437380658,525.2352358879781,1.0,0.0,0.0,1.0
0,175,55,181.58019956656514,525.0954926253422,1.0,0.0,0.0,1.0
0,175,56,181.75390966450442,525.1460572779185,1.0,0.0,0.0,1.0
0,175,57,182.23398447174583,525.2858005405544,1.0,0.0,0.0,1.0
0,175,58,182.71405927898726,525.4255438031902,1.0,0.0,0.0,1.0
0,175,59,183.1941340862287,525.565287065826,1.0,0.0,0.0,1.0
0,175,60,183.67420889347014,525.7050303284619,1.0,0.0,0.0,1.0
0,175,61,184.15428370071155,525.8447735910977,1.0,0.0,0.0,1.0
0,175,62,184.63435850795298,525.9845168537336,1.0,0.0,0.0,1.0
0,175,63,185.11443331519442,526.1242601163693,1.0,0.0,0.0,1.0
0,175,64,185.59450812243585,526.2640033790052,1.0,0.0,0.0,1.0
0,175,65,186.07458292967726,526.403746641641,1.0,0.0,0.0,1.0
0,175,66,186.5546577369187,526.5434899042768,1.0,0.0,0.0,1.0
0,175,67,187.03473254416014,526.6832331669126,1.0,0.0,0.0,1.0
0,175,68,187.51480735140157,526.8229764295485,1.0,0.0,0.0,1.0
0,175,69,187.99488215864298,526.9627196921842,1.0,0.0,0.0,1.0
0,175,70,188.47495696588442,527.1024629548201,1.0,0.0,0.0,1.0
0,175,71,188.95503177312585,527.242206217456,1.0,0.0,0.0,1.0
0,175,72,189.4351065803673,527.3819494800917,1.0,0.0,0.0,1.0
0,175,73,189.9151813876087,527.5216927427276,1.0,0.0,0.0,1.0
0,175,74,190.39525619485013,527.6614360053634,1.0,0.0,0.0,1.0
0,175,75,190.87533100209157,527.8011792679993,1.0,0.0,0.0,1.0
0,175,76,191.355405809333,527.940922530635,1.0,0.0,0.0,1.0
0,175,77,191.83548061657442,528.0806657932709,1.0,0.0,0.0,1.0
0,175,78,192.31555542381585,528.2204090559067,1.0,0.0,0.0,1.0
0,175,79,192.7956302310573,528.3601523185425,1.0,0.0,0.0,1.0
0,175,80,193.27570503829872,528.4998955811783,1.0,0.0,0.0,1.0
0,175,81,193.75577984554013,528.6396388438142,1.0,0.0,0.0,1.0
0,175,82,194.23585465278157,528.7793821064499,1.0,0.0,0.0,1.0
0,175,83,194.715929460023,528.9191253690858,1.0,0.0,0.0,1.0
0,175,84,195.19600426726444,529.0588686317217,1.0,0.0,0.0,1.0
0,175,85,195.67607907450585,529.1986118943574,1.0,0.0,0.0,1.0
0,175,86,196.1561538817473,529.3383551569933,1.0,0.0,0.0,1.0
0,175,87,196.63622868898872,529.4780984196291,1.0,0.0,0.0,1.0
0,175,88,197.11630349623016,529.617841682265,1.0,0.0,0.0,1.0
0,175,89,197.59637830347157,529.7575849449007,1.0,0.0,0.0,1.0
0,175,90,198.076453110713,529.8973282075366,1.0,0.0,0.0,1.0
0,175,91,198.55652791795444,530.0370714701724,1.0,0.0,0.0,1.0
0,175,92,199.03660272519585,530.1768147328082,1.0,0.0,0.0,1.0
0,175,93,199.51667753243728,530.316557995444,1.0,0.0,0.0,1.0
0,175,94,199.99675233967872,530.4563012580799,1.0,0.0,0.0,1.0
0,175,95,200.47682714692016,530.5960445207157,1.0,0.0,0.0,1.0
0,175,96,200.9569019541616,530.7357877833515,1.0,0.0,0.0,1.0
0,175,97,201.436976761403,530.8755310459874,1.0,0.0,0.0,1.0
0,175,98,201.91705156864444,531.0152743086231,1.0,0.0,0.0,1.0
0,175,99,202.39712637588588,531.155017571259,1.0,0.0,0.0,1.0
0,175,100,202.87720118312728,531.2947608338948,1.0,0.0,0.0,1.0
0,175,101,203.35727599036872,531.4345040965306,1.0,0.0,0.0,1.0
0,175,102,203.83735079761016,531.5742473591664,1.0,0.0,0.0,1.0
0,175,103,204.3174256048516,531.7139906218023,1.0,0.0,0.0,1.0
0,175,104,204.79750041209303,531.853733884438,1.0,0.0,0.0,1.0
0,175,105,205.27757521933444,531.9934771470739,1.0,0.0,0.0,1.0
0,175,106,205.75765002657587,532.1332204097098,1.0,0.0,0.0,1.0
0,175,107,206.2377248338173,532.2729636723456,1.0,0.0,0.0,1.0
0,175,108,206.71779964105872,532.4127069349814,1.0,0.0,0.0,1.0
0,175,109,207.19787444830015,532.5524501976172,1.0,0.0,0.0,1.0
0,175,110,207.6779492555416,532.6921934602531,1.0,0.0,0.0,1.0
0,176,0,208.1210479736328,532.8062744140625,1.0,0.0,0.0,1.0
0,177,0,235.33245849609375,537.76513671875,1.0,0.0,0.0,1.0
0,177,1,234.8405596377904,537.6754956946603,1.0,0.0,0.0,1.0
0,177,2,234.34866077948703,537.5858546705706,1.0,0.0,0.0,1.0
0,177,3,233.85676192118368,537.4962136464808,1.0,0.0,0.0,1.0
0,177,4,233.36486306288032,537.4065726223911,1.0,0.0,0.0,1.0
0,177,5,232.87296420457696,537.3169315983014,1.0,0.0,0.0,1.0
0,177,6,232.3810653462736,537.2272905742117,1.0,0.0,0.0,1.0
0,177,7,231.88916648797024,537.137649550122,1.0,0.0,0.0,1.0
0,177,8,231.3972676296669,537.0480085260322,1.0,0.0,0.0,1.0
0,177,9,230.90536877136356,536.9583675019425,1.0,0.0,0.0,1.0
0,177,10,230.4134699130602,536.8687264778528,1.0,0.0,0.0,1.0
0,177,11,229.92157105475684,536.7790854537631,1.0,0.0,0.0,1.0
0,177,12,229.42967219645348,536.6894444296732,1.0,0.0,0.0,1.0
0,177,13,228.93777333815012,536.5998034055835,1.0,0.0,0.0,1.0
0,177,14,228.44587447984676,536.5101623814938,1.0,0.0,0.0,1.0
0,177,15,227.9539756215434,536.4205213574041,1.0,0.0,0.0,1.0
0,177,16,227.46207676324005,536.3308803333144,1.0,0.0,0.0,1.0
0,177,17,226.9701779049367,536.2412393092246,1.0,0.0,0.0,1.0
0,177,18,226.47827904663333,536.1515982851349,1.0,0.0,0.0,1.0
0,177,19,225.98638018832997,536.0619572610452,1.0,0.0,0.0,1.0
0,177,20,225.49448133002662,535.9723162369555,1.0,0.0,0.0,1.0
0,177,21,225.00258247172326,535.8826752128658,1.0,0.0,0.0,1.0
0,177,22,224.51068361341993,535.793034188776,1.0,0.0,0.0,1.0
0,177,23,224.01878475511657,535.7033931646863,1.0,0.0,0.0,1.0
0,177,24,223.5268858968132,535.6137521405966,1.0,0.0,0.0,1.0
0,177,25,223.03498703850985,535.5241111165069,1.0,0.0,0.0,1.0
0,177,26,222.5430881802065,535.4344700924171,1.0,0.0,0.0,1.0
0,177,27,222.05118932190314,535.3448290683274,1.0,0.0,0.0,1.0
0,177,28,221.55929046359978,535.2551880442377,1.0,0.0,0.0,1.0
0,177,29,221.06739160529642,535.165547020148,1.0,0.0,0.0,1.0
0,177,30,220.57549274699306,535.0759059960583,1.0,0.0,0.0,1.0
0,177,31,220.0835938886897,534.9862649719685,1.0,0.0,0.0,1.0
0,177,32,219.59169503038635,534.8966239478788,1.0,0.0,0.0,1.0
0,177,33,219.099796172083,534.8069829237891,1.0,0.0,0.0,1.0
0,177,34,218.60789731377963,534.7173418996994,1.0,0.0,0.0,1.0
0,177,35,218.11599845547627,534.6277008756097,1.0,0.0,0.0,1.0
0,177,36,217.62409959717291,534.5380598515198,1.0,0.0,0.0,1.0
0,177,37,217.13220073886959,534.4484188274301,1.0,0.0,0.0,1.0
0,177,38,216.64030188056623,534.3587778033404,1.0,0.0,0.0,1.0
0,177,39,216.14840302226287,534.2691367792507,1.0,0.0,0.0,1.0
0,177,40,215.6565041639595,534.1794957551609,1.0,0.0,0.0,1.0
0,177,41,215.16460530565615,534.0898547310712,1.0,0.0,0.0,1.0
0,177,42,214.6727064473528,534.0002137069815,1.0,0.0,0.0,1.0
0,177,43,214.18080758904944,533.9105726828918,1.0,0.0,0.0,1.0
0,177,44,213.68890873074608,533.8209316588021,1.0,0.0,0.0,1.0
0,177,45,213.19700987244272,533.7312906347123,1.0,0.0,0.0,1.0
0,177,46,212.70511101413936,533.6416496106226,1.0,0.0,0.0,1.0
0,177,47,212.213212155836,533.5520085865329,1.0,0.0,0.0,1.0
0,177,48,211.72131329753265,533.4623675624432,1.0,0.0,0.0,1.0
0,177,49,211.2294144392293,533.3727265383535,1.0,0.0,0.0,1.0
0,177,50,210.73751558092596,533.2830855142637,1.0,0.0,0.0,1.0
0,177,51,210.2456167226226,533.193444490174,1.0,0.0,0.0,1.0
0,177,52,209.75371786431924,533.1038034660843,1.0,0.0,0.0,1.0
0,177,53,209.26181900601588,533.0141624419946,1.0,0.0,0.0,1.0
0,177,54,208.76992014771253,532.9245214179048,1.0,0.0,0.0,1.0
0,177,55,208.27802128940917,532.8348803938151,1.0,0.0,0.0,1.0
0,177,56,208.45597351615982,532.8673094583996,1.0,0.0,0.0,1.0
0,177,57,208.94787237446317,532.9569504824893,1.0,0.0,0.0,1.0
0,177,58,209.43977123276653,533.046591506579,1.0,0.0,0.0,1.0
0,177,59,209.9316700910699,533.1362325306688,1.0,0.0,0.0,1.0
0,177,60,210.42356894937325,533.2258735547586,1.0,0.0,0.0,1.0
0,177,61,210.9154678076766,533.3155145788483,1.0,0.0,0.0,1.0
0,177,62,211.40736666597996,533.405155602938,1.0,0.0,0.0,1.0
0,177,63,211.89926552428332,533.4947966270277,1.0,0.0,0.0,1.0
0,177,64,212.39116438258668,533.5844376511175,1.0,0.0,0.0,1.0
0,177,65,212.88306324089,533.6740786752072,1.0,0.0,0.0,1.0
0,177,66,213.37496209919337,533.7637196992969,1.0,0.0,0.0,1.0
0,177,67,213.86686095749673,533.8533607233866,1.0,0.0,0.0,1.0
0,177,68,214.35875981580008,533.9430017474764,1.0,0.0,0.0,1.0
0,177,69,214.85065867410344,534.0326427715661,1.0,0.0,0.0,1.0
0,177,70,215.3425575324068,534.1222837956558,1.0,0.0,0.0,1.0
0,177,71,215.83445639071016,534.2119248197455,1.0,0.0,0.0,1.0
0,177,72,216.32635524901352,534.3015658438352,1.0,0.0,0.0,1.0
0,177,73,216.81825410731687,534.391206867925,1.0,0.0,0.0,1.0
0,177,74,217.31015296562023,534.4808478920147,1.0,0.0,0.0,1.0
0,177,75,217.8020518239236,534.5704889161044,1.0,0.0,0.0,1.0
0,177,76,218.29395068222695,534.6601299401941,1.0,0.0,0.0,1.0
0,177,77,218.7858495405303,534.7497709642838,1.0,0.0,0.0,1.0
0,177,78,219.27774839883367,534.8394119883736,1.0,0.0,0.0,1.0
0,177,79,219.76964725713702,534.9290530124633,1.0,0.0,0.0,1.0
0,177,80,220.26154611544035,535.018694036553,1.0,0.0,0.0,1.0
0,177,81,220.7534449737437,535.1083350606427,1.0,0.0,0.0,1.0
0,177,82,221.24534383204707,535.1979760847325,1.0,0.0,0.0,1.0
0,177,83,221.73724269035043,535.2876171088222,1.0,0.0,0.0,1.0
0,177,84,222.22914154865379,535.377258132912,1.0,0.0,0.0,1.0
0,177,85,222.72104040695714,535.4668991570016,1.0,0.0,0.0,1.0
0,177,86,223.2129392652605,535.5565401810913,1.0,0.0,0.0,1.0
0,177,87,223.70483812356386,535.6461812051812,1.0,0.0,0.0,1.0
0,177,88,224.19673698186722,535.7358222292709,1.0,0.0,0.0,1.0
0,177,89,224.68863584017058,535.8254632533606,1.0,0.0,0.0,1.0
0,177,90,225.18053469847393,535.9151042774503,1.0,0.0,0.0,1.0
0,177,91,225.6724335567773,536.00474530154,1.0,0.0,0.0,1.0
0,177,92,226.16433241508065,536.0943863256298,1.0,0.0,0.0,1.0
0,177,93,226.65623127338398,536.1840273497195,1.0,0.0,0.0,1.0
0,177,94,227.14813013168737,536.2736683738092,1.0,0.0,0.0,1.0
0,177,95,227.6400289899907,536.3633093978989,1.0,0.0,0.0,1.0
0,177,96,228.13192784829405,536.4529504219887,1.0,0.0,0.0,1.0
0,177,97,228.6238267065974,536.5425914460784,1.0,0.0,0.0,1.0
0,177,98,229.11572556490077,536.6322324701681,1.0,0.0,0.0,1.0
0,177,99,229.60762442320413,536.7218734942578,1.0,0.0,0.0,1.0
0,177,100,230.0995232815075,536.8115145183475,1.0,0.0,0.0,1.0
0,177,101,230.59142213981085,536.9011555424373,1.0,0.0,0.0,1.0
0,177,102,231.0833209981142,536.990796566527,1.0,0.0,0.0,1.0
0,177,103,231.57521985641756,537.0804375906167,1.0,0.0,0.0,1.0
0,177,104,232.06711871472092,537.1700786147064,1.0,0.0,0.0,1.0
0,177,105,232.55901757302428,537.2597196387961,1.0,0.0,0.0,1.0
0,177,106,233.05091643132764,537.3493606628859,1.0,0.0,0.0,1.0
0,177,107,233.542815289631,537.4390016869756,1.0,0.0,0.0,1.0
0,177,108,234.03471414793432,537.5286427110653,1.0,0.0,0.0,1.0
0,177,109,234.52661300623768,537.618283735155,1.0,0.0,0.0,1.0
0,177,110,235.01851186454104,537.7079247592449,1.0,0.0,0.0,1.0
0,178,0,235.47103881835938,537.77587890625,1.0,0.0,0.0,1.0
0,179,0,263.0480651855469,539.9105224609375,1.0,0.0,0.0,1.0
0,179,1,262.5495564324828,539.8719345986163,1.0,0.0,0.0,1.0
0,179,2,262.05104767941873,539.8333467362952,1.0,0.0,0.0,1.0
0,179,3,261.5525389263547,539.794758873974,1.0,0.0,0.0,1.0
0,179,4,261.05403017329064,539.7561710116529,1.0,0.0,0.0,1.0
0,179,5,260.55552142022657,539.7175831493317,1.0,0.0,0.0,1.0
0,179,6,260.0570126671625,539.6789952870107,1.0,0.0,0.0,1.0
0,179,7,259.5585039140984,539.6404074246896,1.0,0.0,0.0,1.0
0,179,8,259.0599951610344,539.6018195623684,1.0,0.0,0.0,1.0
0,179,9,258.56148640797034,539.5632317000473,1.0,0.0,0.0,1.0
0,179,10,258.06297765490626,539.5246438377261,1.0,0.0,0.0,1.0
0,179,11,257.5644689018422,539.486055975405,1.0,0.0,0.0,1.0
0,179,12,257.0659601487781,539.4474681130838,1.0,0.0,0.0,1.0
0,179,13,256.5674513957141,539.4088802507626,1.0,0.0,0.0,1.0
0,179,14,256.06894264265003,539.3702923884415,1.0,0.0,0.0,1.0
0,179,15,255.57043388958596,539.3317045261203,1.0,0.0,0.0,1.0
0,179,16,255.0719251365219,539.2931166637992,1.0,0.0,0.0,1.0
0,179,17,254.57341638345784,539.2545288014782,1.0,0.0,0.0,1.0
0,179,18,254.0749076303938,539.215940939157,1.0,0.0,0.0,1.0
0,179,19,253.57639887732972,539.1773530768359,1.0,0.0,0.0,1.0
0,179,20,253.07789012426565,539.1387652145147,1.0,0.0,0.0,1.0
0,179,21,252.5793813712016,539.1001773521936,1.0,0.0,0.0,1.0
0,179,22,252.08087261813753,539.0615894898724,1.0,0.0,0.0,1.0
0,179,23,251.5823638650735,539.0230016275513,1.0,0.0,0.0,1.0
0,179,24,251.08385511200942,538.9844137652301,1.0,0.0,0.0,1.0
0,179,25,250.58534635894534,538.945825902909,1.0,0.0,0.0,1.0
0,179,26,250.0868376058813,538.9072380405878,1.0,0.0,0.0,1.0
0,179,27,249.58832885281723,538.8686501782666,1.0,0.0,0.0,1.0
0,179,28,249.08982009975318,538.8300623159456,1.0,0.0,0.0,1.0
0,179,29,248.5913113466891,538.7914744536245,1.0,0.0,0.0,1.0
0,179,30,248.09280259362504,538.7528865913033,1.0,0.0,0.0,1.0
0,179,31,247.594293840561,538.7142987289822,1.0,0.0,0.0,1.0
0,179,32,247.09578508749692,538.675710866661,1.0,0.0,0.0,1.0
0,179,33,246.59727633443288,538.6371230043399,1.0,0.0,0.0,1.0
0,179,34,246.0987675813688,538.5985351420187,1.0,0.0,0.0,1.0
0,179,35,245.60025882830476,538.5599472796976,1.0,0.0,0.0,1.0
0,179,36,245.1017500752407,538.5213594173764,1.0,0.0,0.0,1.0
0,179,37,244.60324132217664,538.4827715550553,1.0,0.0,0.0,1.0
0,179,38,244.10473256911257,538.4441836927341,1.0,0.0,0.0,1.0
0,179,39,243.6062238160485,538.4055958304131,1.0,0.0,0.0,1.0
0,179,40,243.10771506298445,538.3670079680919,1.0,0.0,0.0,1.0
0,179,41,242.60920630992038,538.3284201057708,1.0,0.0,0.0,1.0
0,179,42,242.11069755685634,538.2898322434496,1.0,0.0,0.0,1.0
0,179,43,241.61218880379226,538.2512443811285,1.0,0.0,0.0,1.0
0,179,44,241.1136800507282,538.2126565188073,1.0,0.0,0.0,1.0
0,179,45,240.61517129766415,538.1740686564862,1.0,0.0,0.0,1.0
0,179,46,240.11666254460008,538.135480794165,1.0,0.0,0.0,1.0
0,179,47,239.61815379153603,538.0968929318439,1.0,0.0,0.0,1.0
0,179,48,239.11964503847196,538.0583050695227,1.0,0.0,0.0,1.0
0,179,49,238.62113628540789,538.0197172072016,1.0,0.0,0.0,1.0
0,179,50,238.12262753234384,537.9811293448805,1.0,0.0,0.0,1.0
0,179,51,237.62411877927977,537.9425414825594,1.0,0.0,0.0,1.0
0,179,52,237.12561002621572,537.9039536202382,1.0,0.0,0.0,1.0
0,179,53,236.62710127315165,537.8653657579171,1.0,0.0,0.0,1.0
0,179,54,236.12859252008758,537.8267778955959,1.0,0.0,0.0,1.0
0,179,55,235.63008376702354,537.7881900332748,1.0,0.0,0.0,1.0
0,179,56,235.8105026227593,537.8021556415464,1.0,0.0,0.0,1.0
0,179,57,236.30901137582333,537.8407435038675,1.0,0.0,0.0,1.0
0,179,58,236.8075201288874,537.8793313661887,1.0,0.0,0.0,1.0
0,179,59,237.30602888195145,537.9179192285098,1.0,0.0,0.0,1.0
0,179,60,237.80453763501552,537.956507090831,1.0,0.0,0.0,1.0
0,179,61,238.3030463880796,537.995094953152,1.0,0.0,0.0,1.0
0,179,62,238.80155514114364,538.0336828154732,1.0,0.0,0.0,1.0
0,179,63,239.3000638942077,538.0722706777943,1.0,0.0,0.0,1.0
0,179,64,239.79857264727175,538.1108585401155,1.0,0.0,0.0,1.0
0,179,65,240.29708140033583,538.1494464024366,1.0,0.0,0.0,1.0
0,179,66,240.79559015339987,538.1880342647578,1.0,0.0,0.0,1.0
0,179,67,241.29409890646394,538.2266221270789,1.0,0.0,0.0,1.0
0,179,68,241.79260765952802,538.2652099894001,1.0,0.0,0.0,1.0
0,179,69,242.29111641259206,538.3037978517212,1.0,0.0,0.0,1.0
0,179,70,242.78962516565613,538.3423857140424,1.0,0.0,0.0,1.0
0,179,71,243.28813391872018,538.3809735763635,1.0,0.0,0.0,1.0
0,179,72,243.78664267178425,538.4195614386846,1.0,0.0,0.0,1.0
0,179,73,244.28515142484832,538.4581493010057,1.0,0.0,0.0,1.0
0,179,74,244.78366017791237,538.4967371633269,1.0,0.0,0.0,1.0
0,179,75,245.28216893097644,538.535325025648,1.0,0.0,0.0,1.0
0,179,76,245.78067768404048,538.5739128879692,1.0,0.0,0.0,1.0
0,179,77,246.27918643710456,538.6125007502903,1.0,0.0,0.0,1.0
0,179,78,246.77769519016863,538.6510886126115,1.0,0.0,0.0,1.0
0,179,79,247.27620394323267,538.6896764749326,1.0,0.0,0.0,1.0
0,179,80,247.77471269629675,538.7282643372538,1.0,0.0,0.0,1.0
0,179,81,248.2732214493608,538.7668521995749,1.0,0.0,0.0,1.0
0,179,82,248.77173020242486,538.8054400618961,1.0,0.0,0.0,1.0
0,179,83,249.2702389554889,538.8440279242171,1.0,0.0,0.0,1.0
0,179,84,249.76874770855298,538.8826157865383,1.0,0.0,0.0,1.0
0,179,85,250.26725646161705,538.9212036488594,1.0,0.0,0.0,1.0
0,179,86,250.7657652146811,538.9597915111806,1.0,0.0,0.0,1.0
0,179,87,251.26427396774517,538.9983793735017,1.0,0.0,0.0,1.0
0,179,88,251.7627827208092,539.0369672358229,1.0,0.0,0.0,1.0
0,179,89,252.26129147387329,539.075555098144,1.0,0.0,0.0,1.0
0,179,90,252.75980022693733,539.1141429604652,1.0,0.0,0.0,1.0
0,179,91,253.2583089800014,539.1527308227863,1.0,0.0,0.0,1.0
0,179,92,253.75681773306547,539.1913186851075,1.0,0.0,0.0,1.0
0,179,93,254.25532648612952,539.2299065474286,1.0,0.0,0.0,1.0
0,179,94,254.7538352391936,539.2684944097497,1.0,0.0,0.0,1.0
0,179,95,255.25234399225764,539.3070822720708,1.0,0.0,0.0,1.0
0,179,96,255.7508527453217,539.345670134392,1.0,0.0,0.0,1.0
0,179,97,256.2493614983858,539.3842579967131,1.0,0.0,0.0,1.0
0,179,98,256.74787025144985,539.4228458590343,1.0,0.0,0.0,1.0
0,179,99,257.24637900451387,539.4614337213554,1.0,0.0,0.0,1.0
0,179,100,257.74488775757794,539.5000215836766,1.0,0.0,0.0,1.0
0,179,101,258.243396510642,539.5386094459977,1.0,0.0,0.0,1.0
0,179,102,258.7419052637061,539.5771973083189,1.0,0.0,0.0,1.0
0,179,103,259.24041401677016,539.61578517064,1.0,0.0,0.0,1.0
0,179,104,259.7389227698342,539.6543730329612,1.0,0.0,0.0,1.0
0,179,105,260.23743152289825,539.6929608952822,1.0,0.0,0.0,1.0
0,179,106,260.7359402759623,539.7315487576034,1.0,0.0,0.0,1.0
0,179,107,261.2344490290264,539.7701366199245,1.0,0.0,0.0,1.0
0,179,108,261.73295778209047,539.8087244822457,1.0,0.0,0.0,1.0
0,179,109,262.2314665351545,539.8473123445668,1.0,0.0,0.0,1.0
0,179,110,262.72997528821855,539.885900206888,1.0,0.0,0.0,1.0
0,180,0,263.18701171875,539.9069213867188,1.0,0.0,0.0,1.0
0,181,0,290.8373718261719,539.1947631835938,1.0,0.0,0.0,1.0
0,181,1,290.3375375845092,539.2076368334855,1.0,0.0,0.0,1.0
0,181,2,289.8377033428466,539.2205104833772,1.0,0.0,0.0,1.0
0,181,3,289.33786910118397,539.2333841332689,1.0,0.0,0.0,1.0
0,181,4,288.8380348595213,539.2462577831606,1.0,0.0,0.0,1.0
0,181,5,288.33820061785866,539.2591314330523,1.0,0.0,0.0,1.0
0,181,6,287.83836637619606,539.272005082944,1.0,0.0,0.0,1.0
0,181,7,287.3385321345334,539.2848787328358,1.0,0.0,0.0,1.0
0,181,8,286.83869789287075,539.2977523827275,1.0,0.0,0.0,1.0
0,181,9,286.3388636512081,539.3106260326192,1.0,0.0,0.0,1.0
0,181,10,285.8390294095455,539.3234996825109,1.0,0.0,0.0,1.0
0,181,11,285.33919516788285,539.3363733324027,1.0,0.0,0.0,1.0
0,181,12,284.8393609262202,539.3492469822943,1.0,0.0,0.0,1.0
0,181,13,284.33952668455754,539.362120632186,1.0,0.0,0.0,1.0
0,181,14,283.83969244289494,539.3749942820778,1.0,0.0,0.0,1.0
0,181,15,283.3398582012323,539.3878679319695,1.0,0.0,0.0,1.0
0,181,16,282.84002395956963,539.4007415818612,1.0,0.0,0.0,1.0
0,181,17,282.34018971790704,539.4136152317529,1.0,0.0,0.0,1.0
0,181,18,281.8403554762444,539.4264888816447,1.0,0.0,0.0,1.0
0,181,19,281.34052123458173,539.4393625315364,1.0,0.0,0.0,1.0
0,181,20,280.8406869929191,539.452236181428,1.0,0.0,0.0,1.0
0,181,21,280.3408527512565,539.4651098313198,1.0,0.0,0.0,1.0
0,181,22,279.8410185095938,539.4779834812115,1.0,0.0,0.0,1.0
0,181,23,279.34118426793117,539.4908571311032,1.0,0.0,0.0,1.0
0,181,24,278.8413500262685,539.5037307809949,1.0,0.0,0.0,1.0
0,181,25,278.3415157846059,539.5166044308867,1.0,0.0,0.0,1.0
0,181,26,277.84168154294326,539.5294780807784,1.0,0.0,0.0,1.0
0,181,27,277.3418473012806,539.54235173067,1.0,0.0,0.0,1.0
0,181,28,276.84201305961795,539.5552253805618,1.0,0.0,0.0,1.0
0,181,29,276.34217881795536,539.5680990304535,1.0,0.0,0.0,1.0
0,181,30,275.8423445762927,539.5809726803452,1.0,0.0,0.0,1.0
0,181,31,275.34251033463005,539.5938463302369,1.0,0.0,0.0,1.0
0,181,32,274.8426760929674,539.6067199801287,1.0,0.0,0.0,1.0
0,181,33,274.3428418513048,539.6195936300204,1.0,0.0,0.0,1.0
0,181,34,273.84300760964214,539.6324672799121,1.0,0.0,0.0,1.0
0,181,35,273.3431733679795,539.6453409298038,1.0,0.0,0.0,1.0
0,181,36,272.8433391263169,539.6582145796955,1.0,0.0,0.0,1.0
0,181,37,272.34350488465424,539.6710882295872,1.0,0.0,0.0,1.0
0,181,38,271.8436706429916,539.6839618794789,1.0,0.0,0.0,1.0
0,181,39,271.34383640132893,539.6968355293707,1.0,0.0,0.0,1.0
0,181,40,270.84400215966633,539.7097091792624,1.0,0.0,0.0,1.0
0,181,41,270.3441679180037,539.7225828291541,1.0,0.0,0.0,1.0
0,181,42,269.844333676341,539.7354564790459,1.0,0.0,0.0,1.0
0,181,43,269.34449943467837,539.7483301289375,1.0,0.0,0.0,1.0
0,181,44,268.84466519301577,539.7612037788292,1.0,0.0,0.0,1.0
0,181,45,268.3448309513531,539.774077428721,1.0,0.0,0.0,1.0
0,181,46,267.84499670969046,539.7869510786127,1.0,0.0,0.0,1.0
0,181,47,267.3451624680278,539.7998247285044,1.0,0.0,0.0,1.0
0,181,48,266.8453282263652,539.8126983783961,1.0,0.0,0.0,1.0
0,181,49,266.34549398470256,539.8255720282879,1.0,0.0,0.0,1.0
0,181,50,265.8456597430399,539.8384456781795,1.0,0.0,0.0,1.0
0,181,51,265.34582550137725,539.8513193280712,1.0,0.0,0.0,1.0
0,181,52,264.84599125971465,539.864192977963,1.0,0.0,0.0,1.0
0,181,53,264.346157018052,539.8770666278547,1.0,0.0,0.0,1.0
0,181,54,263.84632277638934,539.8899402777464,1.0,0.0,0.0,1.0
0,181,55,263.34648853472675,539.9028139276381,1.0,0.0,0.0,1.0
0,181,56,263.5273691444359,539.8981551959076,1.0,0.0,0.0,1.0
0,181,57,264.02720338609856,539.8852815460159,1.0,0.0,0.0,1.0
0,181,58,264.5270376277612,539.8724078961243,1.0,0.0,0.0,1.0
0,181,59,265.0268718694238,539.8595342462326,1.0,0.0,0.0,1.0
0,181,60,265.52670611108647,539.8466605963408,1.0,0.0,0.0,1.0
0,181,61,266.0265403527491,539.8337869464491,1.0,0.0,0.0,1.0
0,181,62,266.5263745944118,539.8209132965574,1.0,0.0,0.0,1.0
0,181,63,267.0262088360744,539.8080396466656,1.0,0.0,0.0,1.0
0,181,64,267.52604307773703,539.7951659967739,1.0,0.0,0.0,1.0
0,181,65,268.0258773193997,539.7822923468822,1.0,0.0,0.0,1.0
0,181,66,268.5257115610623,539.7694186969906,1.0,0.0,0.0,1.0
0,181,67,269.02554580272493,539.7565450470988,1.0,0.0,0.0,1.0
0,181,68,269.5253800443876,539.7436713972071,1.0,0.0,0.0,1.0
0,181,69,270.02521428605024,539.7307977473154,1.0,0.0,0.0,1.0
0,181,70,270.52504852771284,539.7179240974236,1.0,0.0,0.0,1.0
0,181,71,271.0248827693755,539.7050504475319,1.0,0.0,0.0,1.0
0,181,72,271.52471701103815,539.6921767976402,1.0,0.0,0.0,1.0
0,181,73,272.0245512527008,539.6793031477486,1.0,0.0,0.0,1.0
0,181,74,272.5243854943634,539.6664294978568,1.0,0.0,0.0,1.0
0,181,75,273.02421973602605,539.6535558479651,1.0,0.0,0.0,1.0
0,181,76,273.5240539776887,539.6406821980734,1.0,0.0,0.0,1.0
0,181,77,274.02388821935136,539.6278085481816,1.0,0.0,0.0,1.0
0,181,78,274.52372246101396,539.6149348982899,1.0,0.0,0.0,1.0
0,181,79,275.0235567026766,539.6020612483982,1.0,0.0,0.0,1.0
0,181,80,275.52339094433927,539.5891875985064,1.0,0.0,0.0,1.0
0,181,81,276.0232251860019,539.5763139486148,1.0,0.0,0.0,1.0
0,181,82,276.5230594276645,539.5634402987231,1.0,0.0,0.0,1.0
0,181,83,277.0228936693272,539.5505666488314,1.0,0.0,0.0,1.0
0,181,84,277.52272791098983,539.5376929989396,1.0,0.0,0.0,1.0
0,181,85,278.0225621526524,539.5248193490479,1.0,0.0,0.0,1.0
0,181,86,278.5223963943151,539.5119456991562,1.0,0.0,0.0,1.0
0,181,87,279.02223063597773,539.4990720492644,1.0,0.0,0.0,1.0
0,181,88,279.5220648776404,539.4861983993727,1.0,0.0,0.0,1.0
0,181,89,280.021899119303,539.4733247494811,1.0,0.0,0.0,1.0
0,181,90,280.52173336096564,539.4604510995894,1.0,0.0,0.0,1.0
0,181,91,281.0215676026283,539.4475774496976,1.0,0.0,0.0,1.0
0,181,92,281.52140184429095,539.4347037998059,1.0,0.0,0.0,1.0
0,181,93,282.02123608595355,539.4218301499142,1.0,0.0,0.0,1.0
0,181,94,282.5210703276162,539.4089565000224,1.0,0.0,0.0,1.0
0,181,95,283.02090456927885,539.3960828501307,1.0,0.0,0.0,1.0
0,181,96,283.5207388109415,539.3832092002391,1.0,0.0,0.0,1.0
0,181,97,284.0205730526041,539.3703355503474,1.0,0.0,0.0,1.0
0,181,98,284.52040729426676,539.3574619004556,1.0,0.0,0.0,1.0
0,181,99,285.0202415359294,539.3445882505639,1.0,0.0,0.0,1.0
0,181,100,285.52007577759207,539.3317146006722,1.0,0.0,0.0,1.0
0,181,101,286.01991001925467,539.3188409507804,1.0,0.0,0.0,1.0
0,181,102,286.5197442609173,539.3059673008887,1.0,0.0,0.0,1.0
0,181,103,287.01957850258,539.293093650997,1.0,0.0,0.0,1.0
0,181,104,287.5194127442426,539.2802200011054,1.0,0.0,0.0,1.0
0,181,105,288.0192469859052,539.2673463512136,1.0,0.0,0.0,1.0
0,181,106,288.5190812275679,539.2544727013219,1.0,0.0,0.0,1.0
0,181,107,289.01891546923054,539.2415990514302,1.0,0.0,0.0,1.0
0,181,108,289.51874971089313,539.2287254015384,1.0,0.0,0.0,1.0
0,181,109,290.0185839525558,539.2158517516467,1.0,0.0,0.0,1.0
0,181,110,290.51841819421844,539.202978101755,1.0,0.0,0.0,1.0
0,182,0,290.9752197265625,539.1769409179688,1.0,0.0,0.0,1.0
0,183,0,318.40582275390625,535.62548828125,1.0,0.0,0.0,1.0
0,183,1,317.90996144421865,535.6896876703039,1.0,0.0,0.0,1.0
0,183,2,317.41410013453105,535.7538870593579,1.0,0.0,0.0,1.0
0,183,3,316.91823882484346,535.8180864484118,1.0,0.0,0.0,1.0
0,183,4,316.42237751515586,535.8822858374658,1.0,0.0,0.0,1.0
0,183,5,315.92651620546826,535.9464852265197,1.0,0.0,0.0,1.0
0,183,6,315.43065489578066,536.0106846155737,1.0,0.0,0.0,1.0
0,183,7,314.93479358609306,536.0748840046276,1.0,0.0,0.0,1.0
0,183,8,314.43893227640547,536.1390833936816,1.0,0.0,0.0,1.0
0,183,9,313.94307096671787,536.2032827827355,1.0,0.0,0.0,1.0
0,183,10,313.44720965703027,536.2674821717894,1.0,0.0,0.0,1.0
0,183,11,312.9513483473427,536.3316815608434,1.0,0.0,0.0,1.0
0,183,12,312.4554870376551,536.3958809498973,1.0,0.0,0.0,1.0
0,183,13,311.9596257279675,536.4600803389513,1.0,0.0,0.0,1.0
0,183,14,311.4637644182799,536.5242797280052,1.0,0.0,0.0,1.0
0,183,15,310.9679031085923,536.5884791170593,1.0,0.0,0.0,1.0
0,183,16,310.4720417989047,536.6526785061131,1.0,0.0,0.0,1.0
0,183,17,309.9761804892171,536.7168778951672,1.0,0.0,0.0,1.0
0,183,18,309.4803191795295,536.781077284221,1.0,0.0,0.0,1.0
0,183,19,308.9844578698419,536.845276673275,1.0,0.0,0.0,1.0
0,183,20,308.4885965601543,536.909476062329,1.0,0.0,0.0,1.0
0,183,21,307.9927352504667,536.9736754513829,1.0,0.0,0.0,1.0
0,183,22,307.4968739407791,537.0378748404369,1.0,0.0,0.0,1.0
0,183,23,307.0010126310915,537.1020742294908,1.0,0.0,0.0,1.0
0,183,24,306.5051513214039,537.1662736185448,1.0,0.0,0.0,1.0
0,183,25,306.0092900117163,537.2304730075987,1.0,0.0,0.0,1.0
0,183,26,305.5134287020287,537.2946723966527,1.0,0.0,0.0,1.0
0,183,27,305.0175673923411,537.3588717857066,1.0,0.0,0.0,1.0
0,183,28,304.5217060826535,537.4230711747605,1.0,0.0,0.0,1.0
0,183,29,304.0258447729659,537.4872705638145,1.0,0.0,0.0,1.0
0,183,30,303.5299834632783,537.5514699528684,1.0,0.0,0.0,1.0
0,183,31,303.0341221535907,537.6156693419224,1.0,0.0,0.0,1.0
0,183,32,302.5382608439031,537.6798687309763,1.0,0.0,0.0,1.0
0,183,33,302.0423995342155,537.7440681200303,1.0,0.0,0.0,1.0
0,183,34,301.5465382245279,537.8082675090842,1.0,0.0,0.0,1.0
0,183,35,301.0506769148403,537.8724668981382,1.0,0.0,0.0,1.0
0,183,36,300.5548156051527,537.9366662871921,1.0,0.0,0.0,1.0
0,183,37,300.0589542954651,538.000865676246,1.0,0.0,0.0,1.0
0,183,38,299.56309298577753,538.0650650653,1.0,0.0,0.0,1.0
0,183,39,299.06723167608993,538.1292644543539,1.0,0.0,0.0,1.0
0,183,40,298.57137036640233,538.1934638434079,1.0,0.0,0.0,1.0
0,183,41,298.07550905671474,538.2576632324618,1.0,0.0,0.0,1.0
0,183,42,297.57964774702714,538.3218626215158,1.0,0.0,0.0,1.0
0,183,43,297.08378643733954,538.3860620105697,1.0,0.0,0.0,1.0
0,183,44,296.58792512765194,538.4502613996237,1.0,0.0,0.0,1.0
0,183,45,296.09206381796434,538.5144607886776,1.0,0.0,0.0,1.0
0,183,46,295.59620250827675,538.5786601777315,1.0,0.0,0.0,1.0
0,183,47,295.10034119858915,538.6428595667855,1.0,0.0,0.0,1.0
0,183,48,294.60447988890155,538.7070589558394,1.0,0.0,0.0,1.0
0,183,49,294.10861857921395,538.7712583448935,1.0,0.0,0.0,1.0
0,183,50,293.61275726952636,538.8354577339474,1.0,0.0,0.0,1.0
0,183,51,293.11689595983876,538.8996571230014,1.0,0.0,0.0,1.0
0,183,52,292.62103465015116,538.9638565120553,1.0,0.0,0.0,1.0
0,183,53,292.12517334046356,539.0280559011093,1.0,0.0,0.0,1.0
0,183,54,291.62931203077596,539.0922552901632,1.0,0.0,0.0,1.0
0,183,55,291.13345072108837,539.1564546792171,1.0,0.0,0.0,1.0
0,183,56,291.31285004172423,539.1332277676664,1.0,0.0,0.0,1.0
0,183,57,291.80871135141183,539.0690283786125,1.0,0.0,0.0,1.0
0,183,58,292.3045726610994,539.0048289895585,1.0,0.0,0.0,1.0
0,183,59,292.800433970787,538.9406296005046,1.0,0.0,0.0,1.0
0,183,60,293.2962952804746,538.8764302114506,1.0,0.0,0.0,1.0
0,183,61,293.7921565901622,538.8122308223967,1.0,0.0,0.0,1.0
0,183,62,294.2880178998498,538.7480314333427,1.0,0.0,0.0,1.0
0,183,63,294.7838792095374,538.6838320442888,1.0,0.0,0.0,1.0
0,183,64,295.279740519225,538.6196326552349,1.0,0.0,0.0,1.0
0,183,65,295.7756018289126,538.5554332661809,1.0,0.0,0.0,1.0
0,183,66,296.2714631386002,538.491233877127,1.0,0.0,0.0,1.0
0,183,67,296.7673244482878,538.427034488073,1.0,0.0,0.0,1.0
0,183,68,297.2631857579754,538.3628350990191,1.0,0.0,0.0,1.0
0,183,69,297.759047067663,538.2986357099651,1.0,0.0,0.0,1.0
0,183,70,298.2549083773506,538.2344363209112,1.0,0.0,0.0,1.0
0,183,71,298.7507696870382,538.1702369318572,1.0,0.0,0.0,1.0
0,183,72,299.2466309967258,538.1060375428033,1.0,0.0,0.0,1.0
0,183,73,299.7424923064134,538.0418381537494,1.0,0.0,0.0,1.0
0,183,74,300.238353616101,537.9776387646954,1.0,0.0,0.0,1.0
0,183,75,300.7342149257886,537.9134393756415,1.0,0.0,0.0,1.0
0,183,76,301.2300762354762,537.8492399865875,1.0,0.0,0.0,1.0
0,183,77,301.7259375451638,537.7850405975336,1.0,0.0,0.0,1.0
0,183,78,302.2217988548514,537.7208412084796,1.0,0.0,0.0,1.0
0,183,79,302.717660164539,537.6566418194257,1.0,0.0,0.0,1.0
0,183,80,303.2135214742266,537.5924424303716,1.0,0.0,0.0,1.0
0,183,81,303.7093827839142,537.5282430413178,1.0,0.0,0.0,1.0
0,183,82,304.2052440936018,537.4640436522639,1.0,0.0,0.0,1.0
0,183,83,304.7011054032894,537.3998442632098,1.0,0.0,0.0,1.0
0,183,84,305.196966712977,537.335644874156,1.0,0.0,0.0,1.0
0,183,85,305.69282802266457,537.2714454851019,1.0,0.0,0.0,1.0
0,183,86,306.18868933235217,537.207246096048,1.0,0.0,0.0,1.0
0,183,87,306.68455064203977,537.143046706994,1.0,0.0,0.0,1.0
0,183,88,307.18041195172736,537.0788473179401,1.0,0.0,0.0,1.0
0,183,89,307.67627326141496,537.0146479288861,1.0,0.0,0.0,1.0
0,183,90,308.17213457110256,536.9504485398322,1.0,0.0,0.0,1.0
0,183,91,308.66799588079016,536.8862491507783,1.0,0.0,0.0,1.0
0,183,92,309.16385719047776,536.8220497617243,1.0,0.0,0.0,1.0
0,183,93,309.65971850016535,536.7578503726704,1.0,0.0,0.0,1.0
0,183,94,310.15557980985295,536.6936509836164,1.0,0.0,0.0,1.0
0,183,95,310.65144111954055,536.6294515945625,1.0,0.0,0.0,1.0
0,183,96,311.14730242922815,536.5652522055085,1.0,0.0,0.0,1.0
0,183,97,311.64316373891575,536.5010528164546,1.0,0.0,0.0,1.0
0,183,98,312.13902504860334,536.4368534274006,1.0,0.0,0.0,1.0
0,183,99,312.63488635829094,536.3726540383467,1.0,0.0,0.0,1.0
0,183,100,313.13074766797854,536.3084546492928,1.0,0.0,0.0,1.0
0,183,101,313.62660897766614,536.2442552602388,1.0,0.0,0.0,1.0
0,183,102,314.12247028735374,536.1800558711849,1.0,0.0,0.0,1.0
0,183,103,314.61833159704133,536.1158564821309,1.0,0.0,0.0,1.0
0,183,104,315.11419290672893,536.051657093077,1.0,0.0,0.0,1.0
0,183,105,315.61005421641653,535.987457704023,1.0,0.0,0.0,1.0
0,183,106,316.1059155261041,535.9232583149691,1.0,0.0,0.0,1.0
0,183,107,316.6017768357917,535.8590589259151,1.0,0.0,0.0,1.0
0,183,108,317.0976381454793,535.7948595368612,1.0,0.0,0.0,1.0
0,183,109,317.5934994551669,535.7306601478073,1.0,0.0,0.0,1.0
0,183,110,318.0893607648545,535.6664607587533,1.0,0.0,0.0,1.0
0,184,0,318.5411071777344,535.5935668945312,1.0,0.0,0.0,1.0
0,185,0,345.46112060546875,529.240478515625,1.0,0.0,0.0,1.0
0,185,1,344.97448857423717,529.3553230460975,1.0,0.0,0.0,1.0
0,185,2,344.48785654300565,529.4701675765699,1.0,0.0,0.0,1.0
0,185,3,344.00122451177407,529.5850121070424,1.0,0.0,0.0,1.0
0,185,4,343.5145924805425,529.6998566375149,1.0,0.0,0.0,1.0
0,185,5,343.0279604493109,529.8147011679873,1.0,0.0,0.0,1.0
0,185,6,342.5413284180794,529.9295456984598,1.0,0.0,0.0,1.0
0,185,7,342.0546963868478,530.0443902289323,1.0,0.0,0.0,1.0
0,185,8,341.56806435561623,530.1592347594047,1.0,0.0,0.0,1.0
0,185,9,341.08143232438465,530.2740792898772,1.0,0.0,0.0,1.0
0,185,10,340.5948002931531,530.3889238203498,1.0,0.0,0.0,1.0
0,185,11,340.10816826192155,530.5037683508222,1.0,0.0,0.0,1.0
0,185,12,339.62153623068997,530.6186128812947,1.0,0.0,0.0,1.0
0,185,13,339.13490419945845,530.7334574117672,1.0,0.0,0.0,1.0
0,185,14,338.64827216822687,530.8483019422396,1.0,0.0,0.0,1.0
0,185,15,338.1616401369953,530.9631464727121,1.0,0.0,0.0,1.0
0,185,16,337.6750081057637,531.0779910031846,1.0,0.0,0.0,1.0
0,185,17,337.1883760745322,531.192835533657,1.0,0.0,0.0,1.0
0,185,18,336.7017440433006,531.3076800641295,1.0,0.0,0.0,1.0
0,185,19,336.215112012069,531.422524594602,1.0,0.0,0.0,1.0
0,185,20,335.7284799808375,531.5373691250744,1.0,0.0,0.0,1.0
0,185,21,335.2418479496059,531.6522136555469,1.0,0.0,0.0,1.0
0,185,22,334.75521591837435,531.7670581860194,1.0,0.0,0.0,1.0
0,185,23,334.26858388714277,531.8819027164918,1.0,0.0,0.0,1.0
0,185,24,333.78195185591125,531.9967472469643,1.0,0.0,0.0,1.0
0,185,25,333.29531982467967,532.1115917774368,1.0,0.0,0.0,1.0
0,185,26,332.8086877934481,532.2264363079092,1.0,0.0,0.0,1.0
0,185,27,332.3220557622165,532.3412808383817,1.0,0.0,0.0,1.0
0,185,28,331.835423730985,532.4561253688543,1.0,0.0,0.0,1.0
0,185,29,331.3487916997534,532.5709698993267,1.0,0.0,0.0,1.0
0,185,30,330.8621596685218,532.6858144297992,1.0,0.0,0.0,1.0
0,185,31,330.3755276372903,532.8006589602717,1.0,0.0,0.0,1.0
0,185,32,329.8888956060587,532.9155034907441,1.0,0.0,0.0,1.0
0,185,33,329.40226357482715,533.0303480212166,1.0,0.0,0.0,1.0
0,185,34,328.91563154359557,533.1451925516891,1.0,0.0,0.0,1.0
0,185,35,328.42899951236404,533.2600370821615,1.0,0.0,0.0,1.0
0,185,36,327.94236748113246,533.374881612634,1.0,0.0,0.0,1.0
0,185,37,327.4557354499009,533.4897261431065,1.0,0.0,0.0,1.0
0,185,38,326.9691034186693,533.6045706735789,1.0,0.0,0.0,1.0
0,185,39,326.4824713874378,533.7194152040514,1.0,0.0,0.0,1.0
0,185,40,325.9958393562062,533.8342597345239,1.0,0.0,0.0,1.0
0,185,41,325.5092073249746,533.9491042649963,1.0,0.0,0.0,1.0
0,185,42,325.0225752937431,534.0639487954688,1.0,0.0,0.0,1.0
0,185,43,324.5359432625115,534.1787933259413,1.0,0.0,0.0,1.0
0,185,44,324.04931123127994,534.2936378564137,1.0,0.0,0.0,1.0
0,185,45,323.56267920004836,534.4084823868862,1.0,0.0,0.0,1.0
0,185,46,323.07604716881684,534.5233269173586,1.0,0.0,0.0,1.0
0,185,47,322.58941513758526,534.6381714478312,1.0,0.0,0.0,1.0
0,185,48,322.1027831063537,534.7530159783037,1.0,0.0,0.0,1.0
0,185,49,321.61615107512216,534.8678605087761,1.0,0.0,0.0,1.0
0,185,50,321.1295190438906,534.9827050392486,1.0,0.0,0.0,1.0
0,185,51,320.642887012659,535.0975495697211,1.0,0.0,0.0,1.0
0,185,52,320.1562549814274,535.2123941001935,1.0,0.0,0.0,1.0
0,185,53,319.6696229501959,535.327238630666,1.0,0.0,0.0,1.0
0,185,54,319.1829909189643,535.4420831611385,1.0,0.0,0.0,1.0
0,185,55,318.69635888773274,535.5569276916109,1.0,0.0,0.0,1.0
0,185,56,318.8724874989676,535.5153615669791,1.0,0.0,0.0,1.0
0,185,57,319.3591195301991,535.4005170365066,1.0,0.0,0.0,1.0
0,185,58,319.8457515614307,535.2856725060342,1.0,0.0,0.0,1.0
0,185,59,320.33238359266227,535.1708279755617,1.0,0.0,0.0,1.0
0,185,60,320.8190156238938,535.0559834450892,1.0,0.0,0.0,1.0
0,185,61,321.30564765512537,534.9411389146168,1.0,0.0,0.0,1.0
0,185,62,321.79227968635695,534.8262943841443,1.0,0.0,0.0,1.0
0,185,63,322.2789117175885,534.7114498536718,1.0,0.0,0.0,1.0
0,185,64,322.76554374882005,534.5966053231994,1.0,0.0,0.0,1.0
0,185,65,323.25217578005163,534.4817607927268,1.0,0.0,0.0,1.0
0,185,66,323.7388078112832,534.3669162622543,1.0,0.0,0.0,1.0
0,185,67,324.2254398425148,534.2520717317819,1.0,0.0,0.0,1.0
0,185,68,324.7120718737463,534.1372272013094,1.0,0.0,0.0,1.0
0,185,69,325.1987039049779,534.0223826708369,1.0,0.0,0.0,1.0
0,185,70,325.68533593620947,533.9075381403645,1.0,0.0,0.0,1.0
0,185,71,326.171967967441,533.792693609892,1.0,0.0,0.0,1.0
0,185,72,326.65859999867257,533.6778490794195,1.0,0.0,0.0,1.0
0,185,73,327.14523202990415,533.5630045489471,1.0,0.0,0.0,1.0
0,185,74,327.63186406113573,533.4481600184746,1.0,0.0,0.0,1.0
0,185,75,328.11849609236725,533.3333154880021,1.0,0.0,0.0,1.0
0,185,76,328.60512812359883,533.2184709575297,1.0,0.0,0.0,1.0
0,185,77,329.0917601548304,533.1036264270572,1.0,0.0,0.0,1.0
0,185,78,329.57839218606193,532.9887818965847,1.0,0.0,0.0,1.0
0,185,79,330.0650242172935,532.8739373661123,1.0,0.0,0.0,1.0
0,185,80,330.5516562485251,532.7590928356398,1.0,0.0,0.0,1.0
0,185,81,331.03828827975667,532.6442483051673,1.0,0.0,0.0,1.0
0,185,82,331.5249203109882,532.5294037746949,1.0,0.0,0.0,1.0
0,185,83,332.0115523422198,532.4145592442223,1.0,0.0,0.0,1.0
0,185,84,332.49818437345135,532.2997147137498,1.0,0.0,0.0,1.0
0,185,85,332.98481640468293,532.1848701832774,1.0,0.0,0.0,1.0
0,185,86,333.47144843591445,532.0700256528049,1.0,0.0,0.0,1.0
0,185,87,333.95808046714603,531.9551811223324,1.0,0.0,0.0,1.0
0,185,88,334.4447124983776,531.84033659186,1.0,0.0,0.0,1.0
0,185,89,334.93134452960913,531.7254920613875,1.0,0.0,0.0,1.0
0,185,90,335.4179765608407,531.610647530915,1.0,0.0,0.0,1.0
0,185,91,335.9046085920723,531.4958030004426,1.0,0.0,0.0,1.0
0,185,92,336.3912406233039,531.3809584699701,1.0,0.0,0.0,1.0
0,185,93,336.8778726545354,531.2661139394976,1.0,0.0,0.0,1.0
0,185,94,337.364504685767,531.1512694090252,1.0,0.0,0.0,1.0
0,185,95,337.85113671699855,531.0364248785527,1.0,0.0,0.0,1.0
0,185,96,338.33776874823013,530.9215803480802,1.0,0.0,0.0,1.0
0,185,97,338.82440077946166,530.8067358176078,1.0,0.0,0.0,1.0
0,185,98,339.31103281069323,530.6918912871353,1.0,0.0,0.0,1.0
0,185,99,339.7976648419248,530.5770467566628,1.0,0.0,0.0,1.0
0,185,100,340.28429687315634,530.4622022261904,1.0,0.0,0.0,1.0
0,185,101,340.7709289043879,530.3473576957178,1.0,0.0,0.0,1.0
0,185,102,341.2575609356195,530.2325131652453,1.0,0.0,0.0,1.0
0,185,103,341.7441929668511,530.1176686347729,1.0,0.0,0.0,1.0
0,185,104,342.2308249980826,530.0028241043004,1.0,0.0,0.0,1.0
0,185,105,342.7174570293142,529.8879795738279,1.0,0.0,0.0,1.0
0,185,106,343.20408906054575,529.7731350433555,1.0,0.0,0.0,1.0
0,185,107,343.6907210917773,529.658290512883,1.0,0.0,0.0,1.0
0,185,108,344.17735312300886,529.5434459824105,1.0,0.0,0.0,1.0
0,185,109,344.66398515424044,529.4286014519381,1.0,0.0,0.0,1.0
0,185,110,345.150617185472,529.3137569214656,1.0,0.0,0.0,1.0
0,186,0,345.5924072265625,529.19482421875,1.0,0.0,0.0,1.0
0,187,0,371.716552734375,520.1074829101562,1.0,0.0,0.0,1.0
0,187,1,371.2443081615192,520.2717542205188,1.0,0.0,0.0,1.0
0,187,2,370.7720635886634,520.4360255308815,1.0,0.0,0.0,1.0
0,187,3,370.2998190158076,520.600296841244,1.0,0.0,0.0,1.0
0,187,4,369.8275744429518,520.7645681516067,1.0,0.0,0.0,1.0
0,187,5,369.355329870096,520.9288394619692,1.0,0.0,0.0,1.0
0,187,6,368.8830852972402,521.0931107723319,1.0,0.0,0.0,1.0
0,187,7,368.41084072438446,521.2573820826944,1.0,0.0,0.0,1.0
0,187,8,367.93859615152866,521.4216533930571,1.0,0.0,0.0,1.0
0,187,9,367.46635157867286,521.5859247034197,1.0,0.0,0.0,1.0
0,187,10,366.99410700581706,521.7501960137823,1.0,0.0,0.0,1.0
0,187,11,366.52186243296126,521.9144673241449,1.0,0.0,0.0,1.0
0,187,12,366.04961786010546,522.0787386345075,1.0,0.0,0.0,1.0
0,187,13,365.57737328724966,522.2430099448701,1.0,0.0,0.0,1.0
0,187,14,365.10512871439386,522.4072812552326,1.0,0.0,0.0,1.0
0,187,15,364.63288414153806,522.5715525655953,1.0,0.0,0.0,1.0
0,187,16,364.16063956868226,522.7358238759579,1.0,0.0,0.0,1.0
0,187,17,363.68839499582646,522.9000951863205,1.0,0.0,0.0,1.0
0,187,18,363.21615042297066,523.0643664966831,1.0,0.0,0.0,1.0
0,187,19,362.74390585011486,523.2286378070457,1.0,0.0,0.0,1.0
0,187,20,362.27166127725906,523.3929091174083,1.0,0.0,0.0,1.0
0,187,21,361.79941670440326,523.557180427771,1.0,0.0,0.0,1.0
0,187,22,361.3271721315475,523.7214517381335,1.0,0.0,0.0,1.0
0,187,23,360.8549275586917,523.8857230484962,1.0,0.0,0.0,1.0
0,187,24,360.3826829858359,524.0499943588587,1.0,0.0,0.0,1.0
0,187,25,359.9104384129801,524.2142656692214,1.0,0.0,0.0,1.0
0,187,26,359.4381938401243,524.3785369795839,1.0,0.0,0.0,1.0
0,187,27,358.9659492672685,524.5428082899465,1.0,0.0,0.0,1.0
0,187,28,358.4937046944127,524.7070796003092,1.0,0.0,0.0,1.0
0,187,29,358.0214601215569,524.8713509106717,1.0,0.0,0.0,1.0
0,187,30,357.5492155487011,525.0356222210344,1.0,0.0,0.0,1.0
0,187,31,357.0769709758453,525.1998935313969,1.0,0.0,0.0,1.0
0,187,32,356.6047264029895,525.3641648417596,1.0,0.0,0.0,1.0
0,187,33,356.1324818301337,525.5284361521221,1.0,0.0,0.0,1.0
0,187,34,355.6602372572779,525.6927074624848,1.0,0.0,0.0,1.0
0,187,35,355.18799268442217,525.8569787728474,1.0,0.0,0.0,1.0
0,187,36,354.71574811156637,526.02125008321,1.0,0.0,0.0,1.0
0,187,37,354.24350353871057,526.1855213935726,1.0,0.0,0.0,1.0
0,187,38,353.77125896585477,526.3497927039352,1.0,0.0,0.0,1.0
0,187,39,353.29901439299897,526.5140640142978,1.0,0.0,0.0,1.0
0,187,40,352.82676982014317,526.6783353246605,1.0,0.0,0.0,1.0
0,187,41,352.35452524728737,526.842606635023,1.0,0.0,0.0,1.0
0,187,42,351.88228067443157,527.0068779453856,1.0,0.0,0.0,1.0
0,187,43,351.41003610157577,527.1711492557482,1.0,0.0,0.0,1.0
0,187,44,350.93779152871997,527.3354205661108,1.0,0.0,0.0,1.0
0,187,45,350.46554695586417,527.4996918764734,1.0,0.0,0.0,1.0
0,187,46,349.99330238300837,527.663963186836,1.0,0.0,0.0,1.0
0,187,47,349.52105781015257,527.8282344971987,1.0,0.0,0.0,1.0
0,187,48,349.0488132372968,527.9925058075612,1.0,0.0,0.0,1.0
0,187,49,348.576568664441,528.1567771179239,1.0,0.0,0.0,1.0
0,187,50,348.1043240915852,528.3210484282864,1.0,0.0,0.0,1.0
0,187,51,347.6320795187294,528.4853197386491,1.0,0.0,0.0,1.0
0,187,52,347.1598349458736,528.6495910490116,1.0,0.0,0.0,1.0
0,187,53,346.6875903730178,528.8138623593743,1.0,0.0,0.0,1.0
0,187,54,346.215345800162,528.9781336697368,1.0,0.0,0.0,1.0
0,187,55,345.7431012273062,529.1424049800994,1.0,0.0,0.0,1.0
0,187,56,345.9139577986746,529.0829721470379,1.0,0.0,0.0,1.0
0,187,57,346.3862023715304,528.9187008366754,1.0,0.0,0.0,1.0
0,187,58,346.8584469443862,528.7544295263127,1.0,0.0,0.0,1.0
0,187,59,347.330691517242,528.5901582159502,1.0,0.0,0.0,1.0
0,187,60,347.8029360900978,528.4258869055875,1.0,0.0,0.0,1.0
0,187,61,348.2751806629536,528.261615595225,1.0,0.0,0.0,1.0
0,187,62,348.7474252358094,528.0973442848623,1.0,0.0,0.0,1.0
0,187,63,349.2196698086651,527.9330729744997,1.0,0.0,0.0,1.0
0,187,64,349.6919143815209,527.7688016641371,1.0,0.0,0.0,1.0
0,187,65,350.1641589543767,527.6045303537745,1.0,0.0,0.0,1.0
0,187,66,350.6364035272325,527.4402590434119,1.0,0.0,0.0,1.0
0,187,67,351.1086481000883,527.2759877330493,1.0,0.0,0.0,1.0
0,187,68,351.5808926729441,527.1117164226868,1.0,0.0,0.0,1.0
0,187,69,352.0531372457999,526.9474451123241,1.0,0.0,0.0,1.0
0,187,70,352.5253818186557,526.7831738019615,1.0,0.0,0.0,1.0
0,187,71,352.9976263915115,526.6189024915989,1.0,0.0,0.0,1.0
0,187,72,353.4698709643673,526.4546311812363,1.0,0.0,0.0,1.0
0,187,73,353.9421155372231,526.2903598708737,1.0,0.0,0.0,1.0
0,187,74,354.4143601100789,526.1260885605111,1.0,0.0,0.0,1.0
0,187,75,354.8866046829347,525.9618172501484,1.0,0.0,0.0,1.0
0,187,76,355.3588492557905,525.7975459397859,1.0,0.0,0.0,1.0
0,187,77,355.83109382864626,525.6332746294232,1.0,0.0,0.0,1.0
0,187,78,356.30333840150206,525.4690033190607,1.0,0.0,0.0,1.0
0,187,79,356.77558297435786,525.304732008698,1.0,0.0,0.0,1.0
0,187,80,357.24782754721366,525.1404606983355,1.0,0.0,0.0,1.0
0,187,81,357.72007212006946,524.9761893879729,1.0,0.0,0.0,1.0
0,187,82,358.19231669292526,524.8119180776102,1.0,0.0,0.0,1.0
0,187,83,358.66456126578106,524.6476467672477,1.0,0.0,0.0,1.0
0,187,84,359.13680583863686,524.483375456885,1.0,0.0,0.0,1.0
0,187,85,359.60905041149266,524.3191041465225,1.0,0.0,0.0,1.0
0,187,86,360.08129498434846,524.1548328361598,1.0,0.0,0.0,1.0
0,187,87,360.55353955720426,523.9905615257973,1.0,0.0,0.0,1.0
0,187,88,361.02578413006006,523.8262902154346,1.0,0.0,0.0,1.0
0,187,89,361.49802870291586,523.662018905072,1.0,0.0,0.0,1.0
0,187,90,361.97027327577166,523.4977475947094,1.0,0.0,0.0,1.0
0,187,91,362.4425178486274,523.3334762843468,1.0,0.0,0.0,1.0
0,187,92,362.9147624214832,523.1692049739842,1.0,0.0,0.0,1.0
0,187,93,363.387006994339,523.0049336636216,1.0,0.0,0.0,1.0
0,187,94,363.8592515671948,522.8406623532591,1.0,0.0,0.0,1.0
0,187,95,364.3314961400506,522.6763910428964,1.0,0.0,0.0,1.0
0,187,96,364.8037407129064,522.5121197325338,1.0,0.0,0.0,1.0
0,187,97,365.2759852857622,522.3478484221712,1.0,0.0,0.0,1.0
0,187,98,365.748229858618,522.1835771118086,1.0,0.0,0.0,1.0
0,187,99,366.2204744314738,522.019305801446,1.0,0.0,0.0,1.0
0,187,100,366.6927190043296,521.8550344910834,1.0,0.0,0.0,1.0
0,187,101,367.1649635771854,521.6907631807208,1.0,0.0,0.0,1.0
0,187,102,367.6372081500412,521.5264918703582,1.0,0.0,0.0,1.0
0,187,103,368.109452722897,521.3622205599955,1.0,0.0,0.0,1.0
0,187,104,368.58169729575275,521.197949249633,1.0,0.0,0.0,1.0
0,187,105,369.05394186860855,521.0336779392703,1.0,0.0,0.0,1.0
0,187,106,369.52618644146435,520.8694066289078,1.0,0.0,0.0,1.0
0,187,107,369.99843101432015,520.7051353185452,1.0,0.0,0.0,1.0
0,187,108,370.47067558717595,520.5408640081826,1.0,0.0,0.0,1.0
0,187,109,370.94292016003175,520.37659269782,1.0,0.0,0.0,1.0
0,187,110,371.41516473288755,520.2123213874573,1.0,0.0,0.0,1.0
0,188,0,371.8424377441406,520.048583984375,1.0,0.0,0.0,1.0
0,189,0,396.89373779296875,508.3232727050781,1.0,0.0,0.0,1.0
0,189,1,396.44088692476504,508.53523046305634,1.0,0.0,0.0,1.0
0,189,2,395.9880360565613,508.7471882210345,1.0,0.0,0.0,1.0
0,189,3,395.5351851883576,508.9591459790127,1.0,0.0,0.0,1.0
0,189,4,395.0823343201539,509.17110373699086,1.0,0.0,0.0,1.0
0,189,5,394.62948345195014,509.38306149496907,1.0,0.0,0.0,1.0
0,189,6,394.1766325837464,509.5950192529472,1.0,0.0,0.0,1.0
0,189,7,393.7237817155427,509.80697701092544,1.0,0.0,0.0,1.0
0,189,8,393.270930847339,510.0189347689036,1.0,0.0,0.0,1.0
0,189,9,392.8180799791353,510.2308925268818,1.0,0.0,0.0,1.0
0,189,10,392.3652291109316,510.44285028485996,1.0,0.0,0.0,1.0
0,189,11,391.91237824272787,510.65480804283817,1.0,0.0,0.0,1.0
0,189,12,391.45952737452416,510.8667658008164,1.0,0.0,0.0,1.0
0,189,13,391.00667650632045,511.07872355879454,1.0,0.0,0.0,1.0
0,189,14,390.5538256381167,511.29068131677275,1.0,0.0,0.0,1.0
0,189,15,390.10097476991297,511.5026390747509,1.0,0.0,0.0,1.0
0,189,16,389.64812390170925,511.7145968327291,1.0,0.0,0.0,1.0
0,189,17,389.19527303350554,511.92655459070727,1.0,0.0,0.0,1.0
0,189,18,388.74242216530183,512.1385123486855,1.0,0.0,0.0,1.0
0,189,19,388.2895712970981,512.3504701066637,1.0,0.0,0.0,1.0
0,189,20,387.8367204288944,512.5624278646418,1.0,0.0,0.0,1.0
0,189,21,387.3838695606907,512.77438562262,1.0,0.0,0.0,1.0
0,189,22,386.931018692487,512.9863433805982,1.0,0.0,0.0,1.0
0,189,23,386.4781678242832,513.1983011385764,1.0,0.0,0.0,1.0
0,189,24,386.0253169560795,513.4102588965546,1.0,0.0,0.0,1.0
0,189,25,385.5724660878758,513.6222166545327,1.0,0.0,0.0,1.0
0,189,26,385.1196152196721,513.834174412511,1.0,0.0,0.0,1.0
0,189,27,384.6667643514684,514.0461321704892,1.0,0.0,0.0,1.0
0,189,28,384.21391348326466,514.2580899284674,1.0,0.0,0.0,1.0
0,189,29,383.76106261506095,514.4700476864455,1.0,0.0,0.0,1.0
0,189,30,383.30821174685724,514.6820054444237,1.0,0.0,0.0,1.0
0,189,31,382.8553608786535,514.8939632024019,1.0,0.0,0.0,1.0
0,189,32,382.4025100104498,515.1059209603801,1.0,0.0,0.0,1.0
0,189,33,381.94965914224605,515.3178787183583,1.0,0.0,0.0,1.0
0,189,34,381.49680827404234,515.5298364763364,1.0,0.0,0.0,1.0
0,189,35,381.0439574058386,515.7417942343146,1.0,0.0,0.0,1.0
0,189,36,380.5911065376349,515.9537519922928,1.0,0.0,0.0,1.0
0,189,37,380.1382556694312,516.165709750271,1.0,0.0,0.0,1.0
0,189,38,379.6854048012275,516.3776675082491,1.0,0.0,0.0,1.0
0,189,39,379.2325539330238,516.5896252662274,1.0,0.0,0.0,1.0
0,189,40,378.77970306482007,516.8015830242056,1.0,0.0,0.0,1.0
0,189,41,378.32685219661636,517.0135407821838,1.0,0.0,0.0,1.0
0,189,42,377.8740013284126,517.225498540162,1.0,0.0,0.0,1.0
0,189,43,377.4211504602089,517.4374562981401,1.0,0.0,0.0,1.0
0,189,44,376.96829959200517,517.6494140561183,1.0,0.0,0.0,1.0
0,189,45,376.51544872380146,517.8613718140965,1.0,0.0,0.0,1.0
0,189,46,376.06259785559774,518.0733295720747,1.0,0.0,0.0,1.0
0,189,47,375.60974698739403,518.2852873300528,1.0,0.0,0.0,1.0
0,189,48,375.1568961191903,518.497245088031,1.0,0.0,0.0,1.0
0,189,49,374.7040452509866,518.7092028460092,1.0,0.0,0.0,1.0
0,189,50,374.2511943827829,518.9211606039875,1.0,0.0,0.0,1.0
0,189,51,373.7983435145792,519.1331183619656,1.0,0.0,0.0,1.0
0,189,52,373.3454926463754,519.3450761199438,1.0,0.0,0.0,1.0
0,189,53,372.8926417781717,519.557033877922,1.0,0.0,0.0,1.0
0,189,54,372.439790909968,519.7689916359002,1.0,0.0,0.0,1.0
0,189,55,371.9869400417643,519.9809493938784,1.0,0.0,0.0,1.0
0,189,56,372.1507863147207,519.9042608168935,1.0,0.0,0.0,1.0
0,189,57,372.6036371829244,519.6923030589153,1.0,0.0,0.0,1.0
0,189,58,373.0564880511281,519.4803453009371,1.0,0.0,0.0,1.0
0,189,59,373.5093389193318,519.2683875429589,1.0,0.0,0.0,1.0
0,189,60,373.9621897875355,519.0564297849808,1.0,0.0,0.0,1.0
0,189,61,374.4150406557393,518.8444720270026,1.0,0.0,0.0,1.0
0,189,62,374.867891523943,518.6325142690243,1.0,0.0,0.0,1.0
0,189,63,375.3207423921467,518.4205565110461,1.0,0.0,0.0,1.0
0,189,64,375.7735932603504,518.2085987530679,1.0,0.0,0.0,1.0
0,189,65,376.22644412855414,517.9966409950898,1.0,0.0,0.0,1.0
0,189,66,376.67929499675785,517.7846832371116,1.0,0.0,0.0,1.0
0,189,67,377.13214586496156,517.5727254791334,1.0,0.0,0.0,1.0
0,189,68,377.58499673316527,517.3607677211552,1.0,0.0,0.0,1.0
0,189,69,378.037847601369,517.1488099631771,1.0,0.0,0.0,1.0
0,189,70,378.49069846957275,516.9368522051989,1.0,0.0,0.0,1.0
0,189,71,378.94354933777646,516.7248944472207,1.0,0.0,0.0,1.0
0,189,72,379.39640020598017,516.5129366892425,1.0,0.0,0.0,1.0
0,189,73,379.8492510741839,516.3009789312642,1.0,0.0,0.0,1.0
0,189,74,380.3021019423876,516.0890211732861,1.0,0.0,0.0,1.0
0,189,75,380.7549528105913,515.8770634153079,1.0,0.0,0.0,1.0
0,189,76,381.207803678795,515.6651056573297,1.0,0.0,0.0,1.0
0,189,77,381.6606545469987,515.4531478993515,1.0,0.0,0.0,1.0
0,189,78,382.11350541520244,515.2411901413734,1.0,0.0,0.0,1.0
0,189,79,382.5663562834062,515.0292323833952,1.0,0.0,0.0,1.0
0,189,80,383.0192071516099,514.817274625417,1.0,0.0,0.0,1.0
0,189,81,383.47205801981363,514.6053168674388,1.0,0.0,0.0,1.0
0,189,82,383.92490888801734,514.3933591094607,1.0,0.0,0.0,1.0
0,189,83,384.37775975622105,514.1814013514825,1.0,0.0,0.0,1.0
0,189,84,384.83061062442476,513.9694435935043,1.0,0.0,0.0,1.0
0,189,85,385.2834614926285,513.757485835526,1.0,0.0,0.0,1.0
0,189,86,385.7363123608322,513.5455280775478,1.0,0.0,0.0,1.0
0,189,87,386.1891632290359,513.3335703195697,1.0,0.0,0.0,1.0
0,189,88,386.64201409723967,513.1216125615915,1.0,0.0,0.0,1.0
0,189,89,387.0948649654434,512.9096548036133,1.0,0.0,0.0,1.0
0,189,90,387.5477158336471,512.6976970456351,1.0,0.0,0.0,1.0
0,189,91,388.0005667018508,512.485739287657,1.0,0.0,0.0,1.0
0,189,92,388.4534175700545,512.2737815296788,1.0,0.0,0.0,1.0
0,189,93,388.9062684382582,512.0618237717006,1.0,0.0,0.0,1.0
0,189,94,389.35911930646193,511.84986601372236,1.0,0.0,0.0,1.0
0,189,95,389.81197017466565,511.6379082557442,1.0,0.0,0.0,1.0
0,189,96,390.26482104286936,511.425950497766,1.0,0.0,0.0,1.0
0,189,97,390.7176719110731,511.21399273978784,1.0,0.0,0.0,1.0
0,189,98,391.17052277927684,511.00203498180963,1.0,0.0,0.0,1.0
0,189,99,391.62337364748055,510.7900772238315,1.0,0.0,0.0,1.0
0,189,100,392.07622451568426,510.57811946585326,1.0,0.0,0.0,1.0
0,189,101,392.52907538388797,510.3661617078751,1.0,0.0,0.0,1.0
0,189,102,392.9819262520917,510.1542039498969,1.0,0.0,0.0,1.0
0,189,103,393.4347771202954,509.94224619191874,1.0,0.0,0.0,1.0
0,189,104,393.8876279884991,509.73028843394053,1.0,0.0,0.0,1.0
0,189,105,394.3404788567028,509.5183306759623,1.0,0.0,0.0,1.0
0,189,106,394.7933297249065,509.30637291798416,1.0,0.0,0.0,1.0
0,189,107,395.2461805931103,509.09441516000595,1.0,0.0,0.0,1.0
0,189,108,395.699031461314,508.8824574020278,1.0,0.0,0.0,1.0
0,189,109,396.1518823295177,508.6704996440496,1.0,0.0,0.0,1.0
0,189,110,396.60473319772143,508.45854188607143,1.0,0.0,0.0,1.0
0,190,0,397.0129089355469,508.251708984375,1.0,0.0,0.0,1.0
0,191,0,420.725830078125,494.0128173828125,1.0,0.0,0.0,1.0
0,191,1,420.2971724751452,494.27021330237534,1.0,0.0,0.0,1.0
0,191,2,419.8685148721654,494.5276092219382,1.0,0.0,0.0,1.0
0,191,3,419.43985726918555,494.785005141501,1.0,0.0,0.0,1.0
0,191,4,419.01119966620575,495.04240106106386,1.0,0.0,0.0,1.0
0,191,5,418.58254206322596,495.29979698062675,1.0,0.0,0.0,1.0
0,191,6,418.15388446024616,495.5571929001896,1.0,0.0,0.0,1.0
0,191,7,417.7252268572663,495.81458881975243,1.0,0.0,0.0,1.0
0,191,8,417.2965692542865,496.07198473931527,1.0,0.0,0.0,1.0
0,191,9,416.8679116513067,496.3293806588781,1.0,0.0,0.0,1.0
0,191,10,416.4392540483269,496.58677657844095,1.0,0.0,0.0,1.0
0,191,11,416.01059644534706,496.8441724980038,1.0,0.0,0.0,1.0
0,191,12,415.58193884236726,497.1015684175666,1.0,0.0,0.0,1.0
0,191,13,415.15328123938747,497.3589643371295,1.0,0.0,0.0,1.0
0,191,14,414.72462363640767,497.61636025669236,1.0,0.0,0.0,1.0
0,191,15,414.2959660334278,497.8737561762552,1.0,0.0,0.0,1.0
0,191,16,413.867308430448,498.13115209581804,1.0,0.0,0.0,1.0
0,191,17,413.4386508274682,498.3885480153809,1.0,0.0,0.0,1.0
0,191,18,413.0099932244884,498.6459439349437,1.0,0.0,0.0,1.0
0,191,19,412.5813356215086,498.90333985450656,1.0,0.0,0.0,1.0
0,191,20,412.1526780185288,499.1607357740694,1.0,0.0,0.0,1.0
0,191,21,411.724020415549,499.41813169363223,1.0,0.0,0.0,1.0
0,191,22,411.2953628125692,499.67552761319513,1.0,0.0,0.0,1.0
0,191,23,410.8667052095893,499.93292353275797,1.0,0.0,0.0,1.0
0,191,24,410.43804760660953,500.1903194523208,1.0,0.0,0.0,1.0
0,191,25,410.00939000362973,500.44771537188365,1.0,0.0,0.0,1.0
0,191,26,409.58073240064994,500.7051112914465,1.0,0.0,0.0,1.0
0,191,27,409.1520747976701,500.9625072110093,1.0,0.0,0.0,1.0
0,191,28,408.7234171946903,501.21990313057216,1.0,0.0,0.0,1.0
0,191,29,408.2947595917105,501.477299050135,1.0,0.0,0.0,1.0
0,191,30,407.8661019887307,501.73469496969784,1.0,0.0,0.0,1.0
0,191,31,407.43744438575084,501.99209088926074,1.0,0.0,0.0,1.0
0,191,32,407.00878678277104,502.2494868088236,1.0,0.0,0.0,1.0
0,191,33,406.58012917979124,502.5068827283864,1.0,0.0,0.0,1.0
0,191,34,406.15147157681145,502.76427864794925,1.0,0.0,0.0,1.0
0,191,35,405.72281397383165,503.0216745675121,1.0,0.0,0.0,1.0
0,191,36,405.2941563708518,503.27907048707493,1.0,0.0,0.0,1.0
0,191,37,404.865498767872,503.53646640663777,1.0,0.0,0.0,1.0
0,191,38,404.4368411648922,503.7938623262006,1.0,0.0,0.0,1.0
0,191,39,404.0081835619124,504.0512582457635,1.0,0.0,0.0,1.0
0,191,40,403.57952595893255,504.30865416532635,1.0,0.0,0.0,1.0
0,191,41,403.15086835595275,504.5660500848892,1.0,0.0,0.0,1.0
0,191,42,402.72221075297296,504.823446004452,1.0,0.0,0.0,1.0
0,191,43,402.29355314999316,505.08084192401486,1.0,0.0,0.0,1.0
0,191,44,401.8648955470133,505.3382378435777,1.0,0.0,0.0,1.0
0,191,45,401.4362379440335,505.59563376314054,1.0,0.0,0.0,1.0
0,191,46,401.0075803410537,505.8530296827034,1.0,0.0,0.0,1.0
0,191,47,400.5789227380739,506.1104256022662,1.0,0.0,0.0,1.0
0,191,48,400.15026513509406,506.3678215218291,1.0,0.0,0.0,1.0
0,191,49,399.72160753211426,506.62521744139195,1.0,0.0,0.0,1.0
0,191,50,399.29294992913447,506.8826133609548,1.0,0.0,0.0,1.0
0,191,51,398.86429232615467,507.14000928051763,1.0,0.0,0.0,1.0
0,191,52,398.4356347231748,507.39740520008047,1.0,0.0,0.0,1.0
0,191,53,398.006977120195,507.6548011196433,1.0,0.0,0.0,1.0
0,191,54,397.5783195172152,507.91219703920615,1.0,0.0,0.0,1.0
0,191,55,397.1496619142354,508.169592958769,1.0,0.0,0.0,1.0
0,191,56,397.3048135598382,508.0764290904181,1.0,0.0,0.0,1.0
0,191,57,397.733471162818,507.8190331708553,1.0,0.0,0.0,1.0
0,191,58,398.1621287657978,507.56163725129244,1.0,0.0,0.0,1.0
0,191,59,398.5907863687776,507.3042413317296,1.0,0.0,0.0,1.0
0,191,60,399.0194439717574,507.04684541216676,1.0,0.0,0.0,1.0
0,191,61,399.4481015747372,506.7894494926039,1.0,0.0,0.0,1.0
0,191,62,399.876759177717,506.5320535730411,1.0,0.0,0.0,1.0
0,191,63,400.3054167806968,506.27465765347824,1.0,0.0,0.0,1.0
0,191,64,400.7340743836766,506.0172617339154,1.0,0.0,0.0,1.0
0,191,65,401.16273198665647,505.7598658143525,1.0,0.0,0.0,1.0
0,191,66,401.59138958963626,505.50246989478967,1.0,0.0,0.0,1.0
0,191,67,402.02004719261606,505.24507397522683,1.0,0.0,0.0,1.0
0,191,68,402.44870479559586,504.987678055664,1.0,0.0,0.0,1.0
0,191,69,402.8773623985757,504.73028213610115,1.0,0.0,0.0,1.0
0,191,70,403.3060200015555,504.4728862165383,1.0,0.0,0.0,1.0
0,191,71,403.7346776045353,504.2154902969755,1.0,0.0,0.0,1.0
0,191,72,404.1633352075151,503.95809437741264,1.0,0.0,0.0,1.0
0,191,73,404.59199281049496,503.7006984578498,1.0,0.0,0.0,1.0
0,191,74,405.02065041347475,503.4433025382869,1.0,0.0,0.0,1.0
0,191,75,405.44930801645455,503.18590661872406,1.0,0.0,0.0,1.0
0,191,76,405.87796561943435,502.9285106991612,1.0,0.0,0.0,1.0
0,191,77,406.3066232224142,502.6711147795984,1.0,0.0,0.0,1.0
0,191,78,406.735280825394,502.41371886003554,1.0,0.0,0.0,1.0
0,191,79,407.1639384283738,502.1563229404727,1.0,0.0,0.0,1.0
0,191,80,407.5925960313536,501.89892702090987,1.0,0.0,0.0,1.0
0,191,81,408.02125363433345,501.641531101347,1.0,0.0,0.0,1.0
0,191,82,408.44991123731324,501.38413518178413,1.0,0.0,0.0,1.0
0,191,83,408.87856884029304,501.1267392622213,1.0,0.0,0.0,1.0
0,191,84,409.30722644327284,500.86934334265845,1.0,0.0,0.0,1.0
0,191,85,409.7358840462527,500.6119474230956,1.0,0.0,0.0,1.0
0,191,86,410.1645416492325,500.3545515035328,1.0,0.0,0.0,1.0
0,191,87,410.5931992522123,500.09715558396994,1.0,0.0,0.0,1.0
0,191,88,411.0218568551921,499.8397596644071,1.0,0.0,0.0,1.0
0,191,89,411.45051445817194,499.58236374484426,1.0,0.0,0.0,1.0
0,191,90,411.87917206115173,499.3249678252814,1.0,0.0,0.0,1.0
0,191,91,412.30782966413153,499.0675719057185,1.0,0.0,0.0,1.0
0,191,92,412.73648726711133,498.8101759861557,1.0,0.0,0.0,1.0
0,191,93,413.1651448700911,498.55278006659285,1.0,0.0,0.0,1.0
0,191,94,413.593802473071,498.29538414703,1.0,0.0,0.0,1.0
0,191,95,414.0224600760508,498.03798822746717,1.0,0.0,0.0,1.0
0,191,96,414.4511176790306,497.7805923079043,1.0,0.0,0.0,1.0
0,191,97,414.8797752820104,497.5231963883415,1.0,0.0,0.0,1.0
0,191,98,415.3084328849902,497.26580046877865,1.0,0.0,0.0,1.0
0,191,99,415.73709048797,497.0084045492158,1.0,0.0,0.0,1.0
0,191,100,416.1657480909498,496.7510086296529,1.0,0.0,0.0,1.0
0,191,101,416.5944056939296,496.4936127100901,1.0,0.0,0.0,1.0
0,191,102,417.02306329690947,496.23621679052724,1.0,0.0,0.0,1.0
0,191,103,417.45172089988927,495.9788208709644,1.0,0.0,0.0,1.0
0,191,104,417.88037850286906,495.72142495140156,1.0,0.0,0.0,1.0
0,191,105,418.30903610584886,495.4640290318387,1.0,0.0,0.0,1.0
0,191,106,418.7376937088287,495.2066331122759,1.0,0.0,0.0,1.0
0,191,107,419.1663513118085,494.94923719271304,1.0,0.0,0.0,1.0
0,191,108,419.5950089147883,494.69184127315015,1.0,0.0,0.0,1.0
0,191,109,420.0236665177681,494.4344453535873,1.0,0.0,0.0,1.0
0,191,110,420.45232412074796,494.17704943402447,1.0,0.0,0.0,1.0
0,192,0,420.8370056152344,493.92938232421875,1.0,0.0,0.0,1.0
0,193,0,442.9601745605469,477.3277282714844,1.0,0.0,0.0,1.0
0,193,1,442.5602550738787,477.62783559259304,1.0,0.0,0.0,1.0
0,193,2,442.16033558721045,477.92794291370177,1.0,0.0,0.0,1.0
0,193,3,441.7604161005423,478.22805023481044,1.0,0.0,0.0,1.0
0,193,4,441.36049661387403,478.52815755591917,1.0,0.0,0.0,1.0
0,193,5,440.96057712720585,478.82826487702783,1.0,0.0,0.0,1.0
0,193,6,440.5606576405376,479.1283721981365,1.0,0.0,0.0,1.0
0,193,7,440.16073815386943,479.42847951924523,1.0,0.0,0.0,1.0
0,193,8,439.7608186672012,479.7285868403539,1.0,0.0,0.0,1.0
0,193,9,439.360899180533,480.0286941614626,1.0,0.0,0.0,1.0
0,193,10,438.9609796938648,480.3288014825713,1.0,0.0,0.0,1.0
0,193,11,438.5610602071966,480.62890880367996,1.0,0.0,0.0,1.0
0,193,12,438.16114072052835,480.9290161247887,1.0,0.0,0.0,1.0
0,193,13,437.76122123386017,481.22912344589736,1.0,0.0,0.0,1.0
0,193,14,437.36130174719193,481.5292307670061,1.0,0.0,0.0,1.0
0,193,15,436.96138226052375,481.82933808811475,1.0,0.0,0.0,1.0
0,193,16,436.5614627738555,482.1294454092234,1.0,0.0,0.0,1.0
0,193,17,436.1615432871873,482.42955273033215,1.0,0.0,0.0,1.0
0,193,18,435.7616238005191,482.7296600514408,1.0,0.0,0.0,1.0
0,193,19,435.3617043138509,483.02976737254954,1.0,0.0,0.0,1.0
0,193,20,434.96178482718267,483.3298746936582,1.0,0.0,0.0,1.0
0,193,21,434.5618653405145,483.6299820147669,1.0,0.0,0.0,1.0
0,193,22,434.16194585384625,483.9300893358756,1.0,0.0,0.0,1.0
0,193,23,433.76202636717807,484.2301966569843,1.0,0.0,0.0,1.0
0,193,24,433.3621068805098,484.530303978093,1.0,0.0,0.0,1.0
0,193,25,432.96218739384165,484.83041129920167,1.0,0.0,0.0,1.0
0,193,26,432.5622679071734,485.13051862031034,1.0,0.0,0.0,1.0
0,193,27,432.1623484205052,485.43062594141907,1.0,0.0,0.0,1.0
0,193,28,431.762428933837,485.73073326252774,1.0,0.0,0.0,1.0
0,193,29,431.3625094471688,486.03084058363646,1.0,0.0,0.0,1.0
0,193,30,430.96258996050057,486.33094790474513,1.0,0.0,0.0,1.0
0,193,31,430.5626704738324,486.6310552258538,1.0,0.0,0.0,1.0
0,193,32,430.16275098716415,486.9311625469625,1.0,0.0,0.0,1.0
0,193,33,429.76283150049596,487.2312698680712,1.0,0.0,0.0,1.0
0,193,34,429.3629120138277,487.5313771891799,1.0,0.0,0.0,1.0
0,193,35,428.96299252715954,487.8314845102886,1.0,0.0,0.0,1.0
0,193,36,428.5630730404913,488.13159183139726,1.0,0.0,0.0,1.0
0,193,37,428.1631535538231,488.431699152506,1.0,0.0,0.0,1.0
0,193,38,427.7632340671549,488.73180647361465,1.0,0.0,0.0,1.0
0,193,39,427.3633145804867,489.0319137947234,1.0,0.0,0.0,1.0
0,193,40,426.96339509381846,489.33202111583205,1.0,0.0,0.0,1.0
0,193,41,426.5634756071503,489.6321284369407,1.0,0.0,0.0,1.0
0,193,42,426.16355612048204,489.93223575804944,1.0,0.0,0.0,1.0
0,193,43,425.76363663381386,490.2323430791581,1.0,0.0,0.0,1.0
0,193,44,425.3637171471456,490.53245040026684,1.0,0.0,0.0,1.0
0,193,45,424.96379766047744,490.8325577213755,1.0,0.0,0.0,1.0
0,193,46,424.5638781738092,491.1326650424842,1.0,0.0,0.0,1.0
0,193,47,424.163958687141,491.4327723635929,1.0,0.0,0.0,1.0
0,193,48,423.7640392004728,491.7328796847016,1.0,0.0,0.0,1.0
0,193,49,423.3641197138046,492.0329870058103,1.0,0.0,0.0,1.0
0,193,50,422.96420022713636,492.33309432691897,1.0,0.0,0.0,1.0
0,193,51,422.5642807404682,492.63320164802764,1.0,0.0,0.0,1.0
0,193,52,422.16436125379994,492.93330896913636,1.0,0.0,0.0,1.0
0,193,53,421.76444176713176,493.23341629024503,1.0,0.0,0.0,1.0
0,193,54,421.3645222804635,493.53352361135376,1.0,0.0,0.0,1.0
0,193,55,420.96460279379534,493.8336309324624,1.0,0.0,0.0,1.0
0,193,56,421.10932792334165,493.7250263948664,1.0,0.0,0.0,1.0
0,193,57,421.50924741000983,493.4249190737577,1.0,0.0,0.0,1.0
0,193,58,421.9091668966781,493.124811752649,1.0,0.0,0.0,1.0
0,193,59,422.30908638334625,492.8247044315403,1.0,0.0,0.0,1.0
0,193,60,422.7090058700145,492.5245971104316,1.0,0.0,0.0,1.0
0,193,61,423.1089253566827,492.22448978932294,1.0,0.0,0.0,1.0
0,193,62,423.5088448433509,491.9243824682142,1.0,0.0,0.0,1.0
0,193,63,423.9087643300191,491.62427514710555,1.0,0.0,0.0,1.0
0,193,64,424.30868381668733,491.3241678259968,1.0,0.0,0.0,1.0
0,193,65,424.7086033033555,491.02406050488815,1.0,0.0,0.0,1.0
0,193,66,425.10852279002376,490.7239531837795,1.0,0.0,0.0,1.0
0,193,67,425.50844227669194,490.42384586267076,1.0,0.0,0.0,1.0
0,193,68,425.9083617633602,490.1237385415621,1.0,0.0,0.0,1.0
0,193,69,426.30828125002836,489.82363122045336,1.0,0.0,0.0,1.0
0,193,70,426.7082007366966,489.5235238993447,1.0,0.0,0.0,1.0
0,193,71,427.1081202233648,489.223416578236,1.0,0.0,0.0,1.0
0,193,72,427.50803971003296,488.9233092571273,1.0,0.0,0.0,1.0
0,193,73,427.9079591967012,488.62320193601863,1.0,0.0,0.0,1.0
0,193,74,428.3078786833694,488.3230946149099,1.0,0.0,0.0,1.0
0,193,75,428.7077981700376,488.02298729380124,1.0,0.0,0.0,1.0
0,193,76,429.1077176567058,487.72287997269257,1.0,0.0,0.0,1.0
0,193,77,429.50763714337404,487.42277265158384,1.0,0.0,0.0,1.0
0,193,78,429.9075566300422,487.1226653304752,1.0,0.0,0.0,1.0
0,193,79,430.30747611671046,486.82255800936645,1.0,0.0,0.0,1.0
0,193,80,430.70739560337864,486.5224506882578,1.0,0.0,0.0,1.0
0,193,81,431.1073150900469,486.2223433671491,1.0,0.0,0.0,1.0
0,193,82,431.50723457671506,485.9222360460404,1.0,0.0,0.0,1.0
0,193,83,431.9071540633833,485.6221287249317,1.0,0.0,0.0,1.0
0,193,84,432.3070735500515,485.322021403823,1.0,0.0,0.0,1.0
0,193,85,432.7069930367197,485.0219140827143,1.0,0.0,0.0,1.0
0,193,86,433.1069125233879,484.72180676160565,1.0,0.0,0.0,1.0
0,193,87,433.50683201005614,484.4216994404969,1.0,0.0,0.0,1.0
0,193,88,433.9067514967243,484.12159211938825,1.0,0.0,0.0,1.0
0,193,89,434.30667098339256,483.8214847982795,1.0,0.0,0.0,1.0
0,193,90,434.70659047006075,483.52137747717086,1.0,0.0,0.0,1.0
0,193,91,435.106509956729,483.2212701560622,1.0,0.0,0.0,1.0
0,193,92,435.50642944339717,482.92116283495346,1.0,0.0,0.0,1.0
0,193,93,435.9063489300654,482.6210555138448,1.0,0.0,0.0,1.0
0,193,94,436.3062684167336,482.32094819273607,1.0,0.0,0.0,1.0
0,193,95,436.7061879034018,482.0208408716274,1.0,0.0,0.0,1.0
0,193,96,437.10610739007,481.72073355051873,1.0,0.0,0.0,1.0
0,193,97,437.50602687673825,481.42062622941,1.0,0.0,0.0,1.0
0,193,98,437.90594636340643,481.12051890830134,1.0,0.0,0.0,1.0
0,193,99,438.30586585007467,480.8204115871926,1.0,0.0,0.0,1.0
0,193,100,438.70578533674285,480.52030426608394,1.0,0.0,0.0,1.0
0,193,101,439.1057048234111,480.22019694497527,1.0,0.0,0.0,1.0
0,193,102,439.50562431007927,479.92008962386655,1.0,0.0,0.0,1.0
0,193,103,439.9055437967475,479.6199823027579,1.0,0.0,0.0,1.0
0,193,104,440.3054632834157,479.31987498164915,1.0,0.0,0.0,1.0
0,193,105,440.70538277008393,479.0197676605405,1.0,0.0,0.0,1.0
0,193,106,441.1053022567521,478.7196603394318,1.0,0.0,0.0,1.0
0,193,107,441.50522174342035,478.4195530183231,1.0,0.0,0.0,1.0
0,193,108,441.90514123008853,478.1194456972144,1.0,0.0,0.0,1.0
0,193,109,442.30506071675677,477.8193383761057,1.0,0.0,0.0,1.0
0,193,110,442.70498020342495,477.519231054997,1.0,0.0,0.0,1.0
0,194,0,443.0621643066406,477.2333068847656,1.0,0.0,0.0,1.0
0,195,0,463.3611145019531,458.4449462890625,1.0,0.0,0.0,1.0
0,195,1,462.9941714162888,458.7845825237065,1.0,0.0,0.0,1.0
0,195,2,462.62722833062446,459.1242187583504,1.0,0.0,0.0,1.0
0,195,3,462.26028524496013,459.4638549929944,1.0,0.0,0.0,1.0
0,195,4,461.8933421592958,459.8034912276384,1.0,0.0,0.0,1.0
0,195,5,461.52639907363147,460.1431274622824,1.0,0.0,0.0,1.0
0,195,6,461.15945598796714,460.4827636969263,1.0,0.0,0.0,1.0
0,195,7,460.7925129023028,460.8223999315703,1.0,0.0,0.0,1.0
0,195,8,460.4255698166385,461.1620361662143,1.0,0.0,0.0,1.0
0,195,9,460.05862673097414,461.50167240085824,1.0,0.0,0.0,1.0
0,195,10,459.69168364530975,461.84130863550223,1.0,0.0,0.0,1.0
0,195,11,459.3247405596454,462.1809448701462,1.0,0.0,0.0,1.0
0,195,12,458.9577974739811,462.5205811047902,1.0,0.0,0.0,1.0
0,195,13,458.59085438831676,462.86021733943414,1.0,0.0,0.0,1.0
0,195,14,458.2239113026524,463.19985357407813,1.0,0.0,0.0,1.0
0,195,15,457.8569682169881,463.5394898087221,1.0,0.0,0.0,1.0
0,195,16,457.49002513132376,463.8791260433661,1.0,0.0,0.0,1.0
0,195,17,457.12308204565943,464.21876227801005,1.0,0.0,0.0,1.0
0,195,18,456.7561389599951,464.55839851265404,1.0,0.0,0.0,1.0
0,195,19,456.38919587433077,464.898034747298,1.0,0.0,0.0,1.0
0,195,20,456.02225278866644,465.23767098194196,1.0,0.0,0.0,1.0
0,195,21,455.6553097030021,465.57730721658595,1.0,0.0,0.0,1.0
0,195,22,455.2883666173378,465.91694345122994,1.0,0.0,0.0,1.0
0,195,23,454.92142353167344,466.25657968587393,1.0,0.0,0.0,1.0
0,195,24,454.5544804460091,466.59621592051786,1.0,0.0,0.0,1.0
0,195,25,454.1875373603448,466.93585215516185,1.0,0.0,0.0,1.0
0,195,26,453.82059427468045,467.27548838980584,1.0,0.0,0.0,1.0
0,195,27,453.4536511890161,467.6151246244498,1.0,0.0,0.0,1.0
0,195,28,453.0867081033517,467.95476085909377,1.0,0.0,0.0,1.0
0,195,29,452.7197650176874,468.29439709373776,1.0,0.0,0.0,1.0
0,195,30,452.35282193202306,468.63403332838175,1.0,0.0,0.0,1.0
0,195,31,451.98587884635873,468.9736695630257,1.0,0.0,0.0,1.0
0,195,32,451.6189357606944,469.31330579766967,1.0,0.0,0.0,1.0
0,195,33,451.25199267503007,469.65294203231366,1.0,0.0,0.0,1.0
0,195,34,450.88504958936574,469.9925782669576,1.0,0.0,0.0,1.0
0,195,35,450.5181065037014,470.3322145016016,1.0,0.0,0.0,1.0
0,195,36,450.1511634180371,470.6718507362456,1.0,0.0,0.0,1.0
0,195,37,449.78422033237274,471.01148697088956,1.0,0.0,0.0,1.0
0,195,38,449.4172772467084,471.3511232055335,1.0,0.0,0.0,1.0
0,195,39,449.0503341610441,471.6907594401775,1.0,0.0,0.0,1.0
0,195,40,448.68339107537975,472.0303956748215,1.0,0.0,0.0,1.0
0,195,41,448.3164479897154,472.37003190946547,1.0,0.0,0.0,1.0
0,195,42,447.9495049040511,472.7096681441094,1.0,0.0,0.0,1.0
0,195,43,447.58256181838675,473.0493043787534,1.0,0.0,0.0,1.0
0,195,44,447.2156187327224,473.3889406133974,1.0,0.0,0.0,1.0
0,195,45,446.8486756470581,473.7285768480413,1.0,0.0,0.0,1.0
0,195,46,446.48173256139376,474.0682130826853,1.0,0.0,0.0,1.0
0,195,47,446.11478947572937,474.4078493173293,1.0,0.0,0.0,1.0
0,195,48,445.74784639006504,474.7474855519733,1.0,0.0,0.0,1.0
0,195,49,445.3809033044007,475.0871217866172,1.0,0.0,0.0,1.0
0,195,50,445.0139602187364,475.4267580212612,1.0,0.0,0.0,1.0
0,195,51,444.64701713307204,475.7663942559052,1.0,0.0,0.0,1.0
0,195,52,444.2800740474077,476.1060304905492,1.0,0.0,0.0,1.0
0,195,53,443.9131309617434,476.4456667251931,1.0,0.0,0.0,1.0
0,195,54,443.54618787607905,476.7853029598371,1.0,0.0,0.0,1.0
0,195,55,443.1792447904147,477.1249391944811,1.0,0.0,0.0,1.0
0,195,56,443.31202690853087,477.0020383404062,1.0,0.0,0.0,1.0
0,195,57,443.6789699941952,476.6624021057622,1.0,0.0,0.0,1.0
0,195,58,444.04591307985953,476.32276587111824,1.0,0.0,0.0,1.0
0,195,59,444.41285616552386,475.98312963647425,1.0,0.0,0.0,1.0
0,195,60,444.7797992511882,475.6434934018303,1.0,0.0,0.0,1.0
0,195,61,445.1467423368525,475.3038571671863,1.0,0.0,0.0,1.0
0,195,62,445.51368542251686,474.96422093254233,1.0,0.0,0.0,1.0
0,195,63,445.8806285081812,474.6245846978984,1.0,0.0,0.0,1.0
0,195,64,446.2475715938455,474.2849484632544,1.0,0.0,0.0,1.0
0,195,65,446.61451467950985,473.9453122286104,1.0,0.0,0.0,1.0
0,195,66,446.98145776517424,473.60567599396643,1.0,0.0,0.0,1.0
0,195,67,447.3484008508386,473.2660397593225,1.0,0.0,0.0,1.0
0,195,68,447.7153439365029,472.9264035246785,1.0,0.0,0.0,1.0
0,195,69,448.08228702216724,472.5867672900345,1.0,0.0,0.0,1.0
0,195,70,448.44923010783157,472.2471310553906,1.0,0.0,0.0,1.0
0,195,71,448.8161731934959,471.9074948207466,1.0,0.0,0.0,1.0
0,195,72,449.18311627916023,471.5678585861026,1.0,0.0,0.0,1.0
0,195,73,449.55005936482456,471.2282223514586,1.0,0.0,0.0,1.0
0,195,74,449.9170024504889,470.8885861168147,1.0,0.0,0.0,1.0
0,195,75,450.2839455361532,470.5489498821707,1.0,0.0,0.0,1.0
0,195,76,450.65088862181756,470.2093136475267,1.0,0.0,0.0,1.0
0,195,77,451.0178317074819,469.8696774128827,1.0,0.0,0.0,1.0
0,195,78,451.3847747931462,469.5300411782388,1.0,0.0,0.0,1.0
0,195,79,451.75171787881055,469.1904049435948,1.0,0.0,0.0,1.0
0,195,80,452.1186609644749,468.8507687089508,1.0,0.0,0.0,1.0
0,195,81,452.4856040501392,468.51113247430686,1.0,0.0,0.0,1.0
0,195,82,452.85254713580355,468.1714962396629,1.0,0.0,0.0,1.0
0,195,83,453.2194902214679,467.8318600050189,1.0,0.0,0.0,1.0
0,195,84,453.5864333071322,467.4922237703749,1.0,0.0,0.0,1.0
0,195,85,453.9533763927966,467.15258753573096,1.0,0.0,0.0,1.0
0,195,86,454.32031947846093,466.81295130108697,1.0,0.0,0.0,1.0
0,195,87,454.68726256412526,466.473315066443,1.0,0.0,0.0,1.0
0,195,88,455.0542056497896,466.13367883179905,1.0,0.0,0.0,1.0
0,195,89,455.4211487354539,465.79404259715506,1.0,0.0,0.0,1.0
0,195,90,455.78809182111826,465.45440636251107,1.0,0.0,0.0,1.0
0,195,91,456.1550349067826,465.1147701278671,1.0,0.0,0.0,1.0
0,195,92,456.5219779924469,464.77513389322314,1.0,0.0,0.0,1.0
0,195,93,456.88892107811125,464.43549765857915,1.0,0.0,0.0,1.0
0,195,94,457.2558641637756,464.09586142393516,1.0,0.0,0.0,1.0
0,195,95,457.6228072494399,463.7562251892912,1.0,0.0,0.0,1.0
0,195,96,457.98975033510425,463.41658895464724,1.0,0.0,0.0,1.0
0,195,97,458.3566934207686,463.07695272000325,1.0,0.0,0.0,1.0
0,195,98,458.7236365064329,462.73731648535926,1.0,0.0,0.0,1.0
0,195,99,459.09057959209724,462.3976802507153,1.0,0.0,0.0,1.0
0,195,100,459.4575226777616,462.05804401607134,1.0,0.0,0.0,1.0
0,195,101,459.8244657634259,461.71840778142735,1.0,0.0,0.0,1.0
0,195,102,460.1914088490903,461.37877154678336,1.0,0.0,0.0,1.0
0,195,103,460.55835193475457,461.0391353121394,1.0,0.0,0.0,1.0
0,195,104,460.92529502041896,460.69949907749543,1.0,0.0,0.0,1.0
0,195,105,461.2922381060833,460.35986284285144,1.0,0.0,0.0,1.0
0,195,106,461.6591811917476,460.0202266082075,1.0,0.0,0.0,1.0
0,195,107,462.02612427741195,459.6805903735635,1.0,0.0,0.0,1.0
0,195,108,462.3930673630763,459.3409541389195,1.0,0.0,0.0,1.0
0,195,109,462.7600104487406,459.00131790427554,1.0,0.0,0.0,1.0
0,195,110,463.12695353440495,458.6616816696316,1.0,0.0,0.0,1.0
0,196,0,463.452880859375,458.3405456542969,1.0,0.0,0.0,1.0
0,197,0,481.71234130859375,437.5645751953125,1.0,0.0,0.0,1.0
0,197,1,481.3822657530087,437.9401416043605,1.0,0.0,0.0,1.0
0,197,2,481.05219019742367,438.31570801340854,1.0,0.0,0.0,1.0
0,197,3,480.72211464183863,438.69127442245656,1.0,0.0,0.0,1.0
0,197,4,480.3920390862536,439.06684083150463,1.0,0.0,0.0,1.0
0,197,5,480.06196353066855,439.44240724055265,1.0,0.0,0.0,1.0
0,197,6,479.7318879750835,439.8179736496007,1.0,0.0,0.0,1.0
0,197,7,479.4018124194985,440.1935400586487,1.0,0.0,0.0,1.0
0,197,8,479.0717368639135,440.5691064676967,1.0,0.0,0.0,1.0
0,197,9,478.74166130832845,440.94467287674473,1.0,0.0,0.0,1.0
0,197,10,478.4115857527434,441.32023928579275,1.0,0.0,0.0,1.0
0,197,11,478.08151019715837,441.6958056948408,1.0,0.0,0.0,1.0
0,197,12,477.7514346415733,442.07137210388885,1.0,0.0,0.0,1.0
0,197,13,477.4213590859883,442.44693851293687,1.0,0.0,0.0,1.0
0,197,14,477.09128353040325,442.8225049219849,1.0,0.0,0.0,1.0
0,197,15,476.7612079748182,443.1980713310329,1.0,0.0,0.0,1.0
0,197,16,476.43113241923317,443.5736377400809,1.0,0.0,0.0,1.0
0,197,17,476.1010568636481,443.94920414912895,1.0,0.0,0.0,1.0
0,197,18,475.7709813080631,444.32477055817697,1.0,0.0,0.0,1.0
0,197,19,475.44090575247805,444.700336967225,1.0,0.0,0.0,1.0
0,197,20,475.11083019689306,445.07590337627306,1.0,0.0,0.0,1.0
0,197,21,474.780754641308,445.4514697853211,1.0,0.0,0.0,1.0
0,197,22,474.450679085723,445.8270361943691,1.0,0.0,0.0,1.0
0,197,23,474.12060353013794,446.2026026034171,1.0,0.0,0.0,1.0
0,197,24,473.7905279745529,446.57816901246514,1.0,0.0,0.0,1.0
0,197,25,473.46045241896786,446.95373542151316,1.0,0.0,0.0,1.0
0,197,26,473.1303768633828,447.3293018305612,1.0,0.0,0.0,1.0
0,197,27,472.8003013077978,447.70486823960925,1.0,0.0,0.0,1.0
0,197,28,472.47022575221274,448.0804346486573,1.0,0.0,0.0,1.0
0,197,29,472.1401501966277,448.4560010577053,1.0,0.0,0.0,1.0
0,197,30,471.81007464104266,448.8315674667533,1.0,0.0,0.0,1.0
0,197,31,471.4799990854576,449.20713387580133,1.0,0.0,0.0,1.0
0,197,32,471.1499235298726,449.58270028484935,1.0,0.0,0.0,1.0
0,197,33,470.81984797428754,449.9582666938974,1.0,0.0,0.0,1.0
0,197,34,470.48977241870256,450.3338331029454,1.0,0.0,0.0,1.0
0,197,35,470.1596968631175,450.70939951199347,1.0,0.0,0.0,1.0
0,197,36,469.8296213075325,451.0849659210415,1.0,0.0,0.0,1.0
0,197,37,469.49954575194744,451.4605323300895,1.0,0.0,0.0,1.0
0,197,38,469.1694701963624,451.8360987391375,1.0,0.0,0.0,1.0
0,197,39,468.83939464077736,452.21166514818555,1.0,0.0,0.0,1.0
0,197,40,468.5093190851923,452.58723155723357,1.0,0.0,0.0,1.0
0,197,41,468.1792435296073,452.9627979662816,1.0,0.0,0.0,1.0
0,197,42,467.84916797402224,453.33836437532966,1.0,0.0,0.0,1.0
0,197,43,467.5190924184372,453.7139307843777,1.0,0.0,0.0,1.0
0,197,44,467.18901686285216,454.0894971934257,1.0,0.0,0.0,1.0
0,197,45,466.8589413072671,454.4650636024737,1.0,0.0,0.0,1.0
0,197,46,466.5288657516821,454.84063001152174,1.0,0.0,0.0,1.0
0,197,47,466.1987901960971,455.21619642056976,1.0,0.0,0.0,1.0
0,197,48,465.86871464051205,455.5917628296178,1.0,0.0,0.0,1.0
0,197,49,465.538639084927,455.9673292386658,1.0,0.0,0.0,1.0
0,197,50,465.208563529342,456.3428956477139,1.0,0.0,0.0,1.0
0,197,51,464.87848797375693,456.7184620567619,1.0,0.0,0.0,1.0
0,197,52,464.5484124181719,457.0940284658099,1.0,0.0,0.0,1.0
0,197,53,464.21833686258685,457.46959487485793,1.0,0.0,0.0,1.0
0,197,54,463.8882613070018,457.84516128390595,1.0,0.0,0.0,1.0
0,197,55,463.5581857514168,458.220727692954,1.0,0.0,0.0,1.0
0,197,56,463.67765152291827,458.08479720659176,1.0,0.0,0.0,1.0
0,197,57,464.0077270785033,457.70923079754374,1.0,0.0,0.0,1.0
0,197,58,464.33780263408835,457.33366438849566,1.0,0.0,0.0,1.0
0,197,59,464.6678781896734,456.95809797944764,1.0,0.0,0.0,1.0
0,197,60,464.9979537452584,456.5825315703996,1.0,0.0,0.0,1.0
0,197,61,465.3280293008434,456.2069651613516,1.0,0.0,0.0,1.0
0,197,62,465.65810485642845,455.8313987523036,1.0,0.0,0.0,1.0
0,197,63,465.9881804120135,455.45583234325557,1.0,0.0,0.0,1.0
0,197,64,466.31825596759853,455.08026593420755,1.0,0.0,0.0,1.0
0,197,65,466.6483315231836,454.70469952515947,1.0,0.0,0.0,1.0
0,197,66,466.9784070787686,454.32913311611145,1.0,0.0,0.0,1.0
0,197,67,467.30848263435365,453.95356670706343,1.0,0.0,0.0,1.0
0,197,68,467.6385581899387,453.5780002980154,1.0,0.0,0.0,1.0
0,197,69,467.96863374552373,453.2024338889674,1.0,0.0,0.0,1.0
0,197,70,468.2987093011088,452.8268674799194,1.0,0.0,0.0,1.0
0,197,71,468.6287848566938,452.45130107087135,1.0,0.0,0.0,1.0
0,197,72,468.95886041227885,452.07573466182333,1.0,0.0,0.0,1.0
0,197,73,469.2889359678639,451.70016825277526,1.0,0.0,0.0,1.0
0,197,74,469.6190115234489,451.32460184372724,1.0,0.0,0.0,1.0
0,197,75,469.9490870790339,450.9490354346792,1.0,0.0,0.0,1.0
0,197,76,470.27916263461896,450.5734690256312,1.0,0.0,0.0,1.0
0,197,77,470.609238190204,450.1979026165832,1.0,0.0,0.0,1.0
0,197,78,470.93931374578904,449.82233620753516,1.0,0.0,0.0,1.0
0,197,79,471.2693893013741,449.44676979848714,1.0,0.0,0.0,1.0
0,197,80,471.5994648569591,449.0712033894391,1.0,0.0,0.0,1.0
0,197,81,471.92954041254416,448.69563698039104,1.0,0.0,0.0,1.0
0,197,82,472.2596159681292,448.320070571343,1.0,0.0,0.0,1.0
0,197,83,472.58969152371424,447.944504162295,1.0,0.0,0.0,1.0
0,197,84,472.9197670792993,447.568937753247,1.0,0.0,0.0,1.0
0,197,85,473.2498426348843,447.19337134419897,1.0,0.0,0.0,1.0
0,197,86,473.57991819046936,446.81780493515095,1.0,0.0,0.0,1.0
0,197,87,473.90999374605434,446.4422385261029,1.0,0.0,0.0,1.0
0,197,88,474.2400693016394,446.06667211705485,1.0,0.0,0.0,1.0
0,197,89,474.5701448572244,445.69110570800683,1.0,0.0,0.0,1.0
0,197,90,474.90022041280946,445.3155392989588,1.0,0.0,0.0,1.0
0,197,91,475.2302959683945,444.9399728899108,1.0,0.0,0.0,1.0
0,197,92,475.56037152397954,444.5644064808628,1.0,0.0,0.0,1.0
0,197,93,475.8904470795646,444.18884007181475,1.0,0.0,0.0,1.0
0,197,94,476.2205226351496,443.81327366276673,1.0,0.0,0.0,1.0
0,197,95,476.55059819073466,443.4377072537187,1.0,0.0,0.0,1.0
0,197,96,476.8806737463197,443.06214084467064,1.0,0.0,0.0,1.0
0,197,97,477.21074930190474,442.6865744356226,1.0,0.0,0.0,1.0
0,197,98,477.5408248574898,442.3110080265746,1.0,0.0,0.0,1.0
0,197,99,477.8709004130748,441.9354416175266,1.0,0.0,0.0,1.0
0,197,100,478.2009759686598,441.55987520847856,1.0,0.0,0.0,1.0
0,197,101,478.53105152424484,441.18430879943054,1.0,0.0,0.0,1.0
0,197,102,478.8611270798299,440.8087423903825,1.0,0.0,0.0,1.0
0,197,103,479.1912026354149,440.43317598133444,1.0,0.0,0.0,1.0
0,197,104,479.52127819099996,440.0576095722864,1.0,0.0,0.0,1.0
0,197,105,479.851353746585,439.6820431632384,1.0,0.0,0.0,1.0
0,197,106,480.18142930217005,439.3064767541904,1.0,0.0,0.0,1.0
0,197,107,480.5115048577551,438.93091034514237,1.0,0.0,0.0,1.0
0,197,108,480.8415804133401,438.55534393609435,1.0,0.0,0.0,1.0
0,197,109,481.17165596892517,438.1797775270463,1.0,0.0,0.0,1.0
0,197,110,481.5017315245102,437.8042111179983,1.0,0.0,0.0,1.0
0,198,0,481.7928771972656,437.4512939453125,1.0,0.0,0.0,1.0
0,199,0,497.81939697265625,414.9079895019531,1.0,0.0,0.0,1.0
0,199,1,497.52968640070293,415.3155036544662,1.0,0.0,0.0,1.0
0,199,2,497.23997582874966,415.7230178069794,1.0,0.0,0.0,1.0
0,199,3,496.95026525679634,416.1305319594925,1.0,0.0,0.0,1.0
0,199,4,496.660554684843,416.53804611200565,1.0,0.0,0.0,1.0
0,199,5,496.3708441128897,416.94556026451875,1.0,0.0,0.0,1.0
0,199,6,496.08113354093643,417.35307441703185,1.0,0.0,0.0,1.0
0,199,7,495.7914229689831,417.760588569545,1.0,0.0,0.0,1.0
0,199,8,495.5017123970298,418.1681027220581,1.0,0.0,0.0,1.0
0,199,9,495.2120018250765,418.5756168745712,1.0,0.0,0.0,1.0
0,199,10,494.9222912531232,418.98313102708437,1.0,0.0,0.0,1.0
0,199,11,494.6325806811699,419.39064517959747,1.0,0.0,0.0,1.0
0,199,12,494.3428701092166,419.79815933211063,1.0,0.0,0.0,1.0
0,199,13,494.0531595372633,420.20567348462373,1.0,0.0,0.0,1.0
0,199,14,493.76344896531,420.61318763713683,1.0,0.0,0.0,1.0
0,199,15,493.47373839335665,421.02070178965,1.0,0.0,0.0,1.0
0,199,16,493.1840278214034,421.4282159421631,1.0,0.0,0.0,1.0
0,199,17,492.89431724945007,421.8357300946762,1.0,0.0,0.0,1.0
0,199,18,492.60460667749675,422.24324424718935,1.0,0.0,0.0,1.0
0,199,19,492.3148961055435,422.65075839970245,1.0,0.0,0.0,1.0
0,199,20,492.02518553359016,423.0582725522156,1.0,0.0,0.0,1.0
0,199,21,491.73547496163684,423.4657867047287,1.0,0.0,0.0,1.0
0,199,22,491.4457643896835,423.8733008572418,1.0,0.0,0.0,1.0
0,199,23,491.15605381773025,424.280815009755,1.0,0.0,0.0,1.0
0,199,24,490.86634324577693,424.6883291622681,1.0,0.0,0.0,1.0
0,199,25,490.5766326738236,425.0958433147812,1.0,0.0,0.0,1.0
0,199,26,490.28692210187035,425.50335746729434,1.0,0.0,0.0,1.0
0,199,27,489.997211529917,425.91087161980744,1.0,0.0,0.0,1.0
0,199,28,489.7075009579637,426.3183857723206,1.0,0.0,0.0,1.0
0,199,29,489.41779038601044,426.7258999248337,1.0,0.0,0.0,1.0
0,199,30,489.1280798140571,427.1334140773468,1.0,0.0,0.0,1.0
0,199,31,488.8383692421038,427.54092822985996,1.0,0.0,0.0,1.0
0,199,32,488.5486586701505,427.94844238237306,1.0,0.0,0.0,1.0
0,199,33,488.2589480981972,428.3559565348862,1.0,0.0,0.0,1.0
0,199,34,487.9692375262439,428.7634706873993,1.0,0.0,0.0,1.0
0,199,35,487.67952695429057,429.1709848399124,1.0,0.0,0.0,1.0
0,199,36,487.3898163823373,429.5784989924256,1.0,0.0,0.0,1.0
0,199,37,487.100105810384,429.9860131449387,1.0,0.0,0.0,1.0
0,199,38,486.81039523843066,430.3935272974518,1.0,0.0,0.0,1.0
0,199,39,486.52068466647734,430.80104144996494,1.0,0.0,0.0,1.0
0,199,40,486.2309740945241,431.20855560247804,1.0,0.0,0.0,1.0
0,199,41,485.94126352257075,431.6160697549912,1.0,0.0,0.0,1.0
0,199,42,485.65155295061743,432.0235839075043,1.0,0.0,0.0,1.0
0,199,43,485.36184237866416,432.4310980600174,1.0,0.0,0.0,1.0
0,199,44,485.07213180671084,432.83861221253056,1.0,0.0,0.0,1.0
0,199,45,484.7824212347575,433.24612636504366,1.0,0.0,0.0,1.0
0,199,46,484.49271066280426,433.6536405175568,1.0,0.0,0.0,1.0
0,199,47,484.20300009085094,434.0611546700699,1.0,0.0,0.0,1.0
0,199,48,483.9132895188976,434.468668822583,1.0,0.0,0.0,1.0
0,199,49,483.6235789469443,434.8761829750962,1.0,0.0,0.0,1.0
0,199,50,483.333868374991,435.2836971276093,1.0,0.0,0.0,1.0
0,199,51,483.0441578030377,435.6912112801224,1.0,0.0,0.0,1.0
0,199,52,482.7544472310844,436.09872543263555,1.0,0.0,0.0,1.0
0,199,53,482.4647366591311,436.50623958514865,1.0,0.0,0.0,1.0
0,199,54,482.1750260871778,436.91375373766175,1.0,0.0,0.0,1.0
0,199,55,481.8853155152245,437.3212678901749,1.0,0.0,0.0,1.0
0,199,56,481.99014945126004,437.173805847937,1.0,0.0,0.0,1.0
0,199,57,482.27986002321336,436.76629169542383,1.0,0.0,0.0,1.0
0,199,58,482.5695705951667,436.35877754291073,1.0,0.0,0.0,1.0
0,199,59,482.85928116712,435.9512633903976,1.0,0.0,0.0,1.0
0,199,60,483.14899173907327,435.54374923788447,1.0,0.0,0.0,1.0
0,199,61,483.4387023110266,435.13623508537137,1.0,0.0,0.0,1.0
0,199,62,483.7284128829799,434.7287209328582,1.0,0.0,0.0,1.0
0,199,63,484.0181234549332,434.3212067803451,1.0,0.0,0.0,1.0
0,199,64,484.3078340268865,433.913692627832,1.0,0.0,0.0,1.0
0,199,65,484.5975445988398,433.50617847531885,1.0,0.0,0.0,1.0
0,199,66,484.88725517079314,433.09866432280575,1.0,0.0,0.0,1.0
0,199,67,485.1769657427464,432.69115017029264,1.0,0.0,0.0,1.0
0,199,68,485.4666763146997,432.2836360177795,1.0,0.0,0.0,1.0
0,199,69,485.75638688665305,431.8761218652664,1.0,0.0,0.0,1.0
0,199,70,486.0460974586063,431.4686077127532,1.0,0.0,0.0,1.0
0,199,71,486.33580803055963,431.0610935602401,1.0,0.0,0.0,1.0
0,199,72,486.62551860251295,430.653579407727,1.0,0.0,0.0,1.0
0,199,73,486.9152291744662,430.24606525521386,1.0,0.0,0.0,1.0
0,199,74,487.20493974641954,429.83855110270076,1.0,0.0,0.0,1.0
0,199,75,487.49465031837286,429.43103695018766,1.0,0.0,0.0,1.0
0,199,76,487.7843608903262,429.0235227976745,1.0,0.0,0.0,1.0
0,199,77,488.07407146227945,428.6160086451614,1.0,0.0,0.0,1.0
0,199,78,488.36378203423277,428.20849449264824,1.0,0.0,0.0,1.0
0,199,79,488.6534926061861,427.80098034013514,1.0,0.0,0.0,1.0
0,199,80,488.94320317813936,427.39346618762204,1.0,0.0,0.0,1.0
0,199,81,489.2329137500927,426.9859520351089,1.0,0.0,0.0,1.0
0,199,82,489.522624322046,426.5784378825958,1.0,0.0,0.0,1.0
0,199,83,489.81233489399926,426.1709237300827,1.0,0.0,0.0,1.0
0,199,84,490.1020454659526,425.7634095775695,1.0,0.0,0.0,1.0
0,199,85,490.3917560379059,425.3558954250564,1.0,0.0,0.0,1.0
0,199,86,490.6814666098592,424.94838127254326,1.0,0.0,0.0,1.0
0,199,87,490.9711771818125,424.54086712003016,1.0,0.0,0.0,1.0
0,199,88,491.2608877537658,424.13335296751706,1.0,0.0,0.0,1.0
0,199,89,491.55059832571914,423.7258388150039,1.0,0.0,0.0,1.0
0,199,90,491.8403088976724,423.3183246624908,1.0,0.0,0.0,1.0
0,199,91,492.1300194696257,422.91081050997764,1.0,0.0,0.0,1.0
0,199,92,492.41973004157904,422.50329635746454,1.0,0.0,0.0,1.0
0,199,93,492.70944061353237,422.09578220495143,1.0,0.0,0.0,1.0
0,199,94,492.99915118548563,421.6882680524383,1.0,0.0,0.0,1.0
0,199,95,493.28886175743895,421.2807538999252,1.0,0.0,0.0,1.0
0,199,96,493.5785723293923,420.8732397474121,1.0,0.0,0.0,1.0
0,199,97,493.86828290134554,420.4657255948989,1.0,0.0,0.0,1.0
0,199,98,494.15799347329886,420.0582114423858,1.0,0.0,0.0,1.0
0,199,99,494.4477040452522,419.65069728987265,1.0,0.0,0.0,1.0
0,199,100,494.73741461720545,419.24318313735955,1.0,0.0,0.0,1.0
0,199,101,495.02712518915877,418.83566898484645,1.0,0.0,0.0,1.0
0,199,102,495.3168357611121,418.4281548323333,1.0,0.0,0.0,1.0
0,199,103,495.6065463330654,418.0206406798202,1.0,0.0,0.0,1.0
0,199,104,495.8962569050187,417.61312652730703,1.0,0.0,0.0,1.0
0,199,105,496.185967476972,417.20561237479393,1.0,0.0,0.0,1.0
0,199,106,496.4756780489253,416.7980982222808,1.0,0.0,0.0,1.0
0,199,107,496.7653886208786,416.39058406976767,1.0,0.0,0.0,1.0
0,199,108,497.0550991928319,415.98306991725457,1.0,0.0,0.0,1.0
0,199,109,497.3448097647852,415.57555576474147,1.0,0.0,0.0,1.0
0,199,110,497.63452033673855,415.1680416122283,1.0,0.0,0.0,1.0
0,200,0,497.8878479003906,414.7870178222656,1.0,0.0,0.0,1.0
0,201,0,511.5115051269531,390.71533203125,1.0,0.0,0.0,1.0
0,201,1,511.2652310066955,391.1504746029335,1.0,0.0,0.0,1.0
0,201,2,511.0189568864378,391.58561717461697,1.0,0.0,0.0,1.0
0,201,3,510.7726827661802,392.0207597463005,1.0,0.0,0.0,1.0
0,201,4,510.5264086459226,392.455902317984,1.0,0.0,0.0,1.0
0,201,5,510.2801345256649,392.89104488966746,1.0,0.0,0.0,1.0
0,201,6,510.03386040540727,393.32618746135097,1.0,0.0,0.0,1.0
0,201,7,509.78758628514964,393.7613300330344,1.0,0.0,0.0,1.0
0,201,8,509.54131216489196,394.19647260471794,1.0,0.0,0.0,1.0
0,201,9,509.29503804463434,394.63161517640145,1.0,0.0,0.0,1.0
0,201,10,509.04876392437666,395.0667577480849,1.0,0.0,0.0,1.0
0,201,11,508.80248980411903,395.5019003197684,1.0,0.0,0.0,1.0
0,201,12,508.5562156838614,395.93704289145194,1.0,0.0,0.0,1.0
0,201,13,508.30994156360373,396.3721854631354,1.0,0.0,0.0,1.0
0,201,14,508.0636674433461,396.8073280348189,1.0,0.0,0.0,1.0
0,201,15,507.8173933230885,397.24247060650237,1.0,0.0,0.0,1.0
0,201,16,507.5711192028308,397.6776131781859,1.0,0.0,0.0,1.0
0,201,17,507.3248450825732,398.1127557498694,1.0,0.0,0.0,1.0
0,201,18,507.07857096231555,398.54789832155285,1.0,0.0,0.0,1.0
0,201,19,506.8322968420579,398.98304089323636,1.0,0.0,0.0,1.0
0,201,20,506.58602272180025,399.4181834649199,1.0,0.0,0.0,1.0
0,201,21,506.3397486015426,399.85332603660333,1.0,0.0,0.0,1.0
0,201,22,506.09347448128494,400.28846860828685,1.0,0.0,0.0,1.0
0,201,23,505.8472003610273,400.7236111799703,1.0,0.0,0.0,1.0
0,201,24,505.6009262407697,401.1587537516538,1.0,0.0,0.0,1.0
0,201,25,505.354652120512,401.59389632333733,1.0,0.0,0.0,1.0
0,201,26,505.1083780002544,402.0290388950208,1.0,0.0,0.0,1.0
0,201,27,504.8621038799967,402.4641814667043,1.0,0.0,0.0,1.0
0,201,28,504.6158297597391,402.8993240383878,1.0,0.0,0.0,1.0
0,201,29,504.36955563948146,403.3344666100713,1.0,0.0,0.0,1.0
0,201,30,504.1232815192238,403.7696091817548,1.0,0.0,0.0,1.0
0,201,31,503.87700739896616,404.20475175343825,1.0,0.0,0.0,1.0
0,201,32,503.63073327870853,404.63989432512176,1.0,0.0,0.0,1.0
0,201,33,503.38445915845085,405.0750368968053,1.0,0.0,0.0,1.0
0,201,34,503.1381850381932,405.51017946848873,1.0,0.0,0.0,1.0
0,201,35,502.8919109179356,405.94532204017224,1.0,0.0,0.0,1.0
0,201,36,502.6456367976779,406.38046461185576,1.0,0.0,0.0,1.0
0,201,37,502.3993626774203,406.8156071835392,1.0,0.0,0.0,1.0
0,201,38,502.1530885571627,407.2507497552227,1.0,0.0,0.0,1.0
0,201,39,501.906814436905,407.6858923269062,1.0,0.0,0.0,1.0
0,201,40,501.66054031664737,408.1210348985897,1.0,0.0,0.0,1.0
0,201,41,501.4142661963897,408.5561774702732,1.0,0.0,0.0,1.0
0,201,42,501.16799207613207,408.99132004195667,1.0,0.0,0.0,1.0
0,201,43,500.92171795587444,409.4264626136402,1.0,0.0,0.0,1.0
0,201,44,500.67544383561676,409.8616051853237,1.0,0.0,0.0,1.0
0,201,45,500.42916971535914,410.29674775700715,1.0,0.0,0.0,1.0
0,201,46,500.1828955951015,410.73189032869067,1.0,0.0,0.0,1.0
0,201,47,499.93662147484383,411.1670329003741,1.0,0.0,0.0,1.0
0,201,48,499.6903473545862,411.60217547205764,1.0,0.0,0.0,1.0
0,201,49,499.4440732343286,412.03731804374115,1.0,0.0,0.0,1.0
0,201,50,499.1977991140709,412.4724606154246,1.0,0.0,0.0,1.0
0,201,51,498.9515249938133,412.9076031871081,1.0,0.0,0.0,1.0
0,201,52,498.70525087355566,413.34274575879164,1.0,0.0,0.0,1.0
0,201,53,498.458976753298,413.7778883304751,1.0,0.0,0.0,1.0
0,201,54,498.21270263304035,414.2130309021586,1.0,0.0,0.0,1.0
0,201,55,497.9664285127827,414.6481734738421,1.0,0.0,0.0,1.0
0,201,56,498.0555414082562,414.4907195990057,1.0,0.0,0.0,1.0
0,201,57,498.3018155285138,414.05557702732216,1.0,0.0,0.0,1.0
0,201,58,498.5480896487715,413.6204344556387,1.0,0.0,0.0,1.0
0,201,59,498.79436376902913,413.1852918839552,1.0,0.0,0.0,1.0
0,201,60,499.04063788928676,412.7501493122717,1.0,0.0,0.0,1.0
0,201,61,499.28691200954444,412.3150067405882,1.0,0.0,0.0,1.0
0,201,62,499.53318612980206,411.8798641689047,1.0,0.0,0.0,1.0
0,201,63,499.7794602500597,411.4447215972212,1.0,0.0,0.0,1.0
0,201,64,500.02573437031737,411.00957902553773,1.0,0.0,0.0,1.0
0,201,65,500.272008490575,410.5744364538542,1.0,0.0,0.0,1.0
0,201,66,500.5182826108326,410.13929388217076,1.0,0.0,0.0,1.0
0,201,67,500.7645567310903,409.70415131048725,1.0,0.0,0.0,1.0
0,201,68,501.0108308513479,409.26900873880373,1.0,0.0,0.0,1.0
0,201,69,501.25710497160554,408.8338661671203,1.0,0.0,0.0,1.0
0,201,70,501.5033790918632,408.39872359543676,1.0,0.0,0.0,1.0
0,201,71,501.74965321212085,407.96358102375325,1.0,0.0,0.0,1.0
0,201,72,501.9959273323785,407.5284384520698,1.0,0.0,0.0,1.0
0,201,73,502.24220145263615,407.0932958803863,1.0,0.0,0.0,1.0
0,201,74,502.4884755728938,406.6581533087028,1.0,0.0,0.0,1.0
0,201,75,502.73474969315146,406.2230107370193,1.0,0.0,0.0,1.0
0,201,76,502.9810238134091,405.7878681653358,1.0,0.0,0.0,1.0
0,201,77,503.2272979336667,405.35272559365234,1.0,0.0,0.0,1.0
0,201,78,503.4735720539244,404.9175830219688,1.0,0.0,0.0,1.0
0,201,79,503.719846174182,404.4824404502853,1.0,0.0,0.0,1.0
0,201,80,503.96612029443963,404.04729787860185,1.0,0.0,0.0,1.0
0,201,81,504.2123944146973,403.61215530691834,1.0,0.0,0.0,1.0
0,201,82,504.45866853495494,403.1770127352349,1.0,0.0,0.0,1.0
0,201,83,504.70494265521256,402.74187016355137,1.0,0.0,0.0,1.0
0,201,84,504.95121677547024,402.30672759186785,1.0,0.0,0.0,1.0
0,201,85,505.19749089572787,401.8715850201844,1.0,0.0,0.0,1.0
0,201,86,505.4437650159855,401.4364424485009,1.0,0.0,0.0,1.0
0,201,87,505.6900391362432,401.00129987681737,1.0,0.0,0.0,1.0
0,201,88,505.9363132565008,400.5661573051339,1.0,0.0,0.0,1.0
0,201,89,506.1825873767584,400.1310147334504,1.0,0.0,0.0,1.0
0,201,90,506.4288614970161,399.69587216176694,1.0,0.0,0.0,1.0
0,201,91,506.6751356172737,399.26072959008343,1.0,0.0,0.0,1.0
0,201,92,506.9214097375314,398.8255870183999,1.0,0.0,0.0,1.0
0,201,93,507.16768385778903,398.39044444671646,1.0,0.0,0.0,1.0
0,201,94,507.41395797804665,397.95530187503294,1.0,0.0,0.0,1.0
0,201,95,507.66023209830433,397.52015930334943,1.0,0.0,0.0,1.0
0,201,96,507.90650621856196,397.085016731666,1.0,0.0,0.0,1.0
0,201,97,508.1527803388196,396.64987415998246,1.0,0.0,0.0,1.0
0,201,98,508.39905445907726,396.214731588299,1.0,0.0,0.0,1.0
0,201,99,508.6453285793349,395.7795890166155,1.0,0.0,0.0,1.0
0,201,100,508.8916026995925,395.344446444932,1.0,0.0,0.0,1.0
0,201,101,509.1378768198502,394.9093038732485,1.0,0.0,0.0,1.0
0,201,102,509.3841509401078,394.474161301565,1.0,0.0,0.0,1.0
0,201,103,509.63042506036544,394.0390187298815,1.0,0.0,0.0,1.0
0,201,104,509.8766991806231,393.60387615819803,1.0,0.0,0.0,1.0
0,201,105,510.12297330088074,393.1687335865145,1.0,0.0,0.0,1.0
0,201,106,510.3692474211384,392.73359101483106,1.0,0.0,0.0,1.0
0,201,107,510.61552154139605,392.29844844314755,1.0,0.0,0.0,1.0
0,201,108,510.8617956616537,391.86330587146404,1.0,0.0,0.0,1.0
0,201,109,511.10806978191135,391.4281632997806,1.0,0.0,0.0,1.0
0,201,110,511.354343902169,390.99302072809706,1.0,0.0,0.0,1.0
0,202,0,511.5671691894531,390.5879821777344,1.0,0.0,0.0,1.0
0,203,0,522.6435546875,365.2430725097656,1.0,0.0,0.0,1.0
0,203,1,522.4433275490301,365.7012308808778,1.0,0.0,0.0,1.0
0,203,2,522.2431004105601,366.15938925199,1.0,0.0,0.0,1.0
0,203,3,522.0428732720903,366.6175476231021,1.0,0.0,0.0,1.0
0,203,4,521.8426461336204,367.0757059942143,1.0,0.0,0.0,1.0
0,203,5,521.6424189951505,367.53386436532645,1.0,0.0,0.0,1.0
0,203,6,521.4421918566806,367.9920227364386,1.0,0.0,0.0,1.0
0,203,7,521.2419647182106,368.4501811075508,1.0,0.0,0.0,1.0
0,203,8,521.0417375797408,368.908339478663,1.0,0.0,0.0,1.0
0,203,9,520.8415104412709,369.3664978497751,1.0,0.0,0.0,1.0
0,203,10,520.641283302801,369.8246562208873,1.0,0.0,0.0,1.0
0,203,11,520.441056164331,370.28281459199945,1.0,0.0,0.0,1.0
0,203,12,520.2408290258611,370.74097296311163,1.0,0.0,0.0,1.0
0,203,13,520.0406018873913,371.1991313342238,1.0,0.0,0.0,1.0
0,203,14,519.8403747489214,371.657289705336,1.0,0.0,0.0,1.0
0,203,15,519.6401476104514,372.1154480764481,1.0,0.0,0.0,1.0
0,203,16,519.4399204719815,372.5736064475603,1.0,0.0,0.0,1.0
0,203,17,519.2396933335116,373.03176481867246,1.0,0.0,0.0,1.0
0,203,18,519.0394661950418,373.48992318978463,1.0,0.0,0.0,1.0
0,203,19,518.8392390565718,373.9480815608968,1.0,0.0,0.0,1.0
0,203,20,518.6390119181019,374.406239932009,1.0,0.0,0.0,1.0
0,203,21,518.438784779632,374.8643983031211,1.0,0.0,0.0,1.0
0,203,22,518.2385576411621,375.3225566742333,1.0,0.0,0.0,1.0
0,203,23,518.0383305026922,375.78071504534546,1.0,0.0,0.0,1.0
0,203,24,517.8381033642223,376.23887341645764,1.0,0.0,0.0,1.0
0,203,25,517.6378762257524,376.6970317875698,1.0,0.0,0.0,1.0
0,203,26,517.4376490872825,377.155190158682,1.0,0.0,0.0,1.0
0,203,27,517.2374219488127,377.6133485297941,1.0,0.0,0.0,1.0
0,203,28,517.0371948103427,378.0715069009063,1.0,0.0,0.0,1.0
0,203,29,516.8369676718728,378.52966527201846,1.0,0.0,0.0,1.0
0,203,30,516.6367405334029,378.98782364313064,1.0,0.0,0.0,1.0
0,203,31,516.436513394933,379.4459820142428,1.0,0.0,0.0,1.0
0,203,32,516.2362862564631,379.90414038535494,1.0,0.0,0.0,1.0
0,203,33,516.0360591179932,380.3622987564671,1.0,0.0,0.0,1.0
0,203,34,515.8358319795233,380.8204571275793,1.0,0.0,0.0,1.0
0,203,35,515.6356048410534,381.27861549869147,1.0,0.0,0.0,1.0
0,203,36,515.4353777025834,381.73677386980364,1.0,0.0,0.0,1.0
0,203,37,515.2351505641136,382.1949322409158,1.0,0.0,0.0,1.0
0,203,38,515.0349234256437,382.65309061202794,1.0,0.0,0.0,1.0
0,203,39,514.8346962871738,383.1112489831401,1.0,0.0,0.0,1.0
0,203,40,514.6344691487038,383.5694073542523,1.0,0.0,0.0,1.0
0,203,41,514.4342420102339,384.02756572536447,1.0,0.0,0.0,1.0
0,203,42,514.2340148717641,384.48572409647664,1.0,0.0,0.0,1.0
0,203,43,514.0337877332942,384.9438824675888,1.0,0.0,0.0,1.0
0,203,44,513.8335605948242,385.40204083870094,1.0,0.0,0.0,1.0
0,203,45,513.6333334563543,385.8601992098131,1.0,0.0,0.0,1.0
0,203,46,513.4331063178844,386.3183575809253,1.0,0.0,0.0,1.0
0,203,47,513.2328791794146,386.77651595203747,1.0,0.0,0.0,1.0
0,203,48,513.0326520409446,387.23467432314965,1.0,0.0,0.0,1.0
0,203,49,512.8324249024747,387.6928326942618,1.0,0.0,0.0,1.0
0,203,50,512.6321977640048,388.15099106537394,1.0,0.0,0.0,1.0
0,203,51,512.4319706255349,388.6091494364861,1.0,0.0,0.0,1.0
0,203,52,512.231743487065,389.0673078075983,1.0,0.0,0.0,1.0
0,203,53,512.0315163485951,389.5254661787105,1.0,0.0,0.0,1.0
0,203,54,511.8312892101252,389.98362454982265,1.0,0.0,0.0,1.0
0,203,55,511.63106207165526,390.4417829209348,1.0,0.0,0.0,1.0
0,203,56,511.70350344572086,390.2760230634218,1.0,0.0,0.0,1.0
0,203,57,511.9037305841908,389.8178646923096,1.0,0.0,0.0,1.0
0,203,58,512.1039577226607,389.35970632119745,1.0,0.0,0.0,1.0
0,203,59,512.3041848611306,388.9015479500853,1.0,0.0,0.0,1.0
0,203,60,512.5044119996005,388.4433895789731,1.0,0.0,0.0,1.0
0,203,61,512.7046391380704,387.9852312078609,1.0,0.0,0.0,1.0
0,203,62,512.9048662765402,387.5270728367488,1.0,0.0,0.0,1.0
0,203,63,513.1050934150102,387.0689144656366,1.0,0.0,0.0,1.0
0,203,64,513.3053205534801,386.61075609452445,1.0,0.0,0.0,1.0
0,203,65,513.50554769195,386.15259772341227,1.0,0.0,0.0,1.0
0,203,66,513.70577483042,385.6944393523001,1.0,0.0,0.0,1.0
0,203,67,513.9060019688898,385.236280981188,1.0,0.0,0.0,1.0
0,203,68,514.1062291073597,384.7781226100758,1.0,0.0,0.0,1.0
0,203,69,514.3064562458296,384.3199642389636,1.0,0.0,0.0,1.0
0,203,70,514.5066833842995,383.86180586785144,1.0,0.0,0.0,1.0
0,203,71,514.7069105227695,383.40364749673927,1.0,0.0,0.0,1.0
0,203,72,514.9071376612393,382.9454891256271,1.0,0.0,0.0,1.0
0,203,73,515.1073647997092,382.48733075451497,1.0,0.0,0.0,1.0
0,203,74,515.3075919381791,382.0291723834028,1.0,0.0,0.0,1.0
0,203,75,515.5078190766491,381.5710140122906,1.0,0.0,0.0,1.0
0,203,76,515.7080462151189,381.11285564117844,1.0,0.0,0.0,1.0
0,203,77,515.9082733535888,380.65469727006626,1.0,0.0,0.0,1.0
0,203,78,516.1085004920587,380.1965388989541,1.0,0.0,0.0,1.0
0,203,79,516.3087276305287,379.73838052784197,1.0,0.0,0.0,1.0
0,203,80,516.5089547689986,379.2802221567298,1.0,0.0,0.0,1.0
0,203,81,516.7091819074684,378.8220637856176,1.0,0.0,0.0,1.0
0,203,82,516.9094090459383,378.36390541450544,1.0,0.0,0.0,1.0
0,203,83,517.1096361844083,377.90574704339326,1.0,0.0,0.0,1.0
0,203,84,517.3098633228782,377.4475886722811,1.0,0.0,0.0,1.0
0,203,85,517.5100904613481,376.98943030116897,1.0,0.0,0.0,1.0
0,203,86,517.7103175998179,376.5312719300568,1.0,0.0,0.0,1.0
0,203,87,517.9105447382879,376.0731135589446,1.0,0.0,0.0,1.0
0,203,88,518.1107718767578,375.61495518783244,1.0,0.0,0.0,1.0
0,203,89,518.3109990152277,375.15679681672026,1.0,0.0,0.0,1.0
0,203,90,518.5112261536976,374.6986384456081,1.0,0.0,0.0,1.0
0,203,91,518.7114532921674,374.24048007449596,1.0,0.0,0.0,1.0
0,203,92,518.9116804306374,373.7823217033838,1.0,0.0,0.0,1.0
0,203,93,519.1119075691073,373.3241633322716,1.0,0.0,0.0,1.0
0,203,94,519.3121347075772,372.86600496115943,1.0,0.0,0.0,1.0
0,203,95,519.5123618460472,372.40784659004726,1.0,0.0,0.0,1.0
0,203,96,519.712588984517,371.9496882189351,1.0,0.0,0.0,1.0
0,203,97,519.9128161229869,371.49152984782296,1.0,0.0,0.0,1.0
0,203,98,520.1130432614568,371.0333714767108,1.0,0.0,0.0,1.0
0,203,99,520.3132703999268,370.5752131055986,1.0,0.0,0.0,1.0
0,203,100,520.5134975383967,370.11705473448643,1.0,0.0,0.0,1.0
0,203,101,520.7137246768665,369.65889636337425,1.0,0.0,0.0,1.0
0,203,102,520.9139518153364,369.20073799226213,1.0,0.0,0.0,1.0
0,203,103,521.1141789538063,368.74257962114996,1.0,0.0,0.0,1.0
0,203,104,521.3144060922763,368.2844212500378,1.0,0.0,0.0,1.0
0,203,105,521.5146332307462,367.8262628789256,1.0,0.0,0.0,1.0
0,203,106,521.714860369216,367.3681045078134,1.0,0.0,0.0,1.0
0,203,107,521.9150875076859,366.90994613670125,1.0,0.0,0.0,1.0
0,203,108,522.1153146461559,366.45178776558913,1.0,0.0,0.0,1.0
0,203,109,522.3155417846258,365.99362939447695,1.0,0.0,0.0,1.0
0,203,110,522.5157689230957,365.5354710233648,1.0,0.0,0.0,1.0
0,204,0,522.6858520507812,365.11065673828125,1.0,0.0,0.0,1.0
0,205,0,531.0974731445312,338.7611999511719,1.0,0.0,0.0,1.0
0,205,1,530.945416637088,339.23751793166826,1.0,0.0,0.0,1.0
0,205,2,530.7933601296447,339.71383591216465,1.0,0.0,0.0,1.0
0,205,3,530.6413036222013,340.190153892661,1.0,0.0,0.0,1.0
0,205,4,530.4892471147581,340.6664718731574,1.0,0.0,0.0,1.0
0,205,5,530.3371906073148,341.14278985365377,1.0,0.0,0.0,1.0
0,205,6,530.1851340998716,341.61910783415016,1.0,0.0,0.0,1.0
0,205,7,530.0330775924282,342.09542581464655,1.0,0.0,0.0,1.0
0,205,8,529.8810210849849,342.5717437951429,1.0,0.0,0.0,1.0
0,205,9,529.7289645775417,343.04806177563927,1.0,0.0,0.0,1.0
0,205,10,529.5769080700984,343.52437975613566,1.0,0.0,0.0,1.0
0,205,11,529.424851562655,344.00069773663205,1.0,0.0,0.0,1.0
0,205,12,529.2727950552118,344.47701571712844,1.0,0.0,0.0,1.0
0,205,13,529.1207385477685,344.95333369762477,1.0,0.0,0.0,1.0
0,205,14,528.9686820403252,345.42965167812116,1.0,0.0,0.0,1.0
0,205,15,528.8166255328819,345.90596965861755,1.0,0.0,0.0,1.0
0,205,16,528.6645690254386,346.38228763911394,1.0,0.0,0.0,1.0
0,205,17,528.5125125179953,346.85860561961033,1.0,0.0,0.0,1.0
0,205,18,528.3604560105521,347.3349236001067,1.0,0.0,0.0,1.0
0,205,19,528.2083995031087,347.81124158060305,1.0,0.0,0.0,1.0
0,205,20,528.0563429956654,348.28755956109944,1.0,0.0,0.0,1.0
0,205,21,527.9042864882222,348.76387754159583,1.0,0.0,0.0,1.0
0,205,22,527.7522299807789,349.2401955220922,1.0,0.0,0.0,1.0
0,205,23,527.6001734733355,349.7165135025886,1.0,0.0,0.0,1.0
0,205,24,527.4481169658923,350.19283148308494,1.0,0.0,0.0,1.0
0,205,25,527.296060458449,350.66914946358133,1.0,0.0,0.0,1.0
0,205,26,527.1440039510057,351.1454674440777,1.0,0.0,0.0,1.0
0,205,27,526.9919474435624,351.6217854245741,1.0,0.0,0.0,1.0
0,205,28,526.8398909361191,352.0981034050705,1.0,0.0,0.0,1.0
0,205,29,526.6878344286758,352.57442138556684,1.0,0.0,0.0,1.0
0,205,30,526.5357779212326,353.0507393660632,1.0,0.0,0.0,1.0
0,205,31,526.3837214137893,353.5270573465596,1.0,0.0,0.0,1.0
0,205,32,526.2316649063459,354.003375327056,1.0,0.0,0.0,1.0
0,205,33,526.0796083989027,354.4796933075524,1.0,0.0,0.0,1.0
0,205,34,525.9275518914594,354.9560112880487,1.0,0.0,0.0,1.0
0,205,35,525.7754953840162,355.4323292685451,1.0,0.0,0.0,1.0
0,205,36,525.6234388765728,355.9086472490415,1.0,0.0,0.0,1.0
0,205,37,525.4713823691295,356.3849652295379,1.0,0.0,0.0,1.0
0,205,38,525.3193258616863,356.8612832100343,1.0,0.0,0.0,1.0
0,205,39,525.167269354243,357.3376011905307,1.0,0.0,0.0,1.0
0,205,40,525.0152128467996,357.813919171027,1.0,0.0,0.0,1.0
0,205,41,524.8631563393564,358.2902371515234,1.0,0.0,0.0,1.0
0,205,42,524.7110998319131,358.7665551320198,1.0,0.0,0.0,1.0
0,205,43,524.5590433244698,359.2428731125162,1.0,0.0,0.0,1.0
0,205,44,524.4069868170264,359.71919109301257,1.0,0.0,0.0,1.0
0,205,45,524.2549303095832,360.1955090735089,1.0,0.0,0.0,1.0
0,205,46,524.1028738021399,360.6718270540053,1.0,0.0,0.0,1.0
0,205,47,523.9508172946967,361.1481450345017,1.0,0.0,0.0,1.0
0,205,48,523.7987607872533,361.62446301499807,1.0,0.0,0.0,1.0
0,205,49,523.64670427981,362.10078099549446,1.0,0.0,0.0,1.0
0,205,50,523.4946477723668,362.5770989759908,1.0,0.0,0.0,1.0
0,205,51,523.3425912649235,363.0534169564872,1.0,0.0,0.0,1.0
0,205,52,523.1905347574801,363.5297349369836,1.0,0.0,0.0,1.0
0,205,53,523.0384782500369,364.00605291747996,1.0,0.0,0.0,1.0
0,205,54,522.8864217425936,364.48237089797635,1.0,0.0,0.0,1.0
0,205,55,522.7343652351503,364.9586888784727,1.0,0.0,0.0,1.0
0,205,56,522.7893953738554,364.7863066175934,1.0,0.0,0.0,1.0
0,205,57,522.9414518812988,364.30998863709704,1.0,0.0,0.0,1.0
0,205,58,523.0935083887421,363.83367065660065,1.0,0.0,0.0,1.0
0,205,59,523.2455648961853,363.35735267610426,1.0,0.0,0.0,1.0
0,205,60,523.3976214036286,362.8810346956079,1.0,0.0,0.0,1.0
0,205,61,523.549677911072,362.40471671511153,1.0,0.0,0.0,1.0
0,205,62,523.7017344185152,361.92839873461514,1.0,0.0,0.0,1.0
0,205,63,523.8537909259585,361.45208075411875,1.0,0.0,0.0,1.0
0,205,64,524.0058474334018,360.97576277362236,1.0,0.0,0.0,1.0
0,205,65,524.1579039408451,360.499444793126,1.0,0.0,0.0,1.0
0,205,66,524.3099604482884,360.02312681262964,1.0,0.0,0.0,1.0
0,205,67,524.4620169557317,359.54680883213325,1.0,0.0,0.0,1.0
0,205,68,524.6140734631749,359.07049085163686,1.0,0.0,0.0,1.0
0,205,69,524.7661299706183,358.5941728711405,1.0,0.0,0.0,1.0
0,205,70,524.9181864780616,358.1178548906441,1.0,0.0,0.0,1.0
0,205,71,525.0702429855048,357.64153691014775,1.0,0.0,0.0,1.0
0,205,72,525.2222994929481,357.16521892965136,1.0,0.0,0.0,1.0
0,205,73,525.3743560003915,356.68890094915497,1.0,0.0,0.0,1.0
0,205,74,525.5264125078347,356.2125829686586,1.0,0.0,0.0,1.0
0,205,75,525.678469015278,355.7362649881622,1.0,0.0,0.0,1.0
0,205,76,525.8305255227212,355.25994700766586,1.0,0.0,0.0,1.0
0,205,77,525.9825820301646,354.78362902716947,1.0,0.0,0.0,1.0
0,205,78,526.1346385376079,354.3073110466731,1.0,0.0,0.0,1.0
0,205,79,526.2866950450511,353.8309930661767,1.0,0.0,0.0,1.0
0,205,80,526.4387515524944,353.3546750856803,1.0,0.0,0.0,1.0
0,205,81,526.5908080599377,352.87835710518397,1.0,0.0,0.0,1.0
0,205,82,526.742864567381,352.4020391246876,1.0,0.0,0.0,1.0
0,205,83,526.8949210748243,351.9257211441912,1.0,0.0,0.0,1.0
0,205,84,527.0469775822676,351.4494031636948,1.0,0.0,0.0,1.0
0,205,85,527.1990340897108,350.9730851831984,1.0,0.0,0.0,1.0
0,205,86,527.3510905971542,350.4967672027021,1.0,0.0,0.0,1.0
0,205,87,527.5031471045975,350.0204492222057,1.0,0.0,0.0,1.0
0,205,88,527.6552036120407,349.5441312417093,1.0,0.0,0.0,1.0
0,205,89,527.807260119484,349.0678132612129,1.0,0.0,0.0,1.0
0,205,90,527.9593166269274,348.5914952807165,1.0,0.0,0.0,1.0
0,205,91,528.1113731343706,348.1151773002201,1.0,0.0,0.0,1.0
0,205,92,528.2634296418139,347.6388593197238,1.0,0.0,0.0,1.0
0,205,93,528.4154861492572,347.1625413392274,1.0,0.0,0.0,1.0
0,205,94,528.5675426567005,346.686223358731,1.0,0.0,0.0,1.0
0,205,95,528.7195991641438,346.2099053782346,1.0,0.0,0.0,1.0
0,205,96,528.8716556715871,345.73358739773823,1.0,0.0,0.0,1.0
0,205,97,529.0237121790303,345.2572694172419,1.0,0.0,0.0,1.0
0,205,98,529.1757686864737,344.7809514367455,1.0,0.0,0.0,1.0
0,205,99,529.327825193917,344.3046334562491,1.0,0.0,0.0,1.0
0,205,100,529.4798817013602,343.82831547575273,1.0,0.0,0.0,1.0
0,205,101,529.6319382088035,343.35199749525634,1.0,0.0,0.0,1.0
0,205,102,529.7839947162469,342.87567951476,1.0,0.0,0.0,1.0
0,205,103,529.9360512236901,342.3993615342636,1.0,0.0,0.0,1.0
0,205,104,530.0881077311334,341.92304355376723,1.0,0.0,0.0,1.0
0,205,105,530.2401642385767,341.44672557327084,1.0,0.0,0.0,1.0
0,205,106,530.39222074602,340.97040759277445,1.0,0.0,0.0,1.0
0,205,107,530.5442772534633,340.4940896122781,1.0,0.0,0.0,1.0
0,205,108,530.6963337609066,340.0177716317817,1.0,0.0,0.0,1.0
0,205,109,530.8483902683498,339.54145365128534,1.0,0.0,0.0,1.0
0,205,110,531.0004467757931,339.06513567078895,1.0,0.0,0.0,1.0
0,206,0,531.1259155273438,338.6251525878906,1.0,0.0,0.0,1.0
0,207,0,536.7837524414062,311.55047607421875,1.0,0.0,0.0,1.0
0,207,1,536.6814759693705,312.03990382503383,1.0,0.0,0.0,1.0
0,207,2,536.5791994973347,312.5293315758489,1.0,0.0,0.0,1.0
0,207,3,536.4769230252989,313.018759326664,1.0,0.0,0.0,1.0
0,207,4,536.3746465532631,313.5081870774791,1.0,0.0,0.0,1.0
0,207,5,536.2723700812273,313.99761482829416,1.0,0.0,0.0,1.0
0,207,6,536.1700936091916,314.4870425791093,1.0,0.0,0.0,1.0
0,207,7,536.0678171371559,314.9764703299244,1.0,0.0,0.0,1.0
0,207,8,535.9655406651201,315.46589808073946,1.0,0.0,0.0,1.0
0,207,9,535.8632641930843,315.95532583155455,1.0,0.0,0.0,1.0
0,207,10,535.7609877210485,316.44475358236963,1.0,0.0,0.0,1.0
0,207,11,535.6587112490128,316.9341813331847,1.0,0.0,0.0,1.0
0,207,12,535.556434776977,317.4236090839998,1.0,0.0,0.0,1.0
0,207,13,535.4541583049412,317.9130368348149,1.0,0.0,0.0,1.0
0,207,14,535.3518818329054,318.40246458562996,1.0,0.0,0.0,1.0
0,207,15,535.2496053608696,318.89189233644504,1.0,0.0,0.0,1.0
0,207,16,535.1473288888338,319.3813200872602,1.0,0.0,0.0,1.0
0,207,17,535.0450524167981,319.87074783807526,1.0,0.0,0.0,1.0
0,207,18,534.9427759447623,320.36017558889034,1.0,0.0,0.0,1.0
0,207,19,534.8404994727265,320.8496033397054,1.0,0.0,0.0,1.0
0,207,20,534.7382230006908,321.3390310905205,1.0,0.0,0.0,1.0
0,207,21,534.635946528655,321.8284588413356,1.0,0.0,0.0,1.0
0,207,22,534.5336700566193,322.31788659215067,1.0,0.0,0.0,1.0
0,207,23,534.4313935845835,322.80731434296575,1.0,0.0,0.0,1.0
0,207,24,534.3291171125477,323.29674209378084,1.0,0.0,0.0,1.0
0,207,25,534.2268406405119,323.7861698445959,1.0,0.0,0.0,1.0
0,207,26,534.1245641684761,324.27559759541106,1.0,0.0,0.0,1.0
0,207,27,534.0222876964403,324.76502534622614,1.0,0.0,0.0,1.0
0,207,28,533.9200112244046,325.2544530970412,1.0,0.0,0.0,1.0
0,207,29,533.8177347523688,325.7438808478563,1.0,0.0,0.0,1.0
0,207,30,533.715458280333,326.2333085986714,1.0,0.0,0.0,1.0
0,207,31,533.6131818082972,326.72273634948647,1.0,0.0,0.0,1.0
0,207,32,533.5109053362614,327.21216410030155,1.0,0.0,0.0,1.0
0,207,33,533.4086288642258,327.70159185111663,1.0,0.0,0.0,1.0
0,207,34,533.30635239219,328.1910196019317,1.0,0.0,0.0,1.0
0,207,35,533.2040759201542,328.6804473527468,1.0,0.0,0.0,1.0
0,207,36,533.1017994481184,329.16987510356194,1.0,0.0,0.0,1.0
0,207,37,532.9995229760826,329.659302854377,1.0,0.0,0.0,1.0
0,207,38,532.8972465040468,330.1487306051921,1.0,0.0,0.0,1.0
0,207,39,532.7949700320111,330.6381583560072,1.0,0.0,0.0,1.0
0,207,40,532.6926935599753,331.12758610682226,1.0,0.0,0.0,1.0
0,207,41,532.5904170879395,331.61701385763735,1.0,0.0,0.0,1.0
0,207,42,532.4881406159037,332.1064416084524,1.0,0.0,0.0,1.0
0,207,43,532.3858641438679,332.5958693592675,1.0,0.0,0.0,1.0
0,207,44,532.2835876718322,333.0852971100826,1.0,0.0,0.0,1.0
0,207,45,532.1813111997964,333.5747248608977,1.0,0.0,0.0,1.0
0,207,46,532.0790347277607,334.06415261171276,1.0,0.0,0.0,1.0
0,207,47,531.9767582557249,334.5535803625279,1.0,0.0,0.0,1.0
0,207,48,531.8744817836891,335.043008113343,1.0,0.0,0.0,1.0
0,207,49,531.7722053116534,335.53243586415806,1.0,0.0,0.0,1.0
0,207,50,531.6699288396176,336.02186361497314,1.0,0.0,0.0,1.0
0,207,51,531.5676523675818,336.5112913657882,1.0,0.0,0.0,1.0
0,207,52,531.465375895546,337.0007191166033,1.0,0.0,0.0,1.0
0,207,53,531.3630994235102,337.4901468674184,1.0,0.0,0.0,1.0
0,207,54,531.2608229514744,337.97957461823347,1.0,0.0,0.0,1.0
0,207,55,531.1585464794387,338.46900236904855,1.0,0.0,0.0,1.0
0,207,56,531.1955610472846,338.2918750559176,1.0,0.0,0.0,1.0
0,207,57,531.2978375193204,337.8024473051025,1.0,0.0,0.0,1.0
0,207,58,531.4001139913562,337.3130195542874,1.0,0.0,0.0,1.0
0,207,59,531.5023904633919,336.8235918034723,1.0,0.0,0.0,1.0
0,207,60,531.6046669354276,336.33416405265723,1.0,0.0,0.0,1.0
0,207,61,531.7069434074634,335.84473630184215,1.0,0.0,0.0,1.0
0,207,62,531.8092198794992,335.35530855102706,1.0,0.0,0.0,1.0
0,207,63,531.911496351535,334.865880800212,1.0,0.0,0.0,1.0
0,207,64,532.0137728235708,334.3764530493969,1.0,0.0,0.0,1.0
0,207,65,532.1160492956066,333.8870252985818,1.0,0.0,0.0,1.0
0,207,66,532.2183257676423,333.39759754776674,1.0,0.0,0.0,1.0
0,207,67,532.3206022396781,332.9081697969516,1.0,0.0,0.0,1.0
0,207,68,532.4228787117139,332.4187420461365,1.0,0.0,0.0,1.0
0,207,69,532.5251551837497,331.92931429532143,1.0,0.0,0.0,1.0
0,207,70,532.6274316557855,331.43988654450635,1.0,0.0,0.0,1.0
0,207,71,532.7297081278211,330.95045879369127,1.0,0.0,0.0,1.0
0,207,72,532.8319845998569,330.4610310428762,1.0,0.0,0.0,1.0
0,207,73,532.9342610718927,329.9716032920611,1.0,0.0,0.0,1.0
0,207,74,533.0365375439285,329.482175541246,1.0,0.0,0.0,1.0
0,207,75,533.1388140159643,328.99274779043094,1.0,0.0,0.0,1.0
0,207,76,533.241090488,328.50332003961586,1.0,0.0,0.0,1.0
0,207,77,533.3433669600358,328.0138922888008,1.0,0.0,0.0,1.0
0,207,78,533.4456434320716,327.52446453798564,1.0,0.0,0.0,1.0
0,207,79,533.5479199041074,327.03503678717055,1.0,0.0,0.0,1.0
0,207,80,533.6501963761432,326.5456090363555,1.0,0.0,0.0,1.0
0,207,81,533.752472848179,326.0561812855404,1.0,0.0,0.0,1.0
0,207,82,533.8547493202148,325.5667535347253,1.0,0.0,0.0,1.0
0,207,83,533.9570257922505,325.0773257839102,1.0,0.0,0.0,1.0
0,207,84,534.0593022642862,324.58789803309514,1.0,0.0,0.0,1.0
0,207,85,534.161578736322,324.09847028228006,1.0,0.0,0.0,1.0
0,207,86,534.2638552083578,323.609042531465,1.0,0.0,0.0,1.0
0,207,87,534.3661316803936,323.1196147806499,1.0,0.0,0.0,1.0
0,207,88,534.4684081524293,322.63018702983476,1.0,0.0,0.0,1.0
0,207,89,534.5706846244651,322.1407592790197,1.0,0.0,0.0,1.0
0,207,90,534.6729610965009,321.6513315282046,1.0,0.0,0.0,1.0
0,207,91,534.7752375685367,321.1619037773895,1.0,0.0,0.0,1.0
0,207,92,534.8775140405725,320.67247602657443,1.0,0.0,0.0,1.0
0,207,93,534.9797905126082,320.18304827575935,1.0,0.0,0.0,1.0
0,207,94,535.082066984644,319.69362052494427,1.0,0.0,0.0,1.0
0,207,95,535.1843434566798,319.2041927741292,1.0,0.0,0.0,1.0
0,207,96,535.2866199287156,318.7147650233141,1.0,0.0,0.0,1.0
0,207,97,535.3888964007513,318.225337272499,1.0,0.0,0.0,1.0
0,207,98,535.491172872787,317.7359095216839,1.0,0.0,0.0,1.0
0,207,99,535.5934493448228,317.2464817708688,1.0,0.0,0.0,1.0
0,207,100,535.6957258168586,316.7570540200537,1.0,0.0,0.0,1.0
0,207,101,535.7980022888944,316.26762626923863,1.0,0.0,0.0,1.0
0,207,102,535.9002787609302,315.77819851842355,1.0,0.0,0.0,1.0
0,207,103,536.002555232966,315.28877076760847,1.0,0.0,0.0,1.0
0,207,104,536.1048317050017,314.7993430167934,1.0,0.0,0.0,1.0
0,207,105,536.2071081770375,314.3099152659783,1.0,0.0,0.0,1.0
0,207,106,536.3093846490733,313.8204875151632,1.0,0.0,0.0,1.0
0,207,107,536.4116611211091,313.33105976434814,1.0,0.0,0.0,1.0
0,207,108,536.5139375931449,312.84163201353306,1.0,0.0,0.0,1.0
0,207,109,536.6162140651807,312.3522042627179,1.0,0.0,0.0,1.0
0,207,110,536.7184905372163,311.86277651190284,1.0,0.0,0.0,1.0
0,208,0,536.7980346679688,311.4122314453125,1.0,0.0,0.0,1.0
0,209,0,539.6420288085938,283.8992614746094,1.0,0.0,0.0,1.0
0,209,1,539.5906181372027,284.39661139455217,1.0,0.0,0.0,1.0
0,209,2,539.5392074658115,284.89396131449496,1.0,0.0,0.0,1.0
0,209,3,539.4877967944204,285.3913112344378,1.0,0.0,0.0,1.0
0,209,4,539.4363861230293,285.8886611543806,1.0,0.0,0.0,1.0
0,209,5,539.3849754516382,286.3860110743234,1.0,0.0,0.0,1.0
0,209,6,539.333564780247,286.8833609942662,1.0,0.0,0.0,1.0
0,209,7,539.2821541088559,287.38071091420903,1.0,0.0,0.0,1.0
0,209,8,539.2307434374648,287.8780608341518,1.0,0.0,0.0,1.0
0,209,9,539.1793327660737,288.3754107540946,1.0,0.0,0.0,1.0
0,209,10,539.1279220946825,288.8727606740374,1.0,0.0,0.0,1.0
0,209,11,539.0765114232914,289.3701105939802,1.0,0.0,0.0,1.0
0,209,12,539.0251007519003,289.86746051392305,1.0,0.0,0.0,1.0
0,209,13,538.9736900805092,290.36481043386584,1.0,0.0,0.0,1.0
0,209,14,538.922279409118,290.86216035380863,1.0,0.0,0.0,1.0
0,209,15,538.8708687377269,291.3595102737514,1.0,0.0,0.0,1.0
0,209,16,538.8194580663358,291.8568601936943,1.0,0.0,0.0,1.0
0,209,17,538.7680473949447,292.35421011363707,1.0,0.0,0.0,1.0
0,209,18,538.7166367235535,292.85156003357986,1.0,0.0,0.0,1.0
0,209,19,538.6652260521624,293.34890995352265,1.0,0.0,0.0,1.0
0,209,20,538.6138153807713,293.84625987346544,1.0,0.0,0.0,1.0
0,209,21,538.5624047093802,294.3436097934083,1.0,0.0,0.0,1.0
0,209,22,538.510994037989,294.8409597133511,1.0,0.0,0.0,1.0
0,209,23,538.4595833665979,295.3383096332939,1.0,0.0,0.0,1.0
0,209,24,538.4081726952068,295.83565955323667,1.0,0.0,0.0,1.0
0,209,25,538.3567620238157,296.33300947317946,1.0,0.0,0.0,1.0
0,209,26,538.3053513524245,296.8303593931223,1.0,0.0,0.0,1.0
0,209,27,538.2539406810334,297.3277093130651,1.0,0.0,0.0,1.0
0,209,28,538.2025300096423,297.8250592330079,1.0,0.0,0.0,1.0
0,209,29,538.1511193382512,298.3224091529507,1.0,0.0,0.0,1.0
0,209,30,538.09970866686,298.81975907289353,1.0,0.0,0.0,1.0
0,209,31,538.0482979954689,299.3171089928363,1.0,0.0,0.0,1.0
0,209,32,537.9968873240779,299.8144589127791,1.0,0.0,0.0,1.0
0,209,33,537.9454766526867,300.3118088327219,1.0,0.0,0.0,1.0
0,209,34,537.8940659812956,300.8091587526647,1.0,0.0,0.0,1.0
0,209,35,537.8426553099044,301.30650867260755,1.0,0.0,0.0,1.0
0,209,36,537.7912446385134,301.80385859255034,1.0,0.0,0.0,1.0
0,209,37,537.7398339671222,302.30120851249313,1.0,0.0,0.0,1.0
0,209,38,537.6884232957311,302.7985584324359,1.0,0.0,0.0,1.0
0,209,39,537.63701262434,303.2959083523788,1.0,0.0,0.0,1.0
0,209,40,537.5856019529489,303.79325827232157,1.0,0.0,0.0,1.0
0,209,41,537.5341912815577,304.29060819226436,1.0,0.0,0.0,1.0
0,209,42,537.4827806101666,304.78795811220715,1.0,0.0,0.0,1.0
0,209,43,537.4313699387754,305.28530803214994,1.0,0.0,0.0,1.0
0,209,44,537.3799592673844,305.7826579520928,1.0,0.0,0.0,1.0
0,209,45,537.3285485959932,306.2800078720356,1.0,0.0,0.0,1.0
0,209,46,537.2771379246021,306.7773577919784,1.0,0.0,0.0,1.0
0,209,47,537.225727253211,307.27470771192117,1.0,0.0,0.0,1.0
0,209,48,537.1743165818199,307.77205763186396,1.0,0.0,0.0,1.0
0,209,49,537.1229059104287,308.2694075518068,1.0,0.0,0.0,1.0
0,209,50,537.0714952390376,308.7667574717496,1.0,0.0,0.0,1.0
0,209,51,537.0200845676464,309.2641073916924,1.0,0.0,0.0,1.0
0,209,52,536.9686738962554,309.7614573116352,1.0,0.0,0.0,1.0
0,209,53,536.9172632248642,310.25880723157803,1.0,0.0,0.0,1.0
0,209,54,536.8658525534731,310.7561571515208,1.0,0.0,0.0,1.0
0,209,55,536.814441882082,311.2535070714636,1.0,0.0,0.0,1.0
0,209,56,536.8330381252466,311.0736058992186,1.0,0.0,0.0,1.0
0,209,57,536.8844487966378,310.5762559792758,1.0,0.0,0.0,1.0
0,209,58,536.9358594680289,310.07890605933295,1.0,0.0,0.0,1.0
0,209,59,536.98727013942,309.58155613939016,1.0,0.0,0.0,1.0
0,209,60,537.0386808108111,309.08420621944737,1.0,0.0,0.0,1.0
0,209,61,537.0900914822023,308.5868562995046,1.0,0.0,0.0,1.0
0,209,62,537.1415021535934,308.0895063795617,1.0,0.0,0.0,1.0
0,209,63,537.1929128249844,307.59215645961893,1.0,0.0,0.0,1.0
0,209,64,537.2443234963756,307.09480653967614,1.0,0.0,0.0,1.0
0,209,65,537.2957341677667,306.59745661973335,1.0,0.0,0.0,1.0
0,209,66,537.3471448391579,306.10010669979056,1.0,0.0,0.0,1.0
0,209,67,537.3985555105489,305.6027567798477,1.0,0.0,0.0,1.0
0,209,68,537.4499661819401,305.1054068599049,1.0,0.0,0.0,1.0
0,209,69,537.5013768533312,304.6080569399621,1.0,0.0,0.0,1.0
0,209,70,537.5527875247224,304.11070702001933,1.0,0.0,0.0,1.0
0,209,71,537.6041981961134,303.6133571000765,1.0,0.0,0.0,1.0
0,209,72,537.6556088675046,303.1160071801337,1.0,0.0,0.0,1.0
0,209,73,537.7070195388957,302.6186572601909,1.0,0.0,0.0,1.0
0,209,74,537.7584302102869,302.1213073402481,1.0,0.0,0.0,1.0
0,209,75,537.8098408816779,301.6239574203053,1.0,0.0,0.0,1.0
0,209,76,537.8612515530691,301.12660750036247,1.0,0.0,0.0,1.0
0,209,77,537.9126622244602,300.6292575804197,1.0,0.0,0.0,1.0
0,209,78,537.9640728958514,300.1319076604769,1.0,0.0,0.0,1.0
0,209,79,538.0154835672424,299.6345577405341,1.0,0.0,0.0,1.0
0,209,80,538.0668942386336,299.13720782059124,1.0,0.0,0.0,1.0
0,209,81,538.1183049100247,298.63985790064845,1.0,0.0,0.0,1.0
0,209,82,538.1697155814159,298.14250798070566,1.0,0.0,0.0,1.0
0,209,83,538.2211262528069,297.64515806076287,1.0,0.0,0.0,1.0
0,209,84,538.2725369241981,297.1478081408201,1.0,0.0,0.0,1.0
0,209,85,538.3239475955892,296.6504582208772,1.0,0.0,0.0,1.0
0,209,86,538.3753582669804,296.15310830093443,1.0,0.0,0.0,1.0
0,209,87,538.4267689383714,295.65575838099164,1.0,0.0,0.0,1.0
0,209,88,538.4781796097626,295.15840846104885,1.0,0.0,0.0,1.0
0,209,89,538.5295902811537,294.66105854110606,1.0,0.0,0.0,1.0
0,209,90,538.5810009525449,294.1637086211632,1.0,0.0,0.0,1.0
0,209,91,538.6324116239359,293.6663587012204,1.0,0.0,0.0,1.0
0,209,92,538.6838222953271,293.1690087812776,1.0,0.0,0.0,1.0
0,209,93,538.7352329667182,292.67165886133483,1.0,0.0,0.0,1.0
0,209,94,538.7866436381092,292.174308941392,1.0,0.0,0.0,1.0
0,209,95,538.8380543095004,291.6769590214492,1.0,0.0,0.0,1.0
0,209,96,538.8894649808915,291.1796091015064,1.0,0.0,0.0,1.0
0,209,97,538.9408756522827,290.6822591815636,1.0,0.0,0.0,1.0
0,209,98,538.9922863236737,290.1849092616208,1.0,0.0,0.0,1.0
0,209,99,539.0436969950649,289.68755934167797,1.0,0.0,0.0,1.0
0,209,100,539.095107666456,289.1902094217352,1.0,0.0,0.0,1.0
0,209,101,539.1465183378472,288.6928595017924,1.0,0.0,0.0,1.0
0,209,102,539.1979290092382,288.1955095818496,1.0,0.0,0.0,1.0
0,209,103,539.2493396806294,287.69815966190674,1.0,0.0,0.0,1.0
0,209,104,539.3007503520205,287.20080974196395,1.0,0.0,0.0,1.0
0,209,105,539.3521610234117,286.70345982202116,1.0,0.0,0.0,1.0
0,209,106,539.4035716948027,286.20610990207837,1.0,0.0,0.0,1.0
0,209,107,539.4549823661939,285.7087599821356,1.0,0.0,0.0,1.0
0,209,108,539.506393037585,285.2114100621927,1.0,0.0,0.0,1.0
0,209,109,539.5578037089762,284.71406014224993,1.0,0.0,0.0,1.0
0,209,110,539.6092143803672,284.21671022230714,1.0,0.0,0.0,1.0
0,210,0,539.6420288085938,283.76025390625,1.0,0.0,0.0,1.0
0,211,0,539.6420288085938,256.1007385253906,1.0,0.0,0.0,1.0
0,211,1,539.6420288085938,256.6007385253906,1.0,0.0,0.0,1.0
0,211,2,539.6420288085938,257.1007385253906,1.0,0.0,0.0,1.0
0,211,3,539.6420288085938,257.6007385253906,1.0,0.0,0.0,1.0
0,211,4,539.6420288085938,258.1007385253906,1.0,0.0,0.0,1.0
0,211,5,539.6420288085938,258.6007385253906,1.0,0.0,0.0,1.0
0,211,6,539.6420288085938,259.1007385253906,1.0,0.0,0.0,1.0
0,211,7,539.6420288085938,259.6007385253906,1.0,0.0,0.0,1.0
0,211,8,539.6420288085938,260.1007385253906,1.0,0.0,0.0,1.0
0,211,9,539.6420288085938,260.6007385253906,1.0,0.0,0.0,1.0
0,211,10,539.6420288085938,261.1007385253906,1.0,0.0,0.0,1.0
0,211,11,539.6420288085938,261.6007385253906,1.0,0.0,0.0,1.0
0,211,12,539.6420288085938,262.1007385253906,1.0,0.0,0.0,1.0
0,211,13,539.6420288085938,262.6007385253906,1.0,0.0,0.0,1.0
0,211,14,539.6420288085938,263.1007385253906,1.0,0.0,0.0,1.0
0,211,15,539.6420288085938,263.6007385253906,1.0,0.0,0.0,1.0
0,211,16,539.6420288085938,264.1007385253906,1.0,0.0,0.0,1.0
0,211,17,539.6420288085938,264.6007385253906,1.0,0.0,0.0,1.0
0,211,18,539.6420288085938,265.1007385253906,1.0,0.0,0.0,1.0
0,211,19,539.6420288085938,265.6007385253906,1.0,0.0,0.0,1.0
0,211,20,539.6420288085938,266.1007385253906,1.0,0.0,0.0,1.0
0,211,21,539.6420288085938,266.6007385253906,1.0,0.0,0.0,1.0
0,211,22,539.6420288085938,267.1007385253906,1.0,0.0,0.0,1.0
0,211,23,539.6420288085938,267.6007385253906,1.0,0.0,0.0,1.0
0,211,24,539.6420288085938,268.1007385253906,1.0,0.0,0.0,1.0
0,211,25,539.6420288085938,268.6007385253906,1.0,0.0,0.0,1.0
0,211,26,539.6420288085938,269.1007385253906,1.0,0.0,0.0,1.0
0,211,27,539.6420288085938,269.6007385253906,1.0,0.0,0.0,1.0
0,211,28,539.6420288085938,270.1007385253906,1.0,0.0,0.0,1.0
0,211,29,539.6420288085938,270.6007385253906,1.0,0.0,0.0,1.0
0,211,30,539.6420288085938,271.1007385253906,1.0,0.0,0.0,1.0
0,211,31,539.6420288085938,271.6007385253906,1.0,0.0,0.0,1.0
0,211,32,539.6420288085938,272.1007385253906,1.0,0.0,0.0,1.0
0,211,33,539.6420288085938,272.6007385253906,1.0,0.0,0.0,1.0
0,211,34,539.6420288085938,273.1007385253906,1.0,0.0,0.0,1.0
0,211,35,539.6420288085938,273.6007385253906,1.0,0.0,0.0,1.0
0,211,36,539.6420288085938,274.1007385253906,1.0,0.0,0.0,1.0
0,211,37,539.6420288085938,274.6007385253906,1.0,0.0,0.0,1.0
0,211,38,539.6420288085938,275.1007385253906,1.0,0.0,0.0,1.0
0,211,39,539.6420288085938,275.6007385253906,1.0,0.0,0.0,1.0
0,211,40,539.6420288085938,276.1007385253906,1.0,0.0,0.0,1.0
0,211,41,539.6420288085938,276.6007385253906,1.0,0.0,0.0,1.0
0,211,42,539.6420288085938,277.1007385253906,1.0,0.0,0.0,1.0
0,211,43,539.6420288085938,277.6007385253906,1.0,0.0,0.0,1.0
0,211,44,539.6420288085938,278.1007385253906,1.0,0.0,0.0,1.0
0,211,45,539.6420288085938,278.6007385253906,1.0,0.0,0.0,1.0
0,211,46,539.6420288085938,279.1007385253906,1.0,0.0,0.0,1.0
0,211,47,539.6420288085938,279.6007385253906,1.0,0.0,0.0,1.0
0,211,48,539.6420288085938,280.1007385253906,1.0,0.0,0.0,1.0
0,211,49,539.6420288085938,280.6007385253906,1.0,0.0,0.0,1.0
0,211,50,539.6420288085938,281.1007385253906,1.0,0.0,0.0,1.0
0,211,51,539.6420288085938,281.6007385253906,1.0,0.0,0.0,1.0
0,211,52,539.6420288085938,282.1007385253906,1.0,0.0,0.0,1.0
0,211,53,539.6420288085938,282.6007385253906,1.0,0.0,0.0,1.0
0,211,54,539.6420288085938,283.1007385253906,1.0,0.0,0.0,1.0
0,211,55,539.6420288085938,283.6007385253906,1.0,0.0,0.0,1.0
0,211,56,539.6420288085938,283.4197692871094,1.0,0.0,0.0,1.0
0,211,57,539.6420288085938,282.9197692871094,1.0,0.0,0.0,1.0
0,211,58,539.6420288085938,282.4197692871094,1.0,0.0,0.0,1.0
0,211,59,539.6420288085938,281.9197692871094,1.0,0.0,0.0,1.0
0,211,60,539.6420288085938,281.4197692871094,1.0,0.0,0.0,1.0
0,211,61,539.6420288085938,280.9197692871094,1.0,0.0,0.0,1.0
0,211,62,539.6420288085938,280.4197692871094,1.0,0.0,0.0,1.0
0,211,63,539.6420288085938,279.9197692871094,1.0,0.0,0.0,1.0
0,211,64,539.6420288085938,279.4197692871094,1.0,0.0,0.0,1.0
0,211,65,539.6420288085938,278.9197692871094,1.0,0.0,0.0,1.0
0,211,66,539.6420288085938,278.4197692871094,1.0,0.0,0.0,1.0
0,211,67,539.6420288085938,277.9197692871094,1.0,0.0,0.0,1.0
0,211,68,539.6420288085938,277.4197692871094,1.0,0.0,0.0,1.0
0,211,69,539.6420288085938,276.9197692871094,1.0,0.0,0.0,1.0
0,211,70,539.6420288085938,276.4197692871094,1.0,0.0,0.0,1.0
0,211,71,539.6420288085938,275.9197692871094,1.0,0.0,0.0,1.0
0,211,72,539.6420288085938,275.4197692871094,1.0,0.0,0.0,1.0
0,211,73,539.6420288085938,274.9197692871094,1.0,0.0,0.0,1.0
0,211,74,539.6420288085938,274.4197692871094,1.0,0.0,0.0,1.0
0,211,75,539.6420288085938,273.9197692871094,1.0,0.0,0.0,1.0
0,211,76,539.6420288085938,273.4197692871094,1.0,0.0,0.0,1.0
0,211,77,539.6420288085938,272.9197692871094,1.0,0.0,0.0,1.0
0,211,78,539.6420288085938,272.4197692871094,1.0,0.0,0.0,1.0
0,211,79,539.6420288085938,271.9197692871094,1.0,0.0,0.0,1.0
0,211,80,539.6420288085938,271.4197692871094,1.0,0.0,0.0,1.0
0,211,81,539.6420288085938,270.9197692871094,1.0,0.0,0.0,1.0
0,211,82,539.6420288085938,270.4197692871094,1.0,0.0,0.0,1.0
0,211,83,539.6420288085938,269.9197692871094,1.0,0.0,0.0,1.0
0,211,84,539.6420288085938,269.4197692871094,1.0,0.0,0.0,1.0
0,211,85,539.6420288085938,268.9197692871094,1.0,0.0,0.0,1.0
0,211,86,539.6420288085938,268.4197692871094,1.0,0.0,0.0,1.0
0,211,87,539.6420288085938,267.9197692871094,1.0,0.0,0.0,1.0
0,211,88,539.6420288085938,267.4197692871094,1.0,0.0,0.0,1.0
0,211,89,539.6420288085938,266.9197692871094,1.0,0.0,0.0,1.0
0,211,90,539.6420288085938,266.4197692871094,1.0,0.0,0.0,1.0
0,211,91,539.6420288085938,265.9197692871094,1.0,0.0,0.0,1.0
0,211,92,539.6420288085938,265.4197692871094,1.0,0.0,0.0,1.0
0,211,93,539.6420288085938,264.9197692871094,1.0,0.0,0.0,1.0
0,211,94,539.6420288085938,264.4197692871094,1.0,0.0,0.0,1.0
0,211,95,539.6420288085938,263.9197692871094,1.0,0.0,0.0,1.0
0,211,96,539.6420288085938,263.4197692871094,1.0,0.0,0.0,1.0
0,211,97,539.6420288085938,262.9197692871094,1.0,0.0,0.0,1.0
0,211,98,539.6420288085938,262.4197692871094,1.0,0.0,0.0,1.0
0,211,99,539.6420288085938,261.9197692871094,1.0,0.0,0.0,1.0
0,211,100,539.6420288085938,261.4197692871094,1.0,0.0,0.0,1.0
0,211,101,539.6420288085938,260.9197692871094,1.0,0.0,0.0,1.0
0,211,102,539.6420288085938,260.4197692871094,1.0,0.0,0.0,1.0
0,211,103,539.6420288085938,259.9197692871094,1.0,0.0,0.0,1.0
0,211,104,539.6420288085938,259.4197692871094,1.0,0.0,0.0,1.0
0,211,105,539.6420288085938,258.9197692871094,1.0,0.0,0.0,1.0
0,211,106,539.6420288085938,258.4197692871094,1.0,0.0,0.0,1.0
0,211,107,539.6420288085938,257.9197692871094,1.0,0.0,0.0,1.0
0,211,108,539.6420288085938,257.4197692871094,1.0,0.0,0.0,1.0
0,211,109,539.6420288085938,256.9197692871094,1.0,0.0,0.0,1.0
0,211,110,539.6420288085938,256.4197692871094,1.0,0.0,0.0,1.0
0,212,0,539.6277465820312,255.9624786376953,1.0,0.0,0.0,1.0
0,213,0,536.7837524414062,228.44955444335938,1.0,0.0,0.0,1.0
0,213,1,536.8351631974308,228.94690435455368,1.0,0.0,0.0,1.0
0,213,2,536.8865739534554,229.444254265748,1.0,0.0,0.0,1.0
0,213,3,536.9379847094799,229.9416041769423,1.0,0.0,0.0,1.0
0,213,4,536.9893954655045,230.4389540881366,1.0,0.0,0.0,1.0
0,213,5,537.040806221529,230.9363039993309,1.0,0.0,0.0,1.0
0,213,6,537.0922169775536,231.4336539105252,1.0,0.0,0.0,1.0
0,213,7,537.1436277335781,231.93100382171951,1.0,0.0,0.0,1.0
0,213,8,537.1950384896027,232.42835373291382,1.0,0.0,0.0,1.0
0,213,9,537.2464492456272,232.92570364410813,1.0,0.0,0.0,1.0
0,213,10,537.2978600016518,233.42305355530243,1.0,0.0,0.0,1.0
0,213,11,537.3492707576763,233.92040346649674,1.0,0.0,0.0,1.0
0,213,12,537.4006815137009,234.41775337769104,1.0,0.0,0.0,1.0
0,213,13,537.4520922697254,234.91510328888535,1.0,0.0,0.0,1.0
0,213,14,537.50350302575,235.41245320007965,1.0,0.0,0.0,1.0
0,213,15,537.5549137817745,235.90980311127396,1.0,0.0,0.0,1.0
0,213,16,537.6063245377991,236.40715302246826,1.0,0.0,0.0,1.0
0,213,17,537.6577352938236,236.90450293366257,1.0,0.0,0.0,1.0
0,213,18,537.7091460498482,237.40185284485688,1.0,0.0,0.0,1.0
0,213,19,537.7605568058727,237.89920275605118,1.0,0.0,0.0,1.0
0,213,20,537.8119675618973,238.3965526672455,1.0,0.0,0.0,1.0
0,213,21,537.8633783179218,238.8939025784398,1.0,0.0,0.0,1.0
0,213,22,537.9147890739464,239.3912524896341,1.0,0.0,0.0,1.0
0,213,23,537.966199829971,239.8886024008284,1.0,0.0,0.0,1.0
0,213,24,538.0176105859955,240.3859523120227,1.0,0.0,0.0,1.0
0,213,25,538.06902134202,240.88330222321702,1.0,0.0,0.0,1.0
0,213,26,538.1204320980446,241.38065213441132,1.0,0.0,0.0,1.0
0,213,27,538.1718428540692,241.87800204560563,1.0,0.0,0.0,1.0
0,213,28,538.2232536100937,242.37535195679993,1.0,0.0,0.0,1.0
0,213,29,538.2746643661183,242.87270186799424,1.0,0.0,0.0,1.0
0,213,30,538.3260751221428,243.37005177918854,1.0,0.0,0.0,1.0
0,213,31,538.3774858781674,243.86740169038285,1.0,0.0,0.0,1.0
0,213,32,538.4288966341919,244.36475160157718,1.0,0.0,0.0,1.0
0,213,33,538.4803073902165,244.86210151277146,1.0,0.0,0.0,1.0
0,213,34,538.531718146241,245.3594514239658,1.0,0.0,0.0,1.0
0,213,35,538.5831289022656,245.85680133516007,1.0,0.0,0.0,1.0
0,213,36,538.6345396582901,246.3541512463544,1.0,0.0,0.0,1.0
0,213,37,538.6859504143147,246.8515011575487,1.0,0.0,0.0,1.0
0,213,38,538.7373611703392,247.348851068743,1.0,0.0,0.0,1.0
0,213,39,538.7887719263638,247.84620097993732,1.0,0.0,0.0,1.0
0,213,40,538.8401826823883,248.34355089113163,1.0,0.0,0.0,1.0
0,213,41,538.8915934384129,248.84090080232593,1.0,0.0,0.0,1.0
0,213,42,538.9430041944374,249.33825071352024,1.0,0.0,0.0,1.0
0,213,43,538.994414950462,249.83560062471454,1.0,0.0,0.0,1.0
0,213,44,539.0458257064865,250.33295053590885,1.0,0.0,0.0,1.0
0,213,45,539.0972364625111,250.83030044710316,1.0,0.0,0.0,1.0
0,213,46,539.1486472185356,251.32765035829746,1.0,0.0,0.0,1.0
0,213,47,539.2000579745602,251.82500026949177,1.0,0.0,0.0,1.0
0,213,48,539.2514687305847,252.32235018068607,1.0,0.0,0.0,1.0
0,213,49,539.3028794866093,252.81970009188038,1.0,0.0,0.0,1.0
0,213,50,539.3542902426339,253.31705000307468,1.0,0.0,0.0,1.0
0,213,51,539.4057009986584,253.814399914269,1.0,0.0,0.0,1.0
0,213,52,539.457111754683,254.3117498254633,1.0,0.0,0.0,1.0
0,213,53,539.5085225107075,254.8090997366576,1.0,0.0,0.0,1.0
0,213,54,539.5599332667321,255.3064496478519,1.0,0.0,0.0,1.0
0,213,55,539.6113440227565,255.8037995590462,1.0,0.0,0.0,1.0
0,213,56,539.5927383852815,255.6238078051501,1.0,0.0,0.0,1.0
0,213,57,539.5413276292569,255.1264578939558,1.0,0.0,0.0,1.0
0,213,58,539.4899168732323,254.6291079827615,1.0,0.0,0.0,1.0
0,213,59,539.4385061172078,254.1317580715672,1.0,0.0,0.0,1.0
0,213,60,539.3870953611832,253.63440816037289,1.0,0.0,0.0,1.0
0,213,61,539.3356846051587,253.13705824917858,1.0,0.0,0.0,1.0
0,213,62,539.2842738491341,252.63970833798427,1.0,0.0,0.0,1.0
0,213,63,539.2328630931096,252.14235842678997,1.0,0.0,0.0,1.0
0,213,64,539.181452337085,251.64500851559566,1.0,0.0,0.0,1.0
0,213,65,539.1300415810605,251.14765860440136,1.0,0.0,0.0,1.0
0,213,66,539.0786308250359,250.65030869320705,1.0,0.0,0.0,1.0
0,213,67,539.0272200690114,250.15295878201275,1.0,0.0,0.0,1.0
0,213,68,538.9758093129868,249.65560887081844,1.0,0.0,0.0,1.0
0,213,69,538.9243985569623,249.15825895962413,1.0,0.0,0.0,1.0
0,213,70,538.8729878009377,248.66090904842983,1.0,0.0,0.0,1.0
0,213,71,538.8215770449132,248.16355913723552,1.0,0.0,0.0,1.0
0,213,72,538.7701662888886,247.66620922604122,1.0,0.0,0.0,1.0
0,213,73,538.7187555328641,247.1688593148469,1.0,0.0,0.0,1.0
0,213,74,538.6673447768395,246.6715094036526,1.0,0.0,0.0,1.0
0,213,75,538.615934020815,246.1741594924583,1.0,0.0,0.0,1.0
0,213,76,538.5645232647904,245.676809581264,1.0,0.0,0.0,1.0
0,213,77,538.5131125087659,245.1794596700697,1.0,0.0,0.0,1.0
0,213,78,538.4617017527413,244.68210975887538,1.0,0.0,0.0,1.0
0,213,79,538.4102909967168,244.18475984768108,1.0,0.0,0.0,1.0
0,213,80,538.3588802406922,243.68740993648677,1.0,0.0,0.0,1.0
0,213,81,538.3074694846676,243.19006002529247,1.0,0.0,0.0,1.0
0,213,82,538.2560587286431,242.69271011409816,1.0,0.0,0.0,1.0
0,213,83,538.2046479726185,242.19536020290386,1.0,0.0,0.0,1.0
0,213,84,538.153237216594,241.69801029170955,1.0,0.0,0.0,1.0
0,213,85,538.1018264605694,241.20066038051525,1.0,0.0,0.0,1.0
0,213,86,538.0504157045449,240.70331046932094,1.0,0.0,0.0,1.0
0,213,87,537.9990049485203,240.20596055812663,1.0,0.0,0.0,1.0
0,213,88,537.9475941924958,239.70861064693233,1.0,0.0,0.0,1.0
0,213,89,537.8961834364712,239.21126073573802,1.0,0.0,0.0,1.0
0,213,90,537.8447726804467,238.71391082454372,1.0,0.0,0.0,1.0
0,213,91,537.7933619244221,238.21656091334938,1.0,0.0,0.0,1.0
0,213,92,537.7419511683976,237.7192110021551,1.0,0.0,0.0,1.0
0,213,93,537.690540412373,237.22186109096077,1.0,0.0,0.0,1.0
0,213,94,537.6391296563485,236.72451117976647,1.0,0.0,0.0,1.0
0,213,95,537.5877189003239,236.22716126857216,1.0,0.0,0.0,1.0
0,213,96,537.5363081442994,235.72981135737786,1.0,0.0,0.0,1.0
0,213,97,537.4848973882748,235.23246144618355,1.0,0.0,0.0,1.0
0,213,98,537.4334866322503,234.73511153498924,1.0,0.0,0.0,1.0
0,213,99,537.3820758762257,234.23776162379494,1.0,0.0,0.0,1.0
0,213,100,537.3306651202012,233.74041171260063,1.0,0.0,0.0,1.0
0,213,101,537.2792543641766,233.24306180140633,1.0,0.0,0.0,1.0
0,213,102,537.227843608152,232.74571189021202,1.0,0.0,0.0,1.0
0,213,103,537.1764328521275,232.24836197901772,1.0,0.0,0.0,1.0
0,213,104,537.125022096103,231.7510120678234,1.0,0.0,0.0,1.0
0,213,105,537.0736113400784,231.2536621566291,1.0,0.0,0.0,1.0
0,213,106,537.0222005840538,230.7563122454348,1.0,0.0,0.0,1.0
0,213,107,536.9707898280293,230.2589623342405,1.0,0.0,0.0,1.0
0,213,108,536.9193790720047,229.7616124230462,1.0,0.0,0.0,1.0
0,213,109,536.8679683159802,229.26426251185188,1.0,0.0,0.0,1.0
0,213,110,536.8165575599556,228.76691260065758,1.0,0.0,0.0,1.0
0,214,0,536.7553100585938,228.31350708007812,1.0,0.0,0.0,1.0
0,215,0,531.0974731445312,201.2388153076172,1.0,0.0,0.0,1.0
0,215,1,531.1997495613377,201.72824306997362,1.0,0.0,0.0,1.0
0,215,2,531.3020259781442,202.21767083233004,1.0,0.0,0.0,1.0
0,215,3,531.4043023949507,202.7070985946865,1.0,0.0,0.0,1.0
0,215,4,531.5065788117572,203.19652635704293,1.0,0.0,0.0,1.0
0,215,5,531.6088552285637,203.68595411939936,1.0,0.0,0.0,1.0
0,215,6,531.7111316453702,204.17538188175578,1.0,0.0,0.0,1.0
0,215,7,531.8134080621767,204.66480964411224,1.0,0.0,0.0,1.0
0,215,8,531.915684478983,205.15423740646867,1.0,0.0,0.0,1.0
0,215,9,532.0179608957895,205.6436651688251,1.0,0.0,0.0,1.0
0,215,10,532.120237312596,206.13309293118152,1.0,0.0,0.0,1.0
0,215,11,532.2225137294025,206.62252069353798,1.0,0.0,0.0,1.0
0,215,12,532.324790146209,207.1119484558944,1.0,0.0,0.0,1.0
0,215,13,532.4270665630155,207.60137621825083,1.0,0.0,0.0,1.0
0,215,14,532.529342979822,208.09080398060726,1.0,0.0,0.0,1.0
0,215,15,532.6316193966285,208.58023174296372,1.0,0.0,0.0,1.0
0,215,16,532.733895813435,209.06965950532015,1.0,0.0,0.0,1.0
0,215,17,532.8361722302415,209.55908726767657,1.0,0.0,0.0,1.0
0,215,18,532.938448647048,210.048515030033,1.0,0.0,0.0,1.0
0,215,19,533.0407250638544,210.53794279238946,1.0,0.0,0.0,1.0
0,215,20,533.1430014806609,211.0273705547459,1.0,0.0,0.0,1.0
0,215,21,533.2452778974674,211.5167983171023,1.0,0.0,0.0,1.0
0,215,22,533.3475543142739,212.00622607945874,1.0,0.0,0.0,1.0
0,215,23,533.4498307310803,212.4956538418152,1.0,0.0,0.0,1.0
0,215,24,533.5521071478868,212.98508160417163,1.0,0.0,0.0,1.0
0,215,25,533.6543835646933,213.47450936652805,1.0,0.0,0.0,1.0
0,215,26,533.7566599814998,213.96393712888448,1.0,0.0,0.0,1.0
0,215,27,533.8589363983062,214.45336489124094,1.0,0.0,0.0,1.0
0,215,28,533.9612128151127,214.94279265359737,1.0,0.0,0.0,1.0
0,215,29,534.0634892319192,215.4322204159538,1.0,0.0,0.0,1.0
0,215,30,534.1657656487257,215.92164817831022,1.0,0.0,0.0,1.0
0,215,31,534.2680420655322,216.41107594066668,1.0,0.0,0.0,1.0
0,215,32,534.3703184823387,216.9005037030231,1.0,0.0,0.0,1.0
0,215,33,534.4725948991452,217.38993146537953,1.0,0.0,0.0,1.0
0,215,34,534.5748713159517,217.87935922773596,1.0,0.0,0.0,1.0
0,215,35,534.6771477327582,218.36878699009242,1.0,0.0,0.0,1.0
0,215,36,534.7794241495646,218.85821475244884,1.0,0.0,0.0,1.0
0,215,37,534.8817005663711,219.34764251480527,1.0,0.0,0.0,1.0
0,215,38,534.9839769831775,219.8370702771617,1.0,0.0,0.0,1.0
0,215,39,535.086253399984,220.32649803951813,1.0,0.0,0.0,1.0
0,215,40,535.1885298167905,220.81592580187458,1.0,0.0,0.0,1.0
0,215,41,535.290806233597,221.305353564231,1.0,0.0,0.0,1.0
0,215,42,535.3930826504035,221.79478132658744,1.0,0.0,0.0,1.0
0,215,43,535.49535906721,222.28420908894387,1.0,0.0,0.0,1.0
0,215,44,535.5976354840165,222.77363685130032,1.0,0.0,0.0,1.0
0,215,45,535.6999119008229,223.26306461365675,1.0,0.0,0.0,1.0
0,215,46,535.8021883176294,223.75249237601318,1.0,0.0,0.0,1.0
0,215,47,535.9044647344359,224.2419201383696,1.0,0.0,0.0,1.0
0,215,48,536.0067411512424,224.73134790072606,1.0,0.0,0.0,1.0
0,215,49,536.1090175680489,225.2207756630825,1.0,0.0,0.0,1.0
0,215,50,536.2112939848554,225.71020342543892,1.0,0.0,0.0,1.0
0,215,51,536.3135704016619,226.19963118779535,1.0,0.0,0.0,1.0
0,215,52,536.4158468184684,226.6890589501518,1.0,0.0,0.0,1.0
0,215,53,536.5181232352747,227.17848671250823,1.0,0.0,0.0,1.0
0,215,54,536.6203996520812,227.66791447486466,1.0,0.0,0.0,1.0
0,215,55,536.7226760688877,228.1573422372211,1.0,0.0,0.0,1.0
0,215,56,536.6856676314933,227.9802441605787,1.0,0.0,0.0,1.0
0,215,57,536.5833912146868,227.49081639822228,1.0,0.0,0.0,1.0
0,215,58,536.4811147978803,227.00138863586585,1.0,0.0,0.0,1.0
0,215,59,536.3788383810738,226.51196087350942,1.0,0.0,0.0,1.0
0,215,60,536.2765619642673,226.02253311115297,1.0,0.0,0.0,1.0
0,215,61,536.1742855474608,225.53310534879654,1.0,0.0,0.0,1.0
0,215,62,536.0720091306544,225.0436775864401,1.0,0.0,0.0,1.0
0,215,63,535.9697327138479,224.55424982408368,1.0,0.0,0.0,1.0
0,215,64,535.8674562970414,224.06482206172723,1.0,0.0,0.0,1.0
0,215,65,535.7651798802349,223.5753942993708,1.0,0.0,0.0,1.0
0,215,66,535.6629034634284,223.08596653701437,1.0,0.0,0.0,1.0
0,215,67,535.5606270466219,222.59653877465794,1.0,0.0,0.0,1.0
0,215,68,535.4583506298155,222.10711101230152,1.0,0.0,0.0,1.0
0,215,69,535.356074213009,221.61768324994506,1.0,0.0,0.0,1.0
0,215,70,535.2537977962025,221.12825548758863,1.0,0.0,0.0,1.0
0,215,71,535.1515213793961,220.6388277252322,1.0,0.0,0.0,1.0
0,215,72,535.0492449625896,220.14939996287575,1.0,0.0,0.0,1.0
0,215,73,534.9469685457831,219.65997220051932,1.0,0.0,0.0,1.0
0,215,74,534.8446921289766,219.1705444381629,1.0,0.0,0.0,1.0
0,215,75,534.7424157121701,218.68111667580646,1.0,0.0,0.0,1.0
0,215,76,534.6401392953636,218.19168891345004,1.0,0.0,0.0,1.0
0,215,77,534.5378628785571,217.70226115109358,1.0,0.0,0.0,1.0
0,215,78,534.4355864617506,217.21283338873715,1.0,0.0,0.0,1.0
0,215,79,534.3333100449441,216.72340562638072,1.0,0.0,0.0,1.0
0,215,80,534.2310336281377,216.2339778640243,1.0,0.0,0.0,1.0
0,215,81,534.1287572113312,215.74455010166784,1.0,0.0,0.0,1.0
0,215,82,534.0264807945247,215.2551223393114,1.0,0.0,0.0,1.0
0,215,83,533.9242043777182,214.76569457695498,1.0,0.0,0.0,1.0
0,215,84,533.8219279609118,214.27626681459856,1.0,0.0,0.0,1.0
0,215,85,533.7196515441053,213.7868390522421,1.0,0.0,0.0,1.0
0,215,86,533.6173751272988,213.29741128988567,1.0,0.0,0.0,1.0
0,215,87,533.5150987104923,212.80798352752925,1.0,0.0,0.0,1.0
0,215,88,533.4128222936858,212.31855576517282,1.0,0.0,0.0,1.0
0,215,89,533.3105458768794,211.82912800281636,1.0,0.0,0.0,1.0
0,215,90,533.2082694600729,211.33970024045993,1.0,0.0,0.0,1.0
0,215,91,533.1059930432664,210.8502724781035,1.0,0.0,0.0,1.0
0,215,92,533.0037166264599,210.36084471574708,1.0,0.0,0.0,1.0
0,215,93,532.9014402096534,209.87141695339062,1.0,0.0,0.0,1.0
0,215,94,532.7991637928469,209.3819891910342,1.0,0.0,0.0,1.0
0,215,95,532.6968873760404,208.89256142867777,1.0,0.0,0.0,1.0
0,215,96,532.5946109592339,208.40313366632134,1.0,0.0,0.0,1.0
0,215,97,532.4923345424274,207.9137059039649,1.0,0.0,0.0,1.0
0,215,98,532.390058125621,207.42427814160845,1.0,0.0,0.0,1.0
0,215,99,532.2877817088146,206.93485037925203,1.0,0.0,0.0,1.0
0,215,100,532.1855052920081,206.4454226168956,1.0,0.0,0.0,1.0
0,215,101,532.0832288752016,205.95599485453914,1.0,0.0,0.0,1.0
0,215,102,531.9809524583951,205.46656709218271,1.0,0.0,0.0,1.0
0,215,103,531.8786760415886,204.9771393298263,1.0,0.0,0.0,1.0
0,215,104,531.7763996247821,204.48771156746986,1.0,0.0,0.0,1.0
0,215,105,531.6741232079756,203.99828380511343,1.0,0.0,0.0,1.0
0,215,106,531.5718467911692,203.50885604275697,1.0,0.0,0.0,1.0
0,215,107,531.4695703743627,203.01942828040055,1.0,0.0,0.0,1.0
0,215,108,531.3672939575562,202.53000051804412,1.0,0.0,0.0,1.0
0,215,109,531.2650175407497,202.04057275568766,1.0,0.0,0.0,1.0
0,215,110,531.1627411239432,201.55114499333123,1.0,0.0,0.0,1.0
0,216,0,531.05517578125,201.1063995361328,1.0,0.0,0.0,1.0
0,217,0,522.6435546875,174.75694274902344,1.0,0.0,0.0,1.0
0,217,1,522.7956111949433,175.23326072951983,1.0,0.0,0.0,1.0
0,217,2,522.9476677023865,175.7095787100162,1.0,0.0,0.0,1.0
0,217,3,523.0997242098299,176.18589669051258,1.0,0.0,0.0,1.0
0,217,4,523.2517807172732,176.66221467100894,1.0,0.0,0.0,1.0
0,217,5,523.4038372247164,177.13853265150533,1.0,0.0,0.0,1.0
0,217,6,523.5558937321597,177.61485063200172,1.0,0.0,0.0,1.0
0,217,7,523.7079502396031,178.09116861249808,1.0,0.0,0.0,1.0
0,217,8,523.8600067470463,178.56748659299447,1.0,0.0,0.0,1.0
0,217,9,524.0120632544896,179.04380457349086,1.0,0.0,0.0,1.0
0,217,10,524.1641197619329,179.52012255398722,1.0,0.0,0.0,1.0
0,217,11,524.3161762693762,179.9964405344836,1.0,0.0,0.0,1.0
0,217,12,524.4682327768195,180.47275851497997,1.0,0.0,0.0,1.0
0,217,13,524.6202892842628,180.94907649547636,1.0,0.0,0.0,1.0
0,217,14,524.772345791706,181.42539447597275,1.0,0.0,0.0,1.0
0,217,15,524.9244022991494,181.9017124564691,1.0,0.0,0.0,1.0
0,217,16,525.0764588065927,182.3780304369655,1.0,0.0,0.0,1.0
0,217,17,525.2285153140359,182.85434841746186,1.0,0.0,0.0,1.0
0,217,18,525.3805718214792,183.33066639795825,1.0,0.0,0.0,1.0
0,217,19,525.5326283289226,183.80698437845464,1.0,0.0,0.0,1.0
0,217,20,525.6846848363658,184.283302358951,1.0,0.0,0.0,1.0
0,217,21,525.8367413438091,184.7596203394474,1.0,0.0,0.0,1.0
0,217,22,525.9887978512523,185.23593831994378,1.0,0.0,0.0,1.0
0,217,23,526.1408543586957,185.71225630044015,1.0,0.0,0.0,1.0
0,217,24,526.292910866139,186.18857428093654,1.0,0.0,0.0,1.0
0,217,25,526.4449673735822,186.6648922614329,1.0,0.0,0.0,1.0
0,217,26,526.5970238810255,187.1412102419293,1.0,0.0,0.0,1.0
0,217,27,526.7490803884689,187.61752822242568,1.0,0.0,0.0,1.0
0,217,28,526.9011368959121,188.09384620292204,1.0,0.0,0.0,1.0
0,217,29,527.0531934033554,188.57016418341843,1.0,0.0,0.0,1.0
0,217,30,527.2052499107987,189.0464821639148,1.0,0.0,0.0,1.0
0,217,31,527.3573064182419,189.52280014441118,1.0,0.0,0.0,1.0
0,217,32,527.5093629256853,189.99911812490757,1.0,0.0,0.0,1.0
0,217,33,527.6614194331286,190.47543610540393,1.0,0.0,0.0,1.0
0,217,34,527.8134759405718,190.95175408590032,1.0,0.0,0.0,1.0
0,217,35,527.9655324480151,191.42807206639668,1.0,0.0,0.0,1.0
0,217,36,528.1175889554585,191.90439004689307,1.0,0.0,0.0,1.0
0,217,37,528.2696454629017,192.38070802738946,1.0,0.0,0.0,1.0
0,217,38,528.421701970345,192.85702600788582,1.0,0.0,0.0,1.0
0,217,39,528.5737584777883,193.3333439883822,1.0,0.0,0.0,1.0
0,217,40,528.7258149852316,193.8096619688786,1.0,0.0,0.0,1.0
0,217,41,528.8778714926749,194.28597994937496,1.0,0.0,0.0,1.0
0,217,42,529.0299280001182,194.76229792987135,1.0,0.0,0.0,1.0
0,217,43,529.1819845075614,195.23861591036774,1.0,0.0,0.0,1.0
0,217,44,529.3340410150048,195.7149338908641,1.0,0.0,0.0,1.0
0,217,45,529.4860975224481,196.1912518713605,1.0,0.0,0.0,1.0
0,217,46,529.6381540298913,196.66756985185685,1.0,0.0,0.0,1.0
0,217,47,529.7902105373346,197.14388783235324,1.0,0.0,0.0,1.0
0,217,48,529.942267044778,197.62020581284963,1.0,0.0,0.0,1.0
0,217,49,530.0943235522212,198.096523793346,1.0,0.0,0.0,1.0
0,217,50,530.2463800596645,198.57284177384238,1.0,0.0,0.0,1.0
0,217,51,530.3984365671078,199.04915975433875,1.0,0.0,0.0,1.0
0,217,52,530.5504930745511,199.52547773483514,1.0,0.0,0.0,1.0
0,217,53,530.7025495819944,200.00179571533153,1.0,0.0,0.0,1.0
0,217,54,530.8546060894377,200.4781136958279,1.0,0.0,0.0,1.0
0,217,55,531.0066625968809,200.95443167632428,1.0,0.0,0.0,1.0
0,217,56,530.9516324581758,200.782049415445,1.0,0.0,0.0,1.0
0,217,57,530.7995759507324,200.3057314349486,1.0,0.0,0.0,1.0
0,217,58,530.6475194432892,199.8294134544522,1.0,0.0,0.0,1.0
0,217,59,530.4954629358459,199.35309547395585,1.0,0.0,0.0,1.0
0,217,60,530.3434064284027,198.87677749345946,1.0,0.0,0.0,1.0
0,217,61,530.1913499209593,198.40045951296307,1.0,0.0,0.0,1.0
0,217,62,530.039293413516,197.9241415324667,1.0,0.0,0.0,1.0
0,217,63,529.8872369060728,197.44782355197032,1.0,0.0,0.0,1.0
0,217,64,529.7351803986295,196.97150557147395,1.0,0.0,0.0,1.0
0,217,65,529.5831238911861,196.49518759097757,1.0,0.0,0.0,1.0
0,217,66,529.4310673837429,196.01886961048118,1.0,0.0,0.0,1.0
0,217,67,529.2790108762996,195.5425516299848,1.0,0.0,0.0,1.0
0,217,68,529.1269543688563,195.06623364948842,1.0,0.0,0.0,1.0
0,217,69,528.974897861413,194.58991566899203,1.0,0.0,0.0,1.0
0,217,70,528.8228413539697,194.11359768849567,1.0,0.0,0.0,1.0
0,217,71,528.6707848465264,193.63727970799928,1.0,0.0,0.0,1.0
0,217,72,528.5187283390832,193.16096172750292,1.0,0.0,0.0,1.0
0,217,73,528.3666718316398,192.68464374700653,1.0,0.0,0.0,1.0
0,217,74,528.2146153241965,192.20832576651014,1.0,0.0,0.0,1.0
0,217,75,528.0625588167533,191.73200778601378,1.0,0.0,0.0,1.0
0,217,76,527.91050230931,191.2556898055174,1.0,0.0,0.0,1.0
0,217,77,527.7584458018666,190.77937182502103,1.0,0.0,0.0,1.0
0,217,78,527.6063892944234,190.30305384452464,1.0,0.0,0.0,1.0
0,217,79,527.4543327869801,189.82673586402825,1.0,0.0,0.0,1.0
0,217,80,527.3022762795368,189.3504178835319,1.0,0.0,0.0,1.0
0,217,81,527.1502197720936,188.8740999030355,1.0,0.0,0.0,1.0
0,217,82,526.9981632646502,188.39778192253914,1.0,0.0,0.0,1.0
0,217,83,526.8461067572069,187.92146394204275,1.0,0.0,0.0,1.0
0,217,84,526.6940502497637,187.44514596154636,1.0,0.0,0.0,1.0
0,217,85,526.5419937423204,186.96882798105,1.0,0.0,0.0,1.0
0,217,86,526.389937234877,186.4925100005536,1.0,0.0,0.0,1.0
0,217,87,526.2378807274338,186.01619202005722,1.0,0.0,0.0,1.0
0,217,88,526.0858242199905,185.53987403956086,1.0,0.0,0.0,1.0
0,217,89,525.9337677125473,185.06355605906447,1.0,0.0,0.0,1.0
0,217,90,525.7817112051039,184.5872380785681,1.0,0.0,0.0,1.0
0,217,91,525.6296546976606,184.11092009807172,1.0,0.0,0.0,1.0
0,217,92,525.4775981902173,183.63460211757533,1.0,0.0,0.0,1.0
0,217,93,525.3255416827741,183.15828413707897,1.0,0.0,0.0,1.0
0,217,94,525.1734851753307,182.68196615658258,1.0,0.0,0.0,1.0
0,217,95,525.0214286678874,182.20564817608619,1.0,0.0,0.0,1.0
0,217,96,524.8693721604442,181.72933019558982,1.0,0.0,0.0,1.0
0,217,97,524.7173156530009,181.25301221509343,1.0,0.0,0.0,1.0
0,217,98,524.5652591455575,180.77669423459707,1.0,0.0,0.0,1.0
0,217,99,524.4132026381143,180.30037625410068,1.0,0.0,0.0,1.0
0,217,100,524.261146130671,179.8240582736043,1.0,0.0,0.0,1.0
0,217,101,524.1090896232278,179.34774029310793,1.0,0.0,0.0,1.0
0,217,102,523.9570331157844,178.87142231261154,1.0,0.0,0.0,1.0
0,217,103,523.8049766083411,178.39510433211518,1.0,0.0,0.0,1.0
0,217,104,523.6529201008979,177.9187863516188,1.0,0.0,0.0,1.0
0,217,105,523.5008635934546,177.4424683711224,1.0,0.0,0.0,1.0
0,217,106,523.3488070860112,176.96615039062604,1.0,0.0,0.0,1.0
0,217,107,523.196750578568,176.48983241012965,1.0,0.0,0.0,1.0
0,217,108,523.0446940711247,176.0135144296333,1.0,0.0,0.0,1.0
0,217,109,522.8926375636814,175.5371964491369,1.0,0.0,0.0,1.0
0,217,110,522.7405810562382,175.0608784686405,1.0,0.0,0.0,1.0
0,218,0,522.587890625,174.62957763671875,1.0,0.0,0.0,1.0
0,219,0,511.5115051269531,149.28468322753906,1.0,0.0,0.0,1.0
0,219,1,511.71173236663776,149.74284155441774,1.0,0.0,0.0,1.0
0,219,2,511.9119596063224,150.20099988129644,1.0,0.0,0.0,1.0
0,219,3,512.112186846007,150.6591582081751,1.0,0.0,0.0,1.0
0,219,4,512.3124140856917,151.1173165350538,1.0,0.0,0.0,1.0
0,219,5,512.5126413253763,151.57547486193246,1.0,0.0,0.0,1.0
0,219,6,512.712868565061,152.03363318881117,1.0,0.0,0.0,1.0
0,219,7,512.9130958047456,152.49179151568984,1.0,0.0,0.0,1.0
0,219,8,513.1133230444302,152.94994984256851,1.0,0.0,0.0,1.0
0,219,9,513.3135502841147,153.40810816944722,1.0,0.0,0.0,1.0
0,219,10,513.5137775237994,153.8662664963259,1.0,0.0,0.0,1.0
0,219,11,513.714004763484,154.32442482320457,1.0,0.0,0.0,1.0
0,219,12,513.9142320031686,154.78258315008324,1.0,0.0,0.0,1.0
0,219,13,514.1144592428533,155.24074147696194,1.0,0.0,0.0,1.0
0,219,14,514.3146864825379,155.69889980384062,1.0,0.0,0.0,1.0
0,219,15,514.5149137222226,156.1570581307193,1.0,0.0,0.0,1.0
0,219,16,514.7151409619072,156.615216457598,1.0,0.0,0.0,1.0
0,219,17,514.9153682015918,157.07337478447667,1.0,0.0,0.0,1.0
0,219,18,515.1155954412765,157.53153311135534,1.0,0.0,0.0,1.0
0,219,19,515.3158226809611,157.98969143823402,1.0,0.0,0.0,1.0
0,219,20,515.5160499206457,158.44784976511272,1.0,0.0,0.0,1.0
0,219,21,515.7162771603304,158.9060080919914,1.0,0.0,0.0,1.0
0,219,22,515.916504400015,159.36416641887007,1.0,0.0,0.0,1.0
0,219,23,516.1167316396997,159.82232474574877,1.0,0.0,0.0,1.0
0,219,24,516.3169588793843,160.28048307262745,1.0,0.0,0.0,1.0
0,219,25,516.5171861190689,160.73864139950612,1.0,0.0,0.0,1.0
0,219,26,516.7174133587534,161.1967997263848,1.0,0.0,0.0,1.0
0,219,27,516.9176405984381,161.6549580532635,1.0,0.0,0.0,1.0
0,219,28,517.1178678381227,162.11311638014217,1.0,0.0,0.0,1.0
0,219,29,517.3180950778074,162.57127470702085,1.0,0.0,0.0,1.0
0,219,30,517.518322317492,163.02943303389955,1.0,0.0,0.0,1.0
0,219,31,517.7185495571766,163.48759136077823,1.0,0.0,0.0,1.0
0,219,32,517.9187767968613,163.9457496876569,1.0,0.0,0.0,1.0
0,219,33,518.1190040365459,164.40390801453557,1.0,0.0,0.0,1.0
0,219,34,518.3192312762305,164.86206634141428,1.0,0.0,0.0,1.0
0,219,35,518.5194585159152,165.32022466829295,1.0,0.0,0.0,1.0
0,219,36,518.7196857555998,165.77838299517163,1.0,0.0,0.0,1.0
0,219,37,518.9199129952844,166.23654132205033,1.0,0.0,0.0,1.0
0,219,38,519.1201402349691,166.694699648929,1.0,0.0,0.0,1.0
0,219,39,519.3203674746537,167.15285797580768,1.0,0.0,0.0,1.0
0,219,40,519.5205947143384,167.61101630268635,1.0,0.0,0.0,1.0
0,219,41,519.720821954023,168.06917462956505,1.0,0.0,0.0,1.0
0,219,42,519.9210491937076,168.52733295644373,1.0,0.0,0.0,1.0
0,219,43,520.1212764333923,168.9854912833224,1.0,0.0,0.0,1.0
0,219,44,520.3215036730768,169.44364961020108,1.0,0.0,0.0,1.0
0,219,45,520.5217309127614,169.90180793707978,1.0,0.0,0.0,1.0
0,219,46,520.7219581524461,170.35996626395846,1.0,0.0,0.0,1.0
0,219,47,520.9221853921307,170.81812459083716,1.0,0.0,0.0,1.0
0,219,48,521.1224126318153,171.27628291771583,1.0,0.0,0.0,1.0
0,219,49,521.3226398715,171.7344412445945,1.0,0.0,0.0,1.0
0,219,50,521.5228671111846,172.19259957147318,1.0,0.0,0.0,1.0
0,219,51,521.7230943508692,172.65075789835186,1.0,0.0,0.0,1.0
0,219,52,521.9233215905539,173.10891622523056,1.0,0.0,0.0,1.0
0,219,53,522.1235488302385,173.56707455210923,1.0,0.0,0.0,1.0
0,219,54,522.3237760699232,174.02523287898794,1.0,0.0,0.0,1.0
0,219,55,522.5240033096078,174.4833912058666,1.0,0.0,0.0,1.0
0,219,56,522.4515507007076,174.31760574069222,1.0,0.0,0.0,1.0
0,219,57,522.2513234610229,173.85944741381354,1.0,0.0,0.0,1.0
0,219,58,522.0510962213383,173.40128908693484,1.0,0.0,0.0,1.0
0,219,59,521.8508689816537,172.94313076005616,1.0,0.0,0.0,1.0
0,219,60,521.650641741969,172.4849724331775,1.0,0.0,0.0,1.0
0,219,61,521.4504145022845,172.02681410629881,1.0,0.0,0.0,1.0
0,219,62,521.2501872625999,171.5686557794201,1.0,0.0,0.0,1.0
0,219,63,521.0499600229152,171.11049745254144,1.0,0.0,0.0,1.0
0,219,64,520.8497327832306,170.65233912566276,1.0,0.0,0.0,1.0
0,219,65,520.649505543546,170.19418079878406,1.0,0.0,0.0,1.0
0,219,66,520.4492783038613,169.7360224719054,1.0,0.0,0.0,1.0
0,219,67,520.2490510641767,169.2778641450267,1.0,0.0,0.0,1.0
0,219,68,520.048823824492,168.81970581814804,1.0,0.0,0.0,1.0
0,219,69,519.8485965848074,168.36154749126933,1.0,0.0,0.0,1.0
0,219,70,519.6483693451228,167.90338916439066,1.0,0.0,0.0,1.0
0,219,71,519.4481421054381,167.44523083751199,1.0,0.0,0.0,1.0
0,219,72,519.2479148657535,166.98707251063328,1.0,0.0,0.0,1.0
0,219,73,519.0476876260689,166.5289141837546,1.0,0.0,0.0,1.0
0,219,74,518.8474603863842,166.07075585687593,1.0,0.0,0.0,1.0
0,219,75,518.6472331466996,165.61259752999726,1.0,0.0,0.0,1.0
0,219,76,518.447005907015,165.15443920311856,1.0,0.0,0.0,1.0
0,219,77,518.2467786673303,164.69628087623988,1.0,0.0,0.0,1.0
0,219,78,518.0465514276457,164.2381225493612,1.0,0.0,0.0,1.0
0,219,79,517.8463241879612,163.7799642224825,1.0,0.0,0.0,1.0
0,219,80,517.6460969482765,163.32180589560383,1.0,0.0,0.0,1.0
0,219,81,517.4458697085919,162.86364756872516,1.0,0.0,0.0,1.0
0,219,82,517.2456424689072,162.40548924184648,1.0,0.0,0.0,1.0
0,219,83,517.0454152292226,161.94733091496778,1.0,0.0,0.0,1.0
0,219,84,516.845187989538,161.4891725880891,1.0,0.0,0.0,1.0
0,219,85,516.6449607498533,161.03101426121043,1.0,0.0,0.0,1.0
0,219,86,516.4447335101687,160.57285593433173,1.0,0.0,0.0,1.0
0,219,87,516.2445062704841,160.11469760745305,1.0,0.0,0.0,1.0
0,219,88,516.0442790307994,159.65653928057438,1.0,0.0,0.0,1.0
0,219,89,515.8440517911148,159.1983809536957,1.0,0.0,0.0,1.0
0,219,90,515.6438245514302,158.740222626817,1.0,0.0,0.0,1.0
0,219,91,515.4435973117455,158.28206429993833,1.0,0.0,0.0,1.0
0,219,92,515.2433700720609,157.82390597305965,1.0,0.0,0.0,1.0
0,219,93,515.0431428323762,157.36574764618095,1.0,0.0,0.0,1.0
0,219,94,514.8429155926916,156.90758931930228,1.0,0.0,0.0,1.0
0,219,95,514.642688353007,156.4494309924236,1.0,0.0,0.0,1.0
0,219,96,514.4424611133225,155.9912726655449,1.0,0.0,0.0,1.0
0,219,97,514.2422338736378,155.53311433866622,1.0,0.0,0.0,1.0
0,219,98,514.0420066339532,155.07495601178755,1.0,0.0,0.0,1.0
0,219,99,513.8417793942685,154.61679768490887,1.0,0.0,0.0,1.0
0,219,100,513.6415521545839,154.15863935803017,1.0,0.0,0.0,1.0
0,219,101,513.4413249148993,153.7004810311515,1.0,0.0,0.0,1.0
0,219,102,513.2410976752146,153.24232270427282,1.0,0.0,0.0,1.0
0,219,103,513.04087043553,152.78416437739412,1.0,0.0,0.0,1.0
0,219,104,512.8406431958454,152.32600605051545,1.0,0.0,0.0,1.0
0,219,105,512.6404159561607,151.86784772363677,1.0,0.0,0.0,1.0
0,219,106,512.4401887164761,151.4096893967581,1.0,0.0,0.0,1.0
0,219,107,512.2399614767914,150.9515310698794,1.0,0.0,0.0,1.0
0,219,108,512.0397342371068,150.49337274300072,1.0,0.0,0.0,1.0
0,219,109,511.83950699742223,150.03521441612205,1.0,0.0,0.0,1.0
0,219,110,511.6392797577376,149.57705608924334,1.0,0.0,0.0,1.0
0,220,0,511.44305419921875,149.16372680664062,1.0,0.0,0.0,1.0
0,221,0,497.81939697265625,125.092041015625,1.0,0.0,0.0,1.0
0,221,1,498.0656710929139,125.5271835873085,1.0,0.0,0.0,1.0
0,221,2,498.31194521317155,125.96232615899198,1.0,0.0,0.0,1.0
0,221,3,498.5582193334292,126.39746873067548,1.0,0.0,0.0,1.0
0,221,4,498.8044934536868,126.83261130235897,1.0,0.0,0.0,1.0
0,221,5,499.0507675739445,127.26775387404247,1.0,0.0,0.0,1.0
0,221,6,499.2970416942021,127.70289644572595,1.0,0.0,0.0,1.0
0,221,7,499.54331581445973,128.13803901740945,1.0,0.0,0.0,1.0
0,221,8,499.7895899347174,128.57318158909294,1.0,0.0,0.0,1.0
0,221,9,500.03586405497504,129.00832416077643,1.0,0.0,0.0,1.0
0,221,10,500.2821381752327,129.44346673245994,1.0,0.0,0.0,1.0
0,221,11,500.52841229549034,129.87860930414342,1.0,0.0,0.0,1.0
0,221,12,500.77468641574796,130.3137518758269,1.0,0.0,0.0,1.0
0,221,13,501.02096053600565,130.7488944475104,1.0,0.0,0.0,1.0
0,221,14,501.26723465626327,131.1840370191939,1.0,0.0,0.0,1.0
0,221,15,501.5135087765209,131.6191795908774,1.0,0.0,0.0,1.0
0,221,16,501.7597828967786,132.05432216256088,1.0,0.0,0.0,1.0
0,221,17,502.0060570170362,132.48946473424436,1.0,0.0,0.0,1.0
0,221,18,502.2523311372938,132.92460730592788,1.0,0.0,0.0,1.0
0,221,19,502.4986052575515,133.35974987761136,1.0,0.0,0.0,1.0
0,221,20,502.7448793778091,133.79489244929485,1.0,0.0,0.0,1.0
0,221,21,502.99115349806675,134.23003502097833,1.0,0.0,0.0,1.0
0,221,22,503.23742761832443,134.66517759266185,1.0,0.0,0.0,1.0
0,221,23,503.48370173858206,135.10032016434533,1.0,0.0,0.0,1.0
0,221,24,503.7299758588397,135.53546273602882,1.0,0.0,0.0,1.0
0,221,25,503.97624997909736,135.9706053077123,1.0,0.0,0.0,1.0
0,221,26,504.222524099355,136.40574787939582,1.0,0.0,0.0,1.0
0,221,27,504.46879821961267,136.8408904510793,1.0,0.0,0.0,1.0
0,221,28,504.7150723398703,137.2760330227628,1.0,0.0,0.0,1.0
0,221,29,504.9613464601279,137.71117559444627,1.0,0.0,0.0,1.0
0,221,30,505.2076205803856,138.1463181661298,1.0,0.0,0.0,1.0
0,221,31,505.4538947006432,138.58146073781327,1.0,0.0,0.0,1.0
0,221,32,505.70016882090084,139.01660330949676,1.0,0.0,0.0,1.0
0,221,33,505.9464429411585,139.45174588118024,1.0,0.0,0.0,1.0
0,221,34,506.19271706141615,139.88688845286376,1.0,0.0,0.0,1.0
0,221,35,506.43899118167377,140.32203102454724,1.0,0.0,0.0,1.0
0,221,36,506.68526530193145,140.75717359623073,1.0,0.0,0.0,1.0
0,221,37,506.9315394221891,141.1923161679142,1.0,0.0,0.0,1.0
0,221,38,507.1778135424467,141.62745873959773,1.0,0.0,0.0,1.0
0,221,39,507.4240876627044,142.0626013112812,1.0,0.0,0.0,1.0
0,221,40,507.670361782962,142.4977438829647,1.0,0.0,0.0,1.0
0,221,41,507.9166359032197,142.93288645464818,1.0,0.0,0.0,1.0
0,221,42,508.1629100234773,143.3680290263317,1.0,0.0,0.0,1.0
0,221,43,508.40918414373493,143.80317159801518,1.0,0.0,0.0,1.0
0,221,44,508.6554582639926,144.23831416969867,1.0,0.0,0.0,1.0
0,221,45,508.90173238425024,144.67345674138215,1.0,0.0,0.0,1.0
0,221,46,509.14800650450786,145.10859931306567,1.0,0.0,0.0,1.0
0,221,47,509.39428062476554,145.54374188474915,1.0,0.0,0.0,1.0
0,221,48,509.64055474502317,145.97888445643264,1.0,0.0,0.0,1.0
0,221,49,509.8868288652808,146.41402702811615,1.0,0.0,0.0,1.0
0,221,50,510.13310298553847,146.84916959979964,1.0,0.0,0.0,1.0
0,221,51,510.3793771057961,147.28431217148312,1.0,0.0,0.0,1.0
0,221,52,510.6256512260537,147.7194547431666,1.0,0.0,0.0,1.0
0,221,53,510.8719253463114,148.1545973148501,1.0,0.0,0.0,1.0
0,221,54,511.118199466569,148.5897398865336,1.0,0.0,0.0,1.0
0,221,55,511.36447358682665,149.0248824582171,1.0,0.0,0.0,1.0
0,221,56,511.27536069135317,148.86742858338067,1.0,0.0,0.0,1.0
0,221,57,511.02908657109555,148.4322860116972,1.0,0.0,0.0,1.0
0,221,58,510.78281245083787,147.99714344001367,1.0,0.0,0.0,1.0
0,221,59,510.53653833058024,147.5620008683302,1.0,0.0,0.0,1.0
0,221,60,510.2902642103226,147.1268582966467,1.0,0.0,0.0,1.0
0,221,61,510.04399009006494,146.6917157249632,1.0,0.0,0.0,1.0
0,221,62,509.7977159698073,146.2565731532797,1.0,0.0,0.0,1.0
0,221,63,509.5514418495497,145.82143058159622,1.0,0.0,0.0,1.0
0,221,64,509.305167729292,145.38628800991273,1.0,0.0,0.0,1.0
0,221,65,509.0588936090344,144.95114543822922,1.0,0.0,0.0,1.0
0,221,66,508.81261948877676,144.51600286654573,1.0,0.0,0.0,1.0
0,221,67,508.5663453685191,144.08086029486225,1.0,0.0,0.0,1.0
0,221,68,508.32007124826146,143.64571772317876,1.0,0.0,0.0,1.0
0,221,69,508.07379712800383,143.21057515149525,1.0,0.0,0.0,1.0
0,221,70,507.82752300774615,142.77543257981176,1.0,0.0,0.0,1.0
0,221,71,507.5812488874885,142.34029000812828,1.0,0.0,0.0,1.0
0,221,72,507.33497476723085,141.9051474364448,1.0,0.0,0.0,1.0
0,221,73,507.0887006469732,141.47000486476128,1.0,0.0,0.0,1.0
0,221,74,506.8424265267156,141.0348622930778,1.0,0.0,0.0,1.0
0,221,75,506.5961524064579,140.5997197213943,1.0,0.0,0.0,1.0
0,221,76,506.3498782862003,140.16457714971082,1.0,0.0,0.0,1.0
0,221,77,506.10360416594267,139.7294345780273,1.0,0.0,0.0,1.0
0,221,78,505.857330045685,139.29429200634382,1.0,0.0,0.0,1.0
0,221,79,505.61105592542737,138.85914943466034,1.0,0.0,0.0,1.0
0,221,80,505.36478180516974,138.42400686297685,1.0,0.0,0.0,1.0
0,221,81,505.11850768491206,137.98886429129334,1.0,0.0,0.0,1.0
0,221,82,504.87223356465444,137.55372171960985,1.0,0.0,0.0,1.0
0,221,83,504.6259594443968,137.11857914792637,1.0,0.0,0.0,1.0
0,221,84,504.37968532413913,136.68343657624288,1.0,0.0,0.0,1.0
0,221,85,504.1334112038815,136.24829400455937,1.0,0.0,0.0,1.0
0,221,86,503.8871370836239,135.81315143287588,1.0,0.0,0.0,1.0
0,221,87,503.6408629633662,135.3780088611924,1.0,0.0,0.0,1.0
0,221,88,503.3945888431086,134.9428662895089,1.0,0.0,0.0,1.0
0,221,89,503.14831472285096,134.5077237178254,1.0,0.0,0.0,1.0
0,221,90,502.9020406025933,134.0725811461419,1.0,0.0,0.0,1.0
0,221,91,502.65576648233565,133.63743857445843,1.0,0.0,0.0,1.0
0,221,92,502.40949236207797,133.20229600277494,1.0,0.0,0.0,1.0
0,221,93,502.16321824182035,132.76715343109143,1.0,0.0,0.0,1.0
0,221,94,501.9169441215627,132.33201085940794,1.0,0.0,0.0,1.0
0,221,95,501.67067000130504,131.89686828772446,1.0,0.0,0.0,1.0
0,221,96,501.4243958810474,131.46172571604097,1.0,0.0,0.0,1.0
0,221,97,501.1781217607898,131.02658314435746,1.0,0.0,0.0,1.0
0,221,98,500.9318476405321,130.59144057267397,1.0,0.0,0.0,1.0
0,221,99,500.6855735202745,130.1562980009905,1.0,0.0,0.0,1.0
0,221,100,500.43929940001686,129.721155429307,1.0,0.0,0.0,1.0
0,221,101,500.1930252797592,129.2860128576235,1.0,0.0,0.0,1.0
0,221,102,499.94675115950156,128.85087028594,1.0,0.0,0.0,1.0
0,221,103,499.70047703924394,128.41572771425652,1.0,0.0,0.0,1.0
0,221,104,499.45420291898625,127.98058514257302,1.0,0.0,0.0,1.0
0,221,105,499.20792879872863,127.54544257088952,1.0,0.0,0.0,1.0
0,221,106,498.96165467847095,127.11029999920603,1.0,0.0,0.0,1.0
0,221,107,498.7153805582133,126.67515742752255,1.0,0.0,0.0,1.0
0,221,108,498.4691064379557,126.24001485583905,1.0,0.0,0.0,1.0
0,221,109,498.222832317698,125.80487228415555,1.0,0.0,0.0,1.0
0,221,110,497.9765581974404,125.36972971247206,1.0,0.0,0.0,1.0
0,222,0,497.7388610839844,124.978759765625,1.0,0.0,0.0,1.0
0,223,0,481.71234130859375,102.43545532226562,1.0,0.0,0.0,1.0
0,223,1,482.00205188054707,102.84296947477876,1.0,0.0,0.0,1.0
0,223,2,482.29176245250034,103.25048362729187,1.0,0.0,0.0,1.0
0,223,3,482.58147302445366,103.657997779805,1.0,0.0,0.0,1.0
0,223,4,482.871183596407,104.06551193231812,1.0,0.0,0.0,1.0
0,223,5,483.1608941683603,104.47302608483125,1.0,0.0,0.0,1.0
0,223,6,483.45060474031357,104.88054023734436,1.0,0.0,0.0,1.0
0,223,7,483.7403153122669,105.28805438985749,1.0,0.0,0.0,1.0
0,223,8,484.0300258842202,105.69556854237061,1.0,0.0,0.0,1.0
0,223,9,484.3197364561735,106.10308269488374,1.0,0.0,0.0,1.0
0,223,10,484.6094470281268,106.51059684739685,1.0,0.0,0.0,1.0
0,223,11,484.8991576000801,106.91811099990998,1.0,0.0,0.0,1.0
0,223,12,485.1888681720334,107.3256251524231,1.0,0.0,0.0,1.0
0,223,13,485.4785787439867,107.73313930493623,1.0,0.0,0.0,1.0
0,223,14,485.76828931594,108.14065345744935,1.0,0.0,0.0,1.0
0,223,15,486.05799988789335,108.54816760996248,1.0,0.0,0.0,1.0
0,223,16,486.3477104598466,108.95568176247559,1.0,0.0,0.0,1.0
0,223,17,486.63742103179993,109.36319591498872,1.0,0.0,0.0,1.0
0,223,18,486.92713160375325,109.77071006750184,1.0,0.0,0.0,1.0
0,223,19,487.2168421757065,110.17822422001497,1.0,0.0,0.0,1.0
0,223,20,487.50655274765984,110.58573837252808,1.0,0.0,0.0,1.0
0,223,21,487.79626331961316,110.99325252504121,1.0,0.0,0.0,1.0
0,223,22,488.0859738915665,111.40076667755433,1.0,0.0,0.0,1.0
0,223,23,488.37568446351975,111.80828083006746,1.0,0.0,0.0,1.0
0,223,24,488.66539503547307,112.21579498258058,1.0,0.0,0.0,1.0
0,223,25,488.9551056074264,112.6233091350937,1.0,0.0,0.0,1.0
0,223,26,489.24481617937965,113.03082328760684,1.0,0.0,0.0,1.0
0,223,27,489.534526751333,113.43833744011995,1.0,0.0,0.0,1.0
0,223,28,489.8242373232863,113.84585159263307,1.0,0.0,0.0,1.0
0,223,29,490.11394789523956,114.2533657451462,1.0,0.0,0.0,1.0
0,223,30,490.4036584671929,114.66087989765933,1.0,0.0,0.0,1.0
0,223,31,490.6933690391462,115.06839405017244,1.0,0.0,0.0,1.0
0,223,32,490.9830796110995,115.47590820268557,1.0,0.0,0.0,1.0
0,223,33,491.2727901830528,115.88342235519869,1.0,0.0,0.0,1.0
0,223,34,491.5625007550061,116.29093650771182,1.0,0.0,0.0,1.0
0,223,35,491.85221132695943,116.69845066022494,1.0,0.0,0.0,1.0
0,223,36,492.1419218989127,117.10596481273807,1.0,0.0,0.0,1.0
0,223,37,492.431632470866,117.51347896525118,1.0,0.0,0.0,1.0
0,223,38,492.72134304281934,117.92099311776431,1.0,0.0,0.0,1.0
0,223,39,493.01105361477266,118.32850727027743,1.0,0.0,0.0,1.0
0,223,40,493.3007641867259,118.73602142279056,1.0,0.0,0.0,1.0
0,223,41,493.59047475867925,119.14353557530367,1.0,0.0,0.0,1.0
0,223,42,493.88018533063257,119.5510497278168,1.0,0.0,0.0,1.0
0,223,43,494.16989590258584,119.95856388032992,1.0,0.0,0.0,1.0
0,223,44,494.45960647453916,120.36607803284305,1.0,0.0,0.0,1.0
0,223,45,494.7493170464925,120.77359218535616,1.0,0.0,0.0,1.0
0,223,46,495.03902761844574,121.1811063378693,1.0,0.0,0.0,1.0
0,223,47,495.32873819039906,121.58862049038241,1.0,0.0,0.0,1.0
0,223,48,495.6184487623524,121.99613464289554,1.0,0.0,0.0,1.0
0,223,49,495.9081593343057,122.40364879540866,1.0,0.0,0.0,1.0
0,223,50,496.197869906259,122.81116294792179,1.0,0.0,0.0,1.0
0,223,51,496.4875804782123,123.21867710043492,1.0,0.0,0.0,1.0
0,223,52,496.7772910501656,123.62619125294803,1.0,0.0,0.0,1.0
0,223,53,497.0670016221189,124.03370540546115,1.0,0.0,0.0,1.0
0,223,54,497.3567121940722,124.44121955797428,1.0,0.0,0.0,1.0
0,223,55,497.6464227660255,124.84873371048741,1.0,0.0,0.0,1.0
0,223,56,497.54158882998996,124.70127166824948,1.0,0.0,0.0,1.0
0,223,57,497.25187825803664,124.29375751573635,1.0,0.0,0.0,1.0
0,223,58,496.9621676860833,123.88624336322323,1.0,0.0,0.0,1.0
0,223,59,496.67245711413,123.4787292107101,1.0,0.0,0.0,1.0
0,223,60,496.38274654217673,123.07121505819698,1.0,0.0,0.0,1.0
0,223,61,496.0930359702234,122.66370090568385,1.0,0.0,0.0,1.0
0,223,62,495.8033253982701,122.25618675317074,1.0,0.0,0.0,1.0
0,223,63,495.5136148263168,121.84867260065761,1.0,0.0,0.0,1.0
0,223,64,495.2239042543635,121.44115844814449,1.0,0.0,0.0,1.0
0,223,65,494.9341936824102,121.03364429563136,1.0,0.0,0.0,1.0
0,223,66,494.64448311045686,120.62613014311825,1.0,0.0,0.0,1.0
0,223,67,494.3547725385036,120.21861599060512,1.0,0.0,0.0,1.0
0,223,68,494.0650619665503,119.811101838092,1.0,0.0,0.0,1.0
0,223,69,493.77535139459695,119.40358768557887,1.0,0.0,0.0,1.0
0,223,70,493.4856408226437,118.99607353306575,1.0,0.0,0.0,1.0
0,223,71,493.19593025069037,118.58855938055262,1.0,0.0,0.0,1.0
0,223,72,492.90621967873705,118.18104522803951,1.0,0.0,0.0,1.0
0,223,73,492.6165091067838,117.77353107552638,1.0,0.0,0.0,1.0
0,223,74,492.32679853483046,117.36601692301326,1.0,0.0,0.0,1.0
0,223,75,492.03708796287714,116.95850277050013,1.0,0.0,0.0,1.0
0,223,76,491.7473773909238,116.55098861798702,1.0,0.0,0.0,1.0
0,223,77,491.45766681897055,116.14347446547389,1.0,0.0,0.0,1.0
0,223,78,491.16795624701723,115.73596031296077,1.0,0.0,0.0,1.0
0,223,79,490.8782456750639,115.32844616044764,1.0,0.0,0.0,1.0
0,223,80,490.58853510311064,114.92093200793451,1.0,0.0,0.0,1.0
0,223,81,490.2988245311573,114.5134178554214,1.0,0.0,0.0,1.0
0,223,82,490.009113959204,114.10590370290828,1.0,0.0,0.0,1.0
0,223,83,489.71940338725074,113.69838955039515,1.0,0.0,0.0,1.0
0,223,84,489.4296928152974,113.29087539788202,1.0,0.0,0.0,1.0
0,223,85,489.1399822433441,112.8833612453689,1.0,0.0,0.0,1.0
0,223,86,488.8502716713908,112.47584709285577,1.0,0.0,0.0,1.0
0,223,87,488.5605610994375,112.06833294034266,1.0,0.0,0.0,1.0
0,223,88,488.2708505274842,111.66081878782953,1.0,0.0,0.0,1.0
0,223,89,487.98113995553086,111.25330463531641,1.0,0.0,0.0,1.0
0,223,90,487.6914293835776,110.84579048280328,1.0,0.0,0.0,1.0
0,223,91,487.4017188116243,110.43827633029017,1.0,0.0,0.0,1.0
0,223,92,487.11200823967096,110.03076217777704,1.0,0.0,0.0,1.0
0,223,93,486.82229766771763,109.62324802526392,1.0,0.0,0.0,1.0
0,223,94,486.53258709576437,109.21573387275079,1.0,0.0,0.0,1.0
0,223,95,486.24287652381105,108.80821972023767,1.0,0.0,0.0,1.0
0,223,96,485.9531659518577,108.40070556772454,1.0,0.0,0.0,1.0
0,223,97,485.66345537990446,107.99319141521143,1.0,0.0,0.0,1.0
0,223,98,485.37374480795114,107.5856772626983,1.0,0.0,0.0,1.0
0,223,99,485.0840342359978,107.17816311018518,1.0,0.0,0.0,1.0
0,223,100,484.79432366404455,106.77064895767205,1.0,0.0,0.0,1.0
0,223,101,484.50461309209123,106.36313480515892,1.0,0.0,0.0,1.0
0,223,102,484.2149025201379,105.9556206526458,1.0,0.0,0.0,1.0
0,223,103,483.9251919481846,105.54810650013269,1.0,0.0,0.0,1.0
0,223,104,483.6354813762313,105.14059234761956,1.0,0.0,0.0,1.0
0,223,105,483.345770804278,104.73307819510643,1.0,0.0,0.0,1.0
0,223,106,483.0560602323247,104.32556404259331,1.0,0.0,0.0,1.0
0,223,107,482.7663496603714,103.9180498900802,1.0,0.0,0.0,1.0
0,223,108,482.4766390884181,103.51053573756707,1.0,0.0,0.0,1.0
0,223,109,482.1869285164648,103.10302158505394,1.0,0.0,0.0,1.0
0,223,110,481.89721794451145,102.69550743254082,1.0,0.0,0.0,1.0
0,224,0,481.6205749511719,102.3310546875,1.0,0.0,0.0,1.0
0,225,0,463.3611145019531,81.55508422851562,1.0,0.0,0.0,1.0
0,225,1,463.69119005753817,81.93065063756366,1.0,0.0,0.0,1.0
0,225,2,464.0212656131232,82.30621704661168,1.0,0.0,0.0,1.0
0,225,3,464.35134116870825,82.68178345565971,1.0,0.0,0.0,1.0
0,225,4,464.6814167242933,83.05734986470773,1.0,0.0,0.0,1.0
0,225,5,465.0114922798783,83.43291627375577,1.0,0.0,0.0,1.0
0,225,6,465.34156783546337,83.80848268280378,1.0,0.0,0.0,1.0
0,225,7,465.67164339104835,84.18404909185182,1.0,0.0,0.0,1.0
0,225,8,466.0017189466334,84.55961550089984,1.0,0.0,0.0,1.0
0,225,9,466.33179450221843,84.93518190994787,1.0,0.0,0.0,1.0
0,225,10,466.66187005780347,85.31074831899589,1.0,0.0,0.0,1.0
0,225,11,466.9919456133885,85.68631472804393,1.0,0.0,0.0,1.0
0,225,12,467.32202116897355,86.06188113709194,1.0,0.0,0.0,1.0
0,225,13,467.6520967245586,86.43744754613998,1.0,0.0,0.0,1.0
0,225,14,467.98217228014363,86.813013955188,1.0,0.0,0.0,1.0
0,225,15,468.31224783572867,87.18858036423603,1.0,0.0,0.0,1.0
0,225,16,468.6423233913137,87.56414677328405,1.0,0.0,0.0,1.0
0,225,17,468.97239894689875,87.93971318233208,1.0,0.0,0.0,1.0
0,225,18,469.3024745024838,88.31527959138012,1.0,0.0,0.0,1.0
0,225,19,469.63255005806883,88.69084600042814,1.0,0.0,0.0,1.0
0,225,20,469.9626256136538,89.06641240947616,1.0,0.0,0.0,1.0
0,225,21,470.29270116923885,89.44197881852419,1.0,0.0,0.0,1.0
0,225,22,470.6227767248239,89.81754522757223,1.0,0.0,0.0,1.0
0,225,23,470.95285228040893,90.19311163662024,1.0,0.0,0.0,1.0
0,225,24,471.282927835994,90.56867804566826,1.0,0.0,0.0,1.0
0,225,25,471.613003391579,90.9442444547163,1.0,0.0,0.0,1.0
0,225,26,471.94307894716405,91.31981086376433,1.0,0.0,0.0,1.0
0,225,27,472.2731545027491,91.69537727281235,1.0,0.0,0.0,1.0
0,225,28,472.60323005833413,92.07094368186038,1.0,0.0,0.0,1.0
0,225,29,472.9333056139192,92.4465100909084,1.0,0.0,0.0,1.0
0,225,30,473.2633811695042,92.82207649995644,1.0,0.0,0.0,1.0
0,225,31,473.59345672508925,93.19764290900446,1.0,0.0,0.0,1.0
0,225,32,473.9235322806743,93.57320931805249,1.0,0.0,0.0,1.0
0,225,33,474.25360783625933,93.94877572710051,1.0,0.0,0.0,1.0
0,225,34,474.5836833918443,94.32434213614854,1.0,0.0,0.0,1.0
0,225,35,474.91375894742936,94.69990854519656,1.0,0.0,0.0,1.0
0,225,36,475.2438345030144,95.0754749542446,1.0,0.0,0.0,1.0
0,225,37,475.57391005859944,95.45104136329262,1.0,0.0,0.0,1.0
0,225,38,475.9039856141845,95.82660777234065,1.0,0.0,0.0,1.0
0,225,39,476.2340611697695,96.20217418138867,1.0,0.0,0.0,1.0
0,225,40,476.56413672535456,96.5777405904367,1.0,0.0,0.0,1.0
0,225,41,476.8942122809396,96.95330699948474,1.0,0.0,0.0,1.0
0,225,42,477.22428783652464,97.32887340853276,1.0,0.0,0.0,1.0
0,225,43,477.5543633921097,97.70443981758078,1.0,0.0,0.0,1.0
0,225,44,477.8844389476947,98.08000622662881,1.0,0.0,0.0,1.0
0,225,45,478.21451450327976,98.45557263567684,1.0,0.0,0.0,1.0
0,225,46,478.5445900588648,98.83113904472486,1.0,0.0,0.0,1.0
0,225,47,478.8746656144498,99.2067054537729,1.0,0.0,0.0,1.0
0,225,48,479.2047411700348,99.58227186282092,1.0,0.0,0.0,1.0
0,225,49,479.53481672561986,99.95783827186895,1.0,0.0,0.0,1.0
0,225,50,479.8648922812049,100.33340468091697,1.0,0.0,0.0,1.0
0,225,51,480.19496783678994,100.708971089965,1.0,0.0,0.0,1.0
0,225,52,480.525043392375,101.08453749901302,1.0,0.0,0.0,1.0
0,225,53,480.85511894796,101.46010390806106,1.0,0.0,0.0,1.0
0,225,54,481.18519450354506,101.83567031710908,1.0,0.0,0.0,1.0
0,225,55,481.5152700591301,102.21123672615711,1.0,0.0,0.0,1.0
0,225,56,481.3958042876286,102.07530623979487,1.0,0.0,0.0,1.0
0,225,57,481.06572873204357,101.69973983074684,1.0,0.0,0.0,1.0
0,225,58,480.7356531764585,101.32417342169882,1.0,0.0,0.0,1.0
0,225,59,480.4055776208735,100.94860701265078,1.0,0.0,0.0,1.0
0,225,60,480.07550206528845,100.57304060360276,1.0,0.0,0.0,1.0
0,225,61,479.74542650970346,100.19747419455473,1.0,0.0,0.0,1.0
0,225,62,479.4153509541184,99.82190778550671,1.0,0.0,0.0,1.0
0,225,63,479.0852753985334,99.44634137645868,1.0,0.0,0.0,1.0
0,225,64,478.75519984294834,99.07077496741064,1.0,0.0,0.0,1.0
0,225,65,478.4251242873633,98.69520855836262,1.0,0.0,0.0,1.0
0,225,66,478.09504873177826,98.31964214931459,1.0,0.0,0.0,1.0
0,225,67,477.7649731761932,97.94407574026657,1.0,0.0,0.0,1.0
0,225,68,477.4348976206082,97.56850933121854,1.0,0.0,0.0,1.0
0,225,69,477.10482206502314,97.19294292217052,1.0,0.0,0.0,1.0
0,225,70,476.7747465094381,96.81737651312248,1.0,0.0,0.0,1.0
0,225,71,476.44467095385306,96.44181010407446,1.0,0.0,0.0,1.0
0,225,72,476.114595398268,96.06624369502643,1.0,0.0,0.0,1.0
0,225,73,475.784519842683,95.69067728597841,1.0,0.0,0.0,1.0
0,225,74,475.454444287098,95.31511087693038,1.0,0.0,0.0,1.0
0,225,75,475.12436873151296,94.93954446788236,1.0,0.0,0.0,1.0
0,225,76,474.7942931759279,94.56397805883432,1.0,0.0,0.0,1.0
0,225,77,474.4642176203429,94.1884116497863,1.0,0.0,0.0,1.0
0,225,78,474.13414206475784,93.81284524073827,1.0,0.0,0.0,1.0
0,225,79,473.8040665091728,93.43727883169025,1.0,0.0,0.0,1.0
0,225,80,473.47399095358776,93.06171242264222,1.0,0.0,0.0,1.0
0,225,81,473.1439153980027,92.6861460135942,1.0,0.0,0.0,1.0
0,225,82,472.8138398424177,92.31057960454616,1.0,0.0,0.0,1.0
0,225,83,472.48376428683264,91.93501319549813,1.0,0.0,0.0,1.0
0,225,84,472.1536887312476,91.55944678645011,1.0,0.0,0.0,1.0
0,225,85,471.82361317566256,91.18388037740209,1.0,0.0,0.0,1.0
0,225,86,471.4935376200775,90.80831396835406,1.0,0.0,0.0,1.0
0,225,87,471.16346206449253,90.43274755930602,1.0,0.0,0.0,1.0
0,225,88,470.8333865089075,90.057181150258,1.0,0.0,0.0,1.0
0,225,89,470.50331095332245,89.68161474120997,1.0,0.0,0.0,1.0
0,225,90,470.1732353977374,89.30604833216195,1.0,0.0,0.0,1.0
0,225,91,469.8431598421524,88.93048192311392,1.0,0.0,0.0,1.0
0,225,92,469.51308428656733,88.5549155140659,1.0,0.0,0.0,1.0
0,225,93,469.1830087309823,88.17934910501786,1.0,0.0,0.0,1.0
0,225,94,468.85293317539725,87.80378269596984,1.0,0.0,0.0,1.0
0,225,95,468.5228576198122,87.42821628692181,1.0,0.0,0.0,1.0
0,225,96,468.1927820642272,87.05264987787379,1.0,0.0,0.0,1.0
0,225,97,467.86270650864213,86.67708346882576,1.0,0.0,0.0,1.0
0,225,98,467.5326309530571,86.30151705977772,1.0,0.0,0.0,1.0
0,225,99,467.20255539747205,85.9259506507297,1.0,0.0,0.0,1.0
0,225,100,466.87247984188707,85.55038424168168,1.0,0.0,0.0,1.0
0,225,101,466.54240428630203,85.17481783263365,1.0,0.0,0.0,1.0
0,225,102,466.212328730717,84.79925142358562,1.0,0.0,0.0,1.0
0,225,103,465.88225317513195,84.4236850145376,1.0,0.0,0.0,1.0
0,225,104,465.5521776195469,84.04811860548958,1.0,0.0,0.0,1.0
0,225,105,465.22210206396187,83.67255219644154,1.0,0.0,0.0,1.0
0,225,106,464.89202650837683,83.29698578739351,1.0,0.0,0.0,1.0
0,225,107,464.5619509527918,82.92141937834549,1.0,0.0,0.0,1.0
0,225,108,464.23187539720675,82.54585296929746,1.0,0.0,0.0,1.0
0,225,109,463.9017998416217,82.17028656024944,1.0,0.0,0.0,1.0
0,225,110,463.57172428603667,81.7947201512014,1.0,0.0,0.0,1.0
0,226,0,463.2591247558594,81.4606704711914,1.0,0.0,0.0,1.0
0,227,0,442.9601745605469,62.67228698730469,1.0,0.0,0.0,1.0
0,227,1,443.327117439954,63.01192344478884,1.0,0.0,0.0,1.0
0,227,2,443.6940603193612,63.351559902272996,1.0,0.0,0.0,1.0
0,227,3,444.06100319876833,63.69119635975715,1.0,0.0,0.0,1.0
0,227,4,444.4279460781755,64.0308328172413,1.0,0.0,0.0,1.0
0,227,5,444.79488895758266,64.37046927472547,1.0,0.0,0.0,1.0
0,227,6,445.1618318369898,64.71010573220961,1.0,0.0,0.0,1.0
0,227,7,445.528774716397,65.04974218969377,1.0,0.0,0.0,1.0
0,227,8,445.8957175958041,65.38937864717792,1.0,0.0,0.0,1.0
0,227,9,446.26266047521125,65.72901510466208,1.0,0.0,0.0,1.0
0,227,10,446.62960335461844,66.06865156214623,1.0,0.0,0.0,1.0
0,227,11,446.9965462340256,66.40828801963039,1.0,0.0,0.0,1.0
0,227,12,447.36348911343276,66.74792447711454,1.0,0.0,0.0,1.0
0,227,13,447.7304319928399,67.0875609345987,1.0,0.0,0.0,1.0
0,227,14,448.09737487224703,67.42719739208286,1.0,0.0,0.0,1.0
0,227,15,448.4643177516542,67.766833849567,1.0,0.0,0.0,1.0
0,227,16,448.83126063106135,68.10647030705117,1.0,0.0,0.0,1.0
0,227,17,449.1982035104685,68.44610676453532,1.0,0.0,0.0,1.0
0,227,18,449.5651463898757,68.78574322201948,1.0,0.0,0.0,1.0
0,227,19,449.9320892692828,69.12537967950362,1.0,0.0,0.0,1.0
0,227,20,450.29903214869,69.46501613698778,1.0,0.0,0.0,1.0
0,227,21,450.66597502809714,69.80465259447193,1.0,0.0,0.0,1.0
0,227,22,451.03291790750427,70.1442890519561,1.0,0.0,0.0,1.0
0,227,23,451.39986078691146,70.48392550944024,1.0,0.0,0.0,1.0
0,227,24,451.7668036663186,70.8235619669244,1.0,0.0,0.0,1.0
0,227,25,452.1337465457257,71.16319842440856,1.0,0.0,0.0,1.0
0,227,26,452.5006894251329,71.50283488189271,1.0,0.0,0.0,1.0
0,227,27,452.86763230454005,71.84247133937687,1.0,0.0,0.0,1.0
0,227,28,453.23457518394724,72.18210779686102,1.0,0.0,0.0,1.0
0,227,29,453.6015180633544,72.52174425434518,1.0,0.0,0.0,1.0
0,227,30,453.9684609427615,72.86138071182933,1.0,0.0,0.0,1.0
0,227,31,454.3354038221687,73.20101716931349,1.0,0.0,0.0,1.0
0,227,32,454.70234670157583,73.54065362679763,1.0,0.0,0.0,1.0
0,227,33,455.06928958098297,73.8802900842818,1.0,0.0,0.0,1.0
0,227,34,455.43623246039016,74.21992654176594,1.0,0.0,0.0,1.0
0,227,35,455.8031753397973,74.5595629992501,1.0,0.0,0.0,1.0
0,227,36,456.1701182192045,74.89919945673427,1.0,0.0,0.0,1.0
0,227,37,456.5370610986116,75.23883591421841,1.0,0.0,0.0,1.0
0,227,38,456.90400397801875,75.57847237170257,1.0,0.0,0.0,1.0
0,227,39,457.27094685742594,75.91810882918672,1.0,0.0,0.0,1.0
0,227,40,457.6378897368331,76.25774528667088,1.0,0.0,0.0,1.0
0,227,41,458.0048326162402,76.59738174415503,1.0,0.0,0.0,1.0
0,227,42,458.3717754956474,76.93701820163919,1.0,0.0,0.0,1.0
0,227,43,458.73871837505453,77.27665465912334,1.0,0.0,0.0,1.0
0,227,44,459.1056612544617,77.6162911166075,1.0,0.0,0.0,1.0
0,227,45,459.47260413386886,77.95592757409165,1.0,0.0,0.0,1.0
0,227,46,459.839547013276,78.29556403157581,1.0,0.0,0.0,1.0
0,227,47,460.2064898926832,78.63520048905997,1.0,0.0,0.0,1.0
0,227,48,460.5734327720903,78.97483694654412,1.0,0.0,0.0,1.0
0,227,49,460.94037565149745,79.31447340402826,1.0,0.0,0.0,1.0
0,227,50,461.30731853090464,79.65410986151242,1.0,0.0,0.0,1.0
0,227,51,461.6742614103118,79.99374631899659,1.0,0.0,0.0,1.0
0,227,52,462.04120428971896,80.33338277648073,1.0,0.0,0.0,1.0
0,227,53,462.4081471691261,80.6730192339649,1.0,0.0,0.0,1.0
0,227,54,462.77509004853323,81.01265569144904,1.0,0.0,0.0,1.0
0,227,55,463.1420329279404,81.3522921489332,1.0,0.0,0.0,1.0
0,227,56,463.0092737043712,81.22941233596546,1.0,0.0,0.0,1.0
0,227,57,462.64233082496406,80.8897758784813,1.0,0.0,0.0,1.0
0,227,58,462.2753879455569,80.55013942099716,1.0,0.0,0.0,1.0
0,227,59,461.90844506614974,80.210502963513,1.0,0.0,0.0,1.0
0,227,60,461.54150218674255,79.87086650602885,1.0,0.0,0.0,1.0
0,227,61,461.1745593073354,79.53123004854469,1.0,0.0,0.0,1.0
0,227,62,460.8076164279283,79.19159359106052,1.0,0.0,0.0,1.0
0,227,63,460.4406735485211,78.85195713357638,1.0,0.0,0.0,1.0
0,227,64,460.07373066911396,78.51232067609222,1.0,0.0,0.0,1.0
0,227,65,459.7067877897068,78.17268421860807,1.0,0.0,0.0,1.0
0,227,66,459.33984491029963,77.83304776112391,1.0,0.0,0.0,1.0
0,227,67,458.9729020308925,77.49341130363976,1.0,0.0,0.0,1.0
0,227,68,458.6059591514853,77.1537748461556,1.0,0.0,0.0,1.0
0,227,69,458.2390162720782,76.81413838867145,1.0,0.0,0.0,1.0
0,227,70,457.87207339267104,76.47450193118729,1.0,0.0,0.0,1.0
0,227,71,457.50513051326385,76.13486547370314,1.0,0.0,0.0,1.0
0,227,72,457.1381876338567,75.79522901621898,1.0,0.0,0.0,1.0
0,227,73,456.7712447544495,75.45559255873484,1.0,0.0,0.0,1.0
0,227,74,456.4043018750424,75.11595610125067,1.0,0.0,0.0,1.0
0,227,75,456.03735899563526,74.77631964376651,1.0,0.0,0.0,1.0
0,227,76,455.67041611622807,74.43668318628237,1.0,0.0,0.0,1.0
0,227,77,455.30347323682093,74.0970467287982,1.0,0.0,0.0,1.0
0,227,78,454.9365303574138,73.75741027131406,1.0,0.0,0.0,1.0
0,227,79,454.5695874780066,73.4177738138299,1.0,0.0,0.0,1.0
0,227,80,454.2026445985995,73.07813735634575,1.0,0.0,0.0,1.0
0,227,81,453.8357017191923,72.73850089886159,1.0,0.0,0.0,1.0
0,227,82,453.46875883978515,72.39886444137744,1.0,0.0,0.0,1.0
0,227,83,453.101815960378,72.05922798389328,1.0,0.0,0.0,1.0
0,227,84,452.73487308097083,71.71959152640912,1.0,0.0,0.0,1.0
0,227,85,452.3679302015637,71.37995506892497,1.0,0.0,0.0,1.0
0,227,86,452.00098732215656,71.04031861144081,1.0,0.0,0.0,1.0
0,227,87,451.63404444274937,70.70068215395666,1.0,0.0,0.0,1.0
0,227,88,451.26710156334224,70.3610456964725,1.0,0.0,0.0,1.0
0,227,89,450.90015868393505,70.02140923898835,1.0,0.0,0.0,1.0
0,227,90,450.5332158045279,69.6817727815042,1.0,0.0,0.0,1.0
0,227,91,450.1662729251208,69.34213632402005,1.0,0.0,0.0,1.0
0,227,92,449.7993300457136,69.00249986653589,1.0,0.0,0.0,1.0
0,227,93,449.43238716630646,68.66286340905174,1.0,0.0,0.0,1.0
0,227,94,449.0654442868993,68.32322695156758,1.0,0.0,0.0,1.0
0,227,95,448.69850140749213,67.98359049408342,1.0,0.0,0.0,1.0
0,227,96,448.331558528085,67.64395403659927,1.0,0.0,0.0,1.0
0,227,97,447.9646156486778,67.30431757911512,1.0,0.0,0.0,1.0
0,227,98,447.5976727692707,66.96468112163096,1.0,0.0,0.0,1.0
0,227,99,447.23072988986354,66.6250446641468,1.0,0.0,0.0,1.0
0,227,100,446.86378701045635,66.28540820666265,1.0,0.0,0.0,1.0
0,227,101,446.4968441310492,65.9457717491785,1.0,0.0,0.0,1.0
0,227,102,446.1299012516421,65.60613529169434,1.0,0.0,0.0,1.0
0,227,103,445.7629583722349,65.26649883421018,1.0,0.0,0.0,1.0
0,227,104,445.39601549282776,64.92686237672604,1.0,0.0,0.0,1.0
0,227,105,445.02907261342057,64.58722591924187,1.0,0.0,0.0,1.0
0,227,106,444.66212973401343,64.24758946175773,1.0,0.0,0.0,1.0
0,227,107,444.2951868546063,63.907953004273566,1.0,0.0,0.0,1.0
0,227,108,443.9282439751991,63.56831654678942,1.0,0.0,0.0,1.0
0,227,109,443.561301095792,63.22868008930526,1.0,0.0,0.0,1.0
0,227,110,443.19435821638484,62.8890436318211,1.0,0.0,0.0,1.0
0,228,0,442.8489990234375,62.588863372802734,1.0,0.0,0.0,1.0
0,229,0,420.725830078125,45.98721694946289,1.0,0.0,0.0,1.0
0,229,1,421.1257496310033,46.28732418234072,1.0,0.0,0.0,1.0
0,229,2,421.5256691838817,46.587431415218546,1.0,0.0,0.0,1.0
0,229,3,421.92558873676,46.887538648096374,1.0,0.0,0.0,1.0
0,229,4,422.3255082896384,47.1876458809742,1.0,0.0,0.0,1.0
0,229,5,422.7254278425167,47.48775311385202,1.0,0.0,0.0,1.0
0,229,6,423.12534739539507,47.78786034672985,1.0,0.0,0.0,1.0
0,229,7,423.5252669482734,48.08796757960768,1.0,0.0,0.0,1.0
0,229,8,423.92518650115176,48.388074812485506,1.0,0.0,0.0,1.0
0,229,9,424.3251060540301,48.688182045363334,1.0,0.0,0.0,1.0
0,229,10,424.72502560690845,48.98828927824116,1.0,0.0,0.0,1.0
0,229,11,425.12494515978676,49.28839651111899,1.0,0.0,0.0,1.0
0,229,12,425.52486471266513,49.58850374399682,1.0,0.0,0.0,1.0
0,229,13,425.92478426554345,49.888610976874645,1.0,0.0,0.0,1.0
0,229,14,426.3247038184218,50.188718209752466,1.0,0.0,0.0,1.0
0,229,15,426.72462337130014,50.488825442630294,1.0,0.0,0.0,1.0
0,229,16,427.1245429241785,50.78893267550812,1.0,0.0,0.0,1.0
0,229,17,427.52446247705683,51.08903990838595,1.0,0.0,0.0,1.0
0,229,18,427.92438202993515,51.38914714126378,1.0,0.0,0.0,1.0
0,229,19,428.3243015828135,51.689254374141605,1.0,0.0,0.0,1.0
0,229,20,428.72422113569183,51.98936160701943,1.0,0.0,0.0,1.0
0,229,21,429.1241406885702,52.28946883989726,1.0,0.0,0.0,1.0
0,229,22,429.5240602414485,52.58957607277509,1.0,0.0,0.0,1.0
0,229,23,429.9239797943269,52.889683305652916,1.0,0.0,0.0,1.0
0,229,24,430.3238993472052,53.189790538530744,1.0,0.0,0.0,1.0
0,229,25,430.7238189000836,53.489897771408565,1.0,0.0,0.0,1.0
0,229,26,431.1237384529619,53.79000500428639,1.0,0.0,0.0,1.0
0,229,27,431.5236580058403,54.09011223716422,1.0,0.0,0.0,1.0
0,229,28,431.9235775587186,54.39021947004205,1.0,0.0,0.0,1.0
0,229,29,432.32349711159696,54.690326702919876,1.0,0.0,0.0,1.0
0,229,30,432.7234166644753,54.990433935797704,1.0,0.0,0.0,1.0
0,229,31,433.12333621735365,55.29054116867553,1.0,0.0,0.0,1.0
0,229,32,433.52325577023197,55.59064840155336,1.0,0.0,0.0,1.0
0,229,33,433.92317532311034,55.89075563443119,1.0,0.0,0.0,1.0
0,229,34,434.32309487598866,56.19086286730901,1.0,0.0,0.0,1.0
0,229,35,434.723014428867,56.49097010018684,1.0,0.0,0.0,1.0
0,229,36,435.12293398174535,56.79107733306466,1.0,0.0,0.0,1.0
0,229,37,435.52285353462366,57.09118456594249,1.0,0.0,0.0,1.0
0,229,38,435.92277308750204,57.39129179882032,1.0,0.0,0.0,1.0
0,229,39,436.32269264038035,57.69139903169815,1.0,0.0,0.0,1.0
0,229,40,436.7226121932587,57.991506264575975,1.0,0.0,0.0,1.0
0,229,41,437.12253174613704,58.2916134974538,1.0,0.0,0.0,1.0
0,229,42,437.5224512990154,58.59172073033163,1.0,0.0,0.0,1.0
0,229,43,437.92237085189373,58.89182796320946,1.0,0.0,0.0,1.0
0,229,44,438.3222904047721,59.19193519608728,1.0,0.0,0.0,1.0
0,229,45,438.7222099576504,59.49204242896511,1.0,0.0,0.0,1.0
0,229,46,439.1221295105288,59.792149661842934,1.0,0.0,0.0,1.0
0,229,47,439.5220490634071,60.09225689472076,1.0,0.0,0.0,1.0
0,229,48,439.9219686162855,60.39236412759859,1.0,0.0,0.0,1.0
0,229,49,440.3218881691638,60.69247136047642,1.0,0.0,0.0,1.0
0,229,50,440.7218077220422,60.992578593354246,1.0,0.0,0.0,1.0
0,229,51,441.1217272749205,61.29268582623207,1.0,0.0,0.0,1.0
0,229,52,441.5216468277988,61.592793059109894,1.0,0.0,0.0,1.0
0,229,53,441.9215663806772,61.89290029198773,1.0,0.0,0.0,1.0
0,229,54,442.3214859335555,62.19300752486555,1.0,0.0,0.0,1.0
0,229,55,442.72140548643387,62.493114757743385,1.0,0.0,0.0,1.0
0,229,56,442.5766730075628,62.38450475498426,1.0,0.0,0.0,1.0
0,229,57,442.17675345468444,62.084397522106435,1.0,0.0,0.0,1.0
0,229,58,441.7768339018061,61.78429028922861,1.0,0.0,0.0,1.0
0,229,59,441.37691434892776,61.48418305635078,1.0,0.0,0.0,1.0
0,229,60,440.97699479604944,61.18407582347295,1.0,0.0,0.0,1.0
0,229,61,440.57707524317107,60.883968590595124,1.0,0.0,0.0,1.0
0,229,62,440.17715569029275,60.583861357717296,1.0,0.0,0.0,1.0
0,229,63,439.7772361374144,60.283754124839476,1.0,0.0,0.0,1.0
0,229,64,439.37731658453606,59.98364689196165,1.0,0.0,0.0,1.0
0,229,65,438.9773970316577,59.68353965908382,1.0,0.0,0.0,1.0
0,229,66,438.5774774787794,59.38343242620599,1.0,0.0,0.0,1.0
0,229,67,438.17755792590106,59.083325193328164,1.0,0.0,0.0,1.0
0,229,68,437.7776383730227,58.78321796045034,1.0,0.0,0.0,1.0
0,229,69,437.37771882014437,58.48311072757251,1.0,0.0,0.0,1.0
0,229,70,436.977799267266,58.18300349469468,1.0,0.0,0.0,1.0
0,229,71,436.5778797143877,57.88289626181685,1.0,0.0,0.0,1.0
0,229,72,436.1779601615093,57.58278902893903,1.0,0.0,0.0,1.0
0,229,73,435.778040608631,57.282681796061205,1.0,0.0,0.0,1.0
0,229,74,435.3781210557526,56.98257456318338,1.0,0.0,0.0,1.0
0,229,75,434.9782015028743,56.68246733030555,1.0,0.0,0.0,1.0
0,229,76,434.5782819499959,56.38236009742772,1.0,0.0,0.0,1.0
0,229,77,434.1783623971176,56.08225286454989,1.0,0.0,0.0,1.0
0,229,78,433.77844284423924,55.782145631672066,1.0,0.0,0.0,1.0
0,229,79,433.3785232913609,55.48203839879424,1.0,0.0,0.0,1.0
0,229,80,432.97860373848255,55.18193116591641,1.0,0.0,0.0,1.0
0,229,81,432.57868418560423,54.88182393303859,1.0,0.0,0.0,1.0
0,229,82,432.17876463272586,54.581716700160754,1.0,0.0,0.0,1.0
0,229,83,431.77884507984754,54.281609467282934,1.0,0.0,0.0,1.0
0,229,84,431.3789255269692,53.981502234405106,1.0,0.0,0.0,1.0
0,229,85,430.97900597409085,53.68139500152728,1.0,0.0,0.0,1.0
0,229,86,430.57908642121254,53.38128776864945,1.0,0.0,0.0,1.0
0,229,87,430.17916686833416,53.08118053577162,1.0,0.0,0.0,1.0
0,229,88,429.77924731545585,52.781073302893795,1.0,0.0,0.0,1.0
0,229,89,429.3793277625775,52.48096607001597,1.0,0.0,0.0,1.0
0,229,90,428.97940820969916,52.18085883713814,1.0,0.0,0.0,1.0
0,229,91,428.5794886568208,51.88075160426031,1.0,0.0,0.0,1.0
0,229,92,428.17956910394247,51.58064437138249,1.0,0.0,0.0,1.0
0,229,93,427.7796495510641,51.28053713850466,1.0,0.0,0.0,1.0
0,229,94,427.3797299981858,50.980429905626835,1.0,0.0,0.0,1.0
0,229,95,426.9798104453074,50.68032267274901,1.0,0.0,0.0,1.0
0,229,96,426.5798908924291,50.38021543987118,1.0,0.0,0.0,1.0
0,229,97,426.1799713395507,50.08010820699335,1.0,0.0,0.0,1.0
0,229,98,425.7800517866724,49.780000974115524,1.0,0.0,0.0,1.0
0,229,99,425.38013223379403,49.4798937412377,1.0,0.0,0.0,1.0
0,229,100,424.9802126809157,49.17978650835987,1.0,0.0,0.0,1.0
0,229,101,424.5802931280374,48.87967927548205,1.0,0.0,0.0,1.0
0,229,102,424.180373575159,48.57957204260422,1.0,0.0,0.0,1.0
0,229,103,423.7804540222807,48.27946480972639,1.0,0.0,0.0,1.0
0,229,104,423.38053446940233,47.979357576848564,1.0,0.0,0.0,1.0
0,229,105,422.980614916524,47.679250343970736,1.0,0.0,0.0,1.0
0,229,106,422.58069536364565,47.37914311109291,1.0,0.0,0.0,1.0
0,229,107,422.18077581076733,47.07903587821508,1.0,0.0,0.0,1.0
0,229,108,421.78085625788896,46.77892864533725,1.0,0.0,0.0,1.0
0,229,109,421.38093670501064,46.478821412459425,1.0,0.0,0.0,1.0
0,229,110,420.98101715213227,46.178714179581604,1.0,0.0,0.0,1.0
0,230,0,420.6066589355469,45.91566467285156,1.0,0.0,0.0,1.0
0,231,0,396.89373779296875,31.676738739013672,1.0,0.0,0.0,1.0
0,231,1,397.3223951220433,31.93413511472759,1.0,0.0,0.0,1.0
0,231,2,397.75105245111786,32.191531490441506,1.0,0.0,0.0,1.0
0,231,3,398.17970978019247,32.44892786615542,1.0,0.0,0.0,1.0
0,231,4,398.608367109267,32.70632424186934,1.0,0.0,0.0,1.0
0,231,5,399.0370244383416,32.963720617583256,1.0,0.0,0.0,1.0
0,231,6,399.46568176741613,33.22111699329717,1.0,0.0,0.0,1.0
0,231,7,399.8943390964907,33.47851336901109,1.0,0.0,0.0,1.0
0,231,8,400.3229964255653,33.73590974472501,1.0,0.0,0.0,1.0
0,231,9,400.75165375463985,33.99330612043892,1.0,0.0,0.0,1.0
0,231,10,401.1803110837144,34.25070249615284,1.0,0.0,0.0,1.0
0,231,11,401.60896841278895,34.50809887186675,1.0,0.0,0.0,1.0
0,231,12,402.0376257418635,34.765495247580674,1.0,0.0,0.0,1.0
0,231,13,402.4662830709381,35.02289162329458,1.0,0.0,0.0,1.0
0,231,14,402.8949404000127,35.2802879990085,1.0,0.0,0.0,1.0
0,231,15,403.3235977290872,35.53768437472242,1.0,0.0,0.0,1.0
0,231,16,403.7522550581618,35.795080750436334,1.0,0.0,0.0,1.0
0,231,17,404.1809123872364,36.05247712615025,1.0,0.0,0.0,1.0
0,231,18,404.60956971631094,36.30987350186417,1.0,0.0,0.0,1.0
0,231,19,405.0382270453855,36.567269877578084,1.0,0.0,0.0,1.0
0,231,20,405.46688437446005,36.824666253292,1.0,0.0,0.0,1.0
0,231,21,405.8955417035346,37.08206262900592,1.0,0.0,0.0,1.0
0,231,22,406.3241990326092,37.339459004719835,1.0,0.0,0.0,1.0
0,231,23,406.75285636168377,37.59685538043375,1.0,0.0,0.0,1.0
0,231,24,407.1815136907583,37.85425175614767,1.0,0.0,0.0,1.0
0,231,25,407.6101710198329,38.111648131861585,1.0,0.0,0.0,1.0
0,231,26,408.03882834890743,38.3690445075755,1.0,0.0,0.0,1.0
0,231,27,408.46748567798204,38.62644088328942,1.0,0.0,0.0,1.0
0,231,28,408.8961430070566,38.883837259003336,1.0,0.0,0.0,1.0
0,231,29,409.32480033613115,39.14123363471725,1.0,0.0,0.0,1.0
0,231,30,409.7534576652057,39.39863001043117,1.0,0.0,0.0,1.0
0,231,31,410.18211499428025,39.656026386145086,1.0,0.0,0.0,1.0
0,231,32,410.61077232335487,39.913422761858996,1.0,0.0,0.0,1.0
0,231,33,411.0394296524294,40.17081913757292,1.0,0.0,0.0,1.0
0,231,34,411.468086981504,40.42821551328683,1.0,0.0,0.0,1.0
0,231,35,411.8967443105785,40.685611889000754,1.0,0.0,0.0,1.0
0,231,36,412.32540163965314,40.94300826471466,1.0,0.0,0.0,1.0
0,231,37,412.7540589687277,41.20040464042858,1.0,0.0,0.0,1.0
0,231,38,413.18271629780224,41.4578010161425,1.0,0.0,0.0,1.0
0,231,39,413.6113736268768,41.715197391856414,1.0,0.0,0.0,1.0
0,231,40,414.04003095595135,41.97259376757033,1.0,0.0,0.0,1.0
0,231,41,414.46868828502596,42.22999014328425,1.0,0.0,0.0,1.0
0,231,42,414.8973456141005,42.487386518998164,1.0,0.0,0.0,1.0
0,231,43,415.32600294317507,42.74478289471208,1.0,0.0,0.0,1.0
0,231,44,415.7546602722496,43.002179270426,1.0,0.0,0.0,1.0
0,231,45,416.1833176013242,43.259575646139915,1.0,0.0,0.0,1.0
0,231,46,416.6119749303988,43.51697202185383,1.0,0.0,0.0,1.0
0,231,47,417.04063225947334,43.77436839756775,1.0,0.0,0.0,1.0
0,231,48,417.4692895885479,44.031764773281665,1.0,0.0,0.0,1.0
0,231,49,417.89794691762245,44.28916114899558,1.0,0.0,0.0,1.0
0,231,50,418.326604246697,44.5465575247095,1.0,0.0,0.0,1.0
0,231,51,418.7552615757716,44.803953900423416,1.0,0.0,0.0,1.0
0,231,52,419.18391890484617,45.06135027613733,1.0,0.0,0.0,1.0
0,231,53,419.6125762339207,45.31874665185124,1.0,0.0,0.0,1.0
0,231,54,420.0412335629953,45.576143027565166,1.0,0.0,0.0,1.0
0,231,55,420.4698908920698,45.83353940327908,1.0,0.0,0.0,1.0
0,231,56,420.3147696499493,45.74039356671013,1.0,0.0,0.0,1.0
0,231,57,419.88611232087476,45.482997190996215,1.0,0.0,0.0,1.0
0,231,58,419.4574549918002,45.2256008152823,1.0,0.0,0.0,1.0
0,231,59,419.02879766272565,44.96820443956838,1.0,0.0,0.0,1.0
0,231,60,418.6001403336511,44.710808063854465,1.0,0.0,0.0,1.0
0,231,61,418.1714830045765,44.45341168814055,1.0,0.0,0.0,1.0
0,231,62,417.74282567550193,44.19601531242663,1.0,0.0,0.0,1.0
0,231,63,417.3141683464274,43.938618936712714,1.0,0.0,0.0,1.0
0,231,64,416.8855110173528,43.6812225609988,1.0,0.0,0.0,1.0
0,231,65,416.4568536882782,43.42382618528488,1.0,0.0,0.0,1.0
0,231,66,416.02819635920366,43.166429809570964,1.0,0.0,0.0,1.0
0,231,67,415.5995390301291,42.90903343385705,1.0,0.0,0.0,1.0
0,231,68,415.17088170105455,42.65163705814313,1.0,0.0,0.0,1.0
0,231,69,414.74222437198,42.39424068242921,1.0,0.0,0.0,1.0
0,231,70,414.3135670429054,42.1368443067153,1.0,0.0,0.0,1.0
0,231,71,413.88490971383084,41.87944793100138,1.0,0.0,0.0,1.0
0,231,72,413.4562523847563,41.62205155528746,1.0,0.0,0.0,1.0
0,231,73,413.02759505568173,41.364655179573546,1.0,0.0,0.0,1.0
0,231,74,412.5989377266072,41.10725880385963,1.0,0.0,0.0,1.0
0,231,75,412.17028039753257,40.84986242814571,1.0,0.0,0.0,1.0
0,231,76,411.741623068458,40.592466052431796,1.0,0.0,0.0,1.0
0,231,77,411.31296573938346,40.33506967671788,1.0,0.0,0.0,1.0
0,231,78,410.8843084103089,40.07767330100397,1.0,0.0,0.0,1.0
0,231,79,410.45565108123435,39.820276925290045,1.0,0.0,0.0,1.0
0,231,80,410.02699375215974,39.562880549576136,1.0,0.0,0.0,1.0
0,231,81,409.5983364230852,39.30548417386222,1.0,0.0,0.0,1.0
0,231,82,409.16967909401063,39.0480877981483,1.0,0.0,0.0,1.0
0,231,83,408.7410217649361,38.790691422434385,1.0,0.0,0.0,1.0
0,231,84,408.3123644358615,38.53329504672047,1.0,0.0,0.0,1.0
0,231,85,407.8837071067869,38.27589867100655,1.0,0.0,0.0,1.0
0,231,86,407.45504977771236,38.018502295292635,1.0,0.0,0.0,1.0
0,231,87,407.0263924486378,37.76110591957872,1.0,0.0,0.0,1.0
0,231,88,406.59773511956325,37.5037095438648,1.0,0.0,0.0,1.0
0,231,89,406.1690777904887,37.246313168150884,1.0,0.0,0.0,1.0
0,231,90,405.7404204614141,36.98891679243697,1.0,0.0,0.0,1.0
0,231,91,405.31176313233954,36.73152041672305,1.0,0.0,0.0,1.0
0,231,92,404.883105803265,36.474124041009134,1.0,0.0,0.0,1.0
0,231,93,404.45444847419043,36.21672766529522,1.0,0.0,0.0,1.0
0,231,94,404.0257911451158,35.9593312895813,1.0,0.0,0.0,1.0
0,231,95,403.59713381604126,35.70193491386738,1.0,0.0,0.0,1.0
0,231,96,403.1684764869667,35.444538538153466,1.0,0.0,0.0,1.0
0,231,97,402.73981915789216,35.18714216243956,1.0,0.0,0.0,1.0
0,231,98,402.3111618288176,34.92974578672563,1.0,0.0,0.0,1.0
0,231,99,401.882504499743,34.672349411011716,1.0,0.0,0.0,1.0
0,231,100,401.45384717066844,34.4149530352978,1.0,0.0,0.0,1.0
0,231,101,401.0251898415939,34.15755665958389,1.0,0.0,0.0,1.0
0,231,102,400.59653251251933,33.900160283869965,1.0,0.0,0.0,1.0
0,231,103,400.1678751834448,33.642763908156056,1.0,0.0,0.0,1.0
0,231,104,399.73921785437017,33.38536753244214,1.0,0.0,0.0,1.0
0,231,105,399.3105605252956,33.12797115672822,1.0,0.0,0.0,1.0
0,231,106,398.88190319622106,32.870574781014305,1.0,0.0,0.0,1.0
0,231,107,398.4532458671465,32.61317840530039,1.0,0.0,0.0,1.0
0,231,108,398.02458853807195,32.35578202958647,1.0,0.0,0.0,1.0
0,231,109,397.59593120899734,32.098385653872555,1.0,0.0,0.0,1.0
0,231,110,397.1672738799228,31.840989278158638,1.0,0.0,0.0,1.0
0,232,0,396.7678527832031,31.617816925048828,1.0,0.0,0.0,1.0
0,233,0,371.716552734375,19.89254379272461,1.0,0.0,0.0,1.0
0,233,1,372.16940386733677,20.10450098504237,1.0,0.0,0.0,1.0
0,233,2,372.6222550002986,20.316458177360133,1.0,0.0,0.0,1.0
0,233,3,373.07510613326036,20.52841536967789,1.0,0.0,0.0,1.0
0,233,4,373.52795726622213,20.740372561995652,1.0,0.0,0.0,1.0
0,233,5,373.9808083991839,20.952329754313414,1.0,0.0,0.0,1.0
0,233,6,374.4336595321457,21.164286946631176,1.0,0.0,0.0,1.0
0,233,7,374.8865106651075,21.376244138948934,1.0,0.0,0.0,1.0
0,233,8,375.33936179806926,21.588201331266696,1.0,0.0,0.0,1.0
0,233,9,375.7922129310311,21.800158523584457,1.0,0.0,0.0,1.0
0,233,10,376.24506406399286,22.01211571590222,1.0,0.0,0.0,1.0
0,233,11,376.6979151969546,22.224072908219977,1.0,0.0,0.0,1.0
0,233,12,377.1507663299164,22.43603010053774,1.0,0.0,0.0,1.0
0,233,13,377.6036174628782,22.6479872928555,1.0,0.0,0.0,1.0
0,233,14,378.05646859584,22.859944485173262,1.0,0.0,0.0,1.0
0,233,15,378.50931972880176,23.07190167749102,1.0,0.0,0.0,1.0
0,233,16,378.9621708617635,23.283858869808782,1.0,0.0,0.0,1.0
0,233,17,379.41502199472535,23.495816062126543,1.0,0.0,0.0,1.0
0,233,18,379.8678731276871,23.707773254444305,1.0,0.0,0.0,1.0
0,233,19,380.3207242606489,23.919730446762063,1.0,0.0,0.0,1.0
0,233,20,380.7735753936107,24.131687639079825,1.0,0.0,0.0,1.0
0,233,21,381.2264265265725,24.343644831397587,1.0,0.0,0.0,1.0
0,233,22,381.67927765953425,24.55560202371535,1.0,0.0,0.0,1.0
0,233,23,382.132128792496,24.767559216033106,1.0,0.0,0.0,1.0
0,233,24,382.58497992545784,24.979516408350868,1.0,0.0,0.0,1.0
0,233,25,383.0378310584196,25.19147360066863,1.0,0.0,0.0,1.0
0,233,26,383.4906821913814,25.40343079298639,1.0,0.0,0.0,1.0
0,233,27,383.9435333243432,25.615387985304153,1.0,0.0,0.0,1.0
0,233,28,384.396384457305,25.82734517762191,1.0,0.0,0.0,1.0
0,233,29,384.84923559026674,26.039302369939673,1.0,0.0,0.0,1.0
0,233,30,385.3020867232285,26.251259562257435,1.0,0.0,0.0,1.0
0,233,31,385.75493785619034,26.463216754575196,1.0,0.0,0.0,1.0
0,233,32,386.2077889891521,26.675173946892954,1.0,0.0,0.0,1.0
0,233,33,386.6606401221139,26.887131139210716,1.0,0.0,0.0,1.0
0,233,34,387.11349125507564,27.099088331528478,1.0,0.0,0.0,1.0
0,233,35,387.56634238803747,27.31104552384624,1.0,0.0,0.0,1.0
0,233,36,388.01919352099924,27.523002716164,1.0,0.0,0.0,1.0
0,233,37,388.472044653961,27.73495990848176,1.0,0.0,0.0,1.0
0,233,38,388.92489578692283,27.946917100799517,1.0,0.0,0.0,1.0
0,233,39,389.3777469198846,28.15887429311728,1.0,0.0,0.0,1.0
0,233,40,389.83059805284637,28.37083148543504,1.0,0.0,0.0,1.0
0,233,41,390.28344918580814,28.582788677752802,1.0,0.0,0.0,1.0
0,233,42,390.73630031876996,28.794745870070564,1.0,0.0,0.0,1.0
0,233,43,391.18915145173173,29.006703062388326,1.0,0.0,0.0,1.0
0,233,44,391.6420025846935,29.218660254706087,1.0,0.0,0.0,1.0
0,233,45,392.0948537176553,29.430617447023845,1.0,0.0,0.0,1.0
0,233,46,392.5477048506171,29.642574639341607,1.0,0.0,0.0,1.0
0,233,47,393.00055598357886,29.854531831659365,1.0,0.0,0.0,1.0
0,233,48,393.45340711654063,30.066489023977127,1.0,0.0,0.0,1.0
0,233,49,393.90625824950246,30.27844621629489,1.0,0.0,0.0,1.0
0,233,50,394.3591093824642,30.49040340861265,1.0,0.0,0.0,1.0
0,233,51,394.811960515426,30.70236060093041,1.0,0.0,0.0,1.0
0,233,52,395.26481164838776,30.914317793248173,1.0,0.0,0.0,1.0
0,233,53,395.7176627813496,31.12627498556593,1.0,0.0,0.0,1.0
0,233,54,396.17051391431136,31.338232177883693,1.0,0.0,0.0,1.0
0,233,55,396.6233650472731,31.550189370201455,1.0,0.0,0.0,1.0
0,233,56,396.4594893861713,31.473487287578443,1.0,0.0,0.0,1.0
0,233,57,396.00663825320953,31.26153009526068,1.0,0.0,0.0,1.0
0,233,58,395.55378712024776,31.04957290294292,1.0,0.0,0.0,1.0
0,233,59,395.100935987286,30.83761571062516,1.0,0.0,0.0,1.0
0,233,60,394.64808485432417,30.625658518307397,1.0,0.0,0.0,1.0
0,233,61,394.1952337213624,30.41370132598964,1.0,0.0,0.0,1.0
0,233,62,393.74238258840063,30.201744133671877,1.0,0.0,0.0,1.0
0,233,63,393.2895314554388,29.989786941354115,1.0,0.0,0.0,1.0
0,233,64,392.83668032247704,29.777829749036353,1.0,0.0,0.0,1.0
0,233,65,392.38382918951527,29.565872556718595,1.0,0.0,0.0,1.0
0,233,66,391.9309780565535,29.353915364400834,1.0,0.0,0.0,1.0
0,233,67,391.4781269235917,29.141958172083072,1.0,0.0,0.0,1.0
0,233,68,391.0252757906299,28.93000097976531,1.0,0.0,0.0,1.0
0,233,69,390.57242465766814,28.718043787447552,1.0,0.0,0.0,1.0
0,233,70,390.1195735247063,28.50608659512979,1.0,0.0,0.0,1.0
0,233,71,389.66672239174454,28.29412940281203,1.0,0.0,0.0,1.0
0,233,72,389.2138712587828,28.082172210494267,1.0,0.0,0.0,1.0
0,233,73,388.761020125821,27.87021501817651,1.0,0.0,0.0,1.0
0,233,74,388.3081689928592,27.658257825858747,1.0,0.0,0.0,1.0
0,233,75,387.8553178598974,27.446300633540986,1.0,0.0,0.0,1.0
0,233,76,387.40246672693564,27.234343441223224,1.0,0.0,0.0,1.0
0,233,77,386.9496155939739,27.022386248905462,1.0,0.0,0.0,1.0
0,233,78,386.49676446101205,26.810429056587704,1.0,0.0,0.0,1.0
0,233,79,386.0439133280503,26.598471864269943,1.0,0.0,0.0,1.0
0,233,80,385.5910621950885,26.386514671952185,1.0,0.0,0.0,1.0
0,233,81,385.1382110621267,26.174557479634423,1.0,0.0,0.0,1.0
0,233,82,384.6853599291649,25.96260028731666,1.0,0.0,0.0,1.0
0,233,83,384.23250879620315,25.7506430949989,1.0,0.0,0.0,1.0
0,233,84,383.7796576632414,25.538685902681138,1.0,0.0,0.0,1.0
0,233,85,383.32680653027955,25.326728710363376,1.0,0.0,0.0,1.0
0,233,86,382.8739553973178,25.114771518045615,1.0,0.0,0.0,1.0
0,233,87,382.421104264356,24.902814325727856,1.0,0.0,0.0,1.0
0,233,88,381.9682531313942,24.690857133410095,1.0,0.0,0.0,1.0
0,233,89,381.5154019984324,24.478899941092337,1.0,0.0,0.0,1.0
0,233,90,381.06255086547066,24.266942748774575,1.0,0.0,0.0,1.0
0,233,91,380.6096997325089,24.054985556456813,1.0,0.0,0.0,1.0
0,233,92,380.15684859954706,23.84302836413905,1.0,0.0,0.0,1.0
0,233,93,379.7039974665853,23.63107117182129,1.0,0.0,0.0,1.0
0,233,94,379.2511463336235,23.41911397950353,1.0,0.0,0.0,1.0
0,233,95,378.79829520066176,23.20715678718577,1.0,0.0,0.0,1.0
0,233,96,378.34544406769993,22.995199594868012,1.0,0.0,0.0,1.0
0,233,97,377.89259293473816,22.78324240255025,1.0,0.0,0.0,1.0
0,233,98,377.4397418017764,22.57128521023249,1.0,0.0,0.0,1.0
0,233,99,376.98689066881457,22.359328017914727,1.0,0.0,0.0,1.0
0,233,100,376.5340395358528,22.147370825596965,1.0,0.0,0.0,1.0
0,233,101,376.08118840289103,21.935413633279204,1.0,0.0,0.0,1.0
0,233,102,375.62833726992926,21.723456440961442,1.0,0.0,0.0,1.0
0,233,103,375.17548613696744,21.511499248643684,1.0,0.0,0.0,1.0
0,233,104,374.72263500400567,21.299542056325922,1.0,0.0,0.0,1.0
0,233,105,374.2697838710439,21.08758486400816,1.0,0.0,0.0,1.0
0,233,106,373.8169327380821,20.875627671690403,1.0,0.0,0.0,1.0
0,233,107,373.3640816051203,20.66367047937264,1.0,0.0,0.0,1.0
0,233,108,372.91123047215854,20.45171328705488,1.0,0.0,0.0,1.0
0,233,109,372.45837933919677,20.239756094737118,1.0,0.0,0.0,1.0
0,233,110,372.00552820623494,20.027798902419356,1.0,0.0,0.0,1.0
0,234,0,371.58526611328125,19.846878051757812,1.0,0.0,0.0,1.0
0,235,0,345.46112060546875,10.759532928466797,1.0,0.0,0.0,1.0
0,235,1,345.9333651569265,10.923804300344095,1.0,0.0,0.0,1.0
0,235,2,346.4056097083843,11.088075672221393,1.0,0.0,0.0,1.0
0,235,3,346.8778542598421,11.252347044098691,1.0,0.0,0.0,1.0
0,235,4,347.3500988112998,11.41661841597599,1.0,0.0,0.0,1.0
0,235,5,347.8223433627576,11.580889787853287,1.0,0.0,0.0,1.0
0,235,6,348.29458791421536,11.745161159730587,1.0,0.0,0.0,1.0
0,235,7,348.76683246567313,11.909432531607886,1.0,0.0,0.0,1.0
0,235,8,349.2390770171309,12.073703903485184,1.0,0.0,0.0,1.0
0,235,9,349.7113215685887,12.237975275362482,1.0,0.0,0.0,1.0
0,235,10,350.18356612004646,12.40224664723978,1.0,0.0,0.0,1.0
0,235,11,350.65581067150424,12.566518019117078,1.0,0.0,0.0,1.0
0,235,12,351.12805522296196,12.730789390994376,1.0,0.0,0.0,1.0
0,235,13,351.60029977441974,12.895060762871674,1.0,0.0,0.0,1.0
0,235,14,352.0725443258775,13.059332134748972,1.0,0.0,0.0,1.0
0,235,15,352.5447888773353,13.223603506626272,1.0,0.0,0.0,1.0
0,235,16,353.01703342879307,13.38787487850357,1.0,0.0,0.0,1.0
0,235,17,353.48927798025085,13.552146250380869,1.0,0.0,0.0,1.0
0,235,18,353.9615225317086,13.716417622258167,1.0,0.0,0.0,1.0
0,235,19,354.4337670831664,13.880688994135465,1.0,0.0,0.0,1.0
0,235,20,354.9060116346242,14.044960366012763,1.0,0.0,0.0,1.0
0,235,21,355.3782561860819,14.209231737890061,1.0,0.0,0.0,1.0
0,235,22,355.8505007375397,14.37350310976736,1.0,0.0,0.0,1.0
0,235,23,356.32274528899745,14.537774481644657,1.0,0.0,0.0,1.0
0,235,24,356.79498984045523,14.702045853521955,1.0,0.0,0.0,1.0
0,235,25,357.267234391913,14.866317225399253,1.0,0.0,0.0,1.0
0,235,26,357.7394789433708,15.030588597276552,1.0,0.0,0.0,1.0
0,235,27,358.21172349482856,15.19485996915385,1.0,0.0,0.0,1.0
0,235,28,358.6839680462863,15.359131341031148,1.0,0.0,0.0,1.0
0,235,29,359.15621259774406,15.523402712908448,1.0,0.0,0.0,1.0
0,235,30,359.62845714920184,15.687674084785746,1.0,0.0,0.0,1.0
0,235,31,360.1007017006596,15.851945456663044,1.0,0.0,0.0,1.0
0,235,32,360.5729462521174,16.016216828540344,1.0,0.0,0.0,1.0
0,235,33,361.04519080357517,16.180488200417642,1.0,0.0,0.0,1.0
0,235,34,361.51743535503294,16.34475957229494,1.0,0.0,0.0,1.0
0,235,35,361.9896799064907,16.50903094417224,1.0,0.0,0.0,1.0
0,235,36,362.4619244579485,16.673302316049536,1.0,0.0,0.0,1.0
0,235,37,362.9341690094062,16.837573687926835,1.0,0.0,0.0,1.0
0,235,38,363.406413560864,17.001845059804133,1.0,0.0,0.0,1.0
0,235,39,363.8786581123218,17.16611643168143,1.0,0.0,0.0,1.0
0,235,40,364.35090266377955,17.33038780355873,1.0,0.0,0.0,1.0
0,235,41,364.8231472152373,17.494659175436027,1.0,0.0,0.0,1.0
0,235,42,365.2953917666951,17.658930547313325,1.0,0.0,0.0,1.0
0,235,43,365.7676363181529,17.823201919190623,1.0,0.0,0.0,1.0
0,235,44,366.2398808696106,17.98747329106792,1.0,0.0,0.0,1.0
0,235,45,366.7121254210684,18.15174466294522,1.0,0.0,0.0,1.0
0,235,46,367.18436997252616,18.316016034822518,1.0,0.0,0.0,1.0
0,235,47,367.65661452398393,18.480287406699816,1.0,0.0,0.0,1.0
0,235,48,368.1288590754417,18.644558778577114,1.0,0.0,0.0,1.0
0,235,49,368.6011036268995,18.808830150454412,1.0,0.0,0.0,1.0
0,235,50,369.07334817835726,18.97310152233171,1.0,0.0,0.0,1.0
0,235,51,369.54559272981504,19.137372894209008,1.0,0.0,0.0,1.0
0,235,52,370.0178372812728,19.301644266086306,1.0,0.0,0.0,1.0
0,235,53,370.49008183273054,19.465915637963604,1.0,0.0,0.0,1.0
0,235,54,370.9623263841883,19.630187009840903,1.0,0.0,0.0,1.0
0,235,55,371.4345709356461,19.794458381718204,1.0,0.0,0.0,1.0
0,235,56,371.26371673945863,19.735026349920123,1.0,0.0,0.0,1.0
0,235,57,370.79147218800085,19.570754978042824,1.0,0.0,0.0,1.0
0,235,58,370.3192276365431,19.406483606165526,1.0,0.0,0.0,1.0
0,235,59,369.8469830850853,19.24221223428823,1.0,0.0,0.0,1.0
0,235,60,369.3747385336276,19.07794086241093,1.0,0.0,0.0,1.0
0,235,61,368.9024939821698,18.913669490533632,1.0,0.0,0.0,1.0
0,235,62,368.430249430712,18.749398118656334,1.0,0.0,0.0,1.0
0,235,63,367.95800487925425,18.585126746779036,1.0,0.0,0.0,1.0
0,235,64,367.48576032779647,18.420855374901738,1.0,0.0,0.0,1.0
0,235,65,367.0135157763387,18.25658400302444,1.0,0.0,0.0,1.0
0,235,66,366.5412712248809,18.09231263114714,1.0,0.0,0.0,1.0
0,235,67,366.06902667342314,17.928041259269843,1.0,0.0,0.0,1.0
0,235,68,365.5967821219654,17.763769887392545,1.0,0.0,0.0,1.0
0,235,69,365.12453757050764,17.599498515515247,1.0,0.0,0.0,1.0
0,235,70,364.65229301904986,17.435227143637945,1.0,0.0,0.0,1.0
0,235,71,364.1800484675921,17.270955771760647,1.0,0.0,0.0,1.0
0,235,72,363.7078039161343,17.10668439988335,1.0,0.0,0.0,1.0
0,235,73,363.23555936467653,16.94241302800605,1.0,0.0,0.0,1.0
0,235,74,362.76331481321876,16.778141656128753,1.0,0.0,0.0,1.0
0,235,75,362.291070261761,16.613870284251455,1.0,0.0,0.0,1.0
0,235,76,361.81882571030326,16.449598912374157,1.0,0.0,0.0,1.0
0,235,77,361.3465811588455,16.28532754049686,1.0,0.0,0.0,1.0
0,235,78,360.8743366073877,16.12105616861956,1.0,0.0,0.0,1.0
0,235,79,360.4020920559299,15.956784796742262,1.0,0.0,0.0,1.0
0,235,80,359.92984750447215,15.792513424864964,1.0,0.0,0.0,1.0
0,235,81,359.4576029530144,15.628242052987666,1.0,0.0,0.0,1.0
0,235,82,358.9853584015566,15.463970681110368,1.0,0.0,0.0,1.0
0,235,83,358.5131138500988,15.29969930923307,1.0,0.0,0.0,1.0
0,235,84,358.0408692986411,15.135427937355772,1.0,0.0,0.0,1.0
0,235,85,357.5686247471833,14.971156565478474,1.0,0.0,0.0,1.0
0,235,86,357.09638019572554,14.806885193601175,1.0,0.0,0.0,1.0
0,235,87,356.62413564426777,14.642613821723877,1.0,0.0,0.0,1.0
0,235,88,356.15189109281,14.47834244984658,1.0,0.0,0.0,1.0
0,235,89,355.6796465413522,14.31407107796928,1.0,0.0,0.0,1.0
0,235,90,355.20740198989444,14.149799706091981,1.0,0.0,0.0,1.0
0,235,91,354.73515743843666,13.985528334214683,1.0,0.0,0.0,1.0
0,235,92,354.26291288697894,13.821256962337385,1.0,0.0,0.0,1.0
0,235,93,353.79066833552116,13.656985590460085,1.0,0.0,0.0,1.0
0,235,94,353.3184237840634,13.492714218582787,1.0,0.0,0.0,1.0
0,235,95,352.8461792326056,13.328442846705489,1.0,0.0,0.0,1.0
0,235,96,352.37393468114783,13.16417147482819,1.0,0.0,0.0,1.0
0,235,97,351.90169012969005,12.999900102950892,1.0,0.0,0.0,1.0
0,235,98,351.4294455782323,12.835628731073594,1.0,0.0,0.0,1.0
0,235,99,350.9572010267745,12.671357359196296,1.0,0.0,0.0,1.0
0,235,100,350.4849564753167,12.507085987318998,1.0,0.0,0.0,1.0
0,235,101,350.012711923859,12.3428146154417,1.0,0.0,0.0,1.0
0,235,102,349.5404673724012,12.178543243564402,1.0,0.0,0.0,1.0
0,235,103,349.06822282094345,12.014271871687104,1.0,0.0,0.0,1.0
0,235,104,348.59597826948567,11.850000499809806,1.0,0.0,0.0,1.0
0,235,105,348.1237337180279,11.685729127932506,1.0,0.0,0.0,1.0
0,235,106,347.6514891665701,11.521457756055208,1.0,0.0,0.0,1.0
0,235,107,347.17924461511234,11.357186384177911,1.0,0.0,0.0,1.0
0,235,108,346.7070000636546,11.192915012300611,1.0,0.0,0.0,1.0
0,235,109,346.23475551219684,11.028643640423313,1.0,0.0,0.0,1.0
0,235,110,345.76251096073906,10.864372268546015,1.0,0.0,0.0,1.0
0,236,0,345.3258361816406,10.727607727050781,1.0,0.0,0.0,1.0
0,237,0,318.40582275390625,4.374563694000244,1.0,0.0,0.0,1.0
0,237,1,318.892454964342,4.489407465126079,1.0,0.0,0.0,1.0
0,237,2,319.3790871747778,4.604251236251913,1.0,0.0,0.0,1.0
0,237,3,319.86571938521354,4.719095007377748,1.0,0.0,0.0,1.0
0,237,4,320.3523515956493,4.833938778503582,1.0,0.0,0.0,1.0
0,237,5,320.8389838060851,4.948782549629417,1.0,0.0,0.0,1.0
0,237,6,321.3256160165208,5.063626320755251,1.0,0.0,0.0,1.0
0,237,7,321.81224822695657,5.178470091881086,1.0,0.0,0.0,1.0
0,237,8,322.29888043739237,5.2933138630069205,1.0,0.0,0.0,1.0
0,237,9,322.7855126478281,5.408157634132754,1.0,0.0,0.0,1.0
0,237,10,323.27214485826386,5.523001405258589,1.0,0.0,0.0,1.0
0,237,11,323.75877706869966,5.637845176384424,1.0,0.0,0.0,1.0
0,237,12,324.2454092791354,5.752688947510259,1.0,0.0,0.0,1.0
0,237,13,324.73204148957115,5.8675327186360935,1.0,0.0,0.0,1.0
0,237,14,325.21867370000695,5.982376489761927,1.0,0.0,0.0,1.0
0,237,15,325.7053059104427,6.097220260887762,1.0,0.0,0.0,1.0
0,237,16,326.1919381208785,6.212064032013597,1.0,0.0,0.0,1.0
0,237,17,326.67857033131423,6.326907803139431,1.0,0.0,0.0,1.0
0,237,18,327.16520254175,6.441751574265266,1.0,0.0,0.0,1.0
0,237,19,327.6518347521858,6.5565953453911,1.0,0.0,0.0,1.0
0,237,20,328.1384669626215,6.671439116516934,1.0,0.0,0.0,1.0
0,237,21,328.62509917305727,6.78628288764277,1.0,0.0,0.0,1.0
0,237,22,329.11173138349307,6.901126658768604,1.0,0.0,0.0,1.0
0,237,23,329.5983635939288,7.015970429894438,1.0,0.0,0.0,1.0
0,237,24,330.08499580436455,7.130814201020273,1.0,0.0,0.0,1.0
0,237,25,330.57162801480035,7.245657972146107,1.0,0.0,0.0,1.0
0,237,26,331.0582602252361,7.360501743271942,1.0,0.0,0.0,1.0
0,237,27,331.54489243567184,7.475345514397777,1.0,0.0,0.0,1.0
0,237,28,332.03152464610764,7.590189285523611,1.0,0.0,0.0,1.0
0,237,29,332.5181568565434,7.705033056649446,1.0,0.0,0.0,1.0
0,237,30,333.00478906697913,7.81987682777528,1.0,0.0,0.0,1.0
0,237,31,333.49142127741493,7.934720598901114,1.0,0.0,0.0,1.0
0,237,32,333.9780534878507,8.04956437002695,1.0,0.0,0.0,1.0
0,237,33,334.4646856982864,8.164408141152784,1.0,0.0,0.0,1.0
0,237,34,334.9513179087222,8.279251912278617,1.0,0.0,0.0,1.0
0,237,35,335.43795011915796,8.394095683404451,1.0,0.0,0.0,1.0
0,237,36,335.9245823295937,8.508939454530287,1.0,0.0,0.0,1.0
0,237,37,336.4112145400295,8.623783225656123,1.0,0.0,0.0,1.0
0,237,38,336.89784675046525,8.738626996781957,1.0,0.0,0.0,1.0
0,237,39,337.384478960901,8.85347076790779,1.0,0.0,0.0,1.0
0,237,40,337.8711111713368,8.968314539033624,1.0,0.0,0.0,1.0
0,237,41,338.35774338177254,9.083158310159458,1.0,0.0,0.0,1.0
0,237,42,338.8443755922083,9.198002081285296,1.0,0.0,0.0,1.0
0,237,43,339.3310078026441,9.31284585241113,1.0,0.0,0.0,1.0
0,237,44,339.8176400130798,9.427689623536963,1.0,0.0,0.0,1.0
0,237,45,340.30427222351557,9.542533394662797,1.0,0.0,0.0,1.0
0,237,46,340.79090443395137,9.657377165788631,1.0,0.0,0.0,1.0
0,237,47,341.2775366443871,9.772220936914467,1.0,0.0,0.0,1.0
0,237,48,341.76416885482286,9.887064708040302,1.0,0.0,0.0,1.0
0,237,49,342.25080106525866,10.001908479166136,1.0,0.0,0.0,1.0
0,237,50,342.7374332756944,10.11675225029197,1.0,0.0,0.0,1.0
0,237,51,343.2240654861302,10.231596021417804,1.0,0.0,0.0,1.0
0,237,52,343.71069769656594,10.34643979254364,1.0,0.0,0.0,1.0
0,237,53,344.1973299070017,10.461283563669474,1.0,0.0,0.0,1.0
0,237,54,344.6839621174375,10.57612733479531,1.0,0.0,0.0,1.0
0,237,55,345.17059432787323,10.690971105921143,1.0,0.0,0.0,1.0
0,237,56,344.9944458249723,10.649400577054585,1.0,0.0,0.0,1.0
0,237,57,344.5078136145365,10.53455680592875,1.0,0.0,0.0,1.0
0,237,58,344.02118140410073,10.419713034802916,1.0,0.0,0.0,1.0
0,237,59,343.534549193665,10.304869263677082,1.0,0.0,0.0,1.0
0,237,60,343.0479169832292,10.190025492551246,1.0,0.0,0.0,1.0
0,237,61,342.56128477279344,10.075181721425412,1.0,0.0,0.0,1.0
0,237,62,342.0746525623577,9.960337950299577,1.0,0.0,0.0,1.0
0,237,63,341.5880203519219,9.845494179173743,1.0,0.0,0.0,1.0
0,237,64,341.10138814148615,9.730650408047909,1.0,0.0,0.0,1.0
0,237,65,340.6147559310504,9.615806636922073,1.0,0.0,0.0,1.0
0,237,66,340.1281237206146,9.50096286579624,1.0,0.0,0.0,1.0
0,237,67,339.64149151017887,9.386119094670406,1.0,0.0,0.0,1.0
0,237,68,339.1548592997431,9.27127532354457,1.0,0.0,0.0,1.0
0,237,69,338.6682270893073,9.156431552418736,1.0,0.0,0.0,1.0
0,237,70,338.1815948788716,9.0415877812929,1.0,0.0,0.0,1.0
0,237,71,337.69496266843583,8.926744010167067,1.0,0.0,0.0,1.0
0,237,72,337.20833045800003,8.811900239041233,1.0,0.0,0.0,1.0
0,237,73,336.7216982475643,8.697056467915399,1.0,0.0,0.0,1.0
0,237,74,336.23506603712855,8.582212696789563,1.0,0.0,0.0,1.0
0,237,75,335.74843382669275,8.46736892566373,1.0,0.0,0.0,1.0
0,237,76,335.261801616257,8.352525154537894,1.0,0.0,0.0,1.0
0,237,77,334.77516940582126,8.23768138341206,1.0,0.0,0.0,1.0
0,237,78,334.28853719538546,8.122837612286226,1.0,0.0,0.0,1.0
0,237,79,333.8019049849497,8.00799384116039,1.0,0.0,0.0,1.0
0,237,80,333.3152727745139,7.893150070034556,1.0,0.0,0.0,1.0
0,237,81,332.82864056407817,7.778306298908722,1.0,0.0,0.0,1.0
0,237,82,332.3420083536424,7.663462527782887,1.0,0.0,0.0,1.0
0,237,83,331.8553761432066,7.548618756657053,1.0,0.0,0.0,1.0
0,237,84,331.3687439327709,7.433774985531218,1.0,0.0,0.0,1.0
0,237,85,330.88211172233514,7.318931214405383,1.0,0.0,0.0,1.0
0,237,86,330.39547951189934,7.2040874432795485,1.0,0.0,0.0,1.0
0,237,87,329.9088473014636,7.089243672153714,1.0,0.0,0.0,1.0
0,237,88,329.42221509102785,6.97439990102788,1.0,0.0,0.0,1.0
0,237,89,328.93558288059205,6.859556129902045,1.0,0.0,0.0,1.0
0,237,90,328.4489506701563,6.74471235877621,1.0,0.0,0.0,1.0
0,237,91,327.96231845972056,6.6298685876503765,1.0,0.0,0.0,1.0
0,237,92,327.47568624928476,6.515024816524542,1.0,0.0,0.0,1.0
0,237,93,326.989054038849,6.400181045398707,1.0,0.0,0.0,1.0
0,237,94,326.5024218284133,6.285337274272872,1.0,0.0,0.0,1.0
0,237,95,326.0157896179775,6.170493503147038,1.0,0.0,0.0,1.0
0,237,96,325.52915740754173,6.0556497320212035,1.0,0.0,0.0,1.0
0,237,97,325.042525197106,5.94080596089537,1.0,0.0,0.0,1.0
0,237,98,324.5558929866702,5.825962189769535,1.0,0.0,0.0,1.0
0,237,99,324.06926077623444,5.7111184186437,1.0,0.0,0.0,1.0
0,237,100,323.5826285657987,5.596274647517865,1.0,0.0,0.0,1.0
0,237,101,323.0959963553629,5.4814308763920305,1.0,0.0,0.0,1.0
0,237,102,322.60936414492716,5.366587105266197,1.0,0.0,0.0,1.0
0,237,103,322.1227319344914,5.251743334140362,1.0,0.0,0.0,1.0
0,237,104,321.6360997240556,5.136899563014528,1.0,0.0,0.0,1.0
0,237,105,321.14946751361987,5.022055791888693,1.0,0.0,0.0,1.0
0,237,106,320.6628353031841,4.9072120207628585,1.0,0.0,0.0,1.0
0,237,107,320.1762030927483,4.792368249637024,1.0,0.0,0.0,1.0
0,237,108,319.6895708823126,4.677524478511189,1.0,0.0,0.0,1.0
0,237,109,319.20293867187684,4.562680707385355,1.0,0.0,0.0,1.0
0,237,110,318.71630646144104,4.44783693625952,1.0,0.0,0.0,1.0
0,238,0,318.2679748535156,4.356717109680176,1.0,0.0,0.0,1.0
0,239,0,290.8373718261719,0.805288553237915,1.0,0.0,0.0,1.0
0,239,1,291.33323319128834,0.8694875141705506,1.0,0.0,0.0,1.0
0,239,2,291.8290945564048,0.9336864751031861,1.0,0.0,0.0,1.0
0,239,3,292.3249559215213,0.9978854360358218,1.0,0.0,0.0,1.0
0,239,4,292.82081728663775,1.0620843969684572,1.0,0.0,0.0,1.0
0,239,5,293.3166786517542,1.126283357901093,1.0,0.0,0.0,1.0
0,239,6,293.8125400168707,1.1904823188337286,1.0,0.0,0.0,1.0
0,239,7,294.30840138198715,1.254681279766364,1.0,0.0,0.0,1.0
0,239,8,294.8042627471036,1.3188802406989997,1.0,0.0,0.0,1.0
0,239,9,295.3001241122201,1.3830792016316353,1.0,0.0,0.0,1.0
0,239,10,295.79598547733656,1.4472781625642708,1.0,0.0,0.0,1.0
0,239,11,296.291846842453,1.5114771234969062,1.0,0.0,0.0,1.0
0,239,12,296.78770820756955,1.575676084429542,1.0,0.0,0.0,1.0
0,239,13,297.283569572686,1.6398750453621775,1.0,0.0,0.0,1.0
0,239,14,297.7794309378025,1.704074006294813,1.0,0.0,0.0,1.0
0,239,15,298.27529230291896,1.7682729672274489,1.0,0.0,0.0,1.0
0,239,16,298.7711536680354,1.8324719281600843,1.0,0.0,0.0,1.0
0,239,17,299.2670150331519,1.89667088909272,1.0,0.0,0.0,1.0
0,239,18,299.76287639826836,1.9608698500253554,1.0,0.0,0.0,1.0
0,239,19,300.25873776338483,2.025068810957991,1.0,0.0,0.0,1.0
0,239,20,300.7545991285013,2.0892677718906265,1.0,0.0,0.0,1.0
0,239,21,301.25046049361777,2.1534667328232624,1.0,0.0,0.0,1.0
0,239,22,301.74632185873423,2.2176656937558974,1.0,0.0,0.0,1.0
0,239,23,302.2421832238507,2.2818646546885333,1.0,0.0,0.0,1.0
0,239,24,302.73804458896717,2.346063615621169,1.0,0.0,0.0,1.0
0,239,25,303.23390595408364,2.410262576553804,1.0,0.0,0.0,1.0
0,239,26,303.7297673192001,2.47446153748644,1.0,0.0,0.0,1.0
0,239,27,304.2256286843166,2.538660498419076,1.0,0.0,0.0,1.0
0,239,28,304.72149004943304,2.602859459351711,1.0,0.0,0.0,1.0
0,239,29,305.2173514145495,2.667058420284347,1.0,0.0,0.0,1.0
0,239,30,305.713212779666,2.7312573812169827,1.0,0.0,0.0,1.0
0,239,31,306.20907414478245,2.7954563421496177,1.0,0.0,0.0,1.0
0,239,32,306.7049355098989,2.8596553030822536,1.0,0.0,0.0,1.0
0,239,33,307.2007968750154,2.923854264014889,1.0,0.0,0.0,1.0
0,239,34,307.6966582401319,2.988053224947525,1.0,0.0,0.0,1.0
0,239,35,308.1925196052483,3.0522521858801603,1.0,0.0,0.0,1.0
0,239,36,308.68838097036485,3.116451146812796,1.0,0.0,0.0,1.0
0,239,37,309.1842423354813,3.180650107745431,1.0,0.0,0.0,1.0
0,239,38,309.6801037005978,3.244849068678067,1.0,0.0,0.0,1.0
0,239,39,310.17596506571425,3.3090480296107025,1.0,0.0,0.0,1.0
0,239,40,310.6718264308307,3.3732469905433384,1.0,0.0,0.0,1.0
0,239,41,311.1676877959472,3.437445951475974,1.0,0.0,0.0,1.0
0,239,42,311.66354916106366,3.5016449124086093,1.0,0.0,0.0,1.0
0,239,43,312.1594105261801,3.5658438733412448,1.0,0.0,0.0,1.0
0,239,44,312.6552718912966,3.63004283427388,1.0,0.0,0.0,1.0
0,239,45,313.15113325641306,3.694241795206516,1.0,0.0,0.0,1.0
0,239,46,313.64699462152953,3.7584407561391515,1.0,0.0,0.0,1.0
0,239,47,314.142855986646,3.8226397170717874,1.0,0.0,0.0,1.0
0,239,48,314.63871735176247,3.886838678004423,1.0,0.0,0.0,1.0
0,239,49,315.13457871687893,3.9510376389370583,1.0,0.0,0.0,1.0
0,239,50,315.6304400819954,4.015236599869693,1.0,0.0,0.0,1.0
0,239,51,316.12630144711187,4.079435560802329,1.0,0.0,0.0,1.0
0,239,52,316.62216281222834,4.143634521734965,1.0,0.0,0.0,1.0
0,239,53,317.1180241773448,4.207833482667601,1.0,0.0,0.0,1.0
0,239,54,317.6138855424613,4.272032443600237,1.0,0.0,0.0,1.0
0,239,55,318.10974690757774,4.336231404532872,1.0,0.0,0.0,1.0
0,239,56,317.93034143433704,4.313003853894844,1.0,0.0,0.0,1.0
0,239,57,317.4344800692205,4.248804892962209,1.0,0.0,0.0,1.0
0,239,58,316.93861870410404,4.184605932029573,1.0,0.0,0.0,1.0
0,239,59,316.4427573389876,4.120406971096937,1.0,0.0,0.0,1.0
0,239,60,315.9468959738711,4.056208010164302,1.0,0.0,0.0,1.0
0,239,61,315.45103460875464,3.992009049231666,1.0,0.0,0.0,1.0
0,239,62,314.95517324363817,3.9278100882990308,1.0,0.0,0.0,1.0
0,239,63,314.4593118785217,3.8636111273663953,1.0,0.0,0.0,1.0
0,239,64,313.96345051340523,3.7994121664337595,1.0,0.0,0.0,1.0
0,239,65,313.46758914828877,3.735213205501124,1.0,0.0,0.0,1.0
0,239,66,312.9717277831723,3.6710142445684886,1.0,0.0,0.0,1.0
0,239,67,312.47586641805583,3.6068152836358527,1.0,0.0,0.0,1.0
0,239,68,311.98000505293936,3.5426163227032172,1.0,0.0,0.0,1.0
0,239,69,311.4841436878229,3.478417361770582,1.0,0.0,0.0,1.0
0,239,70,310.9882823227064,3.414218400837946,1.0,0.0,0.0,1.0
0,239,71,310.49242095758996,3.3500194399053105,1.0,0.0,0.0,1.0
0,239,72,309.9965595924735,3.285820478972675,1.0,0.0,0.0,1.0
0,239,73,309.500698227357,3.221621518040039,1.0,0.0,0.0,1.0
0,239,74,309.00483686224055,3.157422557107404,1.0,0.0,0.0,1.0
0,239,75,308.5089754971241,3.0932235961747683,1.0,0.0,0.0,1.0
0,239,76,308.0131141320076,3.029024635242133,1.0,0.0,0.0,1.0
0,239,77,307.51725276689115,2.9648256743094974,1.0,0.0,0.0,1.0
0,239,78,307.0213914017747,2.9006267133768615,1.0,0.0,0.0,1.0
0,239,79,306.5255300366582,2.8364277524442256,1.0,0.0,0.0,1.0
0,239,80,306.0296686715417,2.7722287915115906,1.0,0.0,0.0,1.0
0,239,81,305.5338073064252,2.7080298305789547,1.0,0.0,0.0,1.0
0,239,82,305.03794594130875,2.643830869646319,1.0,0.0,0.0,1.0
0,239,83,304.5420845761923,2.579631908713684,1.0,0.0,0.0,1.0
0,239,84,304.0462232110758,2.515432947781048,1.0,0.0,0.0,1.0
0,239,85,303.55036184595934,2.4512339868484125,1.0,0.0,0.0,1.0
0,239,86,303.0545004808429,2.387035025915777,1.0,0.0,0.0,1.0
0,239,87,302.5586391157264,2.322836064983141,1.0,0.0,0.0,1.0
0,239,88,302.06277775060994,2.2586371040505058,1.0,0.0,0.0,1.0
0,239,89,301.56691638549347,2.1944381431178703,1.0,0.0,0.0,1.0
0,239,90,301.071055020377,2.1302391821852344,1.0,0.0,0.0,1.0
0,239,91,300.57519365526053,2.066040221252599,1.0,0.0,0.0,1.0
0,239,92,300.07933229014407,2.001841260319963,1.0,0.0,0.0,1.0
0,239,93,299.5834709250276,1.9376422993873277,1.0,0.0,0.0,1.0
0,239,94,299.08760955991113,1.8734433384546927,1.0,0.0,0.0,1.0
0,239,95,298.59174819479466,1.8092443775220568,1.0,0.0,0.0,1.0
0,239,96,298.0958868296782,1.7450454165894214,1.0,0.0,0.0,1.0
0,239,97,297.6000254645617,1.6808464556567855,1.0,0.0,0.0,1.0
0,239,98,297.10416409944526,1.61664749472415,1.0,0.0,0.0,1.0
0,239,99,296.6083027343288,1.5524485337915142,1.0,0.0,0.0,1.0
0,239,100,296.1124413692123,1.4882495728588787,1.0,0.0,0.0,1.0
0,239,101,295.61658000409585,1.4240506119262433,1.0,0.0,0.0,1.0
0,239,102,295.1207186389794,1.3598516509936078,1.0,0.0,0.0,1.0
0,239,103,294.62485727386286,1.295652690060972,1.0,0.0,0.0,1.0
0,239,104,294.1289959087464,1.2314537291283365,1.0,0.0,0.0,1.0
0,239,105,293.6331345436299,1.1672547681957006,1.0,0.0,0.0,1.0
0,239,106,293.13727317851345,1.1030558072630652,1.0,0.0,0.0,1.0
0,239,107,292.641411813397,1.0388568463304302,1.0,0.0,0.0,1.0
0,239,108,292.1455504482805,0.9746578853977943,1.0,0.0,0.0,1.0
0,239,109,291.64968908316405,0.9104589244651589,1.0,0.0,0.0,1.0
0,239,110,291.1538277180476,0.846259963532523,1.0,0.0,0.0,1.0
0,240,0,290.69842529296875,0.801709771156311,1.0,0.0,0.0,1.0
0,241,0,263.0480651855469,0.08952617645263672,1.0,0.0,0.0,1.0
0,241,1,263.54789941539514,0.10240028504241011,1.0,0.0,0.0,1.0
0,241,2,264.04773364524345,0.1152743936321835,1.0,0.0,0.0,1.0
0,241,3,264.5475678750917,0.1281485022219569,1.0,0.0,0.0,1.0
0,241,4,265.04740210494,0.1410226108117303,1.0,0.0,0.0,1.0
0,241,5,265.54723633478824,0.15389671940150368,1.0,0.0,0.0,1.0
0,241,6,266.04707056463656,0.16677082799127707,1.0,0.0,0.0,1.0
0,241,7,266.5469047944848,0.17964493658105046,1.0,0.0,0.0,1.0
0,241,8,267.0467390243331,0.19251904517082383,1.0,0.0,0.0,1.0
0,241,9,267.54657325418134,0.20539315376059725,1.0,0.0,0.0,1.0
0,241,10,268.04640748402966,0.2182672623503706,1.0,0.0,0.0,1.0
0,241,11,268.5462417138779,0.23114137094014403,1.0,0.0,0.0,1.0
0,241,12,269.0460759437262,0.2440154795299174,1.0,0.0,0.0,1.0
0,241,13,269.54591017357444,0.2568895881196908,1.0,0.0,0.0,1.0
0,241,14,270.04574440342276,0.2697636967094642,1.0,0.0,0.0,1.0
0,241,15,270.545578633271,0.28263780529923754,1.0,0.0,0.0,1.0
0,241,16,271.0454128631193,0.29551191388901094,1.0,0.0,0.0,1.0
0,241,17,271.54524709296754,0.3083860224787844,1.0,0.0,0.0,1.0
0,241,18,272.04508132281586,0.3212601310685578,1.0,0.0,0.0,1.0
0,241,19,272.5449155526641,0.3341342396583311,1.0,0.0,0.0,1.0
0,241,20,273.0447497825124,0.3470083482481045,1.0,0.0,0.0,1.0
0,241,21,273.54458401236064,0.3598824568378779,1.0,0.0,0.0,1.0
0,241,22,274.04441824220896,0.37275656542765134,1.0,0.0,0.0,1.0
0,241,23,274.5442524720572,0.3856306740174247,1.0,0.0,0.0,1.0
0,241,24,275.0440867019055,0.39850478260719807,1.0,0.0,0.0,1.0
0,241,25,275.54392093175375,0.41137889119697146,1.0,0.0,0.0,1.0
0,241,26,276.04375516160206,0.4242529997867449,1.0,0.0,0.0,1.0
0,241,27,276.5435893914503,0.43712710837651825,1.0,0.0,0.0,1.0
0,241,28,277.0434236212986,0.45000121696629164,1.0,0.0,0.0,1.0
0,241,29,277.54325785114685,0.4628753255560651,1.0,0.0,0.0,1.0
0,241,30,278.04309208099517,0.4757494341458384,1.0,0.0,0.0,1.0
0,241,31,278.5429263108434,0.4886235427356118,1.0,0.0,0.0,1.0
0,241,32,279.0427605406917,0.5014976513253852,1.0,0.0,0.0,1.0
0,241,33,279.54259477053995,0.5143717599151586,1.0,0.0,0.0,1.0
0,241,34,280.04242900038827,0.527245868504932,1.0,0.0,0.0,1.0
0,241,35,280.54226323023653,0.5401199770947054,1.0,0.0,0.0,1.0
0,241,36,281.0420974600848,0.5529940856844788,1.0,0.0,0.0,1.0
0,241,37,281.54193168993305,0.5658681942742521,1.0,0.0,0.0,1.0
0,241,38,282.04176591978137,0.5787423028640255,1.0,0.0,0.0,1.0
0,241,39,282.54160014962963,0.591616411453799,1.0,0.0,0.0,1.0
0,241,40,283.0414343794779,0.6044905200435723,1.0,0.0,0.0,1.0
0,241,41,283.54126860932615,0.6173646286333457,1.0,0.0,0.0,1.0
0,241,42,284.04110283917447,0.6302387372231191,1.0,0.0,0.0,1.0
0,241,43,284.54093706902273,0.6431128458128925,1.0,0.0,0.0,1.0
0,241,44,285.040771298871,0.655986954402666,1.0,0.0,0.0,1.0
0,241,45,285.54060552871925,0.6688610629924393,1.0,0.0,0.0,1.0
0,241,46,286.0404397585676,0.6817351715822126,1.0,0.0,0.0,1.0
0,241,47,286.54027398841583,0.6946092801719861,1.0,0.0,0.0,1.0
0,241,48,287.0401082182641,0.7074833887617594,1.0,0.0,0.0,1.0
0,241,49,287.53994244811236,0.7203574973515329,1.0,0.0,0.0,1.0
0,241,50,288.0397766779607,0.7332316059413062,1.0,0.0,0.0,1.0
0,241,51,288.53961090780894,0.7461057145310797,1.0,0.0,0.0,1.0
0,241,52,289.0394451376572,0.7589798231208531,1.0,0.0,0.0,1.0
0,241,53,289.53927936750546,0.7718539317106264,1.0,0.0,0.0,1.0
0,241,54,290.0391135973538,0.7847280403003998,1.0,0.0,0.0,1.0
0,241,55,290.53894782720204,0.7976021488901731,1.0,0.0,0.0,1.0
0,241,56,290.3580685288872,0.7929432848326755,1.0,0.0,0.0,1.0
0,241,57,289.85823429903894,0.7800691762429021,1.0,0.0,0.0,1.0
0,241,58,289.3584000691906,0.7671950676531287,1.0,0.0,0.0,1.0
0,241,59,288.85856583934236,0.7543209590633553,1.0,0.0,0.0,1.0
0,241,60,288.3587316094941,0.7414468504735819,1.0,0.0,0.0,1.0
0,241,61,287.85889737964584,0.7285727418838085,1.0,0.0,0.0,1.0
0,241,62,287.3590631497975,0.7156986332940352,1.0,0.0,0.0,1.0
0,241,63,286.85922891994926,0.7028245247042617,1.0,0.0,0.0,1.0
0,241,64,286.359394690101,0.6899504161144884,1.0,0.0,0.0,1.0
0,241,65,285.85956046025274,0.6770763075247149,1.0,0.0,0.0,1.0
0,241,66,285.3597262304044,0.6642021989349416,1.0,0.0,0.0,1.0
0,241,67,284.85989200055616,0.6513280903451681,1.0,0.0,0.0,1.0
0,241,68,284.3600577707079,0.6384539817553948,1.0,0.0,0.0,1.0
0,241,69,283.86022354085964,0.6255798731656215,1.0,0.0,0.0,1.0
0,241,70,283.3603893110113,0.612705764575848,1.0,0.0,0.0,1.0
0,241,71,282.86055508116306,0.5998316559860746,1.0,0.0,0.0,1.0
0,241,72,282.3607208513148,0.5869575473963012,1.0,0.0,0.0,1.0
0,241,73,281.86088662146653,0.5740834388065279,1.0,0.0,0.0,1.0
0,241,74,281.3610523916182,0.5612093302167545,1.0,0.0,0.0,1.0
0,241,75,280.86121816176995,0.548335221626981,1.0,0.0,0.0,1.0
0,241,76,280.3613839319217,0.5354611130372077,1.0,0.0,0.0,1.0
0,241,77,279.86154970207343,0.5225870044474343,1.0,0.0,0.0,1.0
0,241,78,279.3617154722251,0.5097128958576609,1.0,0.0,0.0,1.0
0,241,79,278.86188124237685,0.4968387872678875,1.0,0.0,0.0,1.0
0,241,80,278.3620470125286,0.4839646786781141,1.0,0.0,0.0,1.0
0,241,81,277.86221278268033,0.47109057008834077,1.0,0.0,0.0,1.0
0,241,82,277.362378552832,0.4582164614985674,1.0,0.0,0.0,1.0
0,241,83,276.86254432298375,0.445342352908794,1.0,0.0,0.0,1.0
0,241,84,276.3627100931355,0.43246824431902053,1.0,0.0,0.0,1.0
0,241,85,275.86287586328723,0.41959413572924714,1.0,0.0,0.0,1.0
0,241,86,275.3630416334389,0.4067200271394738,1.0,0.0,0.0,1.0
0,241,87,274.86320740359065,0.39384591854970036,1.0,0.0,0.0,1.0
0,241,88,274.3633731737424,0.380971809959927,1.0,0.0,0.0,1.0
0,241,89,273.8635389438941,0.36809770137015363,1.0,0.0,0.0,1.0
0,241,90,273.3637047140458,0.3552235927803802,1.0,0.0,0.0,1.0
0,241,91,272.86387048419755,0.34234948419060685,1.0,0.0,0.0,1.0
0,241,92,272.3640362543493,0.3294753756008334,1.0,0.0,0.0,1.0
0,241,93,271.864202024501,0.31660126701106006,1.0,0.0,0.0,1.0
0,241,94,271.3643677946527,0.30372715842128667,1.0,0.0,0.0,1.0
0,241,95,270.86453356480445,0.2908530498315133,1.0,0.0,0.0,1.0
0,241,96,270.3646993349562,0.27797894124173994,1.0,0.0,0.0,1.0
0,241,97,269.8648651051079,0.2651048326519665,1.0,0.0,0.0,1.0
0,241,98,269.3650308752596,0.25223072406219316,1.0,0.0,0.0,1.0
0,241,99,268.86519664541134,0.2393566154724197,1.0,0.0,0.0,1.0
0,241,100,268.3653624155631,0.22648250688264626,1.0,0.0,0.0,1.0
0,241,101,267.8655281857148,0.21360839829287293,1.0,0.0,0.0,1.0
0,241,102,267.3656939558665,0.20073428970309948,1.0,0.0,0.0,1.0
0,241,103,266.86585972601824,0.18786018111332614,1.0,0.0,0.0,1.0
0,241,104,266.36602549617,0.1749860725235528,1.0,0.0,0.0,1.0
0,241,105,265.8661912663217,0.16211196393377936,1.0,0.0,0.0,1.0
0,241,106,265.3663570364734,0.14923785534400602,1.0,0.0,0.0,1.0
0,241,107,264.86652280662514,0.13636374675423257,1.0,0.0,0.0,1.0
0,241,108,264.3666885767769,0.12348963816445913,1.0,0.0,0.0,1.0
0,241,109,263.8668543469286,0.11061552957468579,1.0,0.0,0.0,1.0
0,241,110,263.3670201170803,0.09774142098491234,1.0,0.0,0.0,1.0
0,242,0,262.90948486328125,0.10025292634963989,1.0,0.0,0.0,1.0
0,243,0,235.33245849609375,2.2348761558532715,1.0,0.0,0.0,1.0
0,243,1,235.8309672774288,2.1962886587612886,1.0,0.0,0.0,1.0
0,243,2,236.3294760587639,2.1577011616693054,1.0,0.0,0.0,1.0
0,243,3,236.82798484009896,2.1191136645773225,1.0,0.0,0.0,1.0
0,243,4,237.32649362143403,2.0805261674853397,1.0,0.0,0.0,1.0
0,243,5,237.8250024027691,2.0419386703933564,1.0,0.0,0.0,1.0
0,243,6,238.32351118410418,2.0033511733013736,1.0,0.0,0.0,1.0
0,243,7,238.82201996543924,1.9647636762093905,1.0,0.0,0.0,1.0
0,243,8,239.3205287467743,1.9261761791174075,1.0,0.0,0.0,1.0
0,243,9,239.81903752810936,1.8875886820254246,1.0,0.0,0.0,1.0
0,243,10,240.31754630944445,1.8490011849334416,1.0,0.0,0.0,1.0
0,243,11,240.8160550907795,1.8104136878414585,1.0,0.0,0.0,1.0
0,243,12,241.31456387211458,1.7718261907494757,1.0,0.0,0.0,1.0
0,243,13,241.81307265344967,1.7332386936574926,1.0,0.0,0.0,1.0
0,243,14,242.31158143478473,1.6946511965655096,1.0,0.0,0.0,1.0
0,243,15,242.8100902161198,1.6560636994735267,1.0,0.0,0.0,1.0
0,243,16,243.30859899745485,1.6174762023815437,1.0,0.0,0.0,1.0
0,243,17,243.80710777878994,1.5788887052895606,1.0,0.0,0.0,1.0
0,243,18,244.305616560125,1.5403012081975778,1.0,0.0,0.0,1.0
0,243,19,244.80412534146006,1.5017137111055947,1.0,0.0,0.0,1.0
0,243,20,245.30263412279515,1.4631262140136116,1.0,0.0,0.0,1.0
0,243,21,245.80114290413022,1.4245387169216288,1.0,0.0,0.0,1.0
0,243,22,246.29965168546528,1.3859512198296458,1.0,0.0,0.0,1.0
0,243,23,246.79816046680034,1.3473637227376627,1.0,0.0,0.0,1.0
0,243,24,247.29666924813543,1.3087762256456799,1.0,0.0,0.0,1.0
0,243,25,247.7951780294705,1.2701887285536968,1.0,0.0,0.0,1.0
0,243,26,248.29368681080555,1.2316012314617137,1.0,0.0,0.0,1.0
0,243,27,248.79219559214062,1.193013734369731,1.0,0.0,0.0,1.0
0,243,28,249.2907043734757,1.1544262372777478,1.0,0.0,0.0,1.0
0,243,29,249.78921315481077,1.1158387401857648,1.0,0.0,0.0,1.0
0,243,30,250.28772193614583,1.077251243093782,1.0,0.0,0.0,1.0
0,243,31,250.78623071748092,1.0386637460017987,1.0,0.0,0.0,1.0
0,243,32,251.28473949881598,1.0000762489098158,1.0,0.0,0.0,1.0
0,243,33,251.78324828015104,0.961488751817833,1.0,0.0,0.0,1.0
0,243,34,252.2817570614861,0.9229012547258499,1.0,0.0,0.0,1.0
0,243,35,252.7802658428212,0.8843137576338671,1.0,0.0,0.0,1.0
0,243,36,253.27877462415626,0.8457262605418838,1.0,0.0,0.0,1.0
0,243,37,253.77728340549132,0.807138763449901,1.0,0.0,0.0,1.0
0,243,38,254.27579218682638,0.7685512663579179,1.0,0.0,0.0,1.0
0,243,39,254.77430096816147,0.7299637692659351,1.0,0.0,0.0,1.0
0,243,40,255.27280974949653,0.691376272173952,1.0,0.0,0.0,1.0
0,243,41,255.7713185308316,0.652788775081969,1.0,0.0,0.0,1.0
0,243,42,256.2698273121667,0.6142012779899861,1.0,0.0,0.0,1.0
0,243,43,256.7683360935017,0.5756137808980031,1.0,0.0,0.0,1.0
0,243,44,257.2668448748368,0.53702628380602,1.0,0.0,0.0,1.0
0,243,45,257.7653536561719,0.49843878671403696,1.0,0.0,0.0,1.0
0,243,46,258.26386243750693,0.4598512896220541,1.0,0.0,0.0,1.0
0,243,47,258.762371218842,0.4212637925300713,1.0,0.0,0.0,1.0
0,243,48,259.2608800001771,0.382676295438088,1.0,0.0,0.0,1.0
0,243,49,259.75938878151214,0.3440887983461052,1.0,0.0,0.0,1.0
0,243,50,260.25789756284723,0.3055013012541221,1.0,0.0,0.0,1.0
0,243,51,260.7564063441823,0.2669138041621393,1.0,0.0,0.0,1.0
0,243,52,261.25491512551736,0.228326307070156,1.0,0.0,0.0,1.0
0,243,53,261.75342390685245,0.18973880997817316,1.0,0.0,0.0,1.0
0,243,54,262.2519326881875,0.15115131288619033,1.0,0.0,0.0,1.0
0,243,55,262.75044146952257,0.11256381579420749,1.0,0.0,0.0,1.0
0,243,56,262.57001947570484,0.12652953399705558,1.0,0.0,0.0,1.0
0,243,57,262.0715106943698,0.16511703108903858,1.0,0.0,0.0,1.0
0,243,58,261.5730019130347,0.20370452818102155,1.0,0.0,0.0,1.0
0,243,59,261.0744931316996,0.24229202527300453,1.0,0.0,0.0,1.0
0,243,60,260.5759843503646,0.2808795223649875,1.0,0.0,0.0,1.0
0,243,61,260.0774755690295,0.31946701945697054,1.0,0.0,0.0,1.0
0,243,62,259.5789667876944,0.3580545165489535,1.0,0.0,0.0,1.0
0,243,63,259.0804580063594,0.3966420136409365,1.0,0.0,0.0,1.0
0,243,64,258.5819492250243,0.4352295107329195,1.0,0.0,0.0,1.0
0,243,65,258.08344044368926,0.47381700782490244,1.0,0.0,0.0,1.0
0,243,66,257.58493166235417,0.5124045049168855,1.0,0.0,0.0,1.0
0,243,67,257.0864228810191,0.5509920020088684,1.0,0.0,0.0,1.0
0,243,68,256.58791409968404,0.5895794991008514,1.0,0.0,0.0,1.0
0,243,69,256.08940531834895,0.6281669961928344,1.0,0.0,0.0,1.0
0,243,70,255.5908965370139,0.6667544932848174,1.0,0.0,0.0,1.0
0,243,71,255.09238775567883,0.7053419903768003,1.0,0.0,0.0,1.0
0,243,72,254.59387897434374,0.7439294874687834,1.0,0.0,0.0,1.0
0,243,73,254.09537019300868,0.7825169845607663,1.0,0.0,0.0,1.0
0,243,74,253.59686141167361,0.8211044816527494,1.0,0.0,0.0,1.0
0,243,75,253.09835263033852,0.8596919787447322,1.0,0.0,0.0,1.0
0,243,76,252.59984384900346,0.8982794758367153,1.0,0.0,0.0,1.0
0,243,77,252.1013350676684,0.9368669729286982,1.0,0.0,0.0,1.0
0,243,78,251.60282628633334,0.9754544700206813,1.0,0.0,0.0,1.0
0,243,79,251.10431750499825,1.0140419671126644,1.0,0.0,0.0,1.0
0,243,80,250.6058087236632,1.0526294642046472,1.0,0.0,0.0,1.0
0,243,81,250.10729994232813,1.0912169612966303,1.0,0.0,0.0,1.0
0,243,82,249.60879116099304,1.1298044583886133,1.0,0.0,0.0,1.0
0,243,83,249.11028237965797,1.1683919554805962,1.0,0.0,0.0,1.0
0,243,84,248.6117735983229,1.2069794525725792,1.0,0.0,0.0,1.0
0,243,85,248.11326481698785,1.2455669496645623,1.0,0.0,0.0,1.0
0,243,86,247.61475603565276,1.2841544467565453,1.0,0.0,0.0,1.0
0,243,87,247.1162472543177,1.3227419438485282,1.0,0.0,0.0,1.0
0,243,88,246.61773847298264,1.361329440940511,1.0,0.0,0.0,1.0
0,243,89,246.11922969164755,1.3999169380324943,1.0,0.0,0.0,1.0
0,243,90,245.62072091031249,1.4385044351244771,1.0,0.0,0.0,1.0
0,243,91,245.12221212897742,1.4770919322164602,1.0,0.0,0.0,1.0
0,243,92,244.62370334764236,1.515679429308443,1.0,0.0,0.0,1.0
0,243,93,244.12519456630727,1.5542669264004263,1.0,0.0,0.0,1.0
0,243,94,243.6266857849722,1.5928544234924091,1.0,0.0,0.0,1.0
0,243,95,243.12817700363715,1.631441920584392,1.0,0.0,0.0,1.0
0,243,96,242.6296682223021,1.670029417676375,1.0,0.0,0.0,1.0
0,243,97,242.131159440967,1.708616914768358,1.0,0.0,0.0,1.0
0,243,98,241.63265065963193,1.7472044118603411,1.0,0.0,0.0,1.0
0,243,99,241.13414187829687,1.785791908952324,1.0,0.0,0.0,1.0
0,243,100,240.63563309696178,1.824379406044307,1.0,0.0,0.0,1.0
0,243,101,240.13712431562672,1.8629669031362899,1.0,0.0,0.0,1.0
0,243,102,239.63861553429166,1.9015544002282732,1.0,0.0,0.0,1.0
0,243,103,239.1401067529566,1.940141897320256,1.0,0.0,0.0,1.0
0,243,104,238.6415979716215,1.9787293944122388,1.0,0.0,0.0,1.0
0,243,105,238.14308919028645,2.0173168915042217,1.0,0.0,0.0,1.0
0,243,106,237.64458040895138,2.055904388596205,1.0,0.0,0.0,1.0
0,243,107,237.14607162761632,2.0944918856881882,1.0,0.0,0.0,1.0
0,243,108,236.64756284628123,2.133079382780171,1.0,0.0,0.0,1.0
0,243,109,236.14905406494617,2.171666879872154,1.0,0.0,0.0,1.0
0,243,110,235.6505452836111,2.210254376964137,1.0,0.0,0.0,1.0
0,244,0,235.1957244873047,2.2597949504852295,1.0,0.0,0.0,1.0
0,245,0,207.98431396484375,7.218628883361816,1.0,0.0,0.0,1.0
0,245,1,208.47621291360642,7.128988355662701,1.0,0.0,0.0,1.0
0,245,2,208.96811186236908,7.039347827963585,1.0,0.0,0.0,1.0
0,245,3,209.46001081113178,6.949707300264469,1.0,0.0,0.0,1.0
0,245,4,209.95190975989445,6.860066772565353,1.0,0.0,0.0,1.0
0,245,5,210.44380870865712,6.770426244866237,1.0,0.0,0.0,1.0
0,245,6,210.93570765741978,6.680785717167121,1.0,0.0,0.0,1.0
0,245,7,211.42760660618248,6.591145189468006,1.0,0.0,0.0,1.0
0,245,8,211.91950555494515,6.50150466176889,1.0,0.0,0.0,1.0
0,245,9,212.41140450370781,6.411864134069774,1.0,0.0,0.0,1.0
0,245,10,212.90330345247048,6.322223606370658,1.0,0.0,0.0,1.0
0,245,11,213.39520240123318,6.232583078671542,1.0,0.0,0.0,1.0
0,245,12,213.88710134999585,6.1429425509724265,1.0,0.0,0.0,1.0
0,245,13,214.3790002987585,6.053302023273311,1.0,0.0,0.0,1.0
0,245,14,214.87089924752118,5.963661495574195,1.0,0.0,0.0,1.0
0,245,15,215.36279819628388,5.874020967875079,1.0,0.0,0.0,1.0
0,245,16,215.85469714504654,5.784380440175964,1.0,0.0,0.0,1.0
0,245,17,216.3465960938092,5.694739912476848,1.0,0.0,0.0,1.0
0,245,18,216.83849504257188,5.605099384777732,1.0,0.0,0.0,1.0
0,245,19,217.33039399133457,5.515458857078616,1.0,0.0,0.0,1.0
0,245,20,217.82229294009724,5.4258183293795,1.0,0.0,0.0,1.0
0,245,21,218.3141918888599,5.3361778016803845,1.0,0.0,0.0,1.0
0,245,22,218.80609083762258,5.246537273981269,1.0,0.0,0.0,1.0
0,245,23,219.29798978638527,5.156896746282152,1.0,0.0,0.0,1.0
0,245,24,219.78988873514794,5.0672562185830365,1.0,0.0,0.0,1.0
0,245,25,220.2817876839106,4.977615690883921,1.0,0.0,0.0,1.0
0,245,26,220.77368663267328,4.887975163184805,1.0,0.0,0.0,1.0
0,245,27,221.26558558143597,4.7983346354856895,1.0,0.0,0.0,1.0
0,245,28,221.75748453019864,4.708694107786574,1.0,0.0,0.0,1.0
0,245,29,222.2493834789613,4.619053580087458,1.0,0.0,0.0,1.0
0,245,30,222.74128242772397,4.5294130523883425,1.0,0.0,0.0,1.0
0,245,31,223.23318137648664,4.439772524689227,1.0,0.0,0.0,1.0
0,245,32,223.72508032524934,4.35013199699011,1.0,0.0,0.0,1.0
0,245,33,224.216979274012,4.2604914692909945,1.0,0.0,0.0,1.0
0,245,34,224.70887822277467,4.170850941591879,1.0,0.0,0.0,1.0
0,245,35,225.20077717153734,4.081210413892763,1.0,0.0,0.0,1.0
0,245,36,225.69267612030004,3.9915698861936475,1.0,0.0,0.0,1.0
0,245,37,226.1845750690627,3.9019293584945314,1.0,0.0,0.0,1.0
0,245,38,226.67647401782537,3.8122888307954157,1.0,0.0,0.0,1.0
0,245,39,227.16837296658804,3.7226483030963,1.0,0.0,0.0,1.0
0,245,40,227.66027191535073,3.633007775397184,1.0,0.0,0.0,1.0
0,245,41,228.1521708641134,3.543367247698068,1.0,0.0,0.0,1.0
0,245,42,228.64406981287607,3.4537267199989525,1.0,0.0,0.0,1.0
0,245,43,229.13596876163874,3.364086192299837,1.0,0.0,0.0,1.0
0,245,44,229.62786771040143,3.2744456646007207,1.0,0.0,0.0,1.0
0,245,45,230.1197666591641,3.1848051369016046,1.0,0.0,0.0,1.0
0,245,46,230.61166560792677,3.095164609202489,1.0,0.0,0.0,1.0
0,245,47,231.10356455668943,3.0055240815033732,1.0,0.0,0.0,1.0
0,245,48,231.59546350545213,2.9158835538042576,1.0,0.0,0.0,1.0
0,245,49,232.0873624542148,2.826243026105142,1.0,0.0,0.0,1.0
0,245,50,232.57926140297747,2.736602498406026,1.0,0.0,0.0,1.0
0,245,51,233.07116035174013,2.6469619707069096,1.0,0.0,0.0,1.0
0,245,52,233.5630593005028,2.557321443007794,1.0,0.0,0.0,1.0
0,245,53,234.0549582492655,2.4676809153086783,1.0,0.0,0.0,1.0
0,245,54,234.54685719802816,2.3780403876095626,1.0,0.0,0.0,1.0
0,245,55,235.03875614679083,2.288399859910447,1.0,0.0,0.0,1.0
0,245,56,234.86079387905588,2.3208305687591277,1.0,0.0,0.0,1.0
0,245,57,234.36889493029318,2.4104710964582434,1.0,0.0,0.0,1.0
0,245,58,233.8769959815305,2.5001116241573595,1.0,0.0,0.0,1.0
0,245,59,233.38509703276785,2.5897521518564752,1.0,0.0,0.0,1.0
0,245,60,232.89319808400518,2.679392679555591,1.0,0.0,0.0,1.0
0,245,61,232.40129913524248,2.769033207254707,1.0,0.0,0.0,1.0
0,245,62,231.90940018647981,2.8586737349538227,1.0,0.0,0.0,1.0
0,245,63,231.41750123771715,2.9483142626529384,1.0,0.0,0.0,1.0
0,245,64,230.92560228895448,3.037954790352054,1.0,0.0,0.0,1.0
0,245,65,230.43370334019178,3.12759531805117,1.0,0.0,0.0,1.0
0,245,66,229.94180439142912,3.217235845750286,1.0,0.0,0.0,1.0
0,245,67,229.44990544266645,3.306876373449402,1.0,0.0,0.0,1.0
0,245,68,228.95800649390378,3.3965169011485177,1.0,0.0,0.0,1.0
0,245,69,228.46610754514109,3.4861574288476334,1.0,0.0,0.0,1.0
0,245,70,227.97420859637842,3.575797956546749,1.0,0.0,0.0,1.0
0,245,71,227.48230964761575,3.6654384842458647,1.0,0.0,0.0,1.0
0,245,72,226.99041069885308,3.7550790119449804,1.0,0.0,0.0,1.0
0,245,73,226.4985117500904,3.8447195396440965,1.0,0.0,0.0,1.0
0,245,74,226.00661280132772,3.9343600673432126,1.0,0.0,0.0,1.0
0,245,75,225.51471385256505,4.024000595042328,1.0,0.0,0.0,1.0
0,245,76,225.02281490380238,4.113641122741444,1.0,0.0,0.0,1.0
0,245,77,224.5309159550397,4.20328165044056,1.0,0.0,0.0,1.0
0,245,78,224.03901700627702,4.292922178139675,1.0,0.0,0.0,1.0
0,245,79,223.54711805751435,4.382562705838792,1.0,0.0,0.0,1.0
0,245,80,223.0552191087517,4.472203233537908,1.0,0.0,0.0,1.0
0,245,81,222.56332015998902,4.561843761237023,1.0,0.0,0.0,1.0
0,245,82,222.07142121122632,4.651484288936139,1.0,0.0,0.0,1.0
0,245,83,221.57952226246366,4.741124816635255,1.0,0.0,0.0,1.0
0,245,84,221.087623313701,4.83076534433437,1.0,0.0,0.0,1.0
0,245,85,220.5957243649383,4.920405872033486,1.0,0.0,0.0,1.0
0,245,86,220.10382541617562,5.010046399732602,1.0,0.0,0.0,1.0
0,245,87,219.61192646741296,5.099686927431717,1.0,0.0,0.0,1.0
0,245,88,219.1200275186503,5.189327455130833,1.0,0.0,0.0,1.0
0,245,89,218.62812856988762,5.278967982829949,1.0,0.0,0.0,1.0
0,245,90,218.13622962112493,5.368608510529064,1.0,0.0,0.0,1.0
0,245,91,217.64433067236226,5.458249038228182,1.0,0.0,0.0,1.0
0,245,92,217.1524317235996,5.5478895659272975,1.0,0.0,0.0,1.0
0,245,93,216.66053277483692,5.637530093626413,1.0,0.0,0.0,1.0
0,245,94,216.16863382607423,5.727170621325529,1.0,0.0,0.0,1.0
0,245,95,215.67673487731156,5.816811149024645,1.0,0.0,0.0,1.0
0,245,96,215.1848359285489,5.90645167672376,1.0,0.0,0.0,1.0
0,245,97,214.69293697978623,5.996092204422876,1.0,0.0,0.0,1.0
0,245,98,214.20103803102353,6.085732732121992,1.0,0.0,0.0,1.0
0,245,99,213.70913908226086,6.175373259821107,1.0,0.0,0.0,1.0
0,245,100,213.2172401334982,6.265013787520223,1.0,0.0,0.0,1.0
0,245,101,212.72534118473553,6.3546543152193395,1.0,0.0,0.0,1.0
0,245,102,212.23344223597286,6.444294842918455,1.0,0.0,0.0,1.0
0,245,103,211.74154328721016,6.533935370617571,1.0,0.0,0.0,1.0
0,245,104,211.2496443384475,6.623575898316687,1.0,0.0,0.0,1.0
0,245,105,210.75774538968483,6.713216426015802,1.0,0.0,0.0,1.0
0,245,106,210.26584644092213,6.802856953714918,1.0,0.0,0.0,1.0
0,245,107,209.77394749215946,6.892497481414034,1.0,0.0,0.0,1.0
0,245,108,209.2820485433968,6.98213800911315,1.0,0.0,0.0,1.0
0,245,109,208.79014959463413,7.071778536812266,1.0,0.0,0.0,1.0
0,245,110,208.29825064587146,7.1614190645113815,1.0,0.0,0.0,1.0
0,246,0,207.85086059570312,7.25747537612915,1.0,0.0,0.0,1.0
0,247,0,181.29356384277344,14.987915992736816,1.0,0.0,0.0,1.0
0,247,1,181.77363878648774,14.848173198941538,1.0,0.0,0.0,1.0
0,247,2,182.25371373020204,14.70843040514626,1.0,0.0,0.0,1.0
0,247,3,182.73378867391634,14.56868761135098,1.0,0.0,0.0,1.0
0,247,4,183.21386361763064,14.428944817555701,1.0,0.0,0.0,1.0
0,247,5,183.69393856134494,14.289202023760422,1.0,0.0,0.0,1.0
0,247,6,184.17401350505924,14.149459229965144,1.0,0.0,0.0,1.0
0,247,7,184.65408844877356,14.009716436169866,1.0,0.0,0.0,1.0
0,247,8,185.13416339248786,13.869973642374587,1.0,0.0,0.0,1.0
0,247,9,185.61423833620216,13.730230848579307,1.0,0.0,0.0,1.0
0,247,10,186.09431327991646,13.590488054784029,1.0,0.0,0.0,1.0
0,247,11,186.57438822363076,13.45074526098875,1.0,0.0,0.0,1.0
0,247,12,187.05446316734506,13.311002467193472,1.0,0.0,0.0,1.0
0,247,13,187.53453811105936,13.171259673398193,1.0,0.0,0.0,1.0
0,247,14,188.01461305477366,13.031516879602915,1.0,0.0,0.0,1.0
0,247,15,188.49468799848796,12.891774085807636,1.0,0.0,0.0,1.0
0,247,16,188.97476294220226,12.752031292012356,1.0,0.0,0.0,1.0
0,247,17,189.45483788591656,12.612288498217078,1.0,0.0,0.0,1.0
0,247,18,189.93491282963086,12.4725457044218,1.0,0.0,0.0,1.0
0,247,19,190.41498777334516,12.332802910626521,1.0,0.0,0.0,1.0
0,247,20,190.8950627170595,12.19306011683124,1.0,0.0,0.0,1.0
0,247,21,191.3751376607738,12.053317323035962,1.0,0.0,0.0,1.0
0,247,22,191.8552126044881,11.913574529240684,1.0,0.0,0.0,1.0
0,247,23,192.3352875482024,11.773831735445405,1.0,0.0,0.0,1.0
0,247,24,192.8153624919167,11.634088941650127,1.0,0.0,0.0,1.0
0,247,25,193.295437435631,11.494346147854849,1.0,0.0,0.0,1.0
0,247,26,193.7755123793453,11.35460335405957,1.0,0.0,0.0,1.0
0,247,27,194.2555873230596,11.21486056026429,1.0,0.0,0.0,1.0
0,247,28,194.7356622667739,11.075117766469011,1.0,0.0,0.0,1.0
0,247,29,195.2157372104882,10.935374972673733,1.0,0.0,0.0,1.0
0,247,30,195.69581215420249,10.795632178878455,1.0,0.0,0.0,1.0
0,247,31,196.1758870979168,10.655889385083174,1.0,0.0,0.0,1.0
0,247,32,196.6559620416311,10.516146591287896,1.0,0.0,0.0,1.0
0,247,33,197.1360369853454,10.376403797492618,1.0,0.0,0.0,1.0
0,247,34,197.6161119290597,10.236661003697339,1.0,0.0,0.0,1.0
0,247,35,198.096186872774,10.09691820990206,1.0,0.0,0.0,1.0
0,247,36,198.5762618164883,9.957175416106782,1.0,0.0,0.0,1.0
0,247,37,199.0563367602026,9.817432622311504,1.0,0.0,0.0,1.0
0,247,38,199.5364117039169,9.677689828516225,1.0,0.0,0.0,1.0
0,247,39,200.0164866476312,9.537947034720945,1.0,0.0,0.0,1.0
0,247,40,200.4965615913455,9.398204240925667,1.0,0.0,0.0,1.0
0,247,41,200.9766365350598,9.258461447130388,1.0,0.0,0.0,1.0
0,247,42,201.4567114787741,9.118718653335108,1.0,0.0,0.0,1.0
0,247,43,201.9367864224884,8.97897585953983,1.0,0.0,0.0,1.0
0,247,44,202.41686136620274,8.839233065744551,1.0,0.0,0.0,1.0
0,247,45,202.896936309917,8.699490271949273,1.0,0.0,0.0,1.0
0,247,46,203.37701125363134,8.559747478153994,1.0,0.0,0.0,1.0
0,247,47,203.85708619734564,8.420004684358716,1.0,0.0,0.0,1.0
0,247,48,204.33716114105994,8.280261890563438,1.0,0.0,0.0,1.0
0,247,49,204.81723608477424,8.140519096768159,1.0,0.0,0.0,1.0
0,247,50,205.29731102848854,8.00077630297288,1.0,0.0,0.0,1.0
0,247,51,205.77738597220284,7.8610335091776005,1.0,0.0,0.0,1.0
0,247,52,206.25746091591714,7.721290715382322,1.0,0.0,0.0,1.0
0,247,53,206.73753585963144,7.581547921587044,1.0,0.0,0.0,1.0
0,247,54,207.21761080334574,7.441805127791764,1.0,0.0,0.0,1.0
0,247,55,207.69768574706004,7.302062333996486,1.0,0.0,0.0,1.0
0,247,56,207.52396050063192,7.352631212057093,1.0,0.0,0.0,1.0
0,247,57,207.04388555691762,7.492374005852373,1.0,0.0,0.0,1.0
0,247,58,206.5638106132033,7.632116799647651,1.0,0.0,0.0,1.0
0,247,59,206.083735669489,7.7718595934429295,1.0,0.0,0.0,1.0
0,247,60,205.6036607257747,7.911602387238209,1.0,0.0,0.0,1.0
0,247,61,205.1235857820604,8.051345181033488,1.0,0.0,0.0,1.0
0,247,62,204.6435108383461,8.191087974828767,1.0,0.0,0.0,1.0
0,247,63,204.1634358946318,8.330830768624045,1.0,0.0,0.0,1.0
0,247,64,203.6833609509175,8.470573562419323,1.0,0.0,0.0,1.0
0,247,65,203.2032860072032,8.610316356214602,1.0,0.0,0.0,1.0
0,247,66,202.7232110634889,8.75005915000988,1.0,0.0,0.0,1.0
0,247,67,202.2431361197746,8.88980194380516,1.0,0.0,0.0,1.0
0,247,68,201.7630611760603,9.029544737600439,1.0,0.0,0.0,1.0
0,247,69,201.282986232346,9.169287531395717,1.0,0.0,0.0,1.0
0,247,70,200.80291128863166,9.309030325190996,1.0,0.0,0.0,1.0
0,247,71,200.32283634491736,9.448773118986274,1.0,0.0,0.0,1.0
0,247,72,199.84276140120306,9.588515912781553,1.0,0.0,0.0,1.0
0,247,73,199.36268645748876,9.728258706576831,1.0,0.0,0.0,1.0
0,247,74,198.88261151377446,9.868001500372111,1.0,0.0,0.0,1.0
0,247,75,198.40253657006016,10.00774429416739,1.0,0.0,0.0,1.0
0,247,76,197.92246162634586,10.147487087962668,1.0,0.0,0.0,1.0
0,247,77,197.44238668263156,10.287229881757948,1.0,0.0,0.0,1.0
0,247,78,196.96231173891726,10.426972675553227,1.0,0.0,0.0,1.0
0,247,79,196.48223679520297,10.566715469348505,1.0,0.0,0.0,1.0
0,247,80,196.00216185148867,10.706458263143784,1.0,0.0,0.0,1.0
0,247,81,195.52208690777437,10.846201056939062,1.0,0.0,0.0,1.0
0,247,82,195.04201196406007,10.98594385073434,1.0,0.0,0.0,1.0
0,247,83,194.56193702034574,11.125686644529619,1.0,0.0,0.0,1.0
0,247,84,194.08186207663144,11.265429438324897,1.0,0.0,0.0,1.0
0,247,85,193.60178713291714,11.405172232120176,1.0,0.0,0.0,1.0
0,247,86,193.12171218920284,11.544915025915454,1.0,0.0,0.0,1.0
0,247,87,192.64163724548854,11.684657819710736,1.0,0.0,0.0,1.0
0,247,88,192.16156230177424,11.824400613506015,1.0,0.0,0.0,1.0
0,247,89,191.68148735805994,11.964143407301293,1.0,0.0,0.0,1.0
0,247,90,191.20141241434564,12.103886201096572,1.0,0.0,0.0,1.0
0,247,91,190.72133747063134,12.24362899489185,1.0,0.0,0.0,1.0
0,247,92,190.24126252691704,12.383371788687128,1.0,0.0,0.0,1.0
0,247,93,189.76118758320274,12.523114582482407,1.0,0.0,0.0,1.0
0,247,94,189.28111263948844,12.662857376277685,1.0,0.0,0.0,1.0
0,247,95,188.80103769577414,12.802600170072964,1.0,0.0,0.0,1.0
0,247,96,188.3209627520598,12.942342963868242,1.0,0.0,0.0,1.0
0,247,97,187.8408878083455,13.08208575766352,1.0,0.0,0.0,1.0
0,247,98,187.3608128646312,13.2218285514588,1.0,0.0,0.0,1.0
0,247,99,186.8807379209169,13.361571345254081,1.0,0.0,0.0,1.0
0,247,100,186.40066297720261,13.50131413904936,1.0,0.0,0.0,1.0
0,247,101,185.92058803348831,13.641056932844638,1.0,0.0,0.0,1.0
0,247,102,185.44051308977402,13.780799726639916,1.0,0.0,0.0,1.0
0,247,103,184.96043814605972,13.920542520435195,1.0,0.0,0.0,1.0
0,247,104,184.48036320234542,14.060285314230473,1.0,0.0,0.0,1.0
0,247,105,184.00028825863112,14.200028108025752,1.0,0.0,0.0,1.0
0,247,106,183.52021331491682,14.33977090182103,1.0,0.0,0.0,1.0
0,247,107,183.04013837120252,14.479513695616308,1.0,0.0,0.0,1.0
0,247,108,182.56006342748822,14.619256489411587,1.0,0.0,0.0,1.0
0,247,109,182.0799884837739,14.758999283206867,1.0,0.0,0.0,1.0
0,247,110,181.5999135400596,14.898742077002145,1.0,0.0,0.0,1.0
0,248,0,181.16481018066406,15.040278434753418,1.0,0.0,0.0,1.0
0,249,0,155.54312133789062,25.460407257080078,1.0,0.0,0.0,1.0
0,249,1,156.00628325247663,25.272043139273578,1.0,0.0,0.0,1.0
0,249,2,156.46944516706264,25.083679021467077,1.0,0.0,0.0,1.0
0,249,3,156.93260708164865,24.895314903660577,1.0,0.0,0.0,1.0
0,249,4,157.39576899623466,24.706950785854076,1.0,0.0,0.0,1.0
0,249,5,157.85893091082067,24.518586668047575,1.0,0.0,0.0,1.0
0,249,6,158.32209282540668,24.33022255024107,1.0,0.0,0.0,1.0
0,249,7,158.7852547399927,24.14185843243457,1.0,0.0,0.0,1.0
0,249,8,159.2484166545787,23.95349431462807,1.0,0.0,0.0,1.0
0,249,9,159.71157856916471,23.76513019682157,1.0,0.0,0.0,1.0
0,249,10,160.17474048375072,23.57676607901507,1.0,0.0,0.0,1.0
0,249,11,160.63790239833673,23.38840196120857,1.0,0.0,0.0,1.0
0,249,12,161.10106431292274,23.200037843402068,1.0,0.0,0.0,1.0
0,249,13,161.56422622750875,23.011673725595568,1.0,0.0,0.0,1.0
0,249,14,162.02738814209476,22.823309607789067,1.0,0.0,0.0,1.0
0,249,15,162.49055005668077,22.634945489982567,1.0,0.0,0.0,1.0
0,249,16,162.95371197126678,22.446581372176063,1.0,0.0,0.0,1.0
0,249,17,163.4168738858528,22.258217254369562,1.0,0.0,0.0,1.0
0,249,18,163.8800358004388,22.06985313656306,1.0,0.0,0.0,1.0
0,249,19,164.34319771502481,21.88148901875656,1.0,0.0,0.0,1.0
0,249,20,164.80635962961082,21.69312490095006,1.0,0.0,0.0,1.0
0,249,21,165.26952154419683,21.50476078314356,1.0,0.0,0.0,1.0
0,249,22,165.73268345878284,21.31639666533706,1.0,0.0,0.0,1.0
0,249,23,166.19584537336885,21.12803254753056,1.0,0.0,0.0,1.0
0,249,24,166.65900728795486,20.93966842972406,1.0,0.0,0.0,1.0
0,249,25,167.12216920254087,20.751304311917558,1.0,0.0,0.0,1.0
0,249,26,167.58533111712688,20.562940194111057,1.0,0.0,0.0,1.0
0,249,27,168.0484930317129,20.374576076304557,1.0,0.0,0.0,1.0
0,249,28,168.5116549462989,20.186211958498056,1.0,0.0,0.0,1.0
0,249,29,168.9748168608849,19.997847840691556,1.0,0.0,0.0,1.0
0,249,30,169.43797877547092,19.80948372288505,1.0,0.0,0.0,1.0
0,249,31,169.90114069005693,19.62111960507855,1.0,0.0,0.0,1.0
0,249,32,170.36430260464294,19.43275548727205,1.0,0.0,0.0,1.0
0,249,33,170.82746451922895,19.24439136946555,1.0,0.0,0.0,1.0
0,249,34,171.29062643381496,19.05602725165905,1.0,0.0,0.0,1.0
0,249,35,171.75378834840097,18.86766313385255,1.0,0.0,0.0,1.0
0,249,36,172.21695026298698,18.67929901604605,1.0,0.0,0.0,1.0
0,249,37,172.680112177573,18.490934898239548,1.0,0.0,0.0,1.0
0,249,38,173.143274092159,18.302570780433044,1.0,0.0,0.0,1.0
0,249,39,173.606436006745,18.114206662626543,1.0,0.0,0.0,1.0
0,249,40,174.06959792133102,17.925842544820043,1.0,0.0,0.0,1.0
0,249,41,174.53275983591703,17.737478427013542,1.0,0.0,0.0,1.0
0,249,42,174.99592175050304,17.54911430920704,1.0,0.0,0.0,1.0
0,249,43,175.45908366508905,17.36075019140054,1.0,0.0,0.0,1.0
0,249,44,175.92224557967506,17.17238607359404,1.0,0.0,0.0,1.0
0,249,45,176.38540749426107,16.98402195578754,1.0,0.0,0.0,1.0
0,249,46,176.84856940884708,16.79565783798104,1.0,0.0,0.0,1.0
0,249,47,177.3117313234331,16.60729372017454,1.0,0.0,0.0,1.0
0,249,48,177.7748932380191,16.41892960236804,1.0,0.0,0.0,1.0
0,249,49,178.2380551526051,16.230565484561538,1.0,0.0,0.0,1.0
0,249,50,178.70121706719112,16.042201366755037,1.0,0.0,0.0,1.0
0,249,51,179.16437898177716,15.853837248948533,1.0,0.0,0.0,1.0
0,249,52,179.62754089636317,15.665473131142033,1.0,0.0,0.0,1.0
0,249,53,180.09070281094915,15.477109013335532,1.0,0.0,0.0,1.0
0,249,54,180.55386472553516,15.288744895529032,1.0,0.0,0.0,1.0
0,249,55,181.0170266401212,15.100380777722531,1.0,0.0,0.0,1.0
0,249,56,180.8494318066209,15.168540209590805,1.0,0.0,0.0,1.0
0,249,57,180.3862698920349,15.356904327397306,1.0,0.0,0.0,1.0
0,249,58,179.9231079774489,15.545268445203808,1.0,0.0,0.0,1.0
0,249,59,179.45994606286288,15.733632563010309,1.0,0.0,0.0,1.0
0,249,60,178.99678414827687,15.92199668081681,1.0,0.0,0.0,1.0
0,249,61,178.53362223369086,16.11036079862331,1.0,0.0,0.0,1.0
0,249,62,178.07046031910485,16.298724916429812,1.0,0.0,0.0,1.0
0,249,63,177.60729840451884,16.487089034236313,1.0,0.0,0.0,1.0
0,249,64,177.14413648993283,16.675453152042813,1.0,0.0,0.0,1.0
0,249,65,176.68097457534682,16.863817269849314,1.0,0.0,0.0,1.0
0,249,66,176.2178126607608,17.052181387655814,1.0,0.0,0.0,1.0
0,249,67,175.7546507461748,17.240545505462315,1.0,0.0,0.0,1.0
0,249,68,175.2914888315888,17.428909623268815,1.0,0.0,0.0,1.0
0,249,69,174.82832691700278,17.617273741075316,1.0,0.0,0.0,1.0
0,249,70,174.36516500241677,17.805637858881816,1.0,0.0,0.0,1.0
0,249,71,173.90200308783076,17.994001976688317,1.0,0.0,0.0,1.0
0,249,72,173.43884117324475,18.182366094494817,1.0,0.0,0.0,1.0
0,249,73,172.97567925865874,18.37073021230132,1.0,0.0,0.0,1.0
0,249,74,172.51251734407273,18.559094330107822,1.0,0.0,0.0,1.0
0,249,75,172.04935542948672,18.747458447914322,1.0,0.0,0.0,1.0
0,249,76,171.5861935149007,18.935822565720823,1.0,0.0,0.0,1.0
0,249,77,171.1230316003147,19.124186683527324,1.0,0.0,0.0,1.0
0,249,78,170.6598696857287,19.312550801333824,1.0,0.0,0.0,1.0
0,249,79,170.19670777114268,19.500914919140325,1.0,0.0,0.0,1.0
0,249,80,169.73354585655667,19.689279036946825,1.0,0.0,0.0,1.0
0,249,81,169.27038394197066,19.87764315475333,1.0,0.0,0.0,1.0
0,249,82,168.80722202738465,20.06600727255983,1.0,0.0,0.0,1.0
0,249,83,168.34406011279864,20.25437139036633,1.0,0.0,0.0,1.0
0,249,84,167.88089819821263,20.44273550817283,1.0,0.0,0.0,1.0
0,249,85,167.41773628362662,20.63109962597933,1.0,0.0,0.0,1.0
0,249,86,166.9545743690406,20.819463743785832,1.0,0.0,0.0,1.0
0,249,87,166.4914124544546,21.007827861592332,1.0,0.0,0.0,1.0
0,249,88,166.0282505398686,21.196191979398833,1.0,0.0,0.0,1.0
0,249,89,165.56508862528258,21.384556097205333,1.0,0.0,0.0,1.0
0,249,90,165.10192671069657,21.572920215011834,1.0,0.0,0.0,1.0
0,249,91,164.63876479611056,21.761284332818335,1.0,0.0,0.0,1.0
0,249,92,164.17560288152455,21.949648450624835,1.0,0.0,0.0,1.0
0,249,93,163.71244096693854,22.138012568431336,1.0,0.0,0.0,1.0
0,249,94,163.24927905235253,22.326376686237836,1.0,0.0,0.0,1.0
0,249,95,162.78611713776652,22.514740804044337,1.0,0.0,0.0,1.0
0,249,96,162.32295522318051,22.70310492185084,1.0,0.0,0.0,1.0
0,249,97,161.8597933085945,22.89146903965734,1.0,0.0,0.0,1.0
0,249,98,161.3966313940085,23.079833157463842,1.0,0.0,0.0,1.0
0,249,99,160.93346947942248,23.268197275270342,1.0,0.0,0.0,1.0
0,249,100,160.47030756483647,23.456561393076846,1.0,0.0,0.0,1.0
0,249,101,160.00714565025046,23.644925510883347,1.0,0.0,0.0,1.0
0,249,102,159.54398373566445,23.833289628689847,1.0,0.0,0.0,1.0
0,249,103,159.08082182107844,24.021653746496348,1.0,0.0,0.0,1.0
0,249,104,158.61765990649243,24.21001786430285,1.0,0.0,0.0,1.0
0,249,105,158.15449799190642,24.39838198210935,1.0,0.0,0.0,1.0
0,249,106,157.69133607732041,24.58674609991585,1.0,0.0,0.0,1.0
0,249,107,157.2281741627344,24.77511021772235,1.0,0.0,0.0,1.0
0,249,108,156.7650122481484,24.96347433552885,1.0,0.0,0.0,1.0
0,249,109,156.30185033356238,25.15183845333535,1.0,0.0,0.0,1.0
0,249,110,155.83868841897637,25.34020257114185,1.0,0.0,0.0,1.0
0,250,0,155.42044067382812,25.52573013305664,1.0,0.0,0.0,1.0
0,251,0,131.00595092773438,38.52505874633789,1.0,0.0,0.0,1.0
0,251,1,131.44729041707208,38.290070544184836,1.0,0.0,0.0,1.0
0,251,2,131.88862990640982,38.05508234203179,1.0,0.0,0.0,1.0
0,251,3,132.32996939574753,37.820094139878734,1.0,0.0,0.0,1.0
0,251,4,132.77130888508523,37.58510593772568,1.0,0.0,0.0,1.0
0,251,5,133.21264837442297,37.350117735572624,1.0,0.0,0.0,1.0
0,251,6,133.65398786376068,37.11512953341958,1.0,0.0,0.0,1.0
0,251,7,134.09532735309838,36.88014133126652,1.0,0.0,0.0,1.0
0,251,8,134.5366668424361,36.64515312911347,1.0,0.0,0.0,1.0
0,251,9,134.97800633177383,36.41016492696042,1.0,0.0,0.0,1.0
0,251,10,135.41934582111153,36.175176724807365,1.0,0.0,0.0,1.0
0,251,11,135.86068531044924,35.94018852265431,1.0,0.0,0.0,1.0
0,251,12,136.30202479978698,35.70520032050126,1.0,0.0,0.0,1.0
0,251,13,136.74336428912468,35.47021211834821,1.0,0.0,0.0,1.0
0,251,14,137.1847037784624,35.23522391619515,1.0,0.0,0.0,1.0
0,251,15,137.62604326780013,35.0002357140421,1.0,0.0,0.0,1.0
0,251,16,138.06738275713784,34.76524751188905,1.0,0.0,0.0,1.0
0,251,17,138.50872224647554,34.530259309735996,1.0,0.0,0.0,1.0
0,251,18,138.95006173581328,34.29527110758294,1.0,0.0,0.0,1.0
0,251,19,139.391401225151,34.060282905429894,1.0,0.0,0.0,1.0
0,251,20,139.8327407144887,33.82529470327684,1.0,0.0,0.0,1.0
0,251,21,140.27408020382643,33.590306501123784,1.0,0.0,0.0,1.0
0,251,22,140.71541969316414,33.35531829897073,1.0,0.0,0.0,1.0
0,251,23,141.15675918250184,33.12033009681768,1.0,0.0,0.0,1.0
0,251,24,141.59809867183955,32.88534189466463,1.0,0.0,0.0,1.0
0,251,25,142.0394381611773,32.65035369251157,1.0,0.0,0.0,1.0
0,251,26,142.480777650515,32.415365490358525,1.0,0.0,0.0,1.0
0,251,27,142.9221171398527,32.18037728820547,1.0,0.0,0.0,1.0
0,251,28,143.36345662919044,31.94538908605242,1.0,0.0,0.0,1.0
0,251,29,143.80479611852815,31.710400883899364,1.0,0.0,0.0,1.0
0,251,30,144.24613560786585,31.475412681746313,1.0,0.0,0.0,1.0
0,251,31,144.6874750972036,31.24042447959326,1.0,0.0,0.0,1.0
0,251,32,145.1288145865413,31.005436277440207,1.0,0.0,0.0,1.0
0,251,33,145.570154075879,30.770448075287153,1.0,0.0,0.0,1.0
0,251,34,146.0114935652167,30.5354598731341,1.0,0.0,0.0,1.0
0,251,35,146.45283305455445,30.30047167098105,1.0,0.0,0.0,1.0
0,251,36,146.89417254389215,30.065483468827995,1.0,0.0,0.0,1.0
0,251,37,147.33551203322986,29.830495266674944,1.0,0.0,0.0,1.0
0,251,38,147.7768515225676,29.59550706452189,1.0,0.0,0.0,1.0
0,251,39,148.2181910119053,29.36051886236884,1.0,0.0,0.0,1.0
0,251,40,148.659530501243,29.125530660215787,1.0,0.0,0.0,1.0
0,251,41,149.10086999058075,28.890542458062733,1.0,0.0,0.0,1.0
0,251,42,149.54220947991845,28.655554255909678,1.0,0.0,0.0,1.0
0,251,43,149.98354896925616,28.42056605375663,1.0,0.0,0.0,1.0
0,251,44,150.4248884585939,28.185577851603576,1.0,0.0,0.0,1.0
0,251,45,150.8662279479316,27.95058964945052,1.0,0.0,0.0,1.0
0,251,46,151.3075674372693,27.715601447297473,1.0,0.0,0.0,1.0
0,251,47,151.74890692660705,27.48061324514442,1.0,0.0,0.0,1.0
0,251,48,152.19024641594476,27.245625042991364,1.0,0.0,0.0,1.0
0,251,49,152.63158590528246,27.010636840838313,1.0,0.0,0.0,1.0
0,251,50,153.07292539462017,26.77564863868526,1.0,0.0,0.0,1.0
0,251,51,153.5142648839579,26.540660436532207,1.0,0.0,0.0,1.0
0,251,52,153.9556043732956,26.305672234379152,1.0,0.0,0.0,1.0
0,251,53,154.39694386263332,26.070684032226104,1.0,0.0,0.0,1.0
0,251,54,154.83828335197106,25.83569583007305,1.0,0.0,0.0,1.0
0,251,55,155.27962284130876,25.600707627919995,1.0,0.0,0.0,1.0
0,251,56,155.11991901700978,25.685740840346337,1.0,0.0,0.0,1.0
0,251,57,154.67857952767204,25.92072904249939,1.0,0.0,0.0,1.0
0,251,58,154.23724003833433,26.155717244652443,1.0,0.0,0.0,1.0
0,251,59,153.79590054899663,26.390705446805494,1.0,0.0,0.0,1.0
0,251,60,153.35456105965892,26.62569364895855,1.0,0.0,0.0,1.0
0,251,61,152.91322157032118,26.8606818511116,1.0,0.0,0.0,1.0
0,251,62,152.47188208098348,27.09567005326465,1.0,0.0,0.0,1.0
0,251,63,152.03054259164577,27.330658255417706,1.0,0.0,0.0,1.0
0,251,64,151.58920310230803,27.565646457570757,1.0,0.0,0.0,1.0
0,251,65,151.14786361297033,27.800634659723812,1.0,0.0,0.0,1.0
0,251,66,150.70652412363262,28.035622861876863,1.0,0.0,0.0,1.0
0,251,67,150.26518463429488,28.270611064029914,1.0,0.0,0.0,1.0
0,251,68,149.82384514495718,28.50559926618297,1.0,0.0,0.0,1.0
0,251,69,149.38250565561947,28.74058746833602,1.0,0.0,0.0,1.0
0,251,70,148.94116616628173,28.975575670489075,1.0,0.0,0.0,1.0
0,251,71,148.49982667694402,29.210563872642126,1.0,0.0,0.0,1.0
0,251,72,148.05848718760632,29.44555207479518,1.0,0.0,0.0,1.0
0,251,73,147.6171476982686,29.680540276948232,1.0,0.0,0.0,1.0
0,251,74,147.17580820893087,29.915528479101283,1.0,0.0,0.0,1.0
0,251,75,146.73446871959317,30.150516681254338,1.0,0.0,0.0,1.0
0,251,76,146.29312923025546,30.38550488340739,1.0,0.0,0.0,1.0
0,251,77,145.85178974091772,30.62049308556044,1.0,0.0,0.0,1.0
0,251,78,145.41045025158002,30.855481287713495,1.0,0.0,0.0,1.0
0,251,79,144.9691107622423,31.09046948986655,1.0,0.0,0.0,1.0
0,251,80,144.52777127290457,31.3254576920196,1.0,0.0,0.0,1.0
0,251,81,144.08643178356687,31.560445894172652,1.0,0.0,0.0,1.0
0,251,82,143.64509229422916,31.795434096325707,1.0,0.0,0.0,1.0
0,251,83,143.20375280489142,32.03042229847876,1.0,0.0,0.0,1.0
0,251,84,142.76241331555372,32.26541050063181,1.0,0.0,0.0,1.0
0,251,85,142.321073826216,32.500398702784864,1.0,0.0,0.0,1.0
0,251,86,141.8797343368783,32.73538690493792,1.0,0.0,0.0,1.0
0,251,87,141.43839484754056,32.970375107090966,1.0,0.0,0.0,1.0
0,251,88,140.99705535820286,33.20536330924402,1.0,0.0,0.0,1.0
0,251,89,140.55571586886515,33.440351511397076,1.0,0.0,0.0,1.0
0,251,90,140.1143763795274,33.67533971355013,1.0,0.0,0.0,1.0
0,251,91,139.6730368901897,33.91032791570318,1.0,0.0,0.0,1.0
0,251,92,139.231697400852,34.14531611785623,1.0,0.0,0.0,1.0
0,251,93,138.79035791151426,34.38030432000929,1.0,0.0,0.0,1.0
0,251,94,138.34901842217656,34.615292522162335,1.0,0.0,0.0,1.0
0,251,95,137.90767893283885,34.85028072431539,1.0,0.0,0.0,1.0
0,251,96,137.4663394435011,35.085268926468444,1.0,0.0,0.0,1.0
0,251,97,137.0249999541634,35.32025712862149,1.0,0.0,0.0,1.0
0,251,98,136.5836604648257,35.55524533077455,1.0,0.0,0.0,1.0
0,251,99,136.14232097548796,35.7902335329276,1.0,0.0,0.0,1.0
0,251,100,135.70098148615025,36.02522173508065,1.0,0.0,0.0,1.0
0,251,101,135.25964199681255,36.260209937233704,1.0,0.0,0.0,1.0
0,251,102,134.81830250747484,36.49519813938676,1.0,0.0,0.0,1.0
0,251,103,134.3769630181371,36.73018634153981,1.0,0.0,0.0,1.0
0,251,104,133.9356235287994,36.96517454369286,1.0,0.0,0.0,1.0
0,251,105,133.4942840394617,37.200162745845915,1.0,0.0,0.0,1.0
0,251,106,133.05294455012395,37.43515094799897,1.0,0.0,0.0,1.0
0,251,107,132.61160506078625,37.670139150152025,1.0,0.0,0.0,1.0
0,251,108,132.17026557144854,37.90512735230507,1.0,0.0,0.0,1.0
0,251,109,131.72892608211083,38.14011555445813,1.0,0.0,0.0,1.0
0,251,110,131.2875865927731,38.37510375661118,1.0,0.0,0.0,1.0
0,252,0,130.890625,38.6026496887207,1.0,0.0,0.0,1.0
0,253,0,107.94214630126953,54.04341125488281,1.0,0.0,0.0,1.0
0,253,1,108.35698480017905,53.764289382177544,1.0,0.0,0.0,1.0
0,253,2,108.77182329908858,53.485167509472284,1.0,0.0,0.0,1.0
0,253,3,109.1866617979981,53.206045636767016,1.0,0.0,0.0,1.0
0,253,4,109.60150029690762,52.926923764061755,1.0,0.0,0.0,1.0
0,253,5,110.01633879581715,52.64780189135649,1.0,0.0,0.0,1.0
0,253,6,110.43117729472667,52.36868001865122,1.0,0.0,0.0,1.0
0,253,7,110.84601579363618,52.08955814594596,1.0,0.0,0.0,1.0
0,253,8,111.26085429254572,51.81043627324069,1.0,0.0,0.0,1.0
0,253,9,111.67569279145523,51.53131440053543,1.0,0.0,0.0,1.0
0,253,10,112.09053129036475,51.25219252783016,1.0,0.0,0.0,1.0
0,253,11,112.50536978927428,50.97307065512489,1.0,0.0,0.0,1.0
0,253,12,112.9202082881838,50.69394878241963,1.0,0.0,0.0,1.0
0,253,13,113.33504678709332,50.414826909714364,1.0,0.0,0.0,1.0
0,253,14,113.74988528600284,50.1357050370091,1.0,0.0,0.0,1.0
0,253,15,114.16472378491237,49.856583164303835,1.0,0.0,0.0,1.0
0,253,16,114.57956228382189,49.57746129159857,1.0,0.0,0.0,1.0
0,253,17,114.99440078273142,49.298339418893306,1.0,0.0,0.0,1.0
0,253,18,115.40923928164094,49.01921754618804,1.0,0.0,0.0,1.0
0,253,19,115.82407778055045,48.74009567348278,1.0,0.0,0.0,1.0
0,253,20,116.23891627945997,48.46097380077751,1.0,0.0,0.0,1.0
0,253,21,116.6537547783695,48.18185192807225,1.0,0.0,0.0,1.0
0,253,22,117.06859327727902,47.90273005536698,1.0,0.0,0.0,1.0
0,253,23,117.48343177618855,47.62360818266171,1.0,0.0,0.0,1.0
0,253,24,117.89827027509807,47.34448630995645,1.0,0.0,0.0,1.0
0,253,25,118.31310877400759,47.06536443725118,1.0,0.0,0.0,1.0
0,253,26,118.7279472729171,46.786242564545915,1.0,0.0,0.0,1.0
0,253,27,119.14278577182664,46.507120691840655,1.0,0.0,0.0,1.0
0,253,28,119.55762427073616,46.22799881913539,1.0,0.0,0.0,1.0
0,253,29,119.97246276964567,45.94887694643012,1.0,0.0,0.0,1.0
0,253,30,120.3873012685552,45.66975507372486,1.0,0.0,0.0,1.0
0,253,31,120.80213976746472,45.3906332010196,1.0,0.0,0.0,1.0
0,253,32,121.21697826637424,45.11151132831433,1.0,0.0,0.0,1.0
0,253,33,121.63181676528377,44.83238945560906,1.0,0.0,0.0,1.0
0,253,34,122.04665526419329,44.5532675829038,1.0,0.0,0.0,1.0
0,253,35,122.46149376310281,44.27414571019853,1.0,0.0,0.0,1.0
0,253,36,122.87633226201234,43.995023837493264,1.0,0.0,0.0,1.0
0,253,37,123.29117076092186,43.715901964788,1.0,0.0,0.0,1.0
0,253,38,123.70600925983138,43.436780092082735,1.0,0.0,0.0,1.0
0,253,39,124.12084775874091,43.15765821937747,1.0,0.0,0.0,1.0
0,253,40,124.53568625765043,42.878536346672206,1.0,0.0,0.0,1.0
0,253,41,124.95052475655994,42.59941447396694,1.0,0.0,0.0,1.0
0,253,42,125.36536325546948,42.32029260126168,1.0,0.0,0.0,1.0
0,253,43,125.780201754379,42.04117072855641,1.0,0.0,0.0,1.0
0,253,44,126.19504025328851,41.76204885585115,1.0,0.0,0.0,1.0
0,253,45,126.60987875219803,41.48292698314588,1.0,0.0,0.0,1.0
0,253,46,127.02471725110756,41.20380511044061,1.0,0.0,0.0,1.0
0,253,47,127.43955575001708,40.92468323773535,1.0,0.0,0.0,1.0
0,253,48,127.85439424892661,40.64556136503008,1.0,0.0,0.0,1.0
0,253,49,128.26923274783613,40.36643949232482,1.0,0.0,0.0,1.0
0,253,50,128.68407124674565,40.087317619619554,1.0,0.0,0.0,1.0
0,253,51,129.09890974565516,39.80819574691429,1.0,0.0,0.0,1.0
0,253,52,129.51374824456468,39.529073874209026,1.0,0.0,0.0,1.0
0,253,53,129.92858674347423,39.24995200150376,1.0,0.0,0.0,1.0
0,253,54,130.34342524238374,38.9708301287985,1.0,0.0,0.0,1.0
0,253,55,130.75826374129326,38.69170825609323,1.0,0.0,0.0,1.0
0,253,56,130.60814775979722,38.792712994053446,1.0,0.0,0.0,1.0
0,253,57,130.1933092608877,39.07183486675871,1.0,0.0,0.0,1.0
0,253,58,129.77847076197818,39.350956739463975,1.0,0.0,0.0,1.0
0,253,59,129.36363226306864,39.630078612169235,1.0,0.0,0.0,1.0
0,253,60,128.94879376415912,39.9092004848745,1.0,0.0,0.0,1.0
0,253,61,128.5339552652496,40.18832235757977,1.0,0.0,0.0,1.0
0,253,62,128.11911676634008,40.46744423028503,1.0,0.0,0.0,1.0
0,253,63,127.70427826743057,40.7465661029903,1.0,0.0,0.0,1.0
0,253,64,127.28943976852104,41.02568797569556,1.0,0.0,0.0,1.0
0,253,65,126.87460126961152,41.30480984840083,1.0,0.0,0.0,1.0
0,253,66,126.459762770702,41.5839317211061,1.0,0.0,0.0,1.0
0,253,67,126.04492427179247,41.86305359381136,1.0,0.0,0.0,1.0
0,253,68,125.63008577288295,42.142175466516626,1.0,0.0,0.0,1.0
0,253,69,125.21524727397343,42.42129733922189,1.0,0.0,0.0,1.0
0,253,70,124.8004087750639,42.700419211927155,1.0,0.0,0.0,1.0
0,253,71,124.38557027615438,42.97954108463242,1.0,0.0,0.0,1.0
0,253,72,123.97073177724486,43.258662957337684,1.0,0.0,0.0,1.0
0,253,73,123.55589327833533,43.53778483004295,1.0,0.0,0.0,1.0
0,253,74,123.14105477942582,43.81690670274821,1.0,0.0,0.0,1.0
0,253,75,122.7262162805163,44.09602857545348,1.0,0.0,0.0,1.0
0,253,76,122.31137778160677,44.37515044815875,1.0,0.0,0.0,1.0
0,253,77,121.89653928269725,44.65427232086401,1.0,0.0,0.0,1.0
0,253,78,121.48170078378773,44.93339419356928,1.0,0.0,0.0,1.0
0,253,79,121.0668622848782,45.21251606627454,1.0,0.0,0.0,1.0
0,253,80,120.65202378596868,45.49163793897981,1.0,0.0,0.0,1.0
0,253,81,120.23718528705916,45.770759811685075,1.0,0.0,0.0,1.0
0,253,82,119.82234678814963,46.049881684390336,1.0,0.0,0.0,1.0
0,253,83,119.40750828924011,46.329003557095604,1.0,0.0,0.0,1.0
0,253,84,118.9926697903306,46.608125429800864,1.0,0.0,0.0,1.0
0,253,85,118.57783129142106,46.88724730250613,1.0,0.0,0.0,1.0
0,253,86,118.16299279251155,47.1663691752114,1.0,0.0,0.0,1.0
0,253,87,117.74815429360203,47.44549104791666,1.0,0.0,0.0,1.0
0,253,88,117.3333157946925,47.72461292062193,1.0,0.0,0.0,1.0
0,253,89,116.91847729578298,48.00373479332719,1.0,0.0,0.0,1.0
0,253,90,116.50363879687346,48.28285666603246,1.0,0.0,0.0,1.0
0,253,91,116.08880029796393,48.561978538737726,1.0,0.0,0.0,1.0
0,253,92,115.67396179905441,48.84110041144299,1.0,0.0,0.0,1.0
0,253,93,115.25912330014489,49.120222284148255,1.0,0.0,0.0,1.0
0,253,94,114.84428480123536,49.399344156853516,1.0,0.0,0.0,1.0
0,253,95,114.42944630232584,49.678466029558784,1.0,0.0,0.0,1.0
0,253,96,114.01460780341633,49.95758790226405,1.0,0.0,0.0,1.0
0,253,97,113.5997693045068,50.23670977496931,1.0,0.0,0.0,1.0
0,253,98,113.18493080559728,50.51583164767458,1.0,0.0,0.0,1.0
0,253,99,112.77009230668776,50.79495352037985,1.0,0.0,0.0,1.0
0,253,100,112.35525380777824,51.07407539308511,1.0,0.0,0.0,1.0
0,253,101,111.94041530886871,51.35319726579037,1.0,0.0,0.0,1.0
0,253,102,111.52557680995919,51.63231913849564,1.0,0.0,0.0,1.0
0,253,103,111.11073831104966,51.91144101120091,1.0,0.0,0.0,1.0
0,253,104,110.69589981214014,52.19056288390617,1.0,0.0,0.0,1.0
0,253,105,110.28106131323062,52.469684756611436,1.0,0.0,0.0,1.0
0,253,106,109.8662228143211,52.748806629316704,1.0,0.0,0.0,1.0
0,253,107,109.45138431541157,53.027928502021965,1.0,0.0,0.0,1.0
0,253,108,109.03654581650206,53.30705037472723,1.0,0.0,0.0,1.0
0,253,109,108.62170731759254,53.58617224743249,1.0,0.0,0.0,1.0
0,253,110,108.206868818683,53.86529412013776,1.0,0.0,0.0,1.0
0,254,0,107.83541870117188,54.132450103759766,1.0,0.0,0.0,1.0
0,255,0,86.59620666503906,71.8509521484375,1.0,0.0,0.0,1.0
0,255,1,86.98014692393332,71.530655602093,1.0,0.0,0.0,1.0
0,255,2,87.36408718282756,71.2103590557485,1.0,0.0,0.0,1.0
0,255,3,87.74802744172182,70.890062509404,1.0,0.0,0.0,1.0
0,255,4,88.13196770061607,70.5697659630595,1.0,0.0,0.0,1.0
0,255,5,88.51590795951032,70.249469416715,1.0,0.0,0.0,1.0
0,255,6,88.89984821840457,69.9291728703705,1.0,0.0,0.0,1.0
0,255,7,89.28378847729883,69.608876324026,1.0,0.0,0.0,1.0
0,255,8,89.66772873619307,69.28857977768149,1.0,0.0,0.0,1.0
0,255,9,90.05166899508733,68.968283231337,1.0,0.0,0.0,1.0
0,255,10,90.43560925398158,68.64798668499249,1.0,0.0,0.0,1.0
0,255,11,90.81954951287582,68.327690138648,1.0,0.0,0.0,1.0
0,255,12,91.20348977177008,68.00739359230349,1.0,0.0,0.0,1.0
0,255,13,91.58743003066434,67.68709704595899,1.0,0.0,0.0,1.0
0,255,14,91.97137028955859,67.36680049961448,1.0,0.0,0.0,1.0
0,255,15,92.35531054845283,67.04650395326999,1.0,0.0,0.0,1.0
0,255,16,92.73925080734709,66.72620740692548,1.0,0.0,0.0,1.0
0,255,17,93.12319106624133,66.40591086058099,1.0,0.0,0.0,1.0
0,255,18,93.50713132513559,66.08561431423648,1.0,0.0,0.0,1.0
0,255,19,93.89107158402985,65.76531776789199,1.0,0.0,0.0,1.0
0,255,20,94.2750118429241,65.44502122154748,1.0,0.0,0.0,1.0
0,255,21,94.65895210181834,65.12472467520298,1.0,0.0,0.0,1.0
0,255,22,95.0428923607126,64.80442812885848,1.0,0.0,0.0,1.0
0,255,23,95.42683261960684,64.48413158251398,1.0,0.0,0.0,1.0
0,255,24,95.8107728785011,64.16383503616947,1.0,0.0,0.0,1.0
0,255,25,96.19471313739535,63.84353848982498,1.0,0.0,0.0,1.0
0,255,26,96.57865339628961,63.52324194348047,1.0,0.0,0.0,1.0
0,255,27,96.96259365518385,63.20294539713598,1.0,0.0,0.0,1.0
0,255,28,97.34653391407811,62.88264885079147,1.0,0.0,0.0,1.0
0,255,29,97.73047417297235,62.562352304446975,1.0,0.0,0.0,1.0
0,255,30,98.1144144318666,62.242055758102474,1.0,0.0,0.0,1.0
0,255,31,98.49835469076086,61.92175921175797,1.0,0.0,0.0,1.0
0,255,32,98.88229494965512,61.60146266541347,1.0,0.0,0.0,1.0
0,255,33,99.26623520854936,61.28116611906897,1.0,0.0,0.0,1.0
0,255,34,99.65017546744362,60.96086957272447,1.0,0.0,0.0,1.0
0,255,35,100.03411572633787,60.64057302637997,1.0,0.0,0.0,1.0
0,255,36,100.41805598523212,60.32027648003547,1.0,0.0,0.0,1.0
0,255,37,100.80199624412637,59.999979933690966,1.0,0.0,0.0,1.0
0,255,38,101.18593650302063,59.679683387346465,1.0,0.0,0.0,1.0
0,255,39,101.56987676191488,59.359386841001964,1.0,0.0,0.0,1.0
0,255,40,101.95381702080913,59.03909029465746,1.0,0.0,0.0,1.0
0,255,41,102.33775727970338,58.71879374831296,1.0,0.0,0.0,1.0
0,255,42,102.72169753859762,58.39849720196846,1.0,0.0,0.0,1.0
0,255,43,103.10563779749188,58.07820065562396,1.0,0.0,0.0,1.0
0,255,44,103.48957805638614,57.75790410927946,1.0,0.0,0.0,1.0
0,255,45,103.87351831528039,57.43760756293496,1.0,0.0,0.0,1.0
0,255,46,104.25745857417463,57.117311016590456,1.0,0.0,0.0,1.0
0,255,47,104.64139883306889,56.797014470245955,1.0,0.0,0.0,1.0
0,255,48,105.02533909196313,56.476717923901454,1.0,0.0,0.0,1.0
0,255,49,105.40927935085739,56.15642137755695,1.0,0.0,0.0,1.0
0,255,50,105.79321960975165,55.83612483121245,1.0,0.0,0.0,1.0
0,255,51,106.1771598686459,55.51582828486795,1.0,0.0,0.0,1.0
0,255,52,106.56110012754014,55.19553173852345,1.0,0.0,0.0,1.0
0,255,53,106.9450403864344,54.87523519217895,1.0,0.0,0.0,1.0
0,255,54,107.32898064532864,54.55493864583445,1.0,0.0,0.0,1.0
0,255,55,107.7129209042229,54.234642099489946,1.0,0.0,0.0,1.0
0,255,56,107.5739762392266,54.350554654374086,1.0,0.0,0.0,1.0
0,255,57,107.19003598033234,54.67085120071859,1.0,0.0,0.0,1.0
0,255,58,106.8060957214381,54.99114774706309,1.0,0.0,0.0,1.0
0,255,59,106.42215546254384,55.31144429340759,1.0,0.0,0.0,1.0
0,255,60,106.03821520364959,55.63174083975209,1.0,0.0,0.0,1.0
0,255,61,105.65427494475534,55.95203738609659,1.0,0.0,0.0,1.0
0,255,62,105.27033468586109,56.27233393244109,1.0,0.0,0.0,1.0
0,255,63,104.88639442696683,56.592630478785594,1.0,0.0,0.0,1.0
0,255,64,104.50245416807259,56.912927025130095,1.0,0.0,0.0,1.0
0,255,65,104.11851390917833,57.233223571474596,1.0,0.0,0.0,1.0
0,255,66,103.73457365028408,57.5535201178191,1.0,0.0,0.0,1.0
0,255,67,103.35063339138983,57.8738166641636,1.0,0.0,0.0,1.0
0,255,68,102.96669313249558,58.19411321050809,1.0,0.0,0.0,1.0
0,255,69,102.58275287360132,58.5144097568526,1.0,0.0,0.0,1.0
0,255,70,102.19881261470708,58.8347063031971,1.0,0.0,0.0,1.0
0,255,71,101.81487235581282,59.1550028495416,1.0,0.0,0.0,1.0
0,255,72,101.43093209691857,59.4752993958861,1.0,0.0,0.0,1.0
0,255,73,101.04699183802433,59.795595942230605,1.0,0.0,0.0,1.0
0,255,74,100.66305157913007,60.1158924885751,1.0,0.0,0.0,1.0
0,255,75,100.27911132023581,60.4361890349196,1.0,0.0,0.0,1.0
0,255,76,99.89517106134157,60.7564855812641,1.0,0.0,0.0,1.0
0,255,77,99.51123080244732,61.0767821276086,1.0,0.0,0.0,1.0
0,255,78,99.12729054355306,61.397078673953104,1.0,0.0,0.0,1.0
0,255,79,98.74335028465882,61.717375220297605,1.0,0.0,0.0,1.0
0,255,80,98.35941002576456,62.037671766642106,1.0,0.0,0.0,1.0
0,255,81,97.9754697668703,62.35796831298661,1.0,0.0,0.0,1.0
0,255,82,97.59152950797605,62.67826485933111,1.0,0.0,0.0,1.0
0,255,83,97.2075892490818,62.99856140567561,1.0,0.0,0.0,1.0
0,255,84,96.82364899018755,63.31885795202011,1.0,0.0,0.0,1.0
0,255,85,96.43970873129331,63.63915449836461,1.0,0.0,0.0,1.0
0,255,86,96.05576847239905,63.95945104470911,1.0,0.0,0.0,1.0
0,255,87,95.6718282135048,64.27974759105362,1.0,0.0,0.0,1.0
0,255,88,95.28788795461054,64.60004413739811,1.0,0.0,0.0,1.0
0,255,89,94.9039476957163,64.92034068374261,1.0,0.0,0.0,1.0
0,255,90,94.52000743682204,65.24063723008712,1.0,0.0,0.0,1.0
0,255,91,94.1360671779278,65.56093377643163,1.0,0.0,0.0,1.0
0,255,92,93.75212691903354,65.88123032277612,1.0,0.0,0.0,1.0
0,255,93,93.36818666013929,66.20152686912063,1.0,0.0,0.0,1.0
0,255,94,92.98424640124503,66.52182341546512,1.0,0.0,0.0,1.0
0,255,95,92.60030614235079,66.84211996180963,1.0,0.0,0.0,1.0
0,255,96,92.21636588345653,67.16241650815412,1.0,0.0,0.0,1.0
0,255,97,91.83242562456228,67.48271305449862,1.0,0.0,0.0,1.0
0,255,98,91.44848536566803,67.80300960084313,1.0,0.0,0.0,1.0
0,255,99,91.06454510677378,68.12330614718763,1.0,0.0,0.0,1.0
0,255,100,90.68060484787952,68.44360269353213,1.0,0.0,0.0,1.0
0,255,101,90.29666458898527,68.76389923987662,1.0,0.0,0.0,1.0
0,255,102,89.91272433009102,69.08419578622113,1.0,0.0,0.0,1.0
0,255,103,89.52878407119677,69.40449233256562,1.0,0.0,0.0,1.0
0,255,104,89.14484381230253,69.72478887891013,1.0,0.0,0.0,1.0
0,255,105,88.76090355340827,70.04508542525463,1.0,0.0,0.0,1.0
0,255,106,88.37696329451401,70.36538197159913,1.0,0.0,0.0,1.0
0,255,107,87.99302303561976,70.68567851794363,1.0,0.0,0.0,1.0
0,255,108,87.60908277672551,71.00597506428814,1.0,0.0,0.0,1.0
0,255,109,87.22514251783126,71.32627161063263,1.0,0.0,0.0,1.0
0,255,110,86.84120225893702,71.64656815697714,1.0,0.0,0.0,1.0
0,256,0,86.49919891357422,71.95049285888672,1.0,0.0,0.0,1.0
0,257,0,67.19438934326172,91.7589340209961,1.0,0.0,0.0,1.0
0,257,1,67.5433613674976,91.40085787504286,1.0,0.0,0.0,1.0
0,257,2,67.89233339173346,91.04278172908964,1.0,0.0,0.0,1.0
0,257,3,68.24130541596934,90.6847055831364,1.0,0.0,0.0,1.0
0,257,4,68.59027744020521,90.32662943718319,1.0,0.0,0.0,1.0
0,257,5,68.93924946444108,89.96855329122995,1.0,0.0,0.0,1.0
0,257,6,69.28822148867695,89.61047714527673,1.0,0.0,0.0,1.0
0,257,7,69.63719351291283,89.2524009993235,1.0,0.0,0.0,1.0
0,257,8,69.98616553714871,88.89432485337026,1.0,0.0,0.0,1.0
0,257,9,70.33513756138457,88.53624870741704,1.0,0.0,0.0,1.0
0,257,10,70.68410958562045,88.17817256146381,1.0,0.0,0.0,1.0
0,257,11,71.03308160985632,87.82009641551059,1.0,0.0,0.0,1.0
0,257,12,71.38205363409219,87.46202026955736,1.0,0.0,0.0,1.0
0,257,13,71.73102565832806,87.10394412360412,1.0,0.0,0.0,1.0
0,257,14,72.07999768256394,86.7458679776509,1.0,0.0,0.0,1.0
0,257,15,72.4289697067998,86.38779183169767,1.0,0.0,0.0,1.0
0,257,16,72.77794173103568,86.02971568574445,1.0,0.0,0.0,1.0
0,257,17,73.12691375527156,85.67163953979122,1.0,0.0,0.0,1.0
0,257,18,73.47588577950742,85.313563393838,1.0,0.0,0.0,1.0
0,257,19,73.8248578037433,84.95548724788476,1.0,0.0,0.0,1.0
0,257,20,74.17382982797918,84.59741110193153,1.0,0.0,0.0,1.0
0,257,21,74.52280185221504,84.23933495597831,1.0,0.0,0.0,1.0
0,257,22,74.87177387645092,83.88125881002507,1.0,0.0,0.0,1.0
0,257,23,75.2207459006868,83.52318266407185,1.0,0.0,0.0,1.0
0,257,24,75.56971792492266,83.16510651811862,1.0,0.0,0.0,1.0
0,257,25,75.91868994915853,82.8070303721654,1.0,0.0,0.0,1.0
0,257,26,76.26766197339441,82.44895422621217,1.0,0.0,0.0,1.0
0,257,27,76.61663399763029,82.09087808025893,1.0,0.0,0.0,1.0
0,257,28,76.96560602186615,81.73280193430571,1.0,0.0,0.0,1.0
0,257,29,77.31457804610203,81.37472578835248,1.0,0.0,0.0,1.0
0,257,30,77.6635500703379,81.01664964239926,1.0,0.0,0.0,1.0
0,257,31,78.01252209457377,80.65857349644602,1.0,0.0,0.0,1.0
0,257,32,78.36149411880965,80.3004973504928,1.0,0.0,0.0,1.0
0,257,33,78.71046614304552,79.94242120453957,1.0,0.0,0.0,1.0
0,257,34,79.0594381672814,79.58434505858634,1.0,0.0,0.0,1.0
0,257,35,79.40841019151726,79.22626891263312,1.0,0.0,0.0,1.0
0,257,36,79.75738221575314,78.86819276667988,1.0,0.0,0.0,1.0
0,257,37,80.106354239989,78.51011662072666,1.0,0.0,0.0,1.0
0,257,38,80.45532626422488,78.15204047477343,1.0,0.0,0.0,1.0
0,257,39,80.80429828846076,77.7939643288202,1.0,0.0,0.0,1.0
0,257,40,81.15327031269663,77.43588818286698,1.0,0.0,0.0,1.0
0,257,41,81.5022423369325,77.07781203691374,1.0,0.0,0.0,1.0
0,257,42,81.85121436116837,76.71973589096052,1.0,0.0,0.0,1.0
0,257,43,82.20018638540425,76.36165974500729,1.0,0.0,0.0,1.0
0,257,44,82.54915840964011,76.00358359905405,1.0,0.0,0.0,1.0
0,257,45,82.89813043387599,75.64550745310083,1.0,0.0,0.0,1.0
0,257,46,83.24710245811187,75.28743130714761,1.0,0.0,0.0,1.0
0,257,47,83.59607448234773,74.92935516119438,1.0,0.0,0.0,1.0
0,257,48,83.94504650658361,74.57127901524115,1.0,0.0,0.0,1.0
0,257,49,84.29401853081949,74.21320286928793,1.0,0.0,0.0,1.0
0,257,50,84.64299055505535,73.85512672333469,1.0,0.0,0.0,1.0
0,257,51,84.99196257929123,73.49705057738146,1.0,0.0,0.0,1.0
0,257,52,85.3409346035271,73.13897443142824,1.0,0.0,0.0,1.0
0,257,53,85.68990662776298,72.780898285475,1.0,0.0,0.0,1.0
0,257,54,86.03887865199884,72.42282213952178,1.0,0.0,0.0,1.0
0,257,55,86.38785067623472,72.06474599356855,1.0,0.0,0.0,1.0
0,257,56,86.26157512667784,72.1943158701581,1.0,0.0,0.0,1.0
0,257,57,85.91260310244198,72.55239201611134,1.0,0.0,0.0,1.0
0,257,58,85.5636310782061,72.91046816206457,1.0,0.0,0.0,1.0
0,257,59,85.21465905397022,73.2685443080178,1.0,0.0,0.0,1.0
0,257,60,84.86568702973436,73.62662045397103,1.0,0.0,0.0,1.0
0,257,61,84.51671500549848,73.98469659992425,1.0,0.0,0.0,1.0
0,257,62,84.1677429812626,74.34277274587748,1.0,0.0,0.0,1.0
0,257,63,83.81877095702674,74.7008488918307,1.0,0.0,0.0,1.0
0,257,64,83.46979893279087,75.05892503778394,1.0,0.0,0.0,1.0
0,257,65,83.12082690855499,75.41700118373717,1.0,0.0,0.0,1.0
0,257,66,82.77185488431913,75.77507732969039,1.0,0.0,0.0,1.0
0,257,67,82.42288286008325,76.13315347564362,1.0,0.0,0.0,1.0
0,257,68,82.07391083584737,76.49122962159684,1.0,0.0,0.0,1.0
0,257,69,81.72493881161151,76.84930576755008,1.0,0.0,0.0,1.0
0,257,70,81.37596678737563,77.2073819135033,1.0,0.0,0.0,1.0
0,257,71,81.02699476313975,77.56545805945653,1.0,0.0,0.0,1.0
0,257,72,80.67802273890388,77.92353420540977,1.0,0.0,0.0,1.0
0,257,73,80.32905071466801,78.28161035136299,1.0,0.0,0.0,1.0
0,257,74,79.98007869043214,78.63968649731622,1.0,0.0,0.0,1.0
0,257,75,79.63110666619626,78.99776264326944,1.0,0.0,0.0,1.0
0,257,76,79.2821346419604,79.35583878922267,1.0,0.0,0.0,1.0
0,257,77,78.93316261772452,79.7139149351759,1.0,0.0,0.0,1.0
0,257,78,78.58419059348864,80.07199108112913,1.0,0.0,0.0,1.0
0,257,79,78.23521856925278,80.43006722708236,1.0,0.0,0.0,1.0
0,257,80,77.8862465450169,80.78814337303558,1.0,0.0,0.0,1.0
0,257,81,77.53727452078103,81.14621951898881,1.0,0.0,0.0,1.0
0,257,82,77.18830249654516,81.50429566494203,1.0,0.0,0.0,1.0
0,257,83,76.83933047230929,81.86237181089527,1.0,0.0,0.0,1.0
0,257,84,76.49035844807341,82.2204479568485,1.0,0.0,0.0,1.0
0,257,85,76.14138642383753,82.57852410280172,1.0,0.0,0.0,1.0
0,257,86,75.79241439960167,82.93660024875496,1.0,0.0,0.0,1.0
0,257,87,75.44344237536579,83.29467639470818,1.0,0.0,0.0,1.0
0,257,88,75.09447035112993,83.65275254066141,1.0,0.0,0.0,1.0
0,257,89,74.74549832689405,84.01082868661464,1.0,0.0,0.0,1.0
0,257,90,74.39652630265817,84.36890483256786,1.0,0.0,0.0,1.0
0,257,91,74.0475542784223,84.7269809785211,1.0,0.0,0.0,1.0
0,257,92,73.69858225418643,85.08505712447432,1.0,0.0,0.0,1.0
0,257,93,73.34961022995056,85.44313327042755,1.0,0.0,0.0,1.0
0,257,94,73.00063820571468,85.80120941638077,1.0,0.0,0.0,1.0
0,257,95,72.65166618147882,86.159285562334,1.0,0.0,0.0,1.0
0,257,96,72.30269415724294,86.51736170828724,1.0,0.0,0.0,1.0
0,257,97,71.95372213300706,86.87543785424046,1.0,0.0,0.0,1.0
0,257,98,71.60475010877119,87.2335140001937,1.0,0.0,0.0,1.0
0,257,99,71.25577808453532,87.59159014614691,1.0,0.0,0.0,1.0
0,257,100,70.90680606029944,87.94966629210015,1.0,0.0,0.0,1.0
0,257,101,70.55783403606358,88.30774243805337,1.0,0.0,0.0,1.0
0,257,102,70.2088620118277,88.6658185840066,1.0,0.0,0.0,1.0
0,257,103,69.85988998759183,89.02389472995984,1.0,0.0,0.0,1.0
0,257,104,69.51091796335595,89.38197087591305,1.0,0.0,0.0,1.0
0,257,105,69.16194593912009,89.74004702186629,1.0,0.0,0.0,1.0
0,257,106,68.81297391488421,90.09812316781951,1.0,0.0,0.0,1.0
0,257,107,68.46400189064833,90.45619931377274,1.0,0.0,0.0,1.0
0,257,108,68.11502986641247,90.81427545972596,1.0,0.0,0.0,1.0
0,257,109,67.7660578421766,91.1723516056792,1.0,0.0,0.0,1.0
0,257,110,67.41708581794072,91.53042775163243,1.0,0.0,0.0,1.0
0,258,0,67.1081314086914,91.867919921875,1.0,0.0,0.0,1.0
0,259,0,49.942359924316406,113.55631256103516,1.0,0.0,0.0,1.0
0,259,1,50.252664655288264,113.1642526498781,1.0,0.0,0.0,1.0
0,259,2,50.562969386260114,112.77219273872103,1.0,0.0,0.0,1.0
0,259,3,50.87327411723197,112.38013282756397,1.0,0.0,0.0,1.0
0,259,4,51.18357884820382,111.98807291640689,1.0,0.0,0.0,1.0
0,259,5,51.49388357917567,111.59601300524983,1.0,0.0,0.0,1.0
0,259,6,51.80418831014753,111.20395309409277,1.0,0.0,0.0,1.0
0,259,7,52.11449304111939,110.8118931829357,1.0,0.0,0.0,1.0
0,259,8,52.42479777209124,110.41983327177864,1.0,0.0,0.0,1.0
0,259,9,52.735102503063096,110.02777336062158,1.0,0.0,0.0,1.0
0,259,10,53.04540723403495,109.63571344946452,1.0,0.0,0.0,1.0
0,259,11,53.355711965006805,109.24365353830744,1.0,0.0,0.0,1.0
0,259,12,53.666016695978655,108.85159362715038,1.0,0.0,0.0,1.0
0,259,13,53.976321426950506,108.45953371599332,1.0,0.0,0.0,1.0
0,259,14,54.28662615792236,108.06747380483625,1.0,0.0,0.0,1.0
0,259,15,54.59693088889422,107.67541389367919,1.0,0.0,0.0,1.0
0,259,16,54.90723561986607,107.28335398252213,1.0,0.0,0.0,1.0
0,259,17,55.21754035083792,106.89129407136507,1.0,0.0,0.0,1.0
0,259,18,55.52784508180978,106.49923416020799,1.0,0.0,0.0,1.0
0,259,19,55.83814981278164,106.10717424905093,1.0,0.0,0.0,1.0
0,259,20,56.14845454375349,105.71511433789387,1.0,0.0,0.0,1.0
0,259,21,56.45875927472534,105.3230544267368,1.0,0.0,0.0,1.0
0,259,22,56.769064005697196,104.93099451557974,1.0,0.0,0.0,1.0
0,259,23,57.07936873666905,104.53893460442268,1.0,0.0,0.0,1.0
0,259,24,57.389673467640904,104.14687469326562,1.0,0.0,0.0,1.0
0,259,25,57.699978198612754,103.75481478210854,1.0,0.0,0.0,1.0
0,259,26,58.01028292958461,103.36275487095148,1.0,0.0,0.0,1.0
0,259,27,58.32058766055647,102.97069495979441,1.0,0.0,0.0,1.0
0,259,28,58.63089239152832,102.57863504863735,1.0,0.0,0.0,1.0
0,259,29,58.94119712250017,102.18657513748029,1.0,0.0,0.0,1.0
0,259,30,59.25150185347203,101.79451522632323,1.0,0.0,0.0,1.0
0,259,31,59.561806584443886,101.40245531516615,1.0,0.0,0.0,1.0
0,259,32,59.87211131541574,101.01039540400909,1.0,0.0,0.0,1.0
0,259,33,60.18241604638759,100.61833549285203,1.0,0.0,0.0,1.0
0,259,34,60.492720777359445,100.22627558169496,1.0,0.0,0.0,1.0
0,259,35,60.8030255083313,99.8342156705379,1.0,0.0,0.0,1.0
0,259,36,61.11333023930315,99.44215575938084,1.0,0.0,0.0,1.0
0,259,37,61.423634970275,99.05009584822378,1.0,0.0,0.0,1.0
0,259,38,61.73393970124686,98.65803593706671,1.0,0.0,0.0,1.0
0,259,39,62.04424443221872,98.26597602590964,1.0,0.0,0.0,1.0
0,259,40,62.35454916319057,97.87391611475257,1.0,0.0,0.0,1.0
0,259,41,62.66485389416242,97.48185620359551,1.0,0.0,0.0,1.0
0,259,42,62.97515862513428,97.08979629243845,1.0,0.0,0.0,1.0
0,259,43,63.285463356106135,96.69773638128139,1.0,0.0,0.0,1.0
0,259,44,63.595768087077985,96.30567647012433,1.0,0.0,0.0,1.0
0,259,45,63.906072818049836,95.91361655896725,1.0,0.0,0.0,1.0
0,259,46,64.2163775490217,95.5215566478102,1.0,0.0,0.0,1.0
0,259,47,64.52668227999355,95.12949673665312,1.0,0.0,0.0,1.0
0,259,48,64.8369870109654,94.73743682549606,1.0,0.0,0.0,1.0
0,259,49,65.14729174193725,94.345376914339,1.0,0.0,0.0,1.0
0,259,50,65.4575964729091,93.95331700318194,1.0,0.0,0.0,1.0
0,259,51,65.76790120388097,93.56125709202487,1.0,0.0,0.0,1.0
0,259,52,66.07820593485282,93.16919718086781,1.0,0.0,0.0,1.0
0,259,53,66.38851066582467,92.77713726971075,1.0,0.0,0.0,1.0
0,259,54,66.69881539679653,92.38507735855367,1.0,0.0,0.0,1.0
0,259,55,67.00912012776838,91.99301744739661,1.0,0.0,0.0,1.0
0,259,56,66.89683795864258,92.13488230751045,1.0,0.0,0.0,1.0
0,259,57,66.58653322767073,92.52694221866751,1.0,0.0,0.0,1.0
0,259,58,66.27622849669886,92.91900212982458,1.0,0.0,0.0,1.0
0,259,59,65.96592376572701,93.31106204098164,1.0,0.0,0.0,1.0
0,259,60,65.65561903475516,93.70312195213872,1.0,0.0,0.0,1.0
0,259,61,65.34531430378331,94.09518186329578,1.0,0.0,0.0,1.0
0,259,62,65.03500957281145,94.48724177445284,1.0,0.0,0.0,1.0
0,259,63,64.7247048418396,94.8793016856099,1.0,0.0,0.0,1.0
0,259,64,64.41440011086775,95.27136159676697,1.0,0.0,0.0,1.0
0,259,65,64.1040953798959,95.66342150792403,1.0,0.0,0.0,1.0
0,259,66,63.79379064892404,96.05548141908109,1.0,0.0,0.0,1.0
0,259,67,63.48348591795218,96.44754133023817,1.0,0.0,0.0,1.0
0,259,68,63.17318118698033,96.83960124139523,1.0,0.0,0.0,1.0
0,259,69,62.86287645600848,97.23166115255229,1.0,0.0,0.0,1.0
0,259,70,62.55257172503662,97.62372106370935,1.0,0.0,0.0,1.0
0,259,71,62.242266994064764,98.01578097486642,1.0,0.0,0.0,1.0
0,259,72,61.93196226309291,98.40784088602348,1.0,0.0,0.0,1.0
0,259,73,61.621657532121056,98.79990079718054,1.0,0.0,0.0,1.0
0,259,74,61.311352801149205,99.19196070833762,1.0,0.0,0.0,1.0
0,259,75,61.00104807017735,99.58402061949468,1.0,0.0,0.0,1.0
0,259,76,60.6907433392055,99.97608053065174,1.0,0.0,0.0,1.0
0,259,77,60.380438608233646,100.3681404418088,1.0,0.0,0.0,1.0
0,259,78,60.07013387726179,100.76020035296587,1.0,0.0,0.0,1.0
0,259,79,59.75982914628993,101.15226026412293,1.0,0.0,0.0,1.0
0,259,80,59.44952441531808,101.54432017527999,1.0,0.0,0.0,1.0
0,259,81,59.13921968434623,101.93638008643705,1.0,0.0,0.0,1.0
0,259,82,58.82891495337437,102.32843999759413,1.0,0.0,0.0,1.0
0,259,83,58.518610222402515,102.7204999087512,1.0,0.0,0.0,1.0
0,259,84,58.208305491430664,103.11255981990826,1.0,0.0,0.0,1.0
0,259,85,57.89800076045881,103.50461973106532,1.0,0.0,0.0,1.0
0,259,86,57.587696029486956,103.89667964222238,1.0,0.0,0.0,1.0
0,259,87,57.2773912985151,104.28873955337944,1.0,0.0,0.0,1.0
0,259,88,56.96708656754325,104.68079946453652,1.0,0.0,0.0,1.0
0,259,89,56.65678183657139,105.07285937569358,1.0,0.0,0.0,1.0
0,259,90,56.34647710559954,105.46491928685064,1.0,0.0,0.0,1.0
0,259,91,56.03617237462768,105.8569791980077,1.0,0.0,0.0,1.0
0,259,92,55.72586764365583,106.24903910916477,1.0,0.0,0.0,1.0
0,259,93,55.415562912683974,106.64109902032183,1.0,0.0,0.0,1.0
0,259,94,55.105258181712124,107.0331589314789,1.0,0.0,0.0,1.0
0,259,95,54.794953450740266,107.42521884263596,1.0,0.0,0.0,1.0
0,259,96,54.484648719768416,107.81727875379303,1.0,0.0,0.0,1.0
0,259,97,54.174343988796565,108.2093386649501,1.0,0.0,0.0,1.0
0,259,98,53.86403925782471,108.60139857610716,1.0,0.0,0.0,1.0
0,259,99,53.55373452685285,108.99345848726422,1.0,0.0,0.0,1.0
0,259,100,53.243429795881,109.38551839842128,1.0,0.0,0.0,1.0
0,259,101,52.93312506490915,109.77757830957835,1.0,0.0,0.0,1.0
0,259,102,52.62282033393729,110.16963822073541,1.0,0.0,0.0,1.0
0,259,103,52.31251560296543,110.56169813189248,1.0,0.0,0.0,1.0
0,259,104,52.00221087199358,110.95375804304955,1.0,0.0,0.0,1.0
0,259,105,51.69190614102173,111.34581795420661,1.0,0.0,0.0,1.0
0,259,106,51.381601410049875,111.73787786536367,1.0,0.0,0.0,1.0
0,259,107,51.07129667907802,112.12993777652073,1.0,0.0,0.0,1.0
0,259,108,50.76099194810617,112.52199768767781,1.0,0.0,0.0,1.0
0,259,109,50.450687217134316,112.91405759883486,1.0,0.0,0.0,1.0
0,259,110,50.14038248616246,113.30611750999194,1.0,0.0,0.0,1.0
0,260,0,49.86776351928711,113.67359161376953,1.0,0.0,0.0,1.0
0,261,0,35.022987365722656,137.0120391845703,1.0,0.0,0.0,1.0
0,261,1,35.291335513426695,136.59015143691246,1.0,0.0,0.0,1.0
0,261,2,35.559683661130734,136.16826368925462,1.0,0.0,0.0,1.0
0,261,3,35.82803180883477,135.74637594159677,1.0,0.0,0.0,1.0
0,261,4,36.09637995653881,135.32448819393892,1.0,0.0,0.0,1.0
0,261,5,36.36472810424285,134.90260044628107,1.0,0.0,0.0,1.0
0,261,6,36.63307625194689,134.48071269862322,1.0,0.0,0.0,1.0
0,261,7,36.90142439965093,134.05882495096537,1.0,0.0,0.0,1.0
0,261,8,37.16977254735497,133.63693720330753,1.0,0.0,0.0,1.0
0,261,9,37.43812069505901,133.21504945564968,1.0,0.0,0.0,1.0
0,261,10,37.70646884276305,132.79316170799186,1.0,0.0,0.0,1.0
0,261,11,37.97481699046709,132.371273960334,1.0,0.0,0.0,1.0
0,261,12,38.24316513817113,131.94938621267616,1.0,0.0,0.0,1.0
0,261,13,38.51151328587517,131.5274984650183,1.0,0.0,0.0,1.0
0,261,14,38.77986143357921,131.10561071736046,1.0,0.0,0.0,1.0
0,261,15,39.048209581283245,130.68372296970261,1.0,0.0,0.0,1.0
0,261,16,39.316557728987284,130.26183522204477,1.0,0.0,0.0,1.0
0,261,17,39.58490587669132,129.83994747438692,1.0,0.0,0.0,1.0
0,261,18,39.85325402439536,129.41805972672907,1.0,0.0,0.0,1.0
0,261,19,40.1216021720994,128.99617197907122,1.0,0.0,0.0,1.0
0,261,20,40.38995031980344,128.57428423141337,1.0,0.0,0.0,1.0
0,261,21,40.65829846750748,128.15239648375552,1.0,0.0,0.0,1.0
0,261,22,40.92664661521152,127.73050873609768,1.0,0.0,0.0,1.0
0,261,23,41.194994762915556,127.30862098843983,1.0,0.0,0.0,1.0
0,261,24,41.4633429106196,126.88673324078198,1.0,0.0,0.0,1.0
0,261,25,41.731691058323634,126.46484549312413,1.0,0.0,0.0,1.0
0,261,26,42.00003920602768,126.0429577454663,1.0,0.0,0.0,1.0
0,261,27,42.26838735373172,125.62106999780845,1.0,0.0,0.0,1.0
0,261,28,42.53673550143576,125.1991822501506,1.0,0.0,0.0,1.0
0,261,29,42.805083649139796,124.77729450249275,1.0,0.0,0.0,1.0
0,261,30,43.073431796843835,124.3554067548349,1.0,0.0,0.0,1.0
0,261,31,43.34177994454787,123.93351900717705,1.0,0.0,0.0,1.0
0,261,32,43.61012809225191,123.5116312595192,1.0,0.0,0.0,1.0
0,261,33,43.87847623995595,123.08974351186136,1.0,0.0,0.0,1.0
0,261,34,44.14682438765999,122.66785576420352,1.0,0.0,0.0,1.0
0,261,35,44.41517253536403,122.24596801654567,1.0,0.0,0.0,1.0
0,261,36,44.68352068306807,121.82408026888783,1.0,0.0,0.0,1.0
0,261,37,44.951868830772106,121.40219252122998,1.0,0.0,0.0,1.0
0,261,38,45.220216978476145,120.98030477357213,1.0,0.0,0.0,1.0
0,261,39,45.48856512618019,120.55841702591428,1.0,0.0,0.0,1.0
0,261,40,45.75691327388422,120.13652927825643,1.0,0.0,0.0,1.0
0,261,41,46.02526142158827,119.71464153059858,1.0,0.0,0.0,1.0
0,261,42,46.2936095692923,119.29275378294074,1.0,0.0,0.0,1.0
0,261,43,46.561957716996346,118.87086603528289,1.0,0.0,0.0,1.0
0,261,44,46.830305864700385,118.44897828762504,1.0,0.0,0.0,1.0
0,261,45,47.098654012404424,118.0270905399672,1.0,0.0,0.0,1.0
0,261,46,47.36700216010846,117.60520279230936,1.0,0.0,0.0,1.0
0,261,47,47.6353503078125,117.18331504465151,1.0,0.0,0.0,1.0
0,261,48,47.90369845551654,116.76142729699366,1.0,0.0,0.0,1.0
0,261,49,48.17204660322058,116.33953954933581,1.0,0.0,0.0,1.0
0,261,50,48.44039475092462,115.91765180167796,1.0,0.0,0.0,1.0
0,261,51,48.70874289862866,115.49576405402011,1.0,0.0,0.0,1.0
0,261,52,48.977091046332696,115.07387630636227,1.0,0.0,0.0,1.0
0,261,53,49.245439194036734,114.65198855870443,1.0,0.0,0.0,1.0
0,261,54,49.51378734174077,114.23010081104658,1.0,0.0,0.0,1.0
0,261,55,49.78213548944481,113.80821306338873,1.0,0.0,0.0,1.0
0,261,56,49.68504340142537,113.96085791180818,1.0,0.0,0.0,1.0
0,261,57,49.41669525372133,114.38274565946602,1.0,0.0,0.0,1.0
0,261,58,49.14834710601728,114.80463340712387,1.0,0.0,0.0,1.0
0,261,59,48.879998958313244,115.22652115478172,1.0,0.0,0.0,1.0
0,261,60,48.611650810609206,115.64840890243957,1.0,0.0,0.0,1.0
0,261,61,48.34330266290517,116.07029665009742,1.0,0.0,0.0,1.0
0,261,62,48.07495451520113,116.49218439775527,1.0,0.0,0.0,1.0
0,261,63,47.80660636749709,116.91407214541312,1.0,0.0,0.0,1.0
0,261,64,47.53825821979305,117.33595989307095,1.0,0.0,0.0,1.0
0,261,65,47.26991007208901,117.7578476407288,1.0,0.0,0.0,1.0
0,261,66,47.00156192438497,118.17973538838665,1.0,0.0,0.0,1.0
0,261,67,46.733213776680934,118.6016231360445,1.0,0.0,0.0,1.0
0,261,68,46.464865628976895,119.02351088370234,1.0,0.0,0.0,1.0
0,261,69,46.196517481272856,119.44539863136019,1.0,0.0,0.0,1.0
0,261,70,45.92816933356882,119.86728637901804,1.0,0.0,0.0,1.0
0,261,71,45.65982118586478,120.28917412667589,1.0,0.0,0.0,1.0
0,261,72,45.39147303816074,120.71106187433374,1.0,0.0,0.0,1.0
0,261,73,45.123124890456694,121.13294962199157,1.0,0.0,0.0,1.0
0,261,74,44.854776742752655,121.55483736964942,1.0,0.0,0.0,1.0
0,261,75,44.586428595048616,121.97672511730727,1.0,0.0,0.0,1.0
0,261,76,44.31808044734458,122.39861286496512,1.0,0.0,0.0,1.0
0,261,77,44.04973229964054,122.82050061262296,1.0,0.0,0.0,1.0
0,261,78,43.7813841519365,123.24238836028081,1.0,0.0,0.0,1.0
0,261,79,43.51303600423246,123.66427610793866,1.0,0.0,0.0,1.0
0,261,80,43.24468785652842,124.08616385559651,1.0,0.0,0.0,1.0
0,261,81,42.97633970882438,124.50805160325436,1.0,0.0,0.0,1.0
0,261,82,42.707991561120345,124.9299393509122,1.0,0.0,0.0,1.0
0,261,83,42.439643413416306,125.35182709857006,1.0,0.0,0.0,1.0
0,261,84,42.17129526571227,125.77371484622789,1.0,0.0,0.0,1.0
0,261,85,41.90294711800823,126.19560259388574,1.0,0.0,0.0,1.0
0,261,86,41.63459897030419,126.61749034154359,1.0,0.0,0.0,1.0
0,261,87,41.36625082260015,127.03937808920143,1.0,0.0,0.0,1.0
0,261,88,41.09790267489611,127.46126583685928,1.0,0.0,0.0,1.0
0,261,89,40.82955452719207,127.88315358451713,1.0,0.0,0.0,1.0
0,261,90,40.56120637948803,128.30504133217497,1.0,0.0,0.0,1.0
0,261,91,40.292858231783995,128.72692907983281,1.0,0.0,0.0,1.0
0,261,92,40.02451008407995,129.14881682749066,1.0,0.0,0.0,1.0
0,261,93,39.75616193637591,129.5707045751485,1.0,0.0,0.0,1.0
0,261,94,39.48781378867187,129.99259232280636,1.0,0.0,0.0,1.0
0,261,95,39.21946564096783,130.4144800704642,1.0,0.0,0.0,1.0
0,261,96,38.951117493263794,130.83636781812206,1.0,0.0,0.0,1.0
0,261,97,38.682769345559755,131.2582555657799,1.0,0.0,0.0,1.0
0,261,98,38.41442119785572,131.68014331343775,1.0,0.0,0.0,1.0
0,261,99,38.14607305015168,132.1020310610956,1.0,0.0,0.0,1.0
0,261,100,37.87772490244764,132.52391880875345,1.0,0.0,0.0,1.0
0,261,101,37.6093767547436,132.9458065564113,1.0,0.0,0.0,1.0
0,261,102,37.34102860703956,133.36769430406915,1.0,0.0,0.0,1.0
0,261,103,37.072680459335515,133.789582051727,1.0,0.0,0.0,1.0
0,261,104,36.804332311631484,134.21146979938484,1.0,0.0,0.0,1.0
0,261,105,36.535984163927445,134.6333575470427,1.0,0.0,0.0,1.0
0,261,106,36.267636016223406,135.0552452947005,1.0,0.0,0.0,1.0
0,261,107,35.99928786851936,135.4771330423584,1.0,0.0,0.0,1.0
0,261,108,35.73093972081533,135.8990207900162,1.0,0.0,0.0,1.0
0,261,109,35.46259157311128,136.32090853767406,1.0,0.0,0.0,1.0
0,261,110,35.194243425407244,136.7427962853319,1.0,0.0,0.0,1.0
0,262,0,34.960845947265625,137.13636779785156,1.0,0.0,0.0,1.0
0,263,0,22.594451904296875,161.87745666503906,1.0,0.0,0.0,1.0
0,263,1,22.817998678886354,161.43021306299354,1.0,0.0,0.0,1.0
0,263,2,23.041545453475834,160.98296946094806,1.0,0.0,0.0,1.0
0,263,3,23.265092228065313,160.53572585890254,1.0,0.0,0.0,1.0
0,263,4,23.488639002654793,160.08848225685702,1.0,0.0,0.0,1.0
0,263,5,23.712185777244272,159.64123865481153,1.0,0.0,0.0,1.0
0,263,6,23.935732551833752,159.193995052766,1.0,0.0,0.0,1.0
0,263,7,24.159279326423235,158.74675145072052,1.0,0.0,0.0,1.0
0,263,8,24.382826101012714,158.299507848675,1.0,0.0,0.0,1.0
0,263,9,24.606372875602194,157.8522642466295,1.0,0.0,0.0,1.0
0,263,10,24.829919650191673,157.405020644584,1.0,0.0,0.0,1.0
0,263,11,25.053466424781153,156.95777704253848,1.0,0.0,0.0,1.0
0,263,12,25.277013199370632,156.51053344049296,1.0,0.0,0.0,1.0
0,263,13,25.50055997396011,156.06328983844747,1.0,0.0,0.0,1.0
0,263,14,25.72410674854959,155.61604623640196,1.0,0.0,0.0,1.0
0,263,15,25.94765352313907,155.16880263435644,1.0,0.0,0.0,1.0
0,263,16,26.17120029772855,154.72155903231095,1.0,0.0,0.0,1.0
0,263,17,26.39474707231803,154.27431543026543,1.0,0.0,0.0,1.0
0,263,18,26.618293846907513,153.8270718282199,1.0,0.0,0.0,1.0
0,263,19,26.841840621496992,153.37982822617442,1.0,0.0,0.0,1.0
0,263,20,27.06538739608647,152.9325846241289,1.0,0.0,0.0,1.0
0,263,21,27.28893417067595,152.4853410220834,1.0,0.0,0.0,1.0
0,263,22,27.51248094526543,152.0380974200379,1.0,0.0,0.0,1.0
0,263,23,27.73602771985491,151.59085381799238,1.0,0.0,0.0,1.0
0,263,24,27.95957449444439,151.1436102159469,1.0,0.0,0.0,1.0
0,263,25,28.18312126903387,150.69636661390138,1.0,0.0,0.0,1.0
0,263,26,28.40666804362335,150.24912301185586,1.0,0.0,0.0,1.0
0,263,27,28.630214818212828,149.80187940981037,1.0,0.0,0.0,1.0
0,263,28,28.853761592802307,149.35463580776485,1.0,0.0,0.0,1.0
0,263,29,29.077308367391787,148.90739220571933,1.0,0.0,0.0,1.0
0,263,30,29.300855141981266,148.46014860367384,1.0,0.0,0.0,1.0
0,263,31,29.524401916570746,148.01290500162833,1.0,0.0,0.0,1.0
0,263,32,29.747948691160225,147.56566139958284,1.0,0.0,0.0,1.0
0,263,33,29.971495465749708,147.11841779753732,1.0,0.0,0.0,1.0
0,263,34,30.195042240339188,146.6711741954918,1.0,0.0,0.0,1.0
0,263,35,30.418589014928667,146.2239305934463,1.0,0.0,0.0,1.0
0,263,36,30.642135789518147,145.7766869914008,1.0,0.0,0.0,1.0
0,263,37,30.865682564107626,145.32944338935528,1.0,0.0,0.0,1.0
0,263,38,31.089229338697105,144.8821997873098,1.0,0.0,0.0,1.0
0,263,39,31.312776113286585,144.43495618526427,1.0,0.0,0.0,1.0
0,263,40,31.536322887876064,143.98771258321875,1.0,0.0,0.0,1.0
0,263,41,31.759869662465544,143.54046898117326,1.0,0.0,0.0,1.0
0,263,42,31.983416437055027,143.09322537912774,1.0,0.0,0.0,1.0
0,263,43,32.206963211644506,142.64598177708223,1.0,0.0,0.0,1.0
0,263,44,32.430509986233986,142.19873817503674,1.0,0.0,0.0,1.0
0,263,45,32.654056760823465,141.75149457299122,1.0,0.0,0.0,1.0
0,263,46,32.877603535412945,141.3042509709457,1.0,0.0,0.0,1.0
0,263,47,33.101150310002424,140.8570073689002,1.0,0.0,0.0,1.0
0,263,48,33.324697084591904,140.4097637668547,1.0,0.0,0.0,1.0
0,263,49,33.54824385918138,139.96252016480918,1.0,0.0,0.0,1.0
0,263,50,33.77179063377086,139.5152765627637,1.0,0.0,0.0,1.0
0,263,51,33.99533740836034,139.06803296071817,1.0,0.0,0.0,1.0
0,263,52,34.21888418294982,138.62078935867265,1.0,0.0,0.0,1.0
0,263,53,34.4424309575393,138.17354575662716,1.0,0.0,0.0,1.0
0,263,54,34.66597773212878,137.72630215458165,1.0,0.0,0.0,1.0
0,263,55,34.88952450671826,137.27905855253616,1.0,0.0,0.0,1.0
0,263,56,34.80862061322351,137.4409206452125,1.0,0.0,0.0,1.0
0,263,57,34.58507383863403,137.888164247258,1.0,0.0,0.0,1.0
0,263,58,34.36152706404455,138.3354078493035,1.0,0.0,0.0,1.0
0,263,59,34.13798028945507,138.782651451349,1.0,0.0,0.0,1.0
0,263,60,33.91443351486559,139.22989505339453,1.0,0.0,0.0,1.0
0,263,61,33.69088674027611,139.67713865544002,1.0,0.0,0.0,1.0
0,263,62,33.467339965686634,140.12438225748554,1.0,0.0,0.0,1.0
0,263,63,33.243793191097154,140.57162585953103,1.0,0.0,0.0,1.0
0,263,64,33.02024641650767,141.01886946157654,1.0,0.0,0.0,1.0
0,263,65,32.79669964191819,141.46611306362206,1.0,0.0,0.0,1.0
0,263,66,32.57315286732871,141.91335666566755,1.0,0.0,0.0,1.0
0,263,67,32.34960609273923,142.36060026771307,1.0,0.0,0.0,1.0
0,263,68,32.12605931814975,142.80784386975859,1.0,0.0,0.0,1.0
0,263,69,31.90251254356027,143.25508747180407,1.0,0.0,0.0,1.0
0,263,70,31.67896576897079,143.7023310738496,1.0,0.0,0.0,1.0
0,263,71,31.45541899438131,144.1495746758951,1.0,0.0,0.0,1.0
0,263,72,31.231872219791832,144.5968182779406,1.0,0.0,0.0,1.0
0,263,73,31.008325445202352,145.04406187998612,1.0,0.0,0.0,1.0
0,263,74,30.784778670612873,145.49130548203163,1.0,0.0,0.0,1.0
0,263,75,30.561231896023394,145.93854908407712,1.0,0.0,0.0,1.0
0,263,76,30.337685121433914,146.38579268612264,1.0,0.0,0.0,1.0
0,263,77,30.114138346844435,146.83303628816816,1.0,0.0,0.0,1.0
0,263,78,29.890591572254955,147.28027989021365,1.0,0.0,0.0,1.0
0,263,79,29.667044797665476,147.72752349225917,1.0,0.0,0.0,1.0
0,263,80,29.443498023075996,148.17476709430466,1.0,0.0,0.0,1.0
0,263,81,29.219951248486517,148.62201069635017,1.0,0.0,0.0,1.0
0,263,82,28.996404473897037,149.0692542983957,1.0,0.0,0.0,1.0
0,263,83,28.772857699307558,149.51649790044118,1.0,0.0,0.0,1.0
0,263,84,28.549310924718075,149.9637415024867,1.0,0.0,0.0,1.0
0,263,85,28.325764150128595,150.41098510453222,1.0,0.0,0.0,1.0
0,263,86,28.102217375539116,150.8582287065777,1.0,0.0,0.0,1.0
0,263,87,27.878670600949636,151.30547230862322,1.0,0.0,0.0,1.0
0,263,88,27.655123826360157,151.75271591066874,1.0,0.0,0.0,1.0
0,263,89,27.431577051770677,152.19995951271423,1.0,0.0,0.0,1.0
0,263,90,27.208030277181198,152.64720311475975,1.0,0.0,0.0,1.0
0,263,91,26.98448350259172,153.09444671680524,1.0,0.0,0.0,1.0
0,263,92,26.760936728002235,153.54169031885075,1.0,0.0,0.0,1.0
0,263,93,26.537389953412756,153.98893392089627,1.0,0.0,0.0,1.0
0,263,94,26.313843178823277,154.43617752294176,1.0,0.0,0.0,1.0
0,263,95,26.090296404233797,154.88342112498728,1.0,0.0,0.0,1.0
0,263,96,25.866749629644318,155.3306647270328,1.0,0.0,0.0,1.0
0,263,97,25.643202855054838,155.7779083290783,1.0,0.0,0.0,1.0
0,263,98,25.41965608046536,156.2251519311238,1.0,0.0,0.0,1.0
0,263,99,25.19610930587588,156.67239553316932,1.0,0.0,0.0,1.0
0,263,100,24.9725625312864,157.1196391352148,1.0,0.0,0.0,1.0
0,263,101,24.74901575669692,157.56688273726033,1.0,0.0,0.0,1.0
0,263,102,24.52546898210744,158.01412633930585,1.0,0.0,0.0,1.0
0,263,103,24.30192220751796,158.46136994135134,1.0,0.0,0.0,1.0
0,263,104,24.078375432928482,158.90861354339685,1.0,0.0,0.0,1.0
0,263,105,23.854828658339002,159.35585714544237,1.0,0.0,0.0,1.0
0,263,106,23.631281883749523,159.80310074748786,1.0,0.0,0.0,1.0
0,263,107,23.407735109160043,160.25034434953338,1.0,0.0,0.0,1.0
0,263,108,23.184188334570564,160.6975879515789,1.0,0.0,0.0,1.0
0,263,109,22.960641559981084,161.14483155362439,1.0,0.0,0.0,1.0
0,263,110,22.7370947853916,161.5920751556699,1.0,0.0,0.0,1.0
0,264,0,22.545421600341797,162.00750732421875,1.0,0.0,0.0,1.0
0,265,0,12.788444519042969,187.88900756835938,1.0,0.0,0.0,1.0
0,265,1,12.964820804941764,187.42114925030512,1.0,0.0,0.0,1.0
0,265,2,13.141197090840558,186.9532909322509,1.0,0.0,0.0,1.0
0,265,3,13.317573376739354,186.48543261419664,1.0,0.0,0.0,1.0
0,265,4,13.49394966263815,186.01757429614239,1.0,0.0,0.0,1.0
0,265,5,13.670325948536943,185.54971597808816,1.0,0.0,0.0,1.0
0,265,6,13.846702234435739,185.0818576600339,1.0,0.0,0.0,1.0
0,265,7,14.023078520334535,184.61399934197968,1.0,0.0,0.0,1.0
0,265,8,14.199454806233328,184.14614102392542,1.0,0.0,0.0,1.0
0,265,9,14.375831092132124,183.67828270587117,1.0,0.0,0.0,1.0
0,265,10,14.55220737803092,183.21042438781694,1.0,0.0,0.0,1.0
0,265,11,14.728583663929713,182.7425660697627,1.0,0.0,0.0,1.0
0,265,12,14.904959949828509,182.27470775170843,1.0,0.0,0.0,1.0
0,265,13,15.081336235727305,181.8068494336542,1.0,0.0,0.0,1.0
0,265,14,15.257712521626098,181.33899111559995,1.0,0.0,0.0,1.0
0,265,15,15.434088807524894,180.8711327975457,1.0,0.0,0.0,1.0
0,265,16,15.61046509342369,180.40327447949147,1.0,0.0,0.0,1.0
0,265,17,15.786841379322485,179.93541616143722,1.0,0.0,0.0,1.0
0,265,18,15.96321766522128,179.46755784338296,1.0,0.0,0.0,1.0
0,265,19,16.139593951120073,178.99969952532874,1.0,0.0,0.0,1.0
0,265,20,16.31597023701887,178.53184120727448,1.0,0.0,0.0,1.0
0,265,21,16.492346522917664,178.06398288922026,1.0,0.0,0.0,1.0
0,265,22,16.668722808816458,177.596124571166,1.0,0.0,0.0,1.0
0,265,23,16.845099094715255,177.12826625311175,1.0,0.0,0.0,1.0
0,265,24,17.02147538061405,176.66040793505752,1.0,0.0,0.0,1.0
0,265,25,17.197851666512843,176.19254961700327,1.0,0.0,0.0,1.0
0,265,26,17.37422795241164,175.724691298949,1.0,0.0,0.0,1.0
0,265,27,17.550604238310434,175.25683298089479,1.0,0.0,0.0,1.0
0,265,28,17.726980524209228,174.78897466284053,1.0,0.0,0.0,1.0
0,265,29,17.903356810108026,174.32111634478628,1.0,0.0,0.0,1.0
0,265,30,18.07973309600682,173.85325802673205,1.0,0.0,0.0,1.0
0,265,31,18.256109381905617,173.3853997086778,1.0,0.0,0.0,1.0
0,265,32,18.43248566780441,172.91754139062357,1.0,0.0,0.0,1.0
0,265,33,18.608861953703205,172.44968307256931,1.0,0.0,0.0,1.0
0,265,34,18.785238239602002,171.98182475451506,1.0,0.0,0.0,1.0
0,265,35,18.961614525500796,171.51396643646083,1.0,0.0,0.0,1.0
0,265,36,19.13799081139959,171.04610811840658,1.0,0.0,0.0,1.0
0,265,37,19.314367097298387,170.57824980035232,1.0,0.0,0.0,1.0
0,265,38,19.490743383197177,170.1103914822981,1.0,0.0,0.0,1.0
0,265,39,19.667119669095975,169.64253316424384,1.0,0.0,0.0,1.0
0,265,40,19.84349595499477,169.1746748461896,1.0,0.0,0.0,1.0
0,265,41,20.019872240893566,168.70681652813536,1.0,0.0,0.0,1.0
0,265,42,20.19624852679236,168.2389582100811,1.0,0.0,0.0,1.0
0,265,43,20.372624812691154,167.77109989202688,1.0,0.0,0.0,1.0
0,265,44,20.54900109858995,167.30324157397263,1.0,0.0,0.0,1.0
0,265,45,20.725377384488745,166.83538325591837,1.0,0.0,0.0,1.0
0,265,46,20.901753670387542,166.36752493786412,1.0,0.0,0.0,1.0
0,265,47,21.078129956286332,165.8996666198099,1.0,0.0,0.0,1.0
0,265,48,21.25450624218513,165.43180830175564,1.0,0.0,0.0,1.0
0,265,49,21.430882528083927,164.9639499837014,1.0,0.0,0.0,1.0
0,265,50,21.607258813982718,164.49609166564716,1.0,0.0,0.0,1.0
0,265,51,21.783635099881515,164.0282333475929,1.0,0.0,0.0,1.0
0,265,52,21.960011385780312,163.56037502953868,1.0,0.0,0.0,1.0
0,265,53,22.136387671679103,163.09251671148442,1.0,0.0,0.0,1.0
0,265,54,22.3127639575779,162.62465839343017,1.0,0.0,0.0,1.0
0,265,55,22.489140243476697,162.15680007537594,1.0,0.0,0.0,1.0
0,265,56,22.425326671308103,162.3260728911158,1.0,0.0,0.0,1.0
0,265,57,22.24895038540931,162.79393120917007,1.0,0.0,0.0,1.0
0,265,58,22.072574099510515,163.2617895272243,1.0,0.0,0.0,1.0
0,265,59,21.896197813611717,163.72964784527855,1.0,0.0,0.0,1.0
0,265,60,21.719821527712924,164.19750616333278,1.0,0.0,0.0,1.0
0,265,61,21.54344524181413,164.66536448138703,1.0,0.0,0.0,1.0
0,265,62,21.367068955915332,165.13322279944128,1.0,0.0,0.0,1.0
0,265,63,21.19069267001654,165.6010811174955,1.0,0.0,0.0,1.0
0,265,64,21.014316384117745,166.06893943554977,1.0,0.0,0.0,1.0
0,265,65,20.837940098218947,166.53679775360402,1.0,0.0,0.0,1.0
0,265,66,20.661563812320153,167.00465607165825,1.0,0.0,0.0,1.0
0,265,67,20.485187526421356,167.4725143897125,1.0,0.0,0.0,1.0
0,265,68,20.308811240522562,167.94037270776676,1.0,0.0,0.0,1.0
0,265,69,20.13243495462377,168.40823102582098,1.0,0.0,0.0,1.0
0,265,70,19.95605866872497,168.87608934387524,1.0,0.0,0.0,1.0
0,265,71,19.779682382826177,169.34394766192946,1.0,0.0,0.0,1.0
0,265,72,19.603306096927383,169.81180597998372,1.0,0.0,0.0,1.0
0,265,73,19.42692981102859,170.27966429803797,1.0,0.0,0.0,1.0
0,265,74,19.250553525129792,170.7475226160922,1.0,0.0,0.0,1.0
0,265,75,19.074177239231,171.21538093414645,1.0,0.0,0.0,1.0
0,265,76,18.8978009533322,171.6832392522007,1.0,0.0,0.0,1.0
0,265,77,18.721424667433407,172.15109757025493,1.0,0.0,0.0,1.0
0,265,78,18.545048381534613,172.6189558883092,1.0,0.0,0.0,1.0
0,265,79,18.368672095635816,173.08681420636344,1.0,0.0,0.0,1.0
0,265,80,18.192295809737022,173.55467252441767,1.0,0.0,0.0,1.0
0,265,81,18.015919523838228,174.02253084247192,1.0,0.0,0.0,1.0
0,265,82,17.839543237939434,174.49038916052615,1.0,0.0,0.0,1.0
0,265,83,17.663166952040637,174.9582474785804,1.0,0.0,0.0,1.0
0,265,84,17.486790666141843,175.42610579663466,1.0,0.0,0.0,1.0
0,265,85,17.31041438024305,175.89396411468888,1.0,0.0,0.0,1.0
0,265,86,17.134038094344252,176.36182243274314,1.0,0.0,0.0,1.0
0,265,87,16.957661808445458,176.8296807507974,1.0,0.0,0.0,1.0
0,265,88,16.78128552254666,177.29753906885162,1.0,0.0,0.0,1.0
0,265,89,16.604909236647867,177.76539738690587,1.0,0.0,0.0,1.0
0,265,90,16.428532950749073,178.23325570496013,1.0,0.0,0.0,1.0
0,265,91,16.252156664850276,178.70111402301436,1.0,0.0,0.0,1.0
0,265,92,16.07578037895148,179.1689723410686,1.0,0.0,0.0,1.0
0,265,93,15.899404093052688,179.63683065912286,1.0,0.0,0.0,1.0
0,265,94,15.723027807153892,180.1046889771771,1.0,0.0,0.0,1.0
0,265,95,15.546651521255097,180.57254729523135,1.0,0.0,0.0,1.0
0,265,96,15.370275235356303,181.0404056132856,1.0,0.0,0.0,1.0
0,265,97,15.193898949457509,181.50826393133983,1.0,0.0,0.0,1.0
0,265,98,15.017522663558712,181.97612224939408,1.0,0.0,0.0,1.0
0,265,99,14.841146377659918,182.4439805674483,1.0,0.0,0.0,1.0
0,265,100,14.664770091761122,182.91183888550256,1.0,0.0,0.0,1.0
0,265,101,14.488393805862327,183.37969720355682,1.0,0.0,0.0,1.0
0,265,102,14.312017519963533,183.84755552161104,1.0,0.0,0.0,1.0
0,265,103,14.135641234064737,184.3154138396653,1.0,0.0,0.0,1.0
0,265,104,13.959264948165941,184.78327215771955,1.0,0.0,0.0,1.0
0,265,105,13.782888662267146,185.25113047577378,1.0,0.0,0.0,1.0
0,265,106,13.606512376368352,185.71898879382803,1.0,0.0,0.0,1.0
0,265,107,13.430136090469558,186.1868471118823,1.0,0.0,0.0,1.0
0,265,108,13.253759804570763,186.6547054299365,1.0,0.0,0.0,1.0
0,265,109,13.077383518671967,187.12256374799077,1.0,0.0,0.0,1.0
0,265,110,12.901007232773171,187.590422066045,1.0,0.0,0.0,1.0
0,266,0,12.753046989440918,188.02342224121094,1.0,0.0,0.0,1.0
0,267,0,5.708962440490723,214.7709503173828,1.0,0.0,0.0,1.0
0,267,1,5.836298037596875,214.28743646472745,1.0,0.0,0.0,1.0
0,267,2,5.9636336347030285,213.8039226120721,1.0,0.0,0.0,1.0
0,267,3,6.090969231809181,213.32040875941675,1.0,0.0,0.0,1.0
0,267,4,6.2183048289153335,212.83689490676142,1.0,0.0,0.0,1.0
0,267,5,6.345640426021487,212.35338105410605,1.0,0.0,0.0,1.0
0,267,6,6.472976023127639,211.86986720145072,1.0,0.0,0.0,1.0
0,267,7,6.600311620233793,211.38635334879535,1.0,0.0,0.0,1.0
0,267,8,6.727647217339945,210.90283949614002,1.0,0.0,0.0,1.0
0,267,9,6.854982814446098,210.41932564348465,1.0,0.0,0.0,1.0
0,267,10,6.982318411552251,209.93581179082932,1.0,0.0,0.0,1.0
0,267,11,7.109654008658404,209.45229793817396,1.0,0.0,0.0,1.0
0,267,12,7.236989605764556,208.96878408551862,1.0,0.0,0.0,1.0
0,267,13,7.364325202870709,208.48527023286326,1.0,0.0,0.0,1.0
0,267,14,7.491660799976862,208.00175638020792,1.0,0.0,0.0,1.0
0,267,15,7.618996397083015,207.51824252755256,1.0,0.0,0.0,1.0
0,267,16,7.746331994189168,207.03472867489722,1.0,0.0,0.0,1.0
0,267,17,7.87366759129532,206.55121482224186,1.0,0.0,0.0,1.0
0,267,18,8.001003188401473,206.06770096958653,1.0,0.0,0.0,1.0
0,267,19,8.128338785507626,205.58418711693116,1.0,0.0,0.0,1.0
0,267,20,8.25567438261378,205.10067326427583,1.0,0.0,0.0,1.0
0,267,21,8.383009979719931,204.61715941162046,1.0,0.0,0.0,1.0
0,267,22,8.510345576826085,204.1336455589651,1.0,0.0,0.0,1.0
0,267,23,8.637681173932236,203.65013170630976,1.0,0.0,0.0,1.0
0,267,24,8.76501677103839,203.1666178536544,1.0,0.0,0.0,1.0
0,267,25,8.892352368144543,202.68310400099907,1.0,0.0,0.0,1.0
0,267,26,9.019687965250695,202.1995901483437,1.0,0.0,0.0,1.0
0,267,27,9.147023562356848,201.71607629568837,1.0,0.0,0.0,1.0
0,267,28,9.274359159463001,201.232562443033,1.0,0.0,0.0,1.0
0,267,29,9.401694756569153,200.74904859037767,1.0,0.0,0.0,1.0
0,267,30,9.529030353675306,200.2655347377223,1.0,0.0,0.0,1.0
0,267,31,9.65636595078146,199.78202088506697,1.0,0.0,0.0,1.0
0,267,32,9.783701547887613,199.2985070324116,1.0,0.0,0.0,1.0
0,267,33,9.911037144993765,198.81499317975627,1.0,0.0,0.0,1.0
0,267,34,10.038372742099916,198.3314793271009,1.0,0.0,0.0,1.0
0,267,35,10.16570833920607,197.84796547444557,1.0,0.0,0.0,1.0
0,267,36,10.293043936312223,197.3644516217902,1.0,0.0,0.0,1.0
0,267,37,10.420379533418377,196.88093776913487,1.0,0.0,0.0,1.0
0,267,38,10.54771513052453,196.3974239164795,1.0,0.0,0.0,1.0
0,267,39,10.675050727630683,195.91391006382418,1.0,0.0,0.0,1.0
0,267,40,10.802386324736835,195.4303962111688,1.0,0.0,0.0,1.0
0,267,41,10.929721921842987,194.94688235851345,1.0,0.0,0.0,1.0
0,267,42,11.05705751894914,194.4633685058581,1.0,0.0,0.0,1.0
0,267,43,11.184393116055293,193.97985465320275,1.0,0.0,0.0,1.0
0,267,44,11.311728713161447,193.49634080054742,1.0,0.0,0.0,1.0
0,267,45,11.4390643102676,193.01282694789205,1.0,0.0,0.0,1.0
0,267,46,11.566399907373752,192.52931309523672,1.0,0.0,0.0,1.0
0,267,47,11.693735504479903,192.04579924258135,1.0,0.0,0.0,1.0
0,267,48,11.821071101586057,191.56228538992602,1.0,0.0,0.0,1.0
0,267,49,11.94840669869221,191.07877153727065,1.0,0.0,0.0,1.0
0,267,50,12.075742295798364,190.59525768461532,1.0,0.0,0.0,1.0
0,267,51,12.203077892904515,190.11174383195996,1.0,0.0,0.0,1.0
0,267,52,12.330413490010667,189.62822997930462,1.0,0.0,0.0,1.0
0,267,53,12.45774908711682,189.14471612664926,1.0,0.0,0.0,1.0
0,267,54,12.585084684222974,188.66120227399392,1.0,0.0,0.0,1.0
0,267,55,12.712420281329127,188.17768842133856,1.0,0.0,0.0,1.0
0,267,56,12.666338100446556,188.35266991373865,1.0,0.0,0.0,1.0
0,267,57,12.539002503340404,188.83618376639402,1.0,0.0,0.0,1.0
0,267,58,12.41166690623425,189.31969761904935,1.0,0.0,0.0,1.0
0,267,59,12.284331309128097,189.8032114717047,1.0,0.0,0.0,1.0
0,267,60,12.156995712021946,190.28672532436005,1.0,0.0,0.0,1.0
0,267,61,12.029660114915792,190.7702391770154,1.0,0.0,0.0,1.0
0,267,62,11.902324517809639,191.25375302967078,1.0,0.0,0.0,1.0
0,267,63,11.774988920703487,191.7372668823261,1.0,0.0,0.0,1.0
0,267,64,11.647653323597334,192.22078073498147,1.0,0.0,0.0,1.0
0,267,65,11.52031772649118,192.7042945876368,1.0,0.0,0.0,1.0
0,267,66,11.392982129385029,193.18780844029217,1.0,0.0,0.0,1.0
0,267,67,11.265646532278875,193.6713222929475,1.0,0.0,0.0,1.0
0,267,68,11.138310935172722,194.15483614560287,1.0,0.0,0.0,1.0
0,267,69,11.01097533806657,194.6383499982582,1.0,0.0,0.0,1.0
0,267,70,10.883639740960417,195.12186385091357,1.0,0.0,0.0,1.0
0,267,71,10.756304143854264,195.6053777035689,1.0,0.0,0.0,1.0
0,267,72,10.628968546748112,196.08889155622427,1.0,0.0,0.0,1.0
0,267,73,10.501632949641959,196.5724054088796,1.0,0.0,0.0,1.0
0,267,74,10.374297352535805,197.05591926153497,1.0,0.0,0.0,1.0
0,267,75,10.246961755429652,197.5394331141903,1.0,0.0,0.0,1.0
0,267,76,10.1196261583235,198.02294696684567,1.0,0.0,0.0,1.0
0,267,77,9.992290561217347,198.506460819501,1.0,0.0,0.0,1.0
0,267,78,9.864954964111195,198.98997467215636,1.0,0.0,0.0,1.0
0,267,79,9.737619367005042,199.4734885248117,1.0,0.0,0.0,1.0
0,267,80,9.610283769898889,199.95700237746706,1.0,0.0,0.0,1.0
0,267,81,9.482948172792735,200.4405162301224,1.0,0.0,0.0,1.0
0,267,82,9.355612575686584,200.92403008277776,1.0,0.0,0.0,1.0
0,267,83,9.22827697858043,201.40754393543313,1.0,0.0,0.0,1.0
0,267,84,9.100941381474279,201.89105778808846,1.0,0.0,0.0,1.0
0,267,85,8.973605784368125,202.37457164074382,1.0,0.0,0.0,1.0
0,267,86,8.846270187261972,202.85808549339916,1.0,0.0,0.0,1.0
0,267,87,8.718934590155818,203.34159934605452,1.0,0.0,0.0,1.0
0,267,88,8.591598993049667,203.82511319870986,1.0,0.0,0.0,1.0
0,267,89,8.464263395943513,204.30862705136522,1.0,0.0,0.0,1.0
0,267,90,8.336927798837362,204.79214090402056,1.0,0.0,0.0,1.0
0,267,91,8.209592201731208,205.27565475667592,1.0,0.0,0.0,1.0
0,267,92,8.082256604625055,205.75916860933125,1.0,0.0,0.0,1.0
0,267,93,7.9549210075189025,206.24268246198662,1.0,0.0,0.0,1.0
0,267,94,7.82758541041275,206.72619631464195,1.0,0.0,0.0,1.0
0,267,95,7.7002498133065975,207.20971016729732,1.0,0.0,0.0,1.0
0,267,96,7.572914216200444,207.69322401995265,1.0,0.0,0.0,1.0
0,267,97,7.445578619094292,208.17673787260802,1.0,0.0,0.0,1.0
0,267,98,7.318243021988138,208.66025172526335,1.0,0.0,0.0,1.0
0,267,99,7.190907424881985,209.1437655779187,1.0,0.0,0.0,1.0
0,267,100,7.063571827775832,209.62727943057405,1.0,0.0,0.0,1.0
0,267,101,6.93623623066968,210.1107932832294,1.0,0.0,0.0,1.0
0,267,102,6.808900633563527,210.59430713588478,1.0,0.0,0.0,1.0
0,267,103,6.681565036457374,211.0778209885401,1.0,0.0,0.0,1.0
0,267,104,6.5542294393512215,211.56133484119547,1.0,0.0,0.0,1.0
0,267,105,6.426893842245069,212.0448486938508,1.0,0.0,0.0,1.0
0,267,106,6.299558245138916,212.52836254650617,1.0,0.0,0.0,1.0
0,267,107,6.172222648032763,213.0118763991615,1.0,0.0,0.0,1.0
0,267,108,6.044887050926611,213.49539025181687,1.0,0.0,0.0,1.0
0,267,109,5.917551453820458,213.9789041044722,1.0,0.0,0.0,1.0
0,267,110,5.790215856714305,214.46241795712757,1.0,0.0,0.0,1.0
0,268,0,5.687572956085205,214.90829467773438,1.0,0.0,0.0,1.0
0,269,0,1.4310479164123535,242.23834228515625,1.0,0.0,0.0,1.0
0,269,1,1.5079929204690914,241.74429829283298,1.0,0.0,0.0,1.0
0,269,2,1.584937924525829,241.2502543005097,1.0,0.0,0.0,1.0
0,269,3,1.6618829285825667,240.75621030818647,1.0,0.0,0.0,1.0
0,269,4,1.7388279326393046,240.2621663158632,1.0,0.0,0.0,1.0
0,269,5,1.8157729366960422,239.76812232353993,1.0,0.0,0.0,1.0
0,269,6,1.89271794075278,239.27407833121666,1.0,0.0,0.0,1.0
0,269,7,1.9696629448095178,238.78003433889342,1.0,0.0,0.0,1.0
0,269,8,2.0466079488662556,238.28599034657014,1.0,0.0,0.0,1.0
0,269,9,2.1235529529229935,237.79194635424687,1.0,0.0,0.0,1.0
0,269,10,2.200497956979731,237.2979023619236,1.0,0.0,0.0,1.0
0,269,11,2.277442961036469,236.80385836960036,1.0,0.0,0.0,1.0
0,269,12,2.3543879650932067,236.3098143772771,1.0,0.0,0.0,1.0
0,269,13,2.4313329691499446,235.81577038495382,1.0,0.0,0.0,1.0
0,269,14,2.508277973206682,235.32172639263055,1.0,0.0,0.0,1.0
0,269,15,2.58522297726342,234.8276824003073,1.0,0.0,0.0,1.0
0,269,16,2.6621679813201578,234.33363840798404,1.0,0.0,0.0,1.0
0,269,17,2.739112985376895,233.83959441566077,1.0,0.0,0.0,1.0
0,269,18,2.8160579894336335,233.3455504233375,1.0,0.0,0.0,1.0
0,269,19,2.893002993490371,232.85150643101426,1.0,0.0,0.0,1.0
0,269,20,2.9699479975471084,232.357462438691,1.0,0.0,0.0,1.0
0,269,21,3.0468930016038467,231.86341844636772,1.0,0.0,0.0,1.0
0,269,22,3.123838005660584,231.36937445404445,1.0,0.0,0.0,1.0
0,269,23,3.200783009717322,230.8753304617212,1.0,0.0,0.0,1.0
0,269,24,3.27772801377406,230.38128646939793,1.0,0.0,0.0,1.0
0,269,25,3.3546730178307973,229.88724247707466,1.0,0.0,0.0,1.0
0,269,26,3.431618021887535,229.3931984847514,1.0,0.0,0.0,1.0
0,269,27,3.508563025944273,228.89915449242815,1.0,0.0,0.0,1.0
0,269,28,3.585508030001011,228.40511050010488,1.0,0.0,0.0,1.0
0,269,29,3.6624530340577484,227.9110665077816,1.0,0.0,0.0,1.0
0,269,30,3.7393980381144862,227.41702251545834,1.0,0.0,0.0,1.0
0,269,31,3.8163430421712237,226.9229785231351,1.0,0.0,0.0,1.0
0,269,32,3.893288046227962,226.42893453081183,1.0,0.0,0.0,1.0
0,269,33,3.9702330502846994,225.93489053848856,1.0,0.0,0.0,1.0
0,269,34,4.047178054341437,225.4408465461653,1.0,0.0,0.0,1.0
0,269,35,4.124123058398174,224.94680255384205,1.0,0.0,0.0,1.0
0,269,36,4.2010680624549135,224.45275856151878,1.0,0.0,0.0,1.0
0,269,37,4.278013066511651,223.9587145691955,1.0,0.0,0.0,1.0
0,269,38,4.354958070568388,223.46467057687224,1.0,0.0,0.0,1.0
0,269,39,4.431903074625126,222.970626584549,1.0,0.0,0.0,1.0
0,269,40,4.508848078681863,222.47658259222572,1.0,0.0,0.0,1.0
0,269,41,4.5857930827386015,221.98253859990245,1.0,0.0,0.0,1.0
0,269,42,4.66273808679534,221.48849460757918,1.0,0.0,0.0,1.0
0,269,43,4.739683090852077,220.99445061525591,1.0,0.0,0.0,1.0
0,269,44,4.816628094908815,220.50040662293267,1.0,0.0,0.0,1.0
0,269,45,4.893573098965552,220.0063626306094,1.0,0.0,0.0,1.0
0,269,46,4.9705181030222905,219.51231863828613,1.0,0.0,0.0,1.0
0,269,47,5.047463107079028,219.0182746459629,1.0,0.0,0.0,1.0
0,269,48,5.124408111135766,218.52423065363962,1.0,0.0,0.0,1.0
0,269,49,5.201353115192504,218.03018666131635,1.0,0.0,0.0,1.0
0,269,50,5.278298119249241,217.53614266899308,1.0,0.0,0.0,1.0
0,269,51,5.3552431233059785,217.0420986766698,1.0,0.0,0.0,1.0
0,269,52,5.432188127362717,216.54805468434657,1.0,0.0,0.0,1.0
0,269,53,5.509133131419455,216.0540106920233,1.0,0.0,0.0,1.0
0,269,54,5.586078135476193,215.55996669970003,1.0,0.0,0.0,1.0
0,269,55,5.66302313953293,215.06592270737679,1.0,0.0,0.0,1.0
0,269,56,5.635177768580743,215.24471064041524,1.0,0.0,0.0,1.0
0,269,57,5.558232764524004,215.7387546327385,1.0,0.0,0.0,1.0
0,269,58,5.481287760467267,216.23279862506178,1.0,0.0,0.0,1.0
0,269,59,5.404342756410529,216.72684261738505,1.0,0.0,0.0,1.0
0,269,60,5.327397752353791,217.2208866097083,1.0,0.0,0.0,1.0
0,269,61,5.250452748297054,217.71493060203156,1.0,0.0,0.0,1.0
0,269,62,5.1735077442403155,218.20897459435483,1.0,0.0,0.0,1.0
0,269,63,5.096562740183578,218.7030185866781,1.0,0.0,0.0,1.0
0,269,64,5.019617736126841,219.19706257900134,1.0,0.0,0.0,1.0
0,269,65,4.942672732070102,219.6911065713246,1.0,0.0,0.0,1.0
0,269,66,4.865727728013365,220.18515056364788,1.0,0.0,0.0,1.0
0,269,67,4.788782723956627,220.67919455597115,1.0,0.0,0.0,1.0
0,269,68,4.711837719899889,221.1732385482944,1.0,0.0,0.0,1.0
0,269,69,4.634892715843152,221.66728254061766,1.0,0.0,0.0,1.0
0,269,70,4.557947711786413,222.16132653294093,1.0,0.0,0.0,1.0
0,269,71,4.481002707729676,222.6553705252642,1.0,0.0,0.0,1.0
0,269,72,4.4040577036729385,223.14941451758745,1.0,0.0,0.0,1.0
0,269,73,4.327112699616201,223.64345850991072,1.0,0.0,0.0,1.0
0,269,74,4.250167695559463,224.13750250223399,1.0,0.0,0.0,1.0
0,269,75,4.173222691502725,224.63154649455726,1.0,0.0,0.0,1.0
0,269,76,4.096277687445987,225.1255904868805,1.0,0.0,0.0,1.0
0,269,77,4.0193326833892495,225.61963447920377,1.0,0.0,0.0,1.0
0,269,78,3.9423876793325117,226.11367847152704,1.0,0.0,0.0,1.0
0,269,79,3.865442675275774,226.6077224638503,1.0,0.0,0.0,1.0
0,269,80,3.7884976712190364,227.10176645617355,1.0,0.0,0.0,1.0
0,269,81,3.7115526671622985,227.59581044849682,1.0,0.0,0.0,1.0
0,269,82,3.6346076631055606,228.0898544408201,1.0,0.0,0.0,1.0
0,269,83,3.5576626590488227,228.58389843314336,1.0,0.0,0.0,1.0
0,269,84,3.4807176549920853,229.0779424254666,1.0,0.0,0.0,1.0
0,269,85,3.4037726509353474,229.57198641778987,1.0,0.0,0.0,1.0
0,269,86,3.32682764687861,230.06603041011314,1.0,0.0,0.0,1.0
0,269,87,3.2498826428218717,230.5600744024364,1.0,0.0,0.0,1.0
0,269,88,3.1729376387651342,231.05411839475966,1.0,0.0,0.0,1.0
0,269,89,3.0959926347083964,231.54816238708293,1.0,0.0,0.0,1.0
0,269,90,3.019047630651659,232.0422063794062,1.0,0.0,0.0,1.0
0,269,91,2.942102626594921,232.53625037172947,1.0,0.0,0.0,1.0
0,269,92,2.865157622538183,233.03029436405274,1.0,0.0,0.0,1.0
0,269,93,2.7882126184814453,233.52433835637598,1.0,0.0,0.0,1.0
0,269,94,2.711267614424708,234.01838234869925,1.0,0.0,0.0,1.0
0,269,95,2.63432261036797,234.51242634102252,1.0,0.0,0.0,1.0
0,269,96,2.557377606311232,235.00647033334576,1.0,0.0,0.0,1.0
0,269,97,2.4804326022544942,235.50051432566903,1.0,0.0,0.0,1.0
0,269,98,2.403487598197757,235.9945583179923,1.0,0.0,0.0,1.0
0,269,99,2.326542594141019,236.48860231031557,1.0,0.0,0.0,1.0
0,269,100,2.249597590084281,236.98264630263884,1.0,0.0,0.0,1.0
0,269,101,2.172652586027543,237.47669029496208,1.0,0.0,0.0,1.0
0,269,102,2.0957075819708058,237.97073428728535,1.0,0.0,0.0,1.0
0,269,103,2.018762577914068,238.46477827960862,1.0,0.0,0.0,1.0
0,269,104,1.94181757385733,238.9588222719319,1.0,0.0,0.0,1.0
0,269,105,1.8648725698005921,239.45286626425514,1.0,0.0,0.0,1.0
0,269,106,1.7879275657438547,239.9469102565784,1.0,0.0,0.0,1.0
0,269,107,1.7109825616871168,240.44095424890168,1.0,0.0,0.0,1.0
0,269,108,1.6340375576303785,240.93499824122495,1.0,0.0,0.0,1.0
0,269,109,1.557092553573641,241.4290422335482,1.0,0.0,0.0,1.0
0,269,110,1.4801475495169036,241.92308622587146,1.0,0.0,0.0,1.0
0,270,0,1.4238927364349365,242.3771514892578,1.0,0.0,0.0,1.0
0,271,0,0.0,270.0,1.0,0.0,0.0,1.0
0,271,1,0.025739647062688675,269.50066296895875,1.0,0.0,0.0,1.0
0,271,2,0.05147929412537735,269.0013259379175,1.0,0.0,0.0,1.0
0,271,3,0.07721894118806602,268.50198890687625,1.0,0.0,0.0,1.0
0,271,4,0.1029585882507547,268.002651875835,1.0,0.0,0.0,1.0
0,271,5,0.12869823531344338,267.50331484479375,1.0,0.0,0.0,1.0
0,271,6,0.15443788237613204,267.0039778137525,1.0,0.0,0.0,1.0
0,271,7,0.18017752943882073,266.50464078271125,1.0,0.0,0.0,1.0
0,271,8,0.2059171765015094,266.00530375167,1.0,0.0,0.0,1.0
0,271,9,0.2316568235641981,265.50596672062875,1.0,0.0,0.0,1.0
0,271,10,0.25739647062688675,265.0066296895875,1.0,0.0,0.0,1.0
0,271,11,0.2831361176895754,264.50729265854625,1.0,0.0,0.0,1.0
0,271,12,0.3088757647522641,264.007955627505,1.0,0.0,0.0,1.0
0,271,13,0.3346154118149528,263.50861859646375,1.0,0.0,0.0,1.0
0,271,14,0.36035505887764147,263.00928156542255,1.0,0.0,0.0,1.0
0,271,15,0.3860947059403301,262.5099445343813,1.0,0.0,0.0,1.0
0,271,16,0.4118343530030188,262.01060750334005,1.0,0.0,0.0,1.0
0,271,17,0.4375740000657075,261.5112704722988,1.0,0.0,0.0,1.0
0,271,18,0.4633136471283962,261.01193344125755,1.0,0.0,0.0,1.0
0,271,19,0.4890532941910849,260.5125964102163,1.0,0.0,0.0,1.0
0,271,20,0.5147929412537735,260.01325937917505,1.0,0.0,0.0,1.0
0,271,21,0.5405325883164622,259.5139223481338,1.0,0.0,0.0,1.0
0,271,22,0.5662722353791508,259.01458531709255,1.0,0.0,0.0,1.0
0,271,23,0.5920118824418396,258.5152482860513,1.0,0.0,0.0,1.0
0,271,24,0.6177515295045282,258.01591125501005,1.0,0.0,0.0,1.0
0,271,25,0.6434911765672169,257.5165742239688,1.0,0.0,0.0,1.0
0,271,26,0.6692308236299056,257.01723719292755,1.0,0.0,0.0,1.0
0,271,27,0.6949704706925943,256.5179001618863,1.0,0.0,0.0,1.0
0,271,28,0.7207101177552829,256.01856313084505,1.0,0.0,0.0,1.0
0,271,29,0.7464497648179715,255.5192260998038,1.0,0.0,0.0,1.0
0,271,30,0.7721894118806601,255.01988906876255,1.0,0.0,0.0,1.0
0,271,31,0.797929058943349,254.5205520377213,1.0,0.0,0.0,1.0
0,271,32,0.8236687060060376,254.02121500668005,1.0,0.0,0.0,1.0
0,271,33,0.8494083530687263,253.5218779756388,1.0,0.0,0.0,1.0
0,271,34,0.875148000131415,253.02254094459758,1.0,0.0,0.0,1.0
0,271,35,0.9008876471941036,252.52320391355633,1.0,0.0,0.0,1.0
0,271,36,0.9266272942567924,252.02386688251508,1.0,0.0,0.0,1.0
0,271,37,0.952366941319481,251.52452985147383,1.0,0.0,0.0,1.0
0,271,38,0.9781065883821698,251.02519282043258,1.0,0.0,0.0,1.0
0,271,39,1.0038462354448583,250.52585578939133,1.0,0.0,0.0,1.0
0,271,40,1.029585882507547,250.02651875835008,1.0,0.0,0.0,1.0
0,271,41,1.0553255295702357,249.52718172730883,1.0,0.0,0.0,1.0
0,271,42,1.0810651766329245,249.02784469626758,1.0,0.0,0.0,1.0
0,271,43,1.106804823695613,248.52850766522633,1.0,0.0,0.0,1.0
0,271,44,1.1325444707583017,248.02917063418508,1.0,0.0,0.0,1.0
0,271,45,1.1582841178209904,247.52983360314386,1.0,0.0,0.0,1.0
0,271,46,1.184023764883679,247.0304965721026,1.0,0.0,0.0,1.0
0,271,47,1.2097634119463678,246.53115954106136,1.0,0.0,0.0,1.0
0,271,48,1.2355030590090563,246.0318225100201,1.0,0.0,0.0,1.0
0,271,49,1.2612427060717453,245.53248547897886,1.0,0.0,0.0,1.0
0,271,50,1.2869823531344338,245.0331484479376,1.0,0.0,0.0,1.0
0,271,51,1.3127220001971225,244.53381141689636,1.0,0.0,0.0,1.0
0,271,52,1.3384616472598112,244.0344743858551,1.0,0.0,0.0,1.0
0,271,53,1.3642012943224997,243.53513735481386,1.0,0.0,0.0,1.0
0,271,54,1.3899409413851886,243.0358003237726,1.0,0.0,0.0,1.0
0,271,55,1.4156805884478771,242.53646329273136,1.0,0.0,0.0,1.0
0,271,56,1.4063652373593072,242.71717671682552,1.0,0.0,0.0,1.0
0,271,57,1.3806255902966185,243.21651374786677,1.0,0.0,0.0,1.0
0,271,58,1.3548859432339297,243.71585077890802,1.0,0.0,0.0,1.0
0,271,59,1.3291462961712412,244.21518780994924,1.0,0.0,0.0,1.0
0,271,60,1.3034066491085525,244.7145248409905,1.0,0.0,0.0,1.0
0,271,61,1.2776670020458638,245.21386187203174,1.0,0.0,0.0,1.0
0,271,62,1.251927354983175,245.713198903073,1.0,0.0,0.0,1.0
0,271,63,1.2261877079204866,246.21253593411424,1.0,0.0,0.0,1.0
0,271,64,1.2004480608577979,246.7118729651555,1.0,0.0,0.0,1.0
0,271,65,1.1747084137951092,247.21120999619674,1.0,0.0,0.0,1.0
0,271,66,1.1489687667324204,247.710547027238,1.0,0.0,0.0,1.0
0,271,67,1.1232291196697317,248.20988405827924,1.0,0.0,0.0,1.0
0,271,68,1.0974894726070432,248.7092210893205,1.0,0.0,0.0,1.0
0,271,69,1.0717498255443543,249.20855812036174,1.0,0.0,0.0,1.0
0,271,70,1.0460101784816658,249.707895151403,1.0,0.0,0.0,1.0
0,271,71,1.020270531418977,250.20723218244422,1.0,0.0,0.0,1.0
0,271,72,0.9945308843562883,250.70656921348547,1.0,0.0,0.0,1.0
0,271,73,0.9687912372935996,251.20590624452672,1.0,0.0,0.0,1.0
0,271,74,0.943051590230911,251.70524327556797,1.0,0.0,0.0,1.0
0,271,75,0.9173119431682224,252.20458030660922,1.0,0.0,0.0,1.0
0,271,76,0.8915722961055337,252.70391733765047,1.0,0.0,0.0,1.0
0,271,77,0.865832649042845,253.20325436869172,1.0,0.0,0.0,1.0
0,271,78,0.8400930019801564,253.70259139973297,1.0,0.0,0.0,1.0
0,271,79,0.8143533549174677,254.20192843077422,1.0,0.0,0.0,1.0
0,271,80,0.788613707854779,254.70126546181547,1.0,0.0,0.0,1.0
0,271,81,0.7628740607920903,255.20060249285672,1.0,0.0,0.0,1.0
0,271,82,0.7371344137294016,255.69993952389797,1.0,0.0,0.0,1.0
0,271,83,0.7113947666667129,256.1992765549392,1.0,0.0,0.0,1.0
0,271,84,0.6856551196040243,256.69861358598047,1.0,0.0,0.0,1.0
0,271,85,0.6599154725413355,257.1979506170217,1.0,0.0,0.0,1.0
0,271,86,0.6341758254786469,257.69728764806297,1.0,0.0,0.0,1.0
0,271,87,0.6084361784159583,258.1966246791042,1.0,0.0,0.0,1.0
0,271,88,0.5826965313532695,258.69596171014547,1.0,0.0,0.0,1.0
0,271,89,0.5569568842905809,259.1952987411867,1.0,0.0,0.0,1.0
0,271,90,0.5312172372278923,259.6946357722279,1.0,0.0,0.0,1.0
0,271,91,0.5054775901652035,260.19397280326916,1.0,0.0,0.0,1.0
0,271,92,0.47973794310251494,260.6933098343104,1.0,0.0,0.0,1.0
0,271,93,0.4539982960398261,261.19264686535166,1.0,0.0,0.0,1.0
0,271,94,0.4282586489771375,261.6919838963929,1.0,0.0,0.0,1.0
0,271,95,0.4025190019144489,262.19132092743416,1.0,0.0,0.0,1.0
0,271,96,0.3767793548517602,262.6906579584754,1.0,0.0,0.0,1.0
0,271,97,0.35103970778907145,263.18999498951666,1.0,0.0,0.0,1.0
0,271,98,0.32530006072638273,263.6893320205579,1.0,0.0,0.0,1.0
0,271,99,0.299560413663694,264.18866905159916,1.0,0.0,0.0,1.0
0,271,100,0.2738207666010055,264.6880060826404,1.0,0.0,0.0,1.0
0,271,101,0.2480811195383168,265.18734311368166,1.0,0.0,0.0,1.0
0,271,102,0.22234147247562808,265.6866801447229,1.0,0.0,0.0,1.0
0,271,103,0.19660182541293958,266.18601717576416,1.0,0.0,0.0,1.0
0,271,104,0.17086217835025064,266.6853542068054,1.0,0.0,0.0,1.0
0,271,105,0.14512253128756214,267.18469123784666,1.0,0.0,0.0,1.0
0,271,106,0.11938288422487342,267.6840282688879,1.0,0.0,0.0,1.0
0,271,107,0.0936432371621847,268.18336529992916,1.0,0.0,0.0,1.0
0,271,108,0.0679035900994962,268.6827023309704,1.0,0.0,0.0,1.0
0,271,109,0.04216394303680726,269.18203936201166,1.0,0.0,0.0,1.0
0,271,110,0.016424295974118763,269.6813763930529,1.0,0.0,0.0,1.0
0,272,0,0.007155239582061768,270.1387939453125,1.0,0.0,0.0,1.0
